[충남] https://www.cne.go.kr/contract/InfoList04.do?m=050204&s=cne&pageInfo=Y
검색어 2252종 × 회계연도 4개 = 9008조합
[1024.kr 2023] 1페이지까지 · 누적 0건 (요청 1회)
[1024.kr 2024] 1페이지까지 · 누적 0건 (요청 2회)
[1024.kr 2025] 1페이지까지 · 누적 0건 (요청 3회)
[1024.kr 2026] 1페이지까지 · 누적 0건 (요청 4회)
[10대를 위한 데이터 과학 with 파이썬 2023] 1페이지까지 · 누적 0건 (요청 5회)
[10대를 위한 데이터 과학 with 파이썬 2024] 1페이지까지 · 누적 0건 (요청 6회)
[10대를 위한 데이터 과학 with 파이썬 2025] 1페이지까지 · 누적 0건 (요청 7회)
[10대를 위한 데이터 과학 with 파이썬 2026] 1페이지까지 · 누적 0건 (요청 8회)
[10대를 위한 데이터과학 with 엔트리 2023] 1페이지까지 · 누적 0건 (요청 9회)
[10대를 위한 데이터과학 with 엔트리 2024] 1페이지까지 · 누적 0건 (요청 10회)
[10대를 위한 데이터과학 with 엔트리 2025] 1페이지까지 · 누적 0건 (요청 11회)
[10대를 위한 데이터과학 with 엔트리 2026] 1페이지까지 · 누적 0건 (요청 12회)
[121종 리딩캣 패키지 명작고전/위인 2023] 1페이지까지 · 누적 0건 (요청 13회)
[121종 리딩캣 패키지 명작고전/위인 2024] 1페이지까지 · 누적 0건 (요청 14회)
[121종 리딩캣 패키지 명작고전/위인 2025] 1페이지까지 · 누적 0건 (요청 15회)
[121종 리딩캣 패키지 명작고전/위인 2026] 1페이지까지 · 누적 0건 (요청 16회)
[124종 리딩캣 패키지 전세계 수상작 2023] 1페이지까지 · 누적 0건 (요청 17회)
[124종 리딩캣 패키지 전세계 수상작 2024] 1페이지까지 · 누적 0건 (요청 18회)
[124종 리딩캣 패키지 전세계 수상작 2025] 1페이지까지 · 누적 0건 (요청 19회)
[124종 리딩캣 패키지 전세계 수상작 2026] 1페이지까지 · 누적 0건 (요청 20회)
[16 Personalities 2023] 1페이지까지 · 누적 0건 (요청 21회)
[16 Personalities 2024] 1페이지까지 · 누적 0건 (요청 22회)
[16 Personalities 2025] 1페이지까지 · 누적 0건 (요청 23회)
[16 Personalities 2026] 1페이지까지 · 누적 0건 (요청 24회)
[1gram 저작도구 2023] 1페이지까지 · 누적 0건 (요청 25회)
[1gram 저작도구 2024] 1페이지까지 · 누적 0건 (요청 26회)
[1gram 저작도구 2025] 1페이지까지 · 누적 0건 (요청 27회)
[1gram 저작도구 2026] 1페이지까지 · 누적 0건 (요청 28회)
[2차원 운동 분석 2023] 1페이지까지 · 누적 0건 (요청 29회)
[2차원 운동 분석 2024] 1페이지까지 · 누적 0건 (요청 30회)
[2차원 운동 분석 2025] 1페이지까지 · 누적 0건 (요청 31회)
[2차원 운동 분석 2026] 1페이지까지 · 누적 0건 (요청 32회)
[365PLAY 학교 전인교육 솔루션 2023] 1페이지까지 · 누적 0건 (요청 33회)
[365PLAY 학교 전인교육 솔루션 2024] 1페이지까지 · 누적 0건 (요청 34회)
[365PLAY 학교 전인교육 솔루션 2025] 1페이지까지 · 누적 0건 (요청 35회)
[365PLAY 학교 전인교육 솔루션 2026] 1페이지까지 · 누적 0건 (요청 36회)
[3D 스팀펜 2023] 1페이지까지 · 누적 0건 (요청 37회)
[3D 스팀펜 2024] 1페이지까지 · 누적 0건 (요청 38회)
[3D 스팀펜 2025] 1페이지까지 · 누적 0건 (요청 39회)
[3D 스팀펜 2026] 1페이지까지 · 누적 0건 (요청 40회)
[3DWOX Desktop 2023] 1페이지까지 · 누적 0건 (요청 41회)
[3DWOX Desktop 2024] 1페이지까지 · 누적 0건 (요청 42회)
[3DWOX Desktop 2025] 1페이지까지 · 누적 0건 (요청 43회)
[3DWOX Desktop 2026] 1페이지까지 · 누적 0건 (요청 44회)
[56종 리딩캣 패키지 읽기창작 2023] 1페이지까지 · 누적 0건 (요청 45회)
[56종 리딩캣 패키지 읽기창작 2024] 1페이지까지 · 누적 0건 (요청 46회)
[56종 리딩캣 패키지 읽기창작 2025] 1페이지까지 · 누적 0건 (요청 47회)
[56종 리딩캣 패키지 읽기창작 2026] 1페이지까지 · 누적 0건 (요청 48회)
[A-City 2023] 1페이지까지 · 누적 0건 (요청 49회)
[A-City 2024] 1페이지까지 · 누적 0건 (요청 50회)
[A-City 2025] 1페이지까지 · 누적 0건 (요청 51회)
[A-City 2026] 1페이지까지 · 누적 0건 (요청 52회)
[AI 505_Body 포즈인식 로봇 2023] 1페이지까지 · 누적 0건 (요청 53회)
[AI 505_Body 포즈인식 로봇 2024] 1페이지까지 · 누적 0건 (요청 54회)
[AI 505_Body 포즈인식 로봇 2025] 1페이지까지 · 누적 0건 (요청 55회)
[AI 505_Body 포즈인식 로봇 2026] 1페이지까지 · 누적 0건 (요청 56회)
[AI 505_Face 얼굴인식 로봇 2023] 1페이지까지 · 누적 0건 (요청 57회)
[AI 505_Face 얼굴인식 로봇 2024] 1페이지까지 · 누적 0건 (요청 58회)
[AI 505_Face 얼굴인식 로봇 2025] 1페이지까지 · 누적 0건 (요청 59회)
[AI 505_Face 얼굴인식 로봇 2026] 1페이지까지 · 누적 0건 (요청 60회)
[AI BMI & 악력 2023] 1페이지까지 · 누적 0건 (요청 61회)
[AI BMI & 악력 2024] 1페이지까지 · 누적 0건 (요청 62회)
[AI BMI & 악력 2025] 1페이지까지 · 누적 0건 (요청 63회)
[AI BMI & 악력 2026] 1페이지까지 · 누적 0건 (요청 64회)
[AI CLASS 2023] 1페이지까지 · 누적 0건 (요청 65회)
[AI CLASS 2024] 1페이지까지 · 누적 0건 (요청 66회)
[AI CLASS 2025] 1페이지까지 · 누적 0건 (요청 67회)
[AI CLASS 2026] 1페이지까지 · 누적 0건 (요청 68회)
[AI CRAFT 2023] 1페이지까지 · 누적 0건 (요청 69회)
[AI CRAFT 2024] 1페이지까지 · 누적 0건 (요청 70회)
[AI CRAFT 2025] 1페이지까지 · 누적 0건 (요청 71회)
[AI CRAFT 2026] 1페이지까지 · 누적 0건 (요청 72회)
[AI Class 2023] 1페이지까지 · 누적 0건 (요청 73회)
[AI Class 2024] 1페이지까지 · 누적 0건 (요청 74회)
[AI Class 2025] 1페이지까지 · 누적 0건 (요청 75회)
[AI Class 2026] 1페이지까지 · 누적 0건 (요청 76회)
[AI Edu Class 2023] 1페이지까지 · 누적 0건 (요청 77회)
[AI Edu Class 2024] 1페이지까지 · 누적 0건 (요청 78회)
[AI Edu Class 2025] 1페이지까지 · 누적 0건 (요청 79회)
[AI Edu Class 2026] 1페이지까지 · 누적 0건 (요청 80회)
[AI Feel 2023] 1페이지까지 · 누적 0건 (요청 81회)
[AI Feel 2024] 1페이지까지 · 누적 0건 (요청 82회)
[AI Feel 2025] 1페이지까지 · 누적 0건 (요청 83회)
[AI Feel 2026] 1페이지까지 · 누적 0건 (요청 84회)
[AI Lab Newton 2023] 1페이지까지 · 누적 0건 (요청 85회)
[AI Lab Newton 2024] 1페이지까지 · 누적 0건 (요청 86회)
[AI Lab Newton 2025] 1페이지까지 · 누적 0건 (요청 87회)
[AI Lab Newton 2026] 1페이지까지 · 누적 0건 (요청 88회)
[AI SPEAK 2.0 영어 2023] 1페이지까지 · 누적 0건 (요청 89회)
[AI SPEAK 2.0 영어 2024] 1페이지까지 · 누적 0건 (요청 90회)
[AI SPEAK 2.0 영어 2025] 1페이지까지 · 누적 0건 (요청 91회)
[AI SPEAK 2.0 영어 2026] 1페이지까지 · 누적 0건 (요청 92회)
[AI SPEAK 2.0 한국어 2023] 1페이지까지 · 누적 0건 (요청 93회)
[AI SPEAK 2.0 한국어 2024] 1페이지까지 · 누적 0건 (요청 94회)
[AI SPEAK 2.0 한국어 2025] 1페이지까지 · 누적 0건 (요청 95회)
[AI SPEAK 2.0 한국어 2026] 1페이지까지 · 누적 0건 (요청 96회)
[AI Tutor 2023] 1페이지까지 · 누적 0건 (요청 97회)
[AI Tutor 2024] 1페이지까지 · 누적 0건 (요청 98회)
[AI Tutor 2025] 1페이지까지 · 누적 0건 (요청 99회)
[AI Tutor 2026] 1페이지까지 · 누적 0건 (요청 100회)
[AI 과제탐구 프로그램 2023] 1페이지까지 · 누적 0건 (요청 101회)
[AI 과제탐구 프로그램 2024] 1페이지까지 · 누적 0건 (요청 102회)
[AI 과제탐구 프로그램 2025] 1페이지까지 · 누적 0건 (요청 103회)
[AI 과제탐구 프로그램 2026] 1페이지까지 · 누적 0건 (요청 104회)
[AI 금쪽이 스피커 2023] 1페이지까지 · 누적 0건 (요청 105회)
[AI 금쪽이 스피커 2024] 1페이지까지 · 누적 0건 (요청 106회)
[AI 금쪽이 스피커 2025] 1페이지까지 · 누적 0건 (요청 107회)
[AI 금쪽이 스피커 2026] 1페이지까지 · 누적 0건 (요청 108회)
[AI 기반 영문법 문항 생성기 2023] 1페이지까지 · 누적 0건 (요청 109회)
[AI 기반 영문법 문항 생성기 2024] 1페이지까지 · 누적 0건 (요청 110회)
[AI 기반 영문법 문항 생성기 2025] 1페이지까지 · 누적 0건 (요청 111회)
[AI 기반 영문법 문항 생성기 2026] 1페이지까지 · 누적 0건 (요청 112회)
[AI 기반 특목·자사고 진학 지원 솔루션 2023] 1페이지까지 · 누적 0건 (요청 113회)
[AI 기반 특목·자사고 진학 지원 솔루션 2024] 1페이지까지 · 누적 0건 (요청 114회)
[AI 기반 특목·자사고 진학 지원 솔루션 2025] 1페이지까지 · 누적 0건 (요청 115회)
[AI 기반 특목·자사고 진학 지원 솔루션 2026] 1페이지까지 · 누적 0건 (요청 116회)
[AI 기반 학생부·진로진학 솔루션 2023] 1페이지까지 · 누적 0건 (요청 117회)
[AI 기반 학생부·진로진학 솔루션 2024] 1페이지까지 · 누적 0건 (요청 118회)
[AI 기반 학생부·진로진학 솔루션 2025] 1페이지까지 · 누적 0건 (요청 119회)
[AI 기반 학생부·진로진학 솔루션 2026] 1페이지까지 · 누적 0건 (요청 120회)
[AI 나눔이 2023] 1페이지까지 · 누적 0건 (요청 121회)
[AI 나눔이 2024] 1페이지까지 · 누적 0건 (요청 122회)
[AI 나눔이 2025] 1페이지까지 · 누적 0건 (요청 123회)
[AI 나눔이 2026] 1페이지까지 · 누적 0건 (요청 124회)
[AI 도면 탐험대 시리즈 8종 세트 2023] 1페이지까지 · 누적 0건 (요청 125회)
[AI 도면 탐험대 시리즈 8종 세트 2024] 1페이지까지 · 누적 0건 (요청 126회)
[AI 도면 탐험대 시리즈 8종 세트 2025] 1페이지까지 · 누적 0건 (요청 127회)
[AI 도면 탐험대 시리즈 8종 세트 2026] 1페이지까지 · 누적 0건 (요청 128회)
[AI 디지털 교육자료 고등 공통수학1 2023] 1페이지까지 · 누적 0건 (요청 129회)
[AI 디지털 교육자료 고등 공통수학1 2024] 1페이지까지 · 누적 0건 (요청 130회)
[AI 디지털 교육자료 고등 공통수학1 2025] 1페이지까지 · 누적 0건 (요청 131회)
[AI 디지털 교육자료 고등 공통수학1 2026] 1페이지까지 · 누적 0건 (요청 132회)
[AI 디지털 교육자료 고등 공통수학2 2023] 1페이지까지 · 누적 0건 (요청 133회)
[AI 디지털 교육자료 고등 공통수학2 2024] 1페이지까지 · 누적 0건 (요청 134회)
[AI 디지털 교육자료 고등 공통수학2 2025] 1페이지까지 · 누적 0건 (요청 135회)
[AI 디지털 교육자료 고등 공통수학2 2026] 1페이지까지 · 누적 0건 (요청 136회)
[AI 디지털 교육자료 고등 공통영어1 2023] 1페이지까지 · 누적 0건 (요청 137회)
[AI 디지털 교육자료 고등 공통영어1 2024] 1페이지까지 · 누적 0건 (요청 138회)
[AI 디지털 교육자료 고등 공통영어1 2025] 1페이지까지 · 누적 0건 (요청 139회)
[AI 디지털 교육자료 고등 공통영어1 2026] 1페이지까지 · 누적 0건 (요청 140회)
[AI 디지털 교육자료 고등 공통영어2 2023] 1페이지까지 · 누적 0건 (요청 141회)
[AI 디지털 교육자료 고등 공통영어2 2024] 1페이지까지 · 누적 0건 (요청 142회)
[AI 디지털 교육자료 고등 공통영어2 2025] 1페이지까지 · 누적 0건 (요청 143회)
[AI 디지털 교육자료 고등 공통영어2 2026] 1페이지까지 · 누적 0건 (요청 144회)
[AI 디지털 교육자료 고등 정보 2023] 1페이지까지 · 누적 0건 (요청 145회)
[AI 디지털 교육자료 고등 정보 2024] 1페이지까지 · 누적 0건 (요청 146회)
[AI 디지털 교육자료 고등 정보 2025] 1페이지까지 · 누적 0건 (요청 147회)
[AI 디지털 교육자료 고등 정보 2026] 1페이지까지 · 누적 0건 (요청 148회)
[AI 디지털 교육자료 공통수학1 2023] 1페이지까지 · 누적 0건 (요청 149회)
[AI 디지털 교육자료 공통수학1 2024] 1페이지까지 · 누적 0건 (요청 150회)
[AI 디지털 교육자료 공통수학1 2025] 1페이지까지 · 누적 0건 (요청 151회)
[AI 디지털 교육자료 공통수학1 2026] 1페이지까지 · 누적 0건 (요청 152회)
[AI 디지털 교육자료 공통수학2 2023] 1페이지까지 · 누적 0건 (요청 153회)
[AI 디지털 교육자료 공통수학2 2024] 1페이지까지 · 누적 0건 (요청 154회)
[AI 디지털 교육자료 공통수학2 2025] 1페이지까지 · 누적 0건 (요청 155회)
[AI 디지털 교육자료 공통수학2 2026] 1페이지까지 · 누적 0건 (요청 156회)
[AI 디지털 교육자료 공통영어1 2023] 1페이지까지 · 누적 0건 (요청 157회)
[AI 디지털 교육자료 공통영어1 2024] 1페이지까지 · 누적 0건 (요청 158회)
[AI 디지털 교육자료 공통영어1 2025] 1페이지까지 · 누적 0건 (요청 159회)
[AI 디지털 교육자료 공통영어1 2026] 1페이지까지 · 누적 0건 (요청 160회)
[AI 디지털 교육자료 공통영어2 2023] 1페이지까지 · 누적 0건 (요청 161회)
[AI 디지털 교육자료 공통영어2 2024] 1페이지까지 · 누적 0건 (요청 162회)
[AI 디지털 교육자료 공통영어2 2025] 1페이지까지 · 누적 0건 (요청 163회)
[AI 디지털 교육자료 공통영어2 2026] 1페이지까지 · 누적 0건 (요청 164회)
[AI 디지털 교육자료 중학 수학 1 2023] 1페이지까지 · 누적 0건 (요청 165회)
[AI 디지털 교육자료 중학 수학 1 2024] 1페이지까지 · 누적 0건 (요청 166회)
[AI 디지털 교육자료 중학 수학 1 2025] 1페이지까지 · 누적 0건 (요청 167회)
[AI 디지털 교육자료 중학 수학 1 2026] 1페이지까지 · 누적 0건 (요청 168회)
[AI 디지털 교육자료 중학 수학 2 2023] 1페이지까지 · 누적 0건 (요청 169회)
[AI 디지털 교육자료 중학 수학 2 2024] 1페이지까지 · 누적 0건 (요청 170회)
[AI 디지털 교육자료 중학 수학 2 2025] 1페이지까지 · 누적 0건 (요청 171회)
[AI 디지털 교육자료 중학 수학 2 2026] 1페이지까지 · 누적 0건 (요청 172회)
[AI 디지털 교육자료 중학 수학1 2023] 1페이지까지 · 누적 0건 (요청 173회)
[AI 디지털 교육자료 중학 수학1 2024] 1페이지까지 · 누적 0건 (요청 174회)
[AI 디지털 교육자료 중학 수학1 2025] 1페이지까지 · 누적 0건 (요청 175회)
[AI 디지털 교육자료 중학 수학1 2026] 1페이지까지 · 누적 0건 (요청 176회)
[AI 디지털 교육자료 중학 수학2 2023] 1페이지까지 · 누적 0건 (요청 177회)
[AI 디지털 교육자료 중학 수학2 2024] 1페이지까지 · 누적 0건 (요청 178회)
[AI 디지털 교육자료 중학 수학2 2025] 1페이지까지 · 누적 0건 (요청 179회)
[AI 디지털 교육자료 중학 수학2 2026] 1페이지까지 · 누적 0건 (요청 180회)
[AI 디지털 교육자료 중학 영어 1 윤정미 2023] 1페이지까지 · 누적 0건 (요청 181회)
[AI 디지털 교육자료 중학 영어 1 윤정미 2024] 1페이지까지 · 누적 0건 (요청 182회)
[AI 디지털 교육자료 중학 영어 1 윤정미 2025] 1페이지까지 · 누적 0건 (요청 183회)
[AI 디지털 교육자료 중학 영어 1 윤정미 2026] 1페이지까지 · 누적 0건 (요청 184회)
[AI 디지털 교육자료 중학 영어 1 이병민 2023] 1페이지까지 · 누적 0건 (요청 185회)
[AI 디지털 교육자료 중학 영어 1 이병민 2024] 1페이지까지 · 누적 0건 (요청 186회)
[AI 디지털 교육자료 중학 영어 1 이병민 2025] 1페이지까지 · 누적 0건 (요청 187회)
[AI 디지털 교육자료 중학 영어 1 이병민 2026] 1페이지까지 · 누적 0건 (요청 188회)
[AI 디지털 교육자료 중학 영어 2 윤정미 2023] 1페이지까지 · 누적 0건 (요청 189회)
[AI 디지털 교육자료 중학 영어 2 윤정미 2024] 1페이지까지 · 누적 0건 (요청 190회)
[AI 디지털 교육자료 중학 영어 2 윤정미 2025] 1페이지까지 · 누적 0건 (요청 191회)
[AI 디지털 교육자료 중학 영어 2 윤정미 2026] 1페이지까지 · 누적 0건 (요청 192회)
[AI 디지털 교육자료 중학 영어 2 이병민 2023] 1페이지까지 · 누적 0건 (요청 193회)
[AI 디지털 교육자료 중학 영어 2 이병민 2024] 1페이지까지 · 누적 0건 (요청 194회)
[AI 디지털 교육자료 중학 영어 2 이병민 2025] 1페이지까지 · 누적 0건 (요청 195회)
[AI 디지털 교육자료 중학 영어 2 이병민 2026] 1페이지까지 · 누적 0건 (요청 196회)
[AI 디지털 교육자료 중학 영어1 2023] 1페이지까지 · 누적 0건 (요청 197회)
[AI 디지털 교육자료 중학 영어1 2024] 1페이지까지 · 누적 0건 (요청 198회)
[AI 디지털 교육자료 중학 영어1 2025] 1페이지까지 · 누적 0건 (요청 199회)
[AI 디지털 교육자료 중학 영어1 2026] 1페이지까지 · 누적 0건 (요청 200회)
[AI 디지털 교육자료 중학 영어2 2023] 1페이지까지 · 누적 0건 (요청 201회)
[AI 디지털 교육자료 중학 영어2 2024] 1페이지까지 · 누적 0건 (요청 202회)
[AI 디지털 교육자료 중학 영어2 2025] 1페이지까지 · 누적 0건 (요청 203회)
[AI 디지털 교육자료 중학 영어2 2026] 1페이지까지 · 누적 0건 (요청 204회)
[AI 디지털 교육자료 중학 정보 2023] 1페이지까지 · 누적 0건 (요청 205회)
[AI 디지털 교육자료 중학 정보 2024] 1페이지까지 · 누적 0건 (요청 206회)
[AI 디지털 교육자료 중학 정보 2025] 1페이지까지 · 누적 0건 (요청 207회)
[AI 디지털 교육자료 중학 정보 2026] 1페이지까지 · 누적 0건 (요청 208회)
[AI 디지털 교육자료 초등 수학 3-1 2023] 1페이지까지 · 누적 0건 (요청 209회)
[AI 디지털 교육자료 초등 수학 3-1 2024] 1페이지까지 · 누적 0건 (요청 210회)
[AI 디지털 교육자료 초등 수학 3-1 2025] 1페이지까지 · 누적 0건 (요청 211회)
[AI 디지털 교육자료 초등 수학 3-1 2026] 1페이지까지 · 누적 0건 (요청 212회)
[AI 디지털 교육자료 초등 수학 3-2 2023] 1페이지까지 · 누적 0건 (요청 213회)
[AI 디지털 교육자료 초등 수학 3-2 2024] 1페이지까지 · 누적 0건 (요청 214회)
[AI 디지털 교육자료 초등 수학 3-2 2025] 1페이지까지 · 누적 0건 (요청 215회)
[AI 디지털 교육자료 초등 수학 3-2 2026] 1페이지까지 · 누적 0건 (요청 216회)
[AI 디지털 교육자료 초등 수학 4-1 2023] 1페이지까지 · 누적 0건 (요청 217회)
[AI 디지털 교육자료 초등 수학 4-1 2024] 1페이지까지 · 누적 0건 (요청 218회)
[AI 디지털 교육자료 초등 수학 4-1 2025] 1페이지까지 · 누적 0건 (요청 219회)
[AI 디지털 교육자료 초등 수학 4-1 2026] 1페이지까지 · 누적 0건 (요청 220회)
[AI 디지털 교육자료 초등 수학 4-2 2023] 1페이지까지 · 누적 0건 (요청 221회)
[AI 디지털 교육자료 초등 수학 4-2 2024] 1페이지까지 · 누적 0건 (요청 222회)
[AI 디지털 교육자료 초등 수학 4-2 2025] 1페이지까지 · 누적 0건 (요청 223회)
[AI 디지털 교육자료 초등 수학 4-2 2026] 1페이지까지 · 누적 0건 (요청 224회)
[AI 디지털 교육자료 초등 수학 5-1 2023] 1페이지까지 · 누적 0건 (요청 225회)
[AI 디지털 교육자료 초등 수학 5-1 2024] 1페이지까지 · 누적 0건 (요청 226회)
[AI 디지털 교육자료 초등 수학 5-1 2025] 1페이지까지 · 누적 0건 (요청 227회)
[AI 디지털 교육자료 초등 수학 5-1 2026] 1페이지까지 · 누적 0건 (요청 228회)
[AI 디지털 교육자료 초등 수학 5-2 2023] 1페이지까지 · 누적 0건 (요청 229회)
[AI 디지털 교육자료 초등 수학 5-2 2024] 1페이지까지 · 누적 0건 (요청 230회)
[AI 디지털 교육자료 초등 수학 5-2 2025] 1페이지까지 · 누적 0건 (요청 231회)
[AI 디지털 교육자료 초등 수학 5-2 2026] 1페이지까지 · 누적 0건 (요청 232회)
[AI 디지털 교육자료 초등 수학 6-1 2023] 1페이지까지 · 누적 0건 (요청 233회)
[AI 디지털 교육자료 초등 수학 6-1 2024] 1페이지까지 · 누적 0건 (요청 234회)
[AI 디지털 교육자료 초등 수학 6-1 2025] 1페이지까지 · 누적 0건 (요청 235회)
[AI 디지털 교육자료 초등 수학 6-1 2026] 1페이지까지 · 누적 0건 (요청 236회)
[AI 디지털 교육자료 초등 수학 6-2 2023] 1페이지까지 · 누적 0건 (요청 237회)
[AI 디지털 교육자료 초등 수학 6-2 2024] 1페이지까지 · 누적 0건 (요청 238회)
[AI 디지털 교육자료 초등 수학 6-2 2025] 1페이지까지 · 누적 0건 (요청 239회)
[AI 디지털 교육자료 초등 수학 6-2 2026] 1페이지까지 · 누적 0건 (요청 240회)
[AI 디지털 교육자료 초등 영어 3 2023] 1페이지까지 · 누적 0건 (요청 241회)
[AI 디지털 교육자료 초등 영어 3 2024] 1페이지까지 · 누적 0건 (요청 242회)
[AI 디지털 교육자료 초등 영어 3 2025] 1페이지까지 · 누적 0건 (요청 243회)
[AI 디지털 교육자료 초등 영어 3 2026] 1페이지까지 · 누적 0건 (요청 244회)
[AI 디지털 교육자료 초등 영어 4 2023] 1페이지까지 · 누적 0건 (요청 245회)
[AI 디지털 교육자료 초등 영어 4 2024] 1페이지까지 · 누적 0건 (요청 246회)
[AI 디지털 교육자료 초등 영어 4 2025] 1페이지까지 · 누적 0건 (요청 247회)
[AI 디지털 교육자료 초등 영어 4 2026] 1페이지까지 · 누적 0건 (요청 248회)
[AI 디지털 교육자료 초등 영어 5 2023] 1페이지까지 · 누적 0건 (요청 249회)
[AI 디지털 교육자료 초등 영어 5 2024] 1페이지까지 · 누적 0건 (요청 250회)
[AI 디지털 교육자료 초등 영어 5 2025] 1페이지까지 · 누적 0건 (요청 251회)
[AI 디지털 교육자료 초등 영어 5 2026] 1페이지까지 · 누적 0건 (요청 252회)
[AI 디지털 교육자료 초등 영어 6 2023] 1페이지까지 · 누적 0건 (요청 253회)
[AI 디지털 교육자료 초등 영어 6 2024] 1페이지까지 · 누적 0건 (요청 254회)
[AI 디지털 교육자료 초등 영어 6 2025] 1페이지까지 · 누적 0건 (요청 255회)
[AI 디지털 교육자료 초등 영어 6 2026] 1페이지까지 · 누적 0건 (요청 256회)
[AI 디지털 교육자료 초등 영어3 2023] 1페이지까지 · 누적 0건 (요청 257회)
[AI 디지털 교육자료 초등 영어3 2024] 1페이지까지 · 누적 0건 (요청 258회)
[AI 디지털 교육자료 초등 영어3 2025] 1페이지까지 · 누적 0건 (요청 259회)
[AI 디지털 교육자료 초등 영어3 2026] 1페이지까지 · 누적 0건 (요청 260회)
[AI 디지털 교육자료 초등 영어4 2023] 1페이지까지 · 누적 0건 (요청 261회)
[AI 디지털 교육자료 초등 영어4 2024] 1페이지까지 · 누적 0건 (요청 262회)
[AI 디지털 교육자료 초등 영어4 2025] 1페이지까지 · 누적 0건 (요청 263회)
[AI 디지털 교육자료 초등 영어4 2026] 1페이지까지 · 누적 0건 (요청 264회)
[AI 디지털 교육자료 초등 영어5 2023] 1페이지까지 · 누적 0건 (요청 265회)
[AI 디지털 교육자료 초등 영어5 2024] 1페이지까지 · 누적 0건 (요청 266회)
[AI 디지털 교육자료 초등 영어5 2025] 1페이지까지 · 누적 0건 (요청 267회)
[AI 디지털 교육자료 초등 영어5 2026] 1페이지까지 · 누적 0건 (요청 268회)
[AI 디지털 교육자료 초등 영어6 2023] 1페이지까지 · 누적 0건 (요청 269회)
[AI 디지털 교육자료 초등 영어6 2024] 1페이지까지 · 누적 0건 (요청 270회)
[AI 디지털 교육자료 초등 영어6 2025] 1페이지까지 · 누적 0건 (요청 271회)
[AI 디지털 교육자료 초등 영어6 2026] 1페이지까지 · 누적 0건 (요청 272회)
[AI 러닝 GO 2023] 1페이지까지 · 누적 0건 (요청 273회)
[AI 러닝 GO 2024] 1페이지까지 · 누적 0건 (요청 274회)
[AI 러닝 GO 2025] 1페이지까지 · 누적 0건 (요청 275회)
[AI 러닝 GO 2026] 1페이지까지 · 누적 0건 (요청 276회)
[AI 레몬톡 2023] 1페이지까지 · 누적 0건 (요청 277회)
[AI 레몬톡 2024] 1페이지까지 · 누적 0건 (요청 278회)
[AI 레몬톡 2025] 1페이지까지 · 누적 0건 (요청 279회)
[AI 레몬톡 2026] 1페이지까지 · 누적 0건 (요청 280회)
[AI 로봇 자동차 2023] 1페이지까지 · 누적 0건 (요청 281회)
[AI 로봇 자동차 2024] 1페이지까지 · 누적 0건 (요청 282회)
[AI 로봇 자동차 2025] 1페이지까지 · 누적 0건 (요청 283회)
[AI 로봇 자동차 2026] 1페이지까지 · 누적 0건 (요청 284회)
[AI 모두의 자서전 2023] 1페이지까지 · 누적 0건 (요청 285회)
[AI 모두의 자서전 2024] 1페이지까지 · 누적 0건 (요청 286회)
[AI 모두의 자서전 2025] 1페이지까지 · 누적 0건 (요청 287회)
[AI 모두의 자서전 2026] 1페이지까지 · 누적 0건 (요청 288회)
[AI 미디어아트 융합수업 플랫폼 2023] 1페이지까지 · 누적 0건 (요청 289회)
[AI 미디어아트 융합수업 플랫폼 2024] 1페이지까지 · 누적 0건 (요청 290회)
[AI 미디어아트 융합수업 플랫폼 2025] 1페이지까지 · 누적 0건 (요청 291회)
[AI 미디어아트 융합수업 플랫폼 2026] 1페이지까지 · 누적 0건 (요청 292회)
[AI 미러봇 2023] 1페이지까지 · 누적 0건 (요청 293회)
[AI 미러봇 2024] 1페이지까지 · 누적 0건 (요청 294회)
[AI 미러봇 2025] 1페이지까지 · 누적 0건 (요청 295회)
[AI 미러봇 2026] 1페이지까지 · 누적 0건 (요청 296회)
[AI 바이브 코딩 파이드림 2023] 1페이지까지 · 누적 0건 (요청 297회)
[AI 바이브 코딩 파이드림 2024] 1페이지까지 · 누적 0건 (요청 298회)
[AI 바이브 코딩 파이드림 2025] 1페이지까지 · 누적 0건 (요청 299회)
[AI 바이브 코딩 파이드림 2026] 1페이지까지 · 누적 0건 (요청 300회)
[AI 보이스_음성인식 기초 2023] 1페이지까지 · 누적 0건 (요청 301회)
[AI 보이스_음성인식 기초 2024] 1페이지까지 · 누적 0건 (요청 302회)
[AI 보이스_음성인식 기초 2025] 1페이지까지 · 누적 0건 (요청 303회)
[AI 보이스_음성인식 기초 2026] 1페이지까지 · 누적 0건 (요청 304회)
[AI 브레인 문해력 2023] 1페이지까지 · 누적 0건 (요청 305회)
[AI 브레인 문해력 2024] 1페이지까지 · 누적 0건 (요청 306회)
[AI 브레인 문해력 2025] 1페이지까지 · 누적 0건 (요청 307회)
[AI 브레인 문해력 2026] 1페이지까지 · 누적 0건 (요청 308회)
[AI 브레인 문해력 학습 플랫폼 2023] 1페이지까지 · 누적 0건 (요청 309회)
[AI 브레인 문해력 학습 플랫폼 2024] 1페이지까지 · 누적 0건 (요청 310회)
[AI 브레인 문해력 학습 플랫폼 2025] 1페이지까지 · 누적 0건 (요청 311회)
[AI 브레인 문해력 학습 플랫폼 2026] 1페이지까지 · 누적 0건 (요청 312회)
[AI 삐리릭 2023] 1페이지까지 · 누적 0건 (요청 313회)
[AI 삐리릭 2024] 1페이지까지 · 누적 0건 (요청 314회)
[AI 삐리릭 2025] 1페이지까지 · 누적 0건 (요청 315회)
[AI 삐리릭 2026] 1페이지까지 · 누적 0건 (요청 316회)
[AI 상담실 2023] 1페이지까지 · 누적 0건 (요청 317회)
[AI 상담실 2024] 1페이지까지 · 누적 0건 (요청 318회)
[AI 상담실 2025] 1페이지까지 · 누적 0건 (요청 319회)
[AI 상담실 2026] 1페이지까지 · 누적 0건 (요청 320회)
[AI 소셜로봇 리쿠 2023] 1페이지까지 · 누적 0건 (요청 321회)
[AI 소셜로봇 리쿠 2024] 1페이지까지 · 누적 0건 (요청 322회)
[AI 소셜로봇 리쿠 2025] 1페이지까지 · 누적 0건 (요청 323회)
[AI 소셜로봇 리쿠 2026] 1페이지까지 · 누적 0건 (요청 324회)
[AI 수시면접 코치 2023] 1페이지까지 · 누적 0건 (요청 325회)
[AI 수시면접 코치 2024] 1페이지까지 · 누적 0건 (요청 326회)
[AI 수시면접 코치 2025] 1페이지까지 · 누적 0건 (요청 327회)
[AI 수시면접 코치 2026] 1페이지까지 · 누적 0건 (요청 328회)
[AI 쉐도우리딩 2023] 1페이지까지 · 누적 0건 (요청 329회)
[AI 쉐도우리딩 2024] 1페이지까지 · 누적 0건 (요청 330회)
[AI 쉐도우리딩 2025] 1페이지까지 · 누적 0건 (요청 331회)
[AI 쉐도우리딩 2026] 1페이지까지 · 누적 0건 (요청 332회)
[AI 스마트 놀이터 로로큐브 2023] 1페이지까지 · 누적 0건 (요청 333회)
[AI 스마트 놀이터 로로큐브 2024] 1페이지까지 · 누적 0건 (요청 334회)
[AI 스마트 놀이터 로로큐브 2025] 1페이지까지 · 누적 0건 (요청 335회)
[AI 스마트 놀이터 로로큐브 2026] 1페이지까지 · 누적 0건 (요청 336회)
[AI 스킬 업 2023] 1페이지까지 · 누적 0건 (요청 337회)
[AI 스킬 업 2024] 1페이지까지 · 누적 0건 (요청 338회)
[AI 스킬 업 2025] 1페이지까지 · 누적 0건 (요청 339회)
[AI 스킬 업 2026] 1페이지까지 · 누적 0건 (요청 340회)
[AI 스포츠 박스 2023] 1페이지까지 · 누적 0건 (요청 341회)
[AI 스포츠 박스 2024] 1페이지까지 · 누적 0건 (요청 342회)
[AI 스포츠 박스 2025] 1페이지까지 · 누적 0건 (요청 343회)
[AI 스포츠 박스 2026] 1페이지까지 · 누적 0건 (요청 344회)
[AI 스포츠 올인원 A 1.0 2023] 1페이지까지 · 누적 0건 (요청 345회)
[AI 스포츠 올인원 A 1.0 2024] 1페이지까지 · 누적 0건 (요청 346회)
[AI 스포츠 올인원 A 1.0 2025] 1페이지까지 · 누적 0건 (요청 347회)
[AI 스포츠 올인원 A 1.0 2026] 1페이지까지 · 누적 0건 (요청 348회)
[AI 스포츠 올인원 B 1.0 2023] 1페이지까지 · 누적 0건 (요청 349회)
[AI 스포츠 올인원 B 1.0 2024] 1페이지까지 · 누적 0건 (요청 350회)
[AI 스포츠 올인원 B 1.0 2025] 1페이지까지 · 누적 0건 (요청 351회)
[AI 스포츠 올인원 B 1.0 2026] 1페이지까지 · 누적 0건 (요청 352회)
[AI 아바타 코딩 2023] 1페이지까지 · 누적 0건 (요청 353회)
[AI 아바타 코딩 2024] 1페이지까지 · 누적 0건 (요청 354회)
[AI 아바타 코딩 2025] 1페이지까지 · 누적 0건 (요청 355회)
[AI 아바타 코딩 2026] 1페이지까지 · 누적 0건 (요청 356회)
[AI 에듀 클래스 2023] 1페이지까지 · 누적 0건 (요청 357회)
[AI 에듀 클래스 2024] 1페이지까지 · 누적 0건 (요청 358회)
[AI 에듀 클래스 2025] 1페이지까지 · 누적 0건 (요청 359회)
[AI 에듀 클래스 2026] 1페이지까지 · 누적 0건 (요청 360회)
[AI 에듀케어봇 2023] 1페이지까지 · 누적 0건 (요청 361회)
[AI 에듀케어봇 2024] 1페이지까지 · 누적 0건 (요청 362회)
[AI 에듀케어봇 2025] 1페이지까지 · 누적 0건 (요청 363회)
[AI 에듀케어봇 2026] 1페이지까지 · 누적 0건 (요청 364회)
[AI 역사 인물 인터뷰 2023] 1페이지까지 · 누적 0건 (요청 365회)
[AI 역사 인물 인터뷰 2024] 1페이지까지 · 누적 0건 (요청 366회)
[AI 역사 인물 인터뷰 2025] 1페이지까지 · 누적 0건 (요청 367회)
[AI 역사 인물 인터뷰 2026] 1페이지까지 · 누적 0건 (요청 368회)
[AI 영어 지문 마스터 2023] 1페이지까지 · 누적 0건 (요청 369회)
[AI 영어 지문 마스터 2024] 1페이지까지 · 누적 0건 (요청 370회)
[AI 영어 지문 마스터 2025] 1페이지까지 · 누적 0건 (요청 371회)
[AI 영어 지문 마스터 2026] 1페이지까지 · 누적 0건 (요청 372회)
[AI 온북 2023] 1페이지까지 · 누적 0건 (요청 373회)
[AI 온북 2024] 1페이지까지 · 누적 0건 (요청 374회)
[AI 온북 2025] 1페이지까지 · 누적 0건 (요청 375회)
[AI 온북 2026] 1페이지까지 · 누적 0건 (요청 376회)
[AI 웹앱 서비스 2023] 1페이지까지 · 누적 0건 (요청 377회)
[AI 웹앱 서비스 2024] 1페이지까지 · 누적 0건 (요청 378회)
[AI 웹앱 서비스 2025] 1페이지까지 · 누적 0건 (요청 379회)
[AI 웹앱 서비스 2026] 1페이지까지 · 누적 0건 (요청 380회)
[AI 유아돌봄 플랫폼 2023] 1페이지까지 · 누적 0건 (요청 381회)
[AI 유아돌봄 플랫폼 2024] 1페이지까지 · 누적 0건 (요청 382회)
[AI 유아돌봄 플랫폼 2025] 1페이지까지 · 누적 0건 (요청 383회)
[AI 유아돌봄 플랫폼 2026] 1페이지까지 · 누적 0건 (요청 384회)
[AI 윤리 탐정 2023] 1페이지까지 · 누적 0건 (요청 385회)
[AI 윤리 탐정 2024] 1페이지까지 · 누적 0건 (요청 386회)
[AI 윤리 탐정 2025] 1페이지까지 · 누적 0건 (요청 387회)
[AI 윤리 탐정 2026] 1페이지까지 · 누적 0건 (요청 388회)
[AI 음성인식 - 푸리에 LAB 2023] 1페이지까지 · 누적 0건 (요청 389회)
[AI 음성인식 - 푸리에 LAB 2024] 1페이지까지 · 누적 0건 (요청 390회)
[AI 음성인식 - 푸리에 LAB 2025] 1페이지까지 · 누적 0건 (요청 391회)
[AI 음성인식 - 푸리에 LAB 2026] 1페이지까지 · 누적 0건 (요청 392회)
[AI 음악코딩 놀이, 허밍블럭스 2023] 1페이지까지 · 누적 0건 (요청 393회)
[AI 음악코딩 놀이, 허밍블럭스 2024] 1페이지까지 · 누적 0건 (요청 394회)
[AI 음악코딩 놀이, 허밍블럭스 2025] 1페이지까지 · 누적 0건 (요청 395회)
[AI 음악코딩 놀이, 허밍블럭스 2026] 1페이지까지 · 누적 0건 (요청 396회)
[AI 인강학습 도우미 GPTalk 2023] 1페이지까지 · 누적 0건 (요청 397회)
[AI 인강학습 도우미 GPTalk 2024] 1페이지까지 · 누적 0건 (요청 398회)
[AI 인강학습 도우미 GPTalk 2025] 1페이지까지 · 누적 0건 (요청 399회)
[AI 인강학습 도우미 GPTalk 2026] 1페이지까지 · 누적 0건 (요청 400회)
[AI 인공지능 바둑·오목 로봇 센스로봇 GO 2023] 1페이지까지 · 누적 0건 (요청 401회)
[AI 인공지능 바둑·오목 로봇 센스로봇 GO 2024] 1페이지까지 · 누적 0건 (요청 402회)
[AI 인공지능 바둑·오목 로봇 센스로봇 GO 2025] 1페이지까지 · 누적 0건 (요청 403회)
[AI 인공지능 바둑·오목 로봇 센스로봇 GO 2026] 1페이지까지 · 누적 0건 (요청 404회)
[AI 자리배치 클래스메트리 2023] 1페이지까지 · 누적 0건 (요청 405회)
[AI 자리배치 클래스메트리 2024] 1페이지까지 · 누적 0건 (요청 406회)
[AI 자리배치 클래스메트리 2025] 1페이지까지 · 누적 0건 (요청 407회)
[AI 자리배치 클래스메트리 2026] 1페이지까지 · 누적 0건 (요청 408회)
[AI 진로 교육 2023] 1페이지까지 · 누적 0건 (요청 409회)
[AI 진로 교육 2024] 1페이지까지 · 누적 0건 (요청 410회)
[AI 진로 교육 2025] 1페이지까지 · 누적 0건 (요청 411회)
[AI 진로 교육 2026] 1페이지까지 · 누적 0건 (요청 412회)
[AI 천체망원경 2023] 1페이지까지 · 누적 0건 (요청 413회)
[AI 천체망원경 2024] 1페이지까지 · 누적 0건 (요청 414회)
[AI 천체망원경 2025] 1페이지까지 · 누적 0건 (요청 415회)
[AI 천체망원경 2026] 1페이지까지 · 누적 0건 (요청 416회)
[AI 초이스_최적화 실험실 2023] 1페이지까지 · 누적 0건 (요청 417회)
[AI 초이스_최적화 실험실 2024] 1페이지까지 · 누적 0건 (요청 418회)
[AI 초이스_최적화 실험실 2025] 1페이지까지 · 누적 0건 (요청 419회)
[AI 초이스_최적화 실험실 2026] 1페이지까지 · 누적 0건 (요청 420회)
[AI 초피티 2023] 1페이지까지 · 누적 0건 (요청 421회)
[AI 초피티 2024] 1페이지까지 · 누적 0건 (요청 422회)
[AI 초피티 2025] 1페이지까지 · 누적 0건 (요청 423회)
[AI 초피티 2026] 1페이지까지 · 누적 0건 (요청 424회)
[AI 코딩과 전통 공연 2023] 1페이지까지 · 누적 0건 (요청 425회)
[AI 코딩과 전통 공연 2024] 1페이지까지 · 누적 0건 (요청 426회)
[AI 코딩과 전통 공연 2025] 1페이지까지 · 누적 0건 (요청 427회)
[AI 코딩과 전통 공연 2026] 1페이지까지 · 누적 0건 (요청 428회)
[AI 크래프트 2023] 1페이지까지 · 누적 0건 (요청 429회)
[AI 크래프트 2024] 1페이지까지 · 누적 0건 (요청 430회)
[AI 크래프트 2025] 1페이지까지 · 누적 0건 (요청 431회)
[AI 크래프트 2026] 1페이지까지 · 누적 0건 (요청 432회)
[AI 탐구 기록 제출 2023] 1페이지까지 · 누적 0건 (요청 433회)
[AI 탐구 기록 제출 2024] 1페이지까지 · 누적 0건 (요청 434회)
[AI 탐구 기록 제출 2025] 1페이지까지 · 누적 0건 (요청 435회)
[AI 탐구 기록 제출 2026] 1페이지까지 · 누적 0건 (요청 436회)
[AI 탐봇 2023] 1페이지까지 · 누적 0건 (요청 437회)
[AI 탐봇 2024] 1페이지까지 · 누적 0건 (요청 438회)
[AI 탐봇 2025] 1페이지까지 · 누적 0건 (요청 439회)
[AI 탐봇 2026] 1페이지까지 · 누적 0건 (요청 440회)
[AI 탐사로봇 테크노시아 행성을 재건하라 2023] 1페이지까지 · 누적 0건 (요청 441회)
[AI 탐사로봇 테크노시아 행성을 재건하라 2024] 1페이지까지 · 누적 0건 (요청 442회)
[AI 탐사로봇 테크노시아 행성을 재건하라 2025] 1페이지까지 · 누적 0건 (요청 443회)
[AI 탐사로봇 테크노시아 행성을 재건하라 2026] 1페이지까지 · 누적 0건 (요청 444회)
[AI 토리드론 2023] 1페이지까지 · 누적 0건 (요청 445회)
[AI 토리드론 2024] 1페이지까지 · 누적 0건 (요청 446회)
[AI 토리드론 2025] 1페이지까지 · 누적 0건 (요청 447회)
[AI 토리드론 2026] 1페이지까지 · 누적 0건 (요청 448회)
[AI 토핑독서 2023] 1페이지까지 · 누적 0건 (요청 449회)
[AI 토핑독서 2024] 1페이지까지 · 누적 0건 (요청 450회)
[AI 토핑독서 2025] 1페이지까지 · 누적 0건 (요청 451회)
[AI 토핑독서 2026] 1페이지까지 · 누적 0건 (요청 452회)
[AI 패스파인더 2023] 1페이지까지 · 누적 0건 (요청 453회)
[AI 패스파인더 2024] 1페이지까지 · 누적 0건 (요청 454회)
[AI 패스파인더 2025] 1페이지까지 · 누적 0건 (요청 455회)
[AI 패스파인더 2026] 1페이지까지 · 누적 0건 (요청 456회)
[AI 펭톡 2023] 1페이지까지 · 누적 0건 (요청 457회)
[AI 펭톡 2024] 1페이지까지 · 누적 0건 (요청 458회)
[AI 펭톡 2025] 1페이지까지 · 누적 0건 (요청 459회)
[AI 펭톡 2026] 1페이지까지 · 누적 0건 (요청 460회)
[AI 플레도 2023] 1페이지까지 · 누적 0건 (요청 461회)
[AI 플레도 2024] 1페이지까지 · 누적 0건 (요청 462회)
[AI 플레도 2025] 1페이지까지 · 누적 0건 (요청 463회)
[AI 플레도 2026] 1페이지까지 · 누적 0건 (요청 464회)
[AI 학습 소프트웨어 2023] 1페이지까지 · 누적 0건 (요청 465회)
[AI 학습 소프트웨어 2024] 1페이지까지 · 누적 0건 (요청 466회)
[AI 학습 소프트웨어 2025] 1페이지까지 · 누적 0건 (요청 467회)
[AI 학습 소프트웨어 2026] 1페이지까지 · 누적 0건 (요청 468회)
[AI 한자몬 2023] 1페이지까지 · 누적 0건 (요청 469회)
[AI 한자몬 2024] 1페이지까지 · 누적 0건 (요청 470회)
[AI 한자몬 2025] 1페이지까지 · 누적 0건 (요청 471회)
[AI 한자몬 2026] 1페이지까지 · 누적 0건 (요청 472회)
[AICE 2023] 1페이지까지 · 누적 0건 (요청 473회)
[AICE 2024] 1페이지까지 · 누적 0건 (요청 474회)
[AICE 2025] 1페이지까지 · 누적 0건 (요청 475회)
[AICE 2026] 1페이지까지 · 누적 0건 (요청 476회)
[AICE Associate 2023] 1페이지까지 · 누적 0건 (요청 477회)
[AICE Associate 2024] 1페이지까지 · 누적 0건 (요청 478회)
[AICE Associate 2025] 1페이지까지 · 누적 0건 (요청 479회)
[AICE Associate 2026] 1페이지까지 · 누적 0건 (요청 480회)
[AICE BASIC 2023] 1페이지까지 · 누적 0건 (요청 481회)
[AICE BASIC 2024] 1페이지까지 · 누적 0건 (요청 482회)
[AICE BASIC 2025] 1페이지까지 · 누적 0건 (요청 483회)
[AICE BASIC 2026] 1페이지까지 · 누적 0건 (요청 484회)
[AIX-mate 2023] 1페이지까지 · 누적 0건 (요청 485회)
[AIX-mate 2024] 1페이지까지 · 누적 0건 (요청 486회)
[AIX-mate 2025] 1페이지까지 · 누적 0건 (요청 487회)
[AIX-mate 2026] 1페이지까지 · 누적 0건 (요청 488회)
[AIoT 스마트시티 만들기 2023] 1페이지까지 · 누적 0건 (요청 489회)
[AIoT 스마트시티 만들기 2024] 1페이지까지 · 누적 0건 (요청 490회)
[AIoT 스마트시티 만들기 2025] 1페이지까지 · 누적 0건 (요청 491회)
[AIoT 스마트시티 만들기 2026] 1페이지까지 · 누적 0건 (요청 492회)
[AI·디지털 교육자료 포털 2023] 1페이지까지 · 누적 0건 (요청 493회)
[AI·디지털 교육자료 포털 2024] 1페이지까지 · 누적 0건 (요청 494회)
[AI·디지털 교육자료 포털 2025] 1페이지까지 · 누적 0건 (요청 495회)
[AI·디지털 교육자료 포털 2026] 1페이지까지 · 누적 0건 (요청 496회)
[AI기반 질문생성훈련 콘텐츠 2023] 1페이지까지 · 누적 0건 (요청 497회)
[AI기반 질문생성훈련 콘텐츠 2024] 1페이지까지 · 누적 0건 (요청 498회)
[AI기반 질문생성훈련 콘텐츠 2025] 1페이지까지 · 누적 0건 (요청 499회)
[AI기반 질문생성훈련 콘텐츠 2026] 1페이지까지 · 누적 0건 (요청 500회)
[AI로봇 아티보 2023] 1페이지까지 · 누적 0건 (요청 501회)
[AI로봇 아티보 2024] 1페이지까지 · 누적 0건 (요청 502회)
[AI로봇 아티보 2025] 1페이지까지 · 누적 0건 (요청 503회)
[AI로봇 아티보 2026] 1페이지까지 · 누적 0건 (요청 504회)
[AI로봇집게 2023] 1페이지까지 · 누적 0건 (요청 505회)
[AI로봇집게 2024] 1페이지까지 · 누적 0건 (요청 506회)
[AI로봇집게 2025] 1페이지까지 · 누적 0건 (요청 507회)
[AI로봇집게 2026] 1페이지까지 · 누적 0건 (요청 508회)
[AI마타수학 2023] 1페이지까지 · 누적 0건 (요청 509회)
[AI마타수학 2024] 1페이지까지 · 누적 0건 (요청 510회)
[AI마타수학 2025] 1페이지까지 · 누적 0건 (요청 511회)
[AI마타수학 2026] 1페이지까지 · 누적 1건 (요청 513회)
[AI매일수학 2023] 1페이지까지 · 누적 1건 (요청 514회)
[AI매일수학 2024] 1페이지까지 · 누적 1건 (요청 515회)
[AI매일수학 2025] 1페이지까지 · 누적 1건 (요청 516회)
[AI매일수학 2026] 1페이지까지 · 누적 1건 (요청 517회)
[AI매직포유 2023] 1페이지까지 · 누적 1건 (요청 518회)
[AI매직포유 2024] 1페이지까지 · 누적 1건 (요청 519회)
[AI매직포유 2025] 1페이지까지 · 누적 1건 (요청 520회)
[AI매직포유 2026] 1페이지까지 · 누적 1건 (요청 521회)
[AI문해력 진단/트레이닝 학습시스템 2023] 1페이지까지 · 누적 1건 (요청 522회)
[AI문해력 진단/트레이닝 학습시스템 2024] 1페이지까지 · 누적 1건 (요청 523회)
[AI문해력 진단/트레이닝 학습시스템 2025] 1페이지까지 · 누적 1건 (요청 524회)
[AI문해력 진단/트레이닝 학습시스템 2026] 1페이지까지 · 누적 1건 (요청 525회)
[AI사장님 클래스 2023] 1페이지까지 · 누적 1건 (요청 526회)
[AI사장님 클래스 2024] 1페이지까지 · 누적 1건 (요청 527회)
[AI사장님 클래스 2025] 1페이지까지 · 누적 1건 (요청 528회)
[AI사장님 클래스 2026] 1페이지까지 · 누적 1건 (요청 529회)
[AI수시면접코치 2023] 1페이지까지 · 누적 1건 (요청 530회)
[AI수시면접코치 2024] 1페이지까지 · 누적 1건 (요청 531회)
[AI수시면접코치 2025] 1페이지까지 · 누적 1건 (요청 532회)
[AI수시면접코치 2026] 1페이지까지 · 누적 1건 (요청 533회)
[AI스토리교실 2023] 1페이지까지 · 누적 1건 (요청 534회)
[AI스토리교실 2024] 1페이지까지 · 누적 1건 (요청 535회)
[AI스토리교실 2025] 1페이지까지 · 누적 1건 (요청 536회)
[AI스토리교실 2026] 1페이지까지 · 누적 1건 (요청 537회)
[AI스포츠박스 2023] 1페이지까지 · 누적 1건 (요청 538회)
[AI스포츠박스 2024] 1페이지까지 · 누적 1건 (요청 539회)
[AI스포츠박스 2025] 1페이지까지 · 누적 1건 (요청 540회)
[AI스포츠박스 2026] 1페이지까지 · 누적 1건 (요청 541회)
[AI시대 미래역량 검사, 디큐 2023] 1페이지까지 · 누적 1건 (요청 542회)
[AI시대 미래역량 검사, 디큐 2024] 1페이지까지 · 누적 1건 (요청 543회)
[AI시대 미래역량 검사, 디큐 2025] 1페이지까지 · 누적 1건 (요청 544회)
[AI시대 미래역량 검사, 디큐 2026] 1페이지까지 · 누적 1건 (요청 545회)
[AI아크수학 2023] 1페이지까지 · 누적 1건 (요청 546회)
[AI아크수학 2024] 1페이지까지 · 누적 1건 (요청 547회)
[AI아크수학 2025] 1페이지까지 · 누적 1건 (요청 548회)
[AI아크수학 2026] 1페이지까지 · 누적 1건 (요청 549회)
[AI이거다 2023] 1페이지까지 · 누적 1건 (요청 550회)
[AI이거다 2024] 1페이지까지 · 누적 1건 (요청 551회)
[AI이거다 2025] 1페이지까지 · 누적 1건 (요청 552회)
[AI이거다 2026] 1페이지까지 · 누적 1건 (요청 553회)
[AI잇플레이와 사회정서학습 2023] 1페이지까지 · 누적 1건 (요청 554회)
[AI잇플레이와 사회정서학습 2024] 1페이지까지 · 누적 1건 (요청 555회)
[AI잇플레이와 사회정서학습 2025] 1페이지까지 · 누적 1건 (요청 556회)
[AI잇플레이와 사회정서학습 2026] 1페이지까지 · 누적 1건 (요청 557회)
[AI최적요리사 - 떡볶이 대결 2023] 1페이지까지 · 누적 1건 (요청 558회)
[AI최적요리사 - 떡볶이 대결 2024] 1페이지까지 · 누적 1건 (요청 559회)
[AI최적요리사 - 떡볶이 대결 2025] 1페이지까지 · 누적 1건 (요청 560회)
[AI최적요리사 - 떡볶이 대결 2026] 1페이지까지 · 누적 1건 (요청 561회)
[AI클래스 2023] 1페이지까지 · 누적 1건 (요청 562회)
[AI클래스 2024] 1페이지까지 · 누적 1건 (요청 563회)
[AI클래스 2025] 1페이지까지 · 누적 1건 (요청 564회)
[AI클래스 2026] 1페이지까지 · 누적 1건 (요청 565회)
[AI튜터 2023] 1페이지까지 · 누적 1건 (요청 566회)
[AI튜터 2024] 1페이지까지 · 누적 1건 (요청 567회)
[AI튜터 2025] 1페이지까지 · 누적 1건 (요청 568회)
[AI튜터 2026] 1페이지까지 · 누적 2건 (요청 570회)
[AI포니봇 2023] 1페이지까지 · 누적 2건 (요청 571회)
[AI포니봇 2024] 1페이지까지 · 누적 2건 (요청 572회)
[AI포니봇 2025] 1페이지까지 · 누적 2건 (요청 573회)
[AI포니봇 2026] 1페이지까지 · 누적 2건 (요청 574회)
[AI학교생활기록부 2023] 1페이지까지 · 누적 2건 (요청 575회)
[AI학교생활기록부 2024] 1페이지까지 · 누적 2건 (요청 576회)
[AI학교생활기록부 2025] 1페이지까지 · 누적 2건 (요청 577회)
[AI학교생활기록부 2026] 1페이지까지 · 누적 2건 (요청 578회)
[AI헬피챗 2023] 1페이지까지 · 누적 2건 (요청 579회)
[AI헬피챗 2024] 1페이지까지 · 누적 2건 (요청 580회)
[AI헬피챗 2025] 1페이지까지 · 누적 2건 (요청 581회)
[AI헬피챗 2026] 1페이지까지 · 누적 2건 (요청 582회)
[ALC 학습분석 스테이션 v2 2023] 1페이지까지 · 누적 2건 (요청 583회)
[ALC 학습분석 스테이션 v2 2024] 1페이지까지 · 누적 2건 (요청 584회)
[ALC 학습분석 스테이션 v2 2025] 1페이지까지 · 누적 2건 (요청 585회)
[ALC 학습분석 스테이션 v2 2026] 1페이지까지 · 누적 2건 (요청 586회)
[ALC 학습분석 시스템 2023] 1페이지까지 · 누적 2건 (요청 587회)
[ALC 학습분석 시스템 2024] 1페이지까지 · 누적 2건 (요청 588회)
[ALC 학습분석 시스템 2025] 1페이지까지 · 누적 2건 (요청 589회)
[ALC 학습분석 시스템 2026] 1페이지까지 · 누적 2건 (요청 590회)
[AR 빛 실험실 2023] 1페이지까지 · 누적 2건 (요청 591회)
[AR 빛 실험실 2024] 1페이지까지 · 누적 2건 (요청 592회)
[AR 빛 실험실 2025] 1페이지까지 · 누적 2건 (요청 593회)
[AR 빛 실험실 2026] 1페이지까지 · 누적 2건 (요청 594회)
[AR 핑거스토리 2023] 1페이지까지 · 누적 2건 (요청 595회)
[AR 핑거스토리 2024] 1페이지까지 · 누적 2건 (요청 596회)
[AR 핑거스토리 2025] 1페이지까지 · 누적 2건 (요청 597회)
[AR 핑거스토리 2026] 1페이지까지 · 누적 2건 (요청 598회)
[AREX CLIMB 2023] 1페이지까지 · 누적 2건 (요청 599회)
[AREX CLIMB 2024] 1페이지까지 · 누적 2건 (요청 600회)
[AREX CLIMB 2025] 1페이지까지 · 누적 2건 (요청 601회)
[AREX CLIMB 2026] 1페이지까지 · 누적 2건 (요청 602회)
[AR창의융합영어미술 아토리 2023] 1페이지까지 · 누적 2건 (요청 603회)
[AR창의융합영어미술 아토리 2024] 1페이지까지 · 누적 2건 (요청 604회)
[AR창의융합영어미술 아토리 2025] 1페이지까지 · 누적 2건 (요청 605회)
[AR창의융합영어미술 아토리 2026] 1페이지까지 · 누적 2건 (요청 606회)
[AR태양계행성학습카드 / 미래과학 AR 2023] 1페이지까지 · 누적 2건 (요청 607회)
[AR태양계행성학습카드 / 미래과학 AR 2024] 1페이지까지 · 누적 2건 (요청 608회)
[AR태양계행성학습카드 / 미래과학 AR 2025] 1페이지까지 · 누적 2건 (요청 609회)
[AR태양계행성학습카드 / 미래과학 AR 2026] 1페이지까지 · 누적 2건 (요청 610회)
[Abled PingPong Robot 2023] 1페이지까지 · 누적 2건 (요청 611회)
[Abled PingPong Robot 2024] 1페이지까지 · 누적 2건 (요청 612회)
[Abled PingPong Robot 2025] 1페이지까지 · 누적 2건 (요청 613회)
[Abled PingPong Robot 2026] 1페이지까지 · 누적 2건 (요청 614회)
[Abled pingpong App 2023] 1페이지까지 · 누적 2건 (요청 615회)
[Abled pingpong App 2024] 1페이지까지 · 누적 2건 (요청 616회)
[Abled pingpong App 2025] 1페이지까지 · 누적 2건 (요청 617회)
[Abled pingpong App 2026] 1페이지까지 · 누적 2건 (요청 618회)
[Ableton Live 12 2023] 1페이지까지 · 누적 2건 (요청 619회)
[Ableton Live 12 2024] 1페이지까지 · 누적 2건 (요청 620회)
[Ableton Live 12 2025] 1페이지까지 · 누적 2건 (요청 621회)
[Ableton Live 12 2026] 1페이지까지 · 누적 2건 (요청 622회)
[Agency Workspace 2023] 1페이지까지 · 누적 2건 (요청 623회)
[Agency Workspace 2024] 1페이지까지 · 누적 2건 (요청 624회)
[Agency Workspace 2025] 1페이지까지 · 누적 2건 (요청 625회)
[Agency Workspace 2026] 1페이지까지 · 누적 2건 (요청 626회)
[AhaSlides 2023] 1페이지까지 · 누적 2건 (요청 627회)
[AhaSlides 2024] 1페이지까지 · 누적 2건 (요청 628회)
[AhaSlides 2025] 1페이지까지 · 누적 2건 (요청 629회)
[AhaSlides 2026] 1페이지까지 · 누적 2건 (요청 630회)
[AiSAC 2023] 1페이지까지 · 누적 2건 (요청 631회)
[AiSAC 2024] 1페이지까지 · 누적 2건 (요청 632회)
[AiSAC 2025] 1페이지까지 · 누적 2건 (요청 633회)
[AiSAC 2026] 1페이지까지 · 누적 2건 (요청 634회)
[Aivy 창의 서비스 제작 플랫폼 2023] 1페이지까지 · 누적 2건 (요청 635회)
[Aivy 창의 서비스 제작 플랫폼 2024] 1페이지까지 · 누적 2건 (요청 636회)
[Aivy 창의 서비스 제작 플랫폼 2025] 1페이지까지 · 누적 2건 (요청 637회)
[Aivy 창의 서비스 제작 플랫폼 2026] 1페이지까지 · 누적 2건 (요청 638회)
[Ai영어쌤 2023] 1페이지까지 · 누적 2건 (요청 639회)
[Ai영어쌤 2024] 1페이지까지 · 누적 2건 (요청 640회)
[Ai영어쌤 2025] 1페이지까지 · 누적 2건 (요청 641회)
[Ai영어쌤 2026] 1페이지까지 · 누적 3건 (요청 643회)
[Alan 2023] 1페이지까지 · 누적 3건 (요청 644회)
[Alan 2024] 1페이지까지 · 누적 3건 (요청 645회)
[Alan 2025] 1페이지까지 · 누적 3건 (요청 646회)
[Alan 2026] 1페이지까지 · 누적 3건 (요청 647회)
[Algodoo 2023] 1페이지까지 · 누적 3건 (요청 648회)
[Algodoo 2024] 1페이지까지 · 누적 3건 (요청 649회)
[Algodoo 2025] 1페이지까지 · 누적 3건 (요청 650회)
[Algodoo 2026] 1페이지까지 · 누적 3건 (요청 651회)
[AllBody 2023] 1페이지까지 · 누적 3건 (요청 652회)
[AllBody 2024] 1페이지까지 · 누적 3건 (요청 653회)
[AllBody 2025] 1페이지까지 · 누적 3건 (요청 654회)
[AllBody 2026] 1페이지까지 · 누적 3건 (요청 655회)
[AllviA 2023] 1페이지까지 · 누적 3건 (요청 656회)
[AllviA 2024] 1페이지까지 · 누적 3건 (요청 657회)
[AllviA 2025] 1페이지까지 · 누적 3건 (요청 658회)
[AllviA 2026] 1페이지까지 · 누적 3건 (요청 659회)
[Ally Class 2023] 1페이지까지 · 누적 3건 (요청 660회)
[Ally Class 2024] 1페이지까지 · 누적 3건 (요청 661회)
[Ally Class 2025] 1페이지까지 · 누적 3건 (요청 662회)
[Ally Class 2026] 1페이지까지 · 누적 3건 (요청 663회)
[Alphalyzer 2023] 1페이지까지 · 누적 3건 (요청 664회)
[Alphalyzer 2024] 1페이지까지 · 누적 3건 (요청 665회)
[Alphalyzer 2025] 1페이지까지 · 누적 3건 (요청 666회)
[Alphalyzer 2026] 1페이지까지 · 누적 3건 (요청 667회)
[Animal Typing 동물 타자연습 2023] 1페이지까지 · 누적 3건 (요청 668회)
[Animal Typing 동물 타자연습 2024] 1페이지까지 · 누적 3건 (요청 669회)
[Animal Typing 동물 타자연습 2025] 1페이지까지 · 누적 3건 (요청 670회)
[Animal Typing 동물 타자연습 2026] 1페이지까지 · 누적 3건 (요청 671회)
[ArcGIS Online 2023] 1페이지까지 · 누적 3건 (요청 672회)
[ArcGIS Online 2024] 1페이지까지 · 누적 3건 (요청 673회)
[ArcGIS Online 2025] 1페이지까지 · 누적 3건 (요청 674회)
[ArcGIS Online 2026] 1페이지까지 · 누적 3건 (요청 675회)
[Arkain 2023] 1페이지까지 · 누적 3건 (요청 676회)
[Arkain 2024] 1페이지까지 · 누적 3건 (요청 677회)
[Arkain 2025] 1페이지까지 · 누적 3건 (요청 678회)
[Arkain 2026] 1페이지까지 · 누적 3건 (요청 679회)
[Arpe 2023] 1페이지까지 · 누적 3건 (요청 680회)
[Arpe 2024] 1페이지까지 · 누적 3건 (요청 681회)
[Arpe 2025] 1페이지까지 · 누적 3건 (요청 682회)
[Arpe 2026] 1페이지까지 · 누적 3건 (요청 683회)
[Artsteps 2023] 1페이지까지 · 누적 3건 (요청 684회)
[Artsteps 2024] 1페이지까지 · 누적 3건 (요청 685회)
[Artsteps 2025] 1페이지까지 · 누적 3건 (요청 686회)
[Artsteps 2026] 1페이지까지 · 누적 3건 (요청 687회)
[BEEP 2023] 1페이지까지 · 누적 3건 (요청 688회)
[BEEP 2024] 1페이지까지 · 누적 3건 (요청 689회)
[BEEP 2025] 1페이지까지 · 누적 3건 (요청 690회)
[BEEP 2026] 1페이지까지 · 누적 3건 (요청 691회)
[BFStudy 2023] 1페이지까지 · 누적 3건 (요청 692회)
[BFStudy 2024] 1페이지까지 · 누적 3건 (요청 693회)
[BFStudy 2025] 1페이지까지 · 누적 3건 (요청 694회)
[BFStudy 2026] 1페이지까지 · 누적 3건 (요청 695회)
[BIKO 2023] 1페이지까지 · 누적 3건 (요청 696회)
[BIKO 2024] 1페이지까지 · 누적 3건 (요청 697회)
[BIKO 2025] 1페이지까지 · 누적 3건 (요청 698회)
[BIKO 2026] 1페이지까지 · 누적 3건 (요청 699회)
[BLSN 수능모의고사 2023] 1페이지까지 · 누적 3건 (요청 700회)
[BLSN 수능모의고사 2024] 1페이지까지 · 누적 3건 (요청 701회)
[BLSN 수능모의고사 2025] 1페이지까지 · 누적 3건 (요청 702회)
[BLSN 수능모의고사 2026] 1페이지까지 · 누적 3건 (요청 703회)
[BLhigh 성적처리 2023] 1페이지까지 · 누적 3건 (요청 704회)
[BLhigh 성적처리 2024] 1페이지까지 · 누적 3건 (요청 705회)
[BLhigh 성적처리 2025] 1페이지까지 · 누적 3건 (요청 706회)
[BLhigh 성적처리 2026] 1페이지까지 · 누적 3건 (요청 707회)
[BLjung 성적처리 2023] 1페이지까지 · 누적 3건 (요청 708회)
[BLjung 성적처리 2024] 1페이지까지 · 누적 3건 (요청 709회)
[BLjung 성적처리 2025] 1페이지까지 · 누적 3건 (요청 710회)
[BLjung 성적처리 2026] 1페이지까지 · 누적 3건 (요청 711회)
[BSD 2023] 1페이지까지 · 누적 3건 (요청 712회)
[BSD 2024] 1페이지까지 · 누적 3건 (요청 713회)
[BSD 2025] 1페이지까지 · 누적 3건 (요청 714회)
[BSD 2026] 1페이지까지 · 누적 3건 (요청 715회)
[BSL Education 2023] 1페이지까지 · 누적 3건 (요청 716회)
[BSL Education 2024] 1페이지까지 · 누적 3건 (요청 717회)
[BSL Education 2025] 1페이지까지 · 누적 3건 (요청 718회)
[BSL Education 2026] 1페이지까지 · 누적 3건 (요청 719회)
[BTF푸른나무재단 2023] 1페이지까지 · 누적 3건 (요청 720회)
[BTF푸른나무재단 2024] 1페이지까지 · 누적 3건 (요청 721회)
[BTF푸른나무재단 2025] 1페이지까지 · 누적 3건 (요청 722회)
[BTF푸른나무재단 2026] 1페이지까지 · 누적 3건 (요청 723회)
[Baamboozle+ 2023] 1페이지까지 · 누적 3건 (요청 724회)
[Baamboozle+ 2024] 1페이지까지 · 누적 3건 (요청 725회)
[Baamboozle+ 2025] 1페이지까지 · 누적 3건 (요청 726회)
[Baamboozle+ 2026] 1페이지까지 · 누적 3건 (요청 727회)
[Be log 2023] 1페이지까지 · 누적 3건 (요청 728회)
[Be log 2024] 1페이지까지 · 누적 3건 (요청 729회)
[Be log 2025] 1페이지까지 · 누적 3건 (요청 730회)
[Be log 2026] 1페이지까지 · 누적 3건 (요청 731회)
[Blender 2023] 1페이지까지 · 누적 3건 (요청 732회)
[Blender 2024] 1페이지까지 · 누적 3건 (요청 733회)
[Blender 2025] 1페이지까지 · 누적 3건 (요청 734회)
[Blender 2026] 1페이지까지 · 누적 3건 (요청 735회)
[BookWidgets 2023] 1페이지까지 · 누적 3건 (요청 736회)
[BookWidgets 2024] 1페이지까지 · 누적 3건 (요청 737회)
[BookWidgets 2025] 1페이지까지 · 누적 3건 (요청 738회)
[BookWidgets 2026] 1페이지까지 · 누적 3건 (요청 739회)
[Brainingcamp 2023] 1페이지까지 · 누적 3건 (요청 740회)
[Brainingcamp 2024] 1페이지까지 · 누적 3건 (요청 741회)
[Brainingcamp 2025] 1페이지까지 · 누적 3건 (요청 742회)
[Brainingcamp 2026] 1페이지까지 · 누적 3건 (요청 743회)
[Breakout EDU 2023] 1페이지까지 · 누적 3건 (요청 744회)
[Breakout EDU 2024] 1페이지까지 · 누적 3건 (요청 745회)
[Breakout EDU 2025] 1페이지까지 · 누적 3건 (요청 746회)
[Breakout EDU 2026] 1페이지까지 · 누적 3건 (요청 747회)
[Brisk Teaching 2023] 1페이지까지 · 누적 3건 (요청 748회)
[Brisk Teaching 2024] 1페이지까지 · 누적 3건 (요청 749회)
[Brisk Teaching 2025] 1페이지까지 · 누적 3건 (요청 750회)
[Brisk Teaching 2026] 1페이지까지 · 누적 3건 (요청 751회)
[CCT 진로역량검사 2023] 1페이지까지 · 누적 3건 (요청 752회)
[CCT 진로역량검사 2024] 1페이지까지 · 누적 3건 (요청 753회)
[CCT 진로역량검사 2025] 1페이지까지 · 누적 3건 (요청 754회)
[CCT 진로역량검사 2026] 1페이지까지 · 누적 3건 (요청 755회)
[CIMCO EDIT / NC코드 검증용 2023] 1페이지까지 · 누적 3건 (요청 756회)
[CIMCO EDIT / NC코드 검증용 2024] 1페이지까지 · 누적 3건 (요청 757회)
[CIMCO EDIT / NC코드 검증용 2025] 1페이지까지 · 누적 3건 (요청 758회)
[CIMCO EDIT / NC코드 검증용 2026] 1페이지까지 · 누적 3건 (요청 759회)
[CK-12 Foundation 2023] 1페이지까지 · 누적 3건 (요청 760회)
[CK-12 Foundation 2024] 1페이지까지 · 누적 3건 (요청 761회)
[CK-12 Foundation 2025] 1페이지까지 · 누적 3건 (요청 762회)
[CK-12 Foundation 2026] 1페이지까지 · 누적 3건 (요청 763회)
[CKPASS 2023] 1페이지까지 · 누적 3건 (요청 764회)
[CKPASS 2024] 1페이지까지 · 누적 3건 (요청 765회)
[CKPASS 2025] 1페이지까지 · 누적 3건 (요청 766회)
[CKPASS 2026] 1페이지까지 · 누적 3건 (요청 767회)
[CLASSVR 2023] 1페이지까지 · 누적 3건 (요청 768회)
[CLASSVR 2024] 1페이지까지 · 누적 3건 (요청 769회)
[CLASSVR 2025] 1페이지까지 · 누적 3건 (요청 770회)
[CLASSVR 2026] 1페이지까지 · 누적 3건 (요청 771회)
[CLIP STUDIO PAINT 2023] 1페이지까지 · 누적 3건 (요청 772회)
[CLIP STUDIO PAINT 2024] 1페이지까지 · 누적 3건 (요청 773회)
[CLIP STUDIO PAINT 2025] 1페이지까지 · 누적 3건 (요청 774회)
[CLIP STUDIO PAINT 2026] 1페이지까지 · 누적 3건 (요청 775회)
[CLO 2023] 1페이지까지 · 누적 3건 (요청 776회)
[CLO 2024] 1페이지까지 · 누적 3건 (요청 777회)
[CLO 2025] 1페이지까지 · 누적 3건 (요청 778회)
[CLO 2026] 1페이지까지 · 누적 3건 (요청 779회)
[CPR Plus 2023] 1페이지까지 · 누적 3건 (요청 780회)
[CPR Plus 2024] 1페이지까지 · 누적 3건 (요청 781회)
[CPR Plus 2025] 1페이지까지 · 누적 3건 (요청 782회)
[CPR Plus 2026] 1페이지까지 · 누적 3건 (요청 783회)
[Citizens 2023] 1페이지까지 · 누적 3건 (요청 784회)
[Citizens 2024] 1페이지까지 · 누적 3건 (요청 785회)
[Citizens 2025] 1페이지까지 · 누적 3건 (요청 786회)
[Citizens 2026] 1페이지까지 · 누적 3건 (요청 787회)
[Class i 2023] 1페이지까지 · 누적 3건 (요청 788회)
[Class i 2024] 1페이지까지 · 누적 3건 (요청 789회)
[Class i 2025] 1페이지까지 · 누적 3건 (요청 790회)
[Class i 2026] 1페이지까지 · 누적 3건 (요청 791회)
[Class1234 & ClassPay 2023] 1페이지까지 · 누적 3건 (요청 792회)
[Class1234 & ClassPay 2024] 1페이지까지 · 누적 3건 (요청 793회)
[Class1234 & ClassPay 2025] 1페이지까지 · 누적 3건 (요청 794회)
[Class1234 & ClassPay 2026] 1페이지까지 · 누적 3건 (요청 795회)
[Class2Class.org 2023] 1페이지까지 · 누적 3건 (요청 796회)
[Class2Class.org 2024] 1페이지까지 · 누적 3건 (요청 797회)
[Class2Class.org 2025] 1페이지까지 · 누적 3건 (요청 798회)
[Class2Class.org 2026] 1페이지까지 · 누적 3건 (요청 799회)
[ClassCEO 2023] 1페이지까지 · 누적 3건 (요청 800회)
[ClassCEO 2024] 1페이지까지 · 누적 3건 (요청 801회)
[ClassCEO 2025] 1페이지까지 · 누적 3건 (요청 802회)
[ClassCEO 2026] 1페이지까지 · 누적 3건 (요청 803회)
[ClassFin 2023] 1페이지까지 · 누적 3건 (요청 804회)
[ClassFin 2024] 1페이지까지 · 누적 3건 (요청 805회)
[ClassFin 2025] 1페이지까지 · 누적 3건 (요청 806회)
[ClassFin 2026] 1페이지까지 · 누적 3건 (요청 807회)
[ClassLive 2023] 1페이지까지 · 누적 3건 (요청 808회)
[ClassLive 2024] 1페이지까지 · 누적 3건 (요청 809회)
[ClassLive 2025] 1페이지까지 · 누적 3건 (요청 810회)
[ClassLive 2026] 1페이지까지 · 누적 3건 (요청 811회)
[ClassMana 2023] 1페이지까지 · 누적 3건 (요청 812회)
[ClassMana 2024] 1페이지까지 · 누적 3건 (요청 813회)
[ClassMana 2025] 1페이지까지 · 누적 3건 (요청 814회)
[ClassMana 2026] 1페이지까지 · 누적 3건 (요청 815회)
[ClassPoint 2023] 1페이지까지 · 누적 3건 (요청 816회)
[ClassPoint 2024] 1페이지까지 · 누적 3건 (요청 817회)
[ClassPoint 2025] 1페이지까지 · 누적 3건 (요청 818회)
[ClassPoint 2026] 1페이지까지 · 누적 3건 (요청 819회)
[Classkick 2023] 1페이지까지 · 누적 3건 (요청 820회)
[Classkick 2024] 1페이지까지 · 누적 3건 (요청 821회)
[Classkick 2025] 1페이지까지 · 누적 3건 (요청 822회)
[Classkick 2026] 1페이지까지 · 누적 3건 (요청 823회)
[Classwork.com 2023] 1페이지까지 · 누적 3건 (요청 824회)
[Classwork.com 2024] 1페이지까지 · 누적 3건 (요청 825회)
[Classwork.com 2025] 1페이지까지 · 누적 3건 (요청 826회)
[Classwork.com 2026] 1페이지까지 · 누적 3건 (요청 827회)
[ClearScanner 2023] 1페이지까지 · 누적 3건 (요청 828회)
[ClearScanner 2024] 1페이지까지 · 누적 3건 (요청 829회)
[ClearScanner 2025] 1페이지까지 · 누적 3건 (요청 830회)
[ClearScanner 2026] 1페이지까지 · 누적 3건 (요청 831회)
[Clip2Comic 2023] 1페이지까지 · 누적 3건 (요청 832회)
[Clip2Comic 2024] 1페이지까지 · 누적 3건 (요청 833회)
[Clip2Comic 2025] 1페이지까지 · 누적 3건 (요청 834회)
[Clip2Comic 2026] 1페이지까지 · 누적 3건 (요청 835회)
[CodeHub 2023] 1페이지까지 · 누적 3건 (요청 836회)
[CodeHub 2024] 1페이지까지 · 누적 3건 (요청 837회)
[CodeHub 2025] 1페이지까지 · 누적 3건 (요청 838회)
[CodeHub 2026] 1페이지까지 · 누적 3건 (요청 839회)
[CodeUp Class 2023] 1페이지까지 · 누적 3건 (요청 840회)
[CodeUp Class 2024] 1페이지까지 · 누적 3건 (요청 841회)
[CodeUp Class 2025] 1페이지까지 · 누적 3건 (요청 842회)
[CodeUp Class 2026] 1페이지까지 · 누적 3건 (요청 843회)
[Coggle 2023] 1페이지까지 · 누적 3건 (요청 844회)
[Coggle 2024] 1페이지까지 · 누적 3건 (요청 845회)
[Coggle 2025] 1페이지까지 · 누적 3건 (요청 846회)
[Coggle 2026] 1페이지까지 · 누적 3건 (요청 847회)
[CorelDRAW 2023] 1페이지까지 · 누적 3건 (요청 848회)
[CorelDRAW 2024] 1페이지까지 · 누적 3건 (요청 849회)
[CorelDRAW 2025] 1페이지까지 · 누적 3건 (요청 850회)
[CorelDRAW 2026] 1페이지까지 · 누적 3건 (요청 851회)
[Craft Docs 2023] 1페이지까지 · 누적 3건 (요청 852회)
[Craft Docs 2024] 1페이지까지 · 누적 3건 (요청 853회)
[Craft Docs 2025] 1페이지까지 · 누적 3건 (요청 854회)
[Craft Docs 2026] 1페이지까지 · 누적 3건 (요청 855회)
[DBT 2023] 1페이지까지 · 누적 3건 (요청 856회)
[DBT 2024] 1페이지까지 · 누적 3건 (요청 857회)
[DBT 2025] 1페이지까지 · 누적 3건 (요청 858회)
[DBT 2026] 1페이지까지 · 누적 3건 (요청 859회)
[DBpia AI 2023] 1페이지까지 · 누적 3건 (요청 860회)
[DBpia AI 2024] 1페이지까지 · 누적 3건 (요청 861회)
[DBpia AI 2025] 1페이지까지 · 누적 3건 (요청 862회)
[DBpia AI 2026] 1페이지까지 · 누적 3건 (요청 863회)
[DIT 2023] 1페이지까지 · 누적 3건 (요청 864회)
[DIT 2024] 1페이지까지 · 누적 3건 (요청 865회)
[DIT 2025] 1페이지까지 · 누적 4건 (요청 867회)
[DIT 2026] 1페이지까지 · 누적 4건 (요청 868회)
[DIY 2관절 로봇암 2023] 1페이지까지 · 누적 4건 (요청 869회)
[DIY 2관절 로봇암 2024] 1페이지까지 · 누적 4건 (요청 870회)
[DIY 2관절 로봇암 2025] 1페이지까지 · 누적 4건 (요청 871회)
[DIY 2관절 로봇암 2026] 1페이지까지 · 누적 4건 (요청 872회)
[DIY 무드등 2023] 1페이지까지 · 누적 4건 (요청 873회)
[DIY 무드등 2024] 1페이지까지 · 누적 4건 (요청 874회)
[DIY 무드등 2025] 1페이지까지 · 누적 4건 (요청 875회)
[DIY 무드등 2026] 1페이지까지 · 누적 4건 (요청 876회)
[DIY 종이드론 교육 키트 2023] 1페이지까지 · 누적 4건 (요청 877회)
[DIY 종이드론 교육 키트 2024] 1페이지까지 · 누적 4건 (요청 878회)
[DIY 종이드론 교육 키트 2025] 1페이지까지 · 누적 4건 (요청 879회)
[DIY 종이드론 교육 키트 2026] 1페이지까지 · 누적 4건 (요청 880회)
[DIY 캐릭터 종이코딩드론 2023] 1페이지까지 · 누적 4건 (요청 881회)
[DIY 캐릭터 종이코딩드론 2024] 1페이지까지 · 누적 4건 (요청 882회)
[DIY 캐릭터 종이코딩드론 2025] 1페이지까지 · 누적 4건 (요청 883회)
[DIY 캐릭터 종이코딩드론 2026] 1페이지까지 · 누적 4건 (요청 884회)
[DIYGO 시리즈 2023] 1페이지까지 · 누적 4건 (요청 885회)
[DIYGO 시리즈 2024] 1페이지까지 · 누적 4건 (요청 886회)
[DIYGO 시리즈 2025] 1페이지까지 · 누적 4건 (요청 887회)
[DIYGO 시리즈 2026] 1페이지까지 · 누적 4건 (요청 888회)
[DRM AI 엑셀 추가 기능 2023] 1페이지까지 · 누적 4건 (요청 889회)
[DRM AI 엑셀 추가 기능 2024] 1페이지까지 · 누적 4건 (요청 890회)
[DRM AI 엑셀 추가 기능 2025] 1페이지까지 · 누적 4건 (요청 891회)
[DRM AI 엑셀 추가 기능 2026] 1페이지까지 · 누적 4건 (요청 892회)
[DST 2023] 1페이지까지 · 누적 4건 (요청 893회)
[DST 2024] 1페이지까지 · 누적 4건 (요청 894회)
[DST 2025] 1페이지까지 · 누적 4건 (요청 895회)
[DST 2026] 1페이지까지 · 누적 4건 (요청 896회)
[DaVinci Resolve 2023] 1페이지까지 · 누적 4건 (요청 897회)
[DaVinci Resolve 2024] 1페이지까지 · 누적 4건 (요청 898회)
[DaVinci Resolve 2025] 1페이지까지 · 누적 4건 (요청 899회)
[DaVinci Resolve 2026] 1페이지까지 · 누적 4건 (요청 900회)
[Devth 2023] 1페이지까지 · 누적 4건 (요청 901회)
[Devth 2024] 1페이지까지 · 누적 4건 (요청 902회)
[Devth 2025] 1페이지까지 · 누적 4건 (요청 903회)
[Devth 2026] 1페이지까지 · 누적 4건 (요청 904회)
[Drawboard PDF 2023] 1페이지까지 · 누적 4건 (요청 905회)
[Drawboard PDF 2024] 1페이지까지 · 누적 4건 (요청 906회)
[Drawboard PDF 2025] 1페이지까지 · 누적 4건 (요청 907회)
[Drawboard PDF 2026] 1페이지까지 · 누적 4건 (요청 908회)
[EBS AI 단추플러스 2023] 1페이지까지 · 누적 4건 (요청 909회)
[EBS AI 단추플러스 2024] 1페이지까지 · 누적 4건 (요청 910회)
[EBS AI 단추플러스 2025] 1페이지까지 · 누적 4건 (요청 911회)
[EBS AI 단추플러스 2026] 1페이지까지 · 누적 4건 (요청 912회)
[EBS Play 2023] 1페이지까지 · 누적 4건 (요청 913회)
[EBS Play 2024] 1페이지까지 · 누적 4건 (요청 914회)
[EBS Play 2025] 1페이지까지 · 누적 4건 (요청 915회)
[EBS Play 2026] 1페이지까지 · 누적 4건 (요청 916회)
[EBS eBook 2023] 1페이지까지 · 누적 4건 (요청 917회)
[EBS eBook 2024] 1페이지까지 · 누적 4건 (요청 918회)
[EBS eBook 2025] 1페이지까지 · 누적 4건 (요청 919회)
[EBS eBook 2026] 1페이지까지 · 누적 4건 (요청 920회)
[EBS 고교강의 2023] 1페이지까지 · 누적 4건 (요청 921회)
[EBS 고교강의 2024] 1페이지까지 · 누적 4건 (요청 922회)
[EBS 고교강의 2025] 1페이지까지 · 누적 4건 (요청 923회)
[EBS 고교강의 2026] 1페이지까지 · 누적 4건 (요청 924회)
[EBS 고교강의 웹사이트 2023] 1페이지까지 · 누적 4건 (요청 925회)
[EBS 고교강의 웹사이트 2024] 1페이지까지 · 누적 4건 (요청 926회)
[EBS 고교강의 웹사이트 2025] 1페이지까지 · 누적 4건 (요청 927회)
[EBS 고교강의 웹사이트 2026] 1페이지까지 · 누적 4건 (요청 928회)
[EBS 구독서비스 웹사이트 2023] 1페이지까지 · 누적 4건 (요청 929회)
[EBS 구독서비스 웹사이트 2024] 1페이지까지 · 누적 4건 (요청 930회)
[EBS 구독서비스 웹사이트 2025] 1페이지까지 · 누적 4건 (요청 931회)
[EBS 구독서비스 웹사이트 2026] 1페이지까지 · 누적 4건 (요청 932회)
[EBS 반디 2023] 1페이지까지 · 누적 4건 (요청 933회)
[EBS 반디 2024] 1페이지까지 · 누적 4건 (요청 934회)
[EBS 반디 2025] 1페이지까지 · 누적 4건 (요청 935회)
[EBS 반디 2026] 1페이지까지 · 누적 4건 (요청 936회)
[EBS 북스토리 웹사이트 2023] 1페이지까지 · 누적 4건 (요청 937회)
[EBS 북스토리 웹사이트 2024] 1페이지까지 · 누적 4건 (요청 938회)
[EBS 북스토리 웹사이트 2025] 1페이지까지 · 누적 4건 (요청 939회)
[EBS 북스토리 웹사이트 2026] 1페이지까지 · 누적 4건 (요청 940회)
[EBS 장애인 서비스 2023] 1페이지까지 · 누적 4건 (요청 941회)
[EBS 장애인 서비스 2024] 1페이지까지 · 누적 4건 (요청 942회)
[EBS 장애인 서비스 2025] 1페이지까지 · 누적 4건 (요청 943회)
[EBS 장애인 서비스 2026] 1페이지까지 · 누적 4건 (요청 944회)
[EBS 중학 프리미엄 웹사이트 2023] 1페이지까지 · 누적 4건 (요청 945회)
[EBS 중학 프리미엄 웹사이트 2024] 1페이지까지 · 누적 4건 (요청 946회)
[EBS 중학 프리미엄 웹사이트 2025] 1페이지까지 · 누적 4건 (요청 947회)
[EBS 중학 프리미엄 웹사이트 2026] 1페이지까지 · 누적 4건 (요청 948회)
[EBS 중학ㆍ중학 프리미엄 2023] 1페이지까지 · 누적 4건 (요청 949회)
[EBS 중학ㆍ중학 프리미엄 2024] 1페이지까지 · 누적 4건 (요청 950회)
[EBS 중학ㆍ중학 프리미엄 2025] 1페이지까지 · 누적 4건 (요청 951회)
[EBS 중학ㆍ중학 프리미엄 2026] 1페이지까지 · 누적 4건 (요청 952회)
[EBS 직업 2023] 1페이지까지 · 누적 4건 (요청 953회)
[EBS 직업 2024] 1페이지까지 · 누적 4건 (요청 954회)
[EBS 직업 2025] 1페이지까지 · 누적 4건 (요청 955회)
[EBS 직업 2026] 1페이지까지 · 누적 4건 (요청 956회)
[EBS 진로탐색검사 2023] 1페이지까지 · 누적 4건 (요청 957회)
[EBS 진로탐색검사 2024] 1페이지까지 · 누적 4건 (요청 958회)
[EBS 진로탐색검사 2025] 1페이지까지 · 누적 4건 (요청 959회)
[EBS 진로탐색검사 2026] 1페이지까지 · 누적 4건 (요청 960회)
[EBS 초등 2023] 1페이지까지 · 누적 5건 (요청 962회)
[EBS 초등 2024] 1페이지까지 · 누적 5건 (요청 963회)
[EBS 초등 2025] 1페이지까지 · 누적 5건 (요청 964회)
[EBS 초등 2026] 1페이지까지 · 누적 6건 (요청 966회)
[EBS 표준화 심리검사 2023] 1페이지까지 · 누적 8건 (요청 969회)
[EBS 표준화 심리검사 2024] 1페이지까지 · 누적 10건 (요청 972회)
[EBS 표준화 심리검사 2025] 1페이지까지 · 누적 10건 (요청 973회)
[EBS 표준화 심리검사 2026] 1페이지까지 · 누적 10건 (요청 974회)
[EBSMath 2023] 1페이지까지 · 누적 10건 (요청 975회)
[EBSMath 2024] 1페이지까지 · 누적 10건 (요청 976회)
[EBSMath 2025] 1페이지까지 · 누적 10건 (요청 977회)
[EBSMath 2026] 1페이지까지 · 누적 10건 (요청 978회)
[EBSMath 웹사이트 2023] 1페이지까지 · 누적 10건 (요청 979회)
[EBSMath 웹사이트 2024] 1페이지까지 · 누적 10건 (요청 980회)
[EBSMath 웹사이트 2025] 1페이지까지 · 누적 10건 (요청 981회)
[EBSMath 웹사이트 2026] 1페이지까지 · 누적 10건 (요청 982회)
[EBSe 웹사이트 2023] 1페이지까지 · 누적 10건 (요청 983회)
[EBSe 웹사이트 2024] 1페이지까지 · 누적 10건 (요청 984회)
[EBSe 웹사이트 2025] 1페이지까지 · 누적 10건 (요청 985회)
[EBSe 웹사이트 2026] 1페이지까지 · 누적 10건 (요청 986회)
[EBSi 2023] 1페이지까지 · 누적 10건 (요청 987회)
[EBSi 2024] 1페이지까지 · 누적 10건 (요청 988회)
[EBSi 2025] 1페이지까지 · 누적 10건 (요청 989회)
[EBSi 2026] 1페이지까지 · 누적 10건 (요청 990회)
[EBS이솦 웹사이트 2023] 1페이지까지 · 누적 10건 (요청 991회)
[EBS이솦 웹사이트 2024] 1페이지까지 · 누적 10건 (요청 992회)
[EBS이솦 웹사이트 2025] 1페이지까지 · 누적 10건 (요청 993회)
[EBS이솦 웹사이트 2026] 1페이지까지 · 누적 10건 (요청 994회)
[EP 로그 2023] 1페이지까지 · 누적 10건 (요청 995회)
[EP 로그 2024] 1페이지까지 · 누적 10건 (요청 996회)
[EP 로그 2025] 1페이지까지 · 누적 10건 (요청 997회)
[EP 로그 2026] 1페이지까지 · 누적 10건 (요청 998회)
[EPAPS 2023] 1페이지까지 · 누적 10건 (요청 999회)
[EPAPS 2024] 1페이지까지 · 누적 10건 (요청 1000회)
[EPAPS 2025] 1페이지까지 · 누적 10건 (요청 1001회)
[EPAPS 2026] 1페이지까지 · 누적 10건 (요청 1002회)
[ERS v1.0 2023] 1페이지까지 · 누적 10건 (요청 1003회)
[ERS v1.0 2024] 1페이지까지 · 누적 10건 (요청 1004회)
[ERS v1.0 2025] 1페이지까지 · 누적 10건 (요청 1005회)
[ERS v1.0 2026] 1페이지까지 · 누적 10건 (요청 1006회)
[ERS-i v1.0 2023] 1페이지까지 · 누적 10건 (요청 1007회)
[ERS-i v1.0 2024] 1페이지까지 · 누적 10건 (요청 1008회)
[ERS-i v1.0 2025] 1페이지까지 · 누적 10건 (요청 1009회)
[ERS-i v1.0 2026] 1페이지까지 · 누적 10건 (요청 1010회)
[ESharePro 2023] 1페이지까지 · 누적 10건 (요청 1011회)
[ESharePro 2024] 1페이지까지 · 누적 10건 (요청 1012회)
[ESharePro 2025] 1페이지까지 · 누적 10건 (요청 1013회)
[ESharePro 2026] 1페이지까지 · 누적 10건 (요청 1014회)
[ET-Craft 2023] 1페이지까지 · 누적 10건 (요청 1015회)
[ET-Craft 2024] 1페이지까지 · 누적 10건 (요청 1016회)
[ET-Craft 2025] 1페이지까지 · 누적 10건 (요청 1017회)
[ET-Craft 2026] 1페이지까지 · 누적 10건 (요청 1018회)
[EdgeCAM / CAM소프트웨어 2023] 1페이지까지 · 누적 10건 (요청 1019회)
[EdgeCAM / CAM소프트웨어 2024] 1페이지까지 · 누적 10건 (요청 1020회)
[EdgeCAM / CAM소프트웨어 2025] 1페이지까지 · 누적 10건 (요청 1021회)
[EdgeCAM / CAM소프트웨어 2026] 1페이지까지 · 누적 10건 (요청 1022회)
[Edium 2023] 1페이지까지 · 누적 10건 (요청 1023회)
[Edium 2024] 1페이지까지 · 누적 10건 (요청 1024회)
[Edium 2025] 1페이지까지 · 누적 10건 (요청 1025회)
[Edium 2026] 1페이지까지 · 누적 10건 (요청 1026회)
[EduEnuSpace 2023] 1페이지까지 · 누적 10건 (요청 1027회)
[EduEnuSpace 2024] 1페이지까지 · 누적 10건 (요청 1028회)
[EduEnuSpace 2025] 1페이지까지 · 누적 10건 (요청 1029회)
[EduEnuSpace 2026] 1페이지까지 · 누적 10건 (요청 1030회)
[Educaplay 2023] 1페이지까지 · 누적 10건 (요청 1031회)
[Educaplay 2024] 1페이지까지 · 누적 10건 (요청 1032회)
[Educaplay 2025] 1페이지까지 · 누적 10건 (요청 1033회)
[Educaplay 2026] 1페이지까지 · 누적 10건 (요청 1034회)
[Epic School 2023] 1페이지까지 · 누적 10건 (요청 1035회)
[Epic School 2024] 1페이지까지 · 누적 10건 (요청 1036회)
[Epic School 2025] 1페이지까지 · 누적 10건 (요청 1037회)
[Epic School 2026] 1페이지까지 · 누적 10건 (요청 1038회)
[FOX vClass 2023] 1페이지까지 · 누적 10건 (요청 1039회)
[FOX vClass 2024] 1페이지까지 · 누적 10건 (요청 1040회)
[FOX vClass 2025] 1페이지까지 · 누적 10건 (요청 1041회)
[FOX vClass 2026] 1페이지까지 · 누적 10건 (요청 1042회)
[Fender Studio Pro 2023] 1페이지까지 · 누적 10건 (요청 1043회)
[Fender Studio Pro 2024] 1페이지까지 · 누적 10건 (요청 1044회)
[Fender Studio Pro 2025] 1페이지까지 · 누적 10건 (요청 1045회)
[Fender Studio Pro 2026] 1페이지까지 · 누적 10건 (요청 1046회)
[Finclass 2023] 1페이지까지 · 누적 10건 (요청 1047회)
[Finclass 2024] 1페이지까지 · 누적 10건 (요청 1048회)
[Finclass 2025] 1페이지까지 · 누적 10건 (요청 1049회)
[Finclass 2026] 1페이지까지 · 누적 10건 (요청 1050회)
[Flat for Education 2023] 1페이지까지 · 누적 10건 (요청 1051회)
[Flat for Education 2024] 1페이지까지 · 누적 10건 (요청 1052회)
[Flat for Education 2025] 1페이지까지 · 누적 10건 (요청 1053회)
[Flat for Education 2026] 1페이지까지 · 누적 10건 (요청 1054회)
[FlexClip 2023] 1페이지까지 · 누적 10건 (요청 1055회)
[FlexClip 2024] 1페이지까지 · 누적 10건 (요청 1056회)
[FlexClip 2025] 1페이지까지 · 누적 10건 (요청 1057회)
[FlexClip 2026] 1페이지까지 · 누적 10건 (요청 1058회)
[Flint 2023] 1페이지까지 · 누적 10건 (요청 1059회)
[Flint 2024] 1페이지까지 · 누적 10건 (요청 1060회)
[Flint 2025] 1페이지까지 · 누적 10건 (요청 1061회)
[Flint 2026] 1페이지까지 · 누적 10건 (요청 1062회)
[FlipHTML5 2023] 1페이지까지 · 누적 10건 (요청 1063회)
[FlipHTML5 2024] 1페이지까지 · 누적 10건 (요청 1064회)
[FlipHTML5 2025] 1페이지까지 · 누적 10건 (요청 1065회)
[FlipHTML5 2026] 1페이지까지 · 누적 10건 (요청 1066회)
[Foreducator 2023] 1페이지까지 · 누적 10건 (요청 1067회)
[Foreducator 2024] 1페이지까지 · 누적 10건 (요청 1068회)
[Foreducator 2025] 1페이지까지 · 누적 10건 (요청 1069회)
[Foreducator 2026] 1페이지까지 · 누적 10건 (요청 1070회)
[Fusion360 with 아두이노 실전편 2023] 1페이지까지 · 누적 10건 (요청 1071회)
[Fusion360 with 아두이노 실전편 2024] 1페이지까지 · 누적 10건 (요청 1072회)
[Fusion360 with 아두이노 실전편 2025] 1페이지까지 · 누적 10건 (요청 1073회)
[Fusion360 with 아두이노 실전편 2026] 1페이지까지 · 누적 10건 (요청 1074회)
[FusionSnow Suite 2023] 1페이지까지 · 누적 10건 (요청 1075회)
[FusionSnow Suite 2024] 1페이지까지 · 누적 10건 (요청 1076회)
[FusionSnow Suite 2025] 1페이지까지 · 누적 10건 (요청 1077회)
[FusionSnow Suite 2026] 1페이지까지 · 누적 10건 (요청 1078회)
[G-레이서 2023] 1페이지까지 · 누적 10건 (요청 1079회)
[G-레이서 2024] 1페이지까지 · 누적 10건 (요청 1080회)
[G-레이서 2025] 1페이지까지 · 누적 10건 (요청 1081회)
[G-레이서 2026] 1페이지까지 · 누적 10건 (요청 1082회)
[GCompris 2023] 1페이지까지 · 누적 10건 (요청 1083회)
[GCompris 2024] 1페이지까지 · 누적 10건 (요청 1084회)
[GCompris 2025] 1페이지까지 · 누적 10건 (요청 1085회)
[GCompris 2026] 1페이지까지 · 누적 10건 (요청 1086회)
[GS-LLM(지에스 엘엘엠） 2023] 1페이지까지 · 누적 10건 (요청 1087회)
[GS-LLM(지에스 엘엘엠） 2024] 1페이지까지 · 누적 10건 (요청 1088회)
[GS-LLM(지에스 엘엘엠） 2025] 1페이지까지 · 누적 10건 (요청 1089회)
[GS-LLM(지에스 엘엘엠） 2026] 1페이지까지 · 누적 10건 (요청 1090회)
[GT_DESIGNER3 2023] 1페이지까지 · 누적 10건 (요청 1091회)
[GT_DESIGNER3 2024] 1페이지까지 · 누적 10건 (요청 1092회)
[GT_DESIGNER3 2025] 1페이지까지 · 누적 10건 (요청 1093회)
[GT_DESIGNER3 2026] 1페이지까지 · 누적 10건 (요청 1094회)
[GV-CNC 2023] 1페이지까지 · 누적 10건 (요청 1095회)
[GV-CNC 2024] 1페이지까지 · 누적 10건 (요청 1096회)
[GV-CNC 2025] 1페이지까지 · 누적 10건 (요청 1097회)
[GV-CNC 2026] 1페이지까지 · 누적 10건 (요청 1098회)
[GX-WORKS 2 2023] 1페이지까지 · 누적 10건 (요청 1099회)
[GX-WORKS 2 2024] 1페이지까지 · 누적 10건 (요청 1100회)
[GX-WORKS 2 2025] 1페이지까지 · 누적 10건 (요청 1101회)
[GX-WORKS 2 2026] 1페이지까지 · 누적 10건 (요청 1102회)
[GX-WORKS 3 2023] 1페이지까지 · 누적 10건 (요청 1103회)
[GX-WORKS 3 2024] 1페이지까지 · 누적 10건 (요청 1104회)
[GX-WORKS 3 2025] 1페이지까지 · 누적 10건 (요청 1105회)
[GX-WORKS 3 2026] 1페이지까지 · 누적 10건 (요청 1106회)
[GXLearning 2023] 1페이지까지 · 누적 10건 (요청 1107회)
[GXLearning 2024] 1페이지까지 · 누적 10건 (요청 1108회)
[GXLearning 2025] 1페이지까지 · 누적 10건 (요청 1109회)
[GXLearning 2026] 1페이지까지 · 누적 10건 (요청 1110회)
[Generation Genius 2023] 1페이지까지 · 누적 10건 (요청 1111회)
[Generation Genius 2024] 1페이지까지 · 누적 10건 (요청 1112회)
[Generation Genius 2025] 1페이지까지 · 누적 10건 (요청 1113회)
[Generation Genius 2026] 1페이지까지 · 누적 10건 (요청 1114회)
[Goodnotes 2023] 1페이지까지 · 누적 10건 (요청 1115회)
[Goodnotes 2024] 1페이지까지 · 누적 10건 (요청 1116회)
[Goodnotes 2025] 1페이지까지 · 누적 10건 (요청 1117회)
[Goodnotes 2026] 1페이지까지 · 누적 10건 (요청 1118회)
[G큐브-핑퐁로봇 2023] 1페이지까지 · 누적 10건 (요청 1119회)
[G큐브-핑퐁로봇 2024] 1페이지까지 · 누적 10건 (요청 1120회)
[G큐브-핑퐁로봇 2025] 1페이지까지 · 누적 10건 (요청 1121회)
[G큐브-핑퐁로봇 2026] 1페이지까지 · 누적 10건 (요청 1122회)
[HELP! 전자공학 아두이노 실습 키트 2023] 1페이지까지 · 누적 10건 (요청 1123회)
[HELP! 전자공학 아두이노 실습 키트 2024] 1페이지까지 · 누적 10건 (요청 1124회)
[HELP! 전자공학 아두이노 실습 키트 2025] 1페이지까지 · 누적 10건 (요청 1125회)
[HELP! 전자공학 아두이노 실습 키트 2026] 1페이지까지 · 누적 10건 (요청 1126회)
[HHIPS-PAPS자동화 솔루션 2023] 1페이지까지 · 누적 10건 (요청 1127회)
[HHIPS-PAPS자동화 솔루션 2024] 1페이지까지 · 누적 10건 (요청 1128회)
[HHIPS-PAPS자동화 솔루션 2025] 1페이지까지 · 누적 10건 (요청 1129회)
[HHIPS-PAPS자동화 솔루션 2026] 1페이지까지 · 누적 10건 (요청 1130회)
[HHIPS-TeamUp 사이클릴레이 2023] 1페이지까지 · 누적 10건 (요청 1131회)
[HHIPS-TeamUp 사이클릴레이 2024] 1페이지까지 · 누적 10건 (요청 1132회)
[HHIPS-TeamUp 사이클릴레이 2025] 1페이지까지 · 누적 10건 (요청 1133회)
[HHIPS-TeamUp 사이클릴레이 2026] 1페이지까지 · 누적 10건 (요청 1134회)
[HHIPS-성장예측솔루션 2023] 1페이지까지 · 누적 10건 (요청 1135회)
[HHIPS-성장예측솔루션 2024] 1페이지까지 · 누적 10건 (요청 1136회)
[HHIPS-성장예측솔루션 2025] 1페이지까지 · 누적 10건 (요청 1137회)
[HHIPS-성장예측솔루션 2026] 1페이지까지 · 누적 10건 (요청 1138회)
[HHIPS-양치기록솔루션 2023] 1페이지까지 · 누적 10건 (요청 1139회)
[HHIPS-양치기록솔루션 2024] 1페이지까지 · 누적 10건 (요청 1140회)
[HHIPS-양치기록솔루션 2025] 1페이지까지 · 누적 10건 (요청 1141회)
[HHIPS-양치기록솔루션 2026] 1페이지까지 · 누적 10건 (요청 1142회)
[HMH All products 2023] 1페이지까지 · 누적 10건 (요청 1143회)
[HMH All products 2024] 1페이지까지 · 누적 10건 (요청 1144회)
[HMH All products 2025] 1페이지까지 · 누적 10건 (요청 1145회)
[HMH All products 2026] 1페이지까지 · 누적 10건 (요청 1146회)
[Heinemann All products 2023] 1페이지까지 · 누적 10건 (요청 1147회)
[Heinemann All products 2024] 1페이지까지 · 누적 10건 (요청 1148회)
[Heinemann All products 2025] 1페이지까지 · 누적 10건 (요청 1149회)
[Heinemann All products 2026] 1페이지까지 · 누적 10건 (요청 1150회)
[HelloTalk 2023] 1페이지까지 · 누적 10건 (요청 1151회)
[HelloTalk 2024] 1페이지까지 · 누적 10건 (요청 1152회)
[HelloTalk 2025] 1페이지까지 · 누적 10건 (요청 1153회)
[HelloTalk 2026] 1페이지까지 · 누적 10건 (요청 1154회)
[Hey, HECTO 2023] 1페이지까지 · 누적 10건 (요청 1155회)
[Hey, HECTO 2024] 1페이지까지 · 누적 10건 (요청 1156회)
[Hey, HECTO 2025] 1페이지까지 · 누적 10건 (요청 1157회)
[Hey, HECTO 2026] 1페이지까지 · 누적 10건 (요청 1158회)
[Home Planner 2023] 1페이지까지 · 누적 10건 (요청 1159회)
[Home Planner 2024] 1페이지까지 · 누적 10건 (요청 1160회)
[Home Planner 2025] 1페이지까지 · 누적 10건 (요청 1161회)
[Home Planner 2026] 1페이지까지 · 누적 10건 (요청 1162회)
[Hyper3D 2023] 1페이지까지 · 누적 10건 (요청 1163회)
[Hyper3D 2024] 1페이지까지 · 누적 10건 (요청 1164회)
[Hyper3D 2025] 1페이지까지 · 누적 10건 (요청 1165회)
[Hyper3D 2026] 1페이지까지 · 누적 10건 (요청 1166회)
[IB탐험대 2023] 1페이지까지 · 누적 10건 (요청 1167회)
[IB탐험대 2024] 1페이지까지 · 누적 10건 (요청 1168회)
[IB탐험대 2025] 1페이지까지 · 누적 10건 (요청 1169회)
[IB탐험대 2026] 1페이지까지 · 누적 10건 (요청 1170회)
[ICQA 모의고사 예제 프로그램 2023] 1페이지까지 · 누적 10건 (요청 1171회)
[ICQA 모의고사 예제 프로그램 2024] 1페이지까지 · 누적 10건 (요청 1172회)
[ICQA 모의고사 예제 프로그램 2025] 1페이지까지 · 누적 10건 (요청 1173회)
[ICQA 모의고사 예제 프로그램 2026] 1페이지까지 · 누적 10건 (요청 1174회)
[ICQA 실기시험 프로그램 2023] 1페이지까지 · 누적 10건 (요청 1175회)
[ICQA 실기시험 프로그램 2024] 1페이지까지 · 누적 10건 (요청 1176회)
[ICQA 실기시험 프로그램 2025] 1페이지까지 · 누적 10건 (요청 1177회)
[ICQA 실기시험 프로그램 2026] 1페이지까지 · 누적 10건 (요청 1178회)
[ICQA 실습용 에뮬레이터 2023] 1페이지까지 · 누적 10건 (요청 1179회)
[ICQA 실습용 에뮬레이터 2024] 1페이지까지 · 누적 10건 (요청 1180회)
[ICQA 실습용 에뮬레이터 2025] 1페이지까지 · 누적 10건 (요청 1181회)
[ICQA 실습용 에뮬레이터 2026] 1페이지까지 · 누적 10건 (요청 1182회)
[ICT 나도작곡가 2023] 1페이지까지 · 누적 10건 (요청 1183회)
[ICT 나도작곡가 2024] 1페이지까지 · 누적 10건 (요청 1184회)
[ICT 나도작곡가 2025] 1페이지까지 · 누적 10건 (요청 1185회)
[ICT 나도작곡가 2026] 1페이지까지 · 누적 10건 (요청 1186회)
[IFAS GFAT & 맞춤형진로탐색 프로그램 2023] 1페이지까지 · 누적 10건 (요청 1187회)
[IFAS GFAT & 맞춤형진로탐색 프로그램 2024] 1페이지까지 · 누적 10건 (요청 1188회)
[IFAS GFAT & 맞춤형진로탐색 프로그램 2025] 1페이지까지 · 누적 10건 (요청 1189회)
[IFAS GFAT & 맞춤형진로탐색 프로그램 2026] 1페이지까지 · 누적 10건 (요청 1190회)
[INFODASH 2023] 1페이지까지 · 누적 10건 (요청 1191회)
[INFODASH 2024] 1페이지까지 · 누적 10건 (요청 1192회)
[INFODASH 2025] 1페이지까지 · 누적 10건 (요청 1193회)
[INFODASH 2026] 1페이지까지 · 누적 10건 (요청 1194회)
[IP아카데미 2023] 1페이지까지 · 누적 10건 (요청 1195회)
[IP아카데미 2024] 1페이지까지 · 누적 10건 (요청 1196회)
[IP아카데미 2025] 1페이지까지 · 누적 10건 (요청 1197회)
[IP아카데미 2026] 1페이지까지 · 누적 10건 (요청 1198회)
[ISHS01 2023] 1페이지까지 · 누적 10건 (요청 1199회)
[ISHS01 2024] 1페이지까지 · 누적 10건 (요청 1200회)
[ISHS01 2025] 1페이지까지 · 누적 10건 (요청 1201회)
[ISHS01 2026] 1페이지까지 · 누적 10건 (요청 1202회)
[IoT 플랫폼 서비스 2023] 1페이지까지 · 누적 10건 (요청 1203회)
[IoT 플랫폼 서비스 2024] 1페이지까지 · 누적 10건 (요청 1204회)
[IoT 플랫폼 서비스 2025] 1페이지까지 · 누적 10건 (요청 1205회)
[IoT 플랫폼 서비스 2026] 1페이지까지 · 누적 10건 (요청 1206회)
[JCT 기초적성검사 2023] 1페이지까지 · 누적 10건 (요청 1207회)
[JCT 기초적성검사 2024] 1페이지까지 · 누적 10건 (요청 1208회)
[JCT 기초적성검사 2025] 1페이지까지 · 누적 10건 (요청 1209회)
[JCT 기초적성검사 2026] 1페이지까지 · 누적 10건 (요청 1210회)
[JCT 인성역량검사 2023] 1페이지까지 · 누적 10건 (요청 1211회)
[JCT 인성역량검사 2024] 1페이지까지 · 누적 10건 (요청 1212회)
[JCT 인성역량검사 2025] 1페이지까지 · 누적 10건 (요청 1213회)
[JCT 인성역량검사 2026] 1페이지까지 · 누적 10건 (요청 1214회)
[JCT 직무적성검사 2023] 1페이지까지 · 누적 10건 (요청 1215회)
[JCT 직무적성검사 2024] 1페이지까지 · 누적 10건 (요청 1216회)
[JCT 직무적성검사 2025] 1페이지까지 · 누적 10건 (요청 1217회)
[JCT 직무적성검사 2026] 1페이지까지 · 누적 10건 (요청 1218회)
[JINNY 2023] 1페이지까지 · 누적 10건 (요청 1219회)
[JINNY 2024] 1페이지까지 · 누적 10건 (요청 1220회)
[JINNY 2025] 1페이지까지 · 누적 10건 (요청 1221회)
[JINNY 2026] 1페이지까지 · 누적 10건 (요청 1222회)
[Jamovi Cloud 2023] 1페이지까지 · 누적 10건 (요청 1223회)
[Jamovi Cloud 2024] 1페이지까지 · 누적 10건 (요청 1224회)
[Jamovi Cloud 2025] 1페이지까지 · 누적 10건 (요청 1225회)
[Jamovi Cloud 2026] 1페이지까지 · 누적 10건 (요청 1226회)
[Jamovi Desktop 2023] 1페이지까지 · 누적 10건 (요청 1227회)
[Jamovi Desktop 2024] 1페이지까지 · 누적 10건 (요청 1228회)
[Jamovi Desktop 2025] 1페이지까지 · 누적 10건 (요청 1229회)
[Jamovi Desktop 2026] 1페이지까지 · 누적 10건 (요청 1230회)
[Jigsaw Explorer 2023] 1페이지까지 · 누적 10건 (요청 1231회)
[Jigsaw Explorer 2024] 1페이지까지 · 누적 10건 (요청 1232회)
[Jigsaw Explorer 2025] 1페이지까지 · 누적 10건 (요청 1233회)
[Jigsaw Explorer 2026] 1페이지까지 · 누적 10건 (요청 1234회)
[Jinu e-note 2023] 1페이지까지 · 누적 10건 (요청 1235회)
[Jinu e-note 2024] 1페이지까지 · 누적 10건 (요청 1236회)
[Jinu e-note 2025] 1페이지까지 · 누적 10건 (요청 1237회)
[Jinu e-note 2026] 1페이지까지 · 누적 10건 (요청 1238회)
[JoVE 2023] 1페이지까지 · 누적 10건 (요청 1239회)
[JoVE 2024] 1페이지까지 · 누적 10건 (요청 1240회)
[JoVE 2025] 1페이지까지 · 누적 10건 (요청 1241회)
[JoVE 2026] 1페이지까지 · 누적 10건 (요청 1242회)
[K-공학스쿨 2023] 1페이지까지 · 누적 10건 (요청 1243회)
[K-공학스쿨 2024] 1페이지까지 · 누적 10건 (요청 1244회)
[K-공학스쿨 2025] 1페이지까지 · 누적 10건 (요청 1245회)
[K-공학스쿨 2026] 1페이지까지 · 누적 10건 (요청 1246회)
[K-오픈배지 2023] 1페이지까지 · 누적 10건 (요청 1247회)
[K-오픈배지 2024] 1페이지까지 · 누적 10건 (요청 1248회)
[K-오픈배지 2025] 1페이지까지 · 누적 10건 (요청 1249회)
[K-오픈배지 2026] 1페이지까지 · 누적 10건 (요청 1250회)
[K1- 놀이공원에 왔어요! 2023] 1페이지까지 · 누적 10건 (요청 1251회)
[K1- 놀이공원에 왔어요! 2024] 1페이지까지 · 누적 10건 (요청 1252회)
[K1- 놀이공원에 왔어요! 2025] 1페이지까지 · 누적 10건 (요청 1253회)
[K1- 놀이공원에 왔어요! 2026] 1페이지까지 · 누적 10건 (요청 1254회)
[K1- 디코 프렌즈 맵 2023] 1페이지까지 · 누적 10건 (요청 1255회)
[K1- 디코 프렌즈 맵 2024] 1페이지까지 · 누적 10건 (요청 1256회)
[K1- 디코 프렌즈 맵 2025] 1페이지까지 · 누적 10건 (요청 1257회)
[K1- 디코 프렌즈 맵 2026] 1페이지까지 · 누적 10건 (요청 1258회)
[K1- 반복 과 아이템 가져오기 2023] 1페이지까지 · 누적 10건 (요청 1259회)
[K1- 반복 과 아이템 가져오기 2024] 1페이지까지 · 누적 10건 (요청 1260회)
[K1- 반복 과 아이템 가져오기 2025] 1페이지까지 · 누적 10건 (요청 1261회)
[K1- 반복 과 아이템 가져오기 2026] 1페이지까지 · 누적 10건 (요청 1262회)
[K1- 봄이 왔어요! 2023] 1페이지까지 · 누적 10건 (요청 1263회)
[K1- 봄이 왔어요! 2024] 1페이지까지 · 누적 10건 (요청 1264회)
[K1- 봄이 왔어요! 2025] 1페이지까지 · 누적 10건 (요청 1265회)
[K1- 봄이 왔어요! 2026] 1페이지까지 · 누적 10건 (요청 1266회)
[K1- 실생활 알고리즘 2023] 1페이지까지 · 누적 10건 (요청 1267회)
[K1- 실생활 알고리즘 2024] 1페이지까지 · 누적 10건 (요청 1268회)
[K1- 실생활 알고리즘 2025] 1페이지까지 · 누적 10건 (요청 1269회)
[K1- 실생활 알고리즘 2026] 1페이지까지 · 누적 10건 (요청 1270회)
[K1- 아티스트 선 그리기 2023] 1페이지까지 · 누적 10건 (요청 1271회)
[K1- 아티스트 선 그리기 2024] 1페이지까지 · 누적 10건 (요청 1272회)
[K1- 아티스트 선 그리기 2025] 1페이지까지 · 누적 10건 (요청 1273회)
[K1- 아티스트 선 그리기 2026] 1페이지까지 · 누적 10건 (요청 1274회)
[K1- 우리반에 디코가 찾아왔어요! 2023] 1페이지까지 · 누적 10건 (요청 1275회)
[K1- 우리반에 디코가 찾아왔어요! 2024] 1페이지까지 · 누적 10건 (요청 1276회)
[K1- 우리반에 디코가 찾아왔어요! 2025] 1페이지까지 · 누적 10건 (요청 1277회)
[K1- 우리반에 디코가 찾아왔어요! 2026] 1페이지까지 · 누적 10건 (요청 1278회)
[K2- 도시 놀이 게임 2023] 1페이지까지 · 누적 10건 (요청 1279회)
[K2- 도시 놀이 게임 2024] 1페이지까지 · 누적 10건 (요청 1280회)
[K2- 도시 놀이 게임 2025] 1페이지까지 · 누적 10건 (요청 1281회)
[K2- 도시 놀이 게임 2026] 1페이지까지 · 누적 10건 (요청 1282회)
[K2- 도장 찍기 놀이 2023] 1페이지까지 · 누적 10건 (요청 1283회)
[K2- 도장 찍기 놀이 2024] 1페이지까지 · 누적 10건 (요청 1284회)
[K2- 도장 찍기 놀이 2025] 1페이지까지 · 누적 10건 (요청 1285회)
[K2- 도장 찍기 놀이 2026] 1페이지까지 · 누적 10건 (요청 1286회)
[K2- 디코 DDR 리듬 게임 2023] 1페이지까지 · 누적 10건 (요청 1287회)
[K2- 디코 DDR 리듬 게임 2024] 1페이지까지 · 누적 10건 (요청 1288회)
[K2- 디코 DDR 리듬 게임 2025] 1페이지까지 · 누적 10건 (요청 1289회)
[K2- 디코 DDR 리듬 게임 2026] 1페이지까지 · 누적 10건 (요청 1290회)
[K2- 디코 댄스 파티 2023] 1페이지까지 · 누적 10건 (요청 1291회)
[K2- 디코 댄스 파티 2024] 1페이지까지 · 누적 10건 (요청 1292회)
[K2- 디코 댄스 파티 2025] 1페이지까지 · 누적 10건 (요청 1293회)
[K2- 디코 댄스 파티 2026] 1페이지까지 · 누적 10건 (요청 1294회)
[K2- 디코 두더지 게임 2023] 1페이지까지 · 누적 10건 (요청 1295회)
[K2- 디코 두더지 게임 2024] 1페이지까지 · 누적 10건 (요청 1296회)
[K2- 디코 두더지 게임 2025] 1페이지까지 · 누적 10건 (요청 1297회)
[K2- 디코 두더지 게임 2026] 1페이지까지 · 누적 10건 (요청 1298회)
[K2- 디코 신디사이저 2023] 1페이지까지 · 누적 10건 (요청 1299회)
[K2- 디코 신디사이저 2024] 1페이지까지 · 누적 10건 (요청 1300회)
[K2- 디코 신디사이저 2025] 1페이지까지 · 누적 10건 (요청 1301회)
[K2- 디코 신디사이저 2026] 1페이지까지 · 누적 10건 (요청 1302회)
[K2- 상상의 문을 열어라 2023] 1페이지까지 · 누적 10건 (요청 1303회)
[K2- 상상의 문을 열어라 2024] 1페이지까지 · 누적 10건 (요청 1304회)
[K2- 상상의 문을 열어라 2025] 1페이지까지 · 누적 10건 (요청 1305회)
[K2- 상상의 문을 열어라 2026] 1페이지까지 · 누적 10건 (요청 1306회)
[K2- 우리 동네 택배 아저씨 2023] 1페이지까지 · 누적 10건 (요청 1307회)
[K2- 우리 동네 택배 아저씨 2024] 1페이지까지 · 누적 10건 (요청 1308회)
[K2- 우리 동네 택배 아저씨 2025] 1페이지까지 · 누적 10건 (요청 1309회)
[K2- 우리 동네 택배 아저씨 2026] 1페이지까지 · 누적 10건 (요청 1310회)
[K2- 우주 괴물 슈팅 게임 2023] 1페이지까지 · 누적 10건 (요청 1311회)
[K2- 우주 괴물 슈팅 게임 2024] 1페이지까지 · 누적 10건 (요청 1312회)
[K2- 우주 괴물 슈팅 게임 2025] 1페이지까지 · 누적 10건 (요청 1313회)
[K2- 우주 괴물 슈팅 게임 2026] 1페이지까지 · 누적 10건 (요청 1314회)
[K2- 우주 탐험가 디코 2023] 1페이지까지 · 누적 10건 (요청 1315회)
[K2- 우주 탐험가 디코 2024] 1페이지까지 · 누적 10건 (요청 1316회)
[K2- 우주 탐험가 디코 2025] 1페이지까지 · 누적 10건 (요청 1317회)
[K2- 우주 탐험가 디코 2026] 1페이지까지 · 누적 10건 (요청 1318회)
[K2- 좋은 에너지 먹기 2023] 1페이지까지 · 누적 10건 (요청 1319회)
[K2- 좋은 에너지 먹기 2024] 1페이지까지 · 누적 10건 (요청 1320회)
[K2- 좋은 에너지 먹기 2025] 1페이지까지 · 누적 10건 (요청 1321회)
[K2- 좋은 에너지 먹기 2026] 1페이지까지 · 누적 10건 (요청 1322회)
[KIS-PTZ v1.0 2023] 1페이지까지 · 누적 10건 (요청 1323회)
[KIS-PTZ v1.0 2024] 1페이지까지 · 누적 10건 (요청 1324회)
[KIS-PTZ v1.0 2025] 1페이지까지 · 누적 10건 (요청 1325회)
[KIS-PTZ v1.0 2026] 1페이지까지 · 누적 10건 (요청 1326회)
[KIS-PZ120 v1.0 2023] 1페이지까지 · 누적 10건 (요청 1327회)
[KIS-PZ120 v1.0 2024] 1페이지까지 · 누적 10건 (요청 1328회)
[KIS-PZ120 v1.0 2025] 1페이지까지 · 누적 10건 (요청 1329회)
[KIS-PZ120 v1.0 2026] 1페이지까지 · 누적 10건 (요청 1330회)
[KIS-VR1010 2023] 1페이지까지 · 누적 10건 (요청 1331회)
[KIS-VR1010 2024] 1페이지까지 · 누적 10건 (요청 1332회)
[KIS-VR1010 2025] 1페이지까지 · 누적 10건 (요청 1333회)
[KIS-VR1010 2026] 1페이지까지 · 누적 10건 (요청 1334회)
[KISS 2023] 1페이지까지 · 누적 10건 (요청 1335회)
[KISS 2024] 1페이지까지 · 누적 10건 (요청 1336회)
[KISS 2025] 1페이지까지 · 누적 10건 (요청 1337회)
[KISS 2026] 1페이지까지 · 누적 10건 (요청 1338회)
[KISVR-FE 2023] 1페이지까지 · 누적 10건 (요청 1339회)
[KISVR-FE 2024] 1페이지까지 · 누적 10건 (요청 1340회)
[KISVR-FE 2025] 1페이지까지 · 누적 10건 (요청 1341회)
[KISVR-FE 2026] 1페이지까지 · 누적 10건 (요청 1342회)
[KISVR-TV 2023] 1페이지까지 · 누적 10건 (요청 1343회)
[KISVR-TV 2024] 1페이지까지 · 누적 10건 (요청 1344회)
[KISVR-TV 2025] 1페이지까지 · 누적 10건 (요청 1345회)
[KISVR-TV 2026] 1페이지까지 · 누적 10건 (요청 1346회)
[KOISTUDY 2023] 1페이지까지 · 누적 10건 (요청 1347회)
[KOISTUDY 2024] 1페이지까지 · 누적 10건 (요청 1348회)
[KOISTUDY 2025] 1페이지까지 · 누적 10건 (요청 1349회)
[KOISTUDY 2026] 1페이지까지 · 누적 10건 (요청 1350회)
[KREDI 독서능력진단검사 2023] 1페이지까지 · 누적 10건 (요청 1351회)
[KREDI 독서능력진단검사 2024] 1페이지까지 · 누적 10건 (요청 1352회)
[KREDI 독서능력진단검사 2025] 1페이지까지 · 누적 10건 (요청 1353회)
[KREDI 독서능력진단검사 2026] 1페이지까지 · 누적 10건 (요청 1354회)
[KRpia 2023] 1페이지까지 · 누적 10건 (요청 1355회)
[KRpia 2024] 1페이지까지 · 누적 10건 (요청 1356회)
[KRpia 2025] 1페이지까지 · 누적 10건 (요청 1357회)
[KRpia 2026] 1페이지까지 · 누적 10건 (요청 1358회)
[KSD300 조립드론 2023] 1페이지까지 · 누적 10건 (요청 1359회)
[KSD300 조립드론 2024] 1페이지까지 · 누적 10건 (요청 1360회)
[KSD300 조립드론 2025] 1페이지까지 · 누적 10건 (요청 1361회)
[KSD300 조립드론 2026] 1페이지까지 · 누적 10건 (요청 1362회)
[KT AI Codiny 2023] 1페이지까지 · 누적 10건 (요청 1363회)
[KT AI Codiny 2024] 1페이지까지 · 누적 10건 (요청 1364회)
[KT AI Codiny 2025] 1페이지까지 · 누적 10건 (요청 1365회)
[KT AI Codiny 2026] 1페이지까지 · 누적 10건 (요청 1366회)
[KT AI IoT 키트 2023] 1페이지까지 · 누적 10건 (요청 1367회)
[KT AI IoT 키트 2024] 1페이지까지 · 누적 10건 (요청 1368회)
[KT AI IoT 키트 2025] 1페이지까지 · 누적 10건 (요청 1369회)
[KT AI IoT 키트 2026] 1페이지까지 · 누적 10건 (요청 1370회)
[KT AI Studio 2023] 1페이지까지 · 누적 10건 (요청 1371회)
[KT AI Studio 2024] 1페이지까지 · 누적 10건 (요청 1372회)
[KT AI Studio 2025] 1페이지까지 · 누적 10건 (요청 1373회)
[KT AI Studio 2026] 1페이지까지 · 누적 10건 (요청 1374회)
[KT AI 코디니 2023] 1페이지까지 · 누적 10건 (요청 1375회)
[KT AI 코디니 2024] 1페이지까지 · 누적 10건 (요청 1376회)
[KT AI 코디니 2025] 1페이지까지 · 누적 10건 (요청 1377회)
[KT AI 코디니 2026] 1페이지까지 · 누적 10건 (요청 1378회)
[KT 비즈메카EZ 2023] 1페이지까지 · 누적 10건 (요청 1379회)
[KT 비즈메카EZ 2024] 1페이지까지 · 누적 10건 (요청 1380회)
[KT 비즈메카EZ 2025] 1페이지까지 · 누적 10건 (요청 1381회)
[KT 비즈메카EZ 2026] 1페이지까지 · 누적 10건 (요청 1382회)
[Kialo Edu 2023] 1페이지까지 · 누적 10건 (요청 1383회)
[Kialo Edu 2024] 1페이지까지 · 누적 10건 (요청 1384회)
[Kialo Edu 2025] 1페이지까지 · 누적 10건 (요청 1385회)
[Kialo Edu 2026] 1페이지까지 · 누적 10건 (요청 1386회)
[LAT 생활적응검사 2023] 1페이지까지 · 누적 10건 (요청 1387회)
[LAT 생활적응검사 2024] 1페이지까지 · 누적 10건 (요청 1388회)
[LAT 생활적응검사 2025] 1페이지까지 · 누적 10건 (요청 1389회)
[LAT 생활적응검사 2026] 1페이지까지 · 누적 10건 (요청 1390회)
[LCSI 성격검사 2023] 1페이지까지 · 누적 10건 (요청 1391회)
[LCSI 성격검사 2024] 1페이지까지 · 누적 10건 (요청 1392회)
[LCSI 성격검사 2025] 1페이지까지 · 누적 10건 (요청 1393회)
[LCSI 성격검사 2026] 1페이지까지 · 누적 10건 (요청 1394회)
[LCT 학습역량검사 2023] 1페이지까지 · 누적 10건 (요청 1395회)
[LCT 학습역량검사 2024] 1페이지까지 · 누적 10건 (요청 1396회)
[LCT 학습역량검사 2025] 1페이지까지 · 누적 10건 (요청 1397회)
[LCT 학습역량검사 2026] 1페이지까지 · 누적 10건 (요청 1398회)
[LED 조명액자 키트 2023] 1페이지까지 · 누적 10건 (요청 1399회)
[LED 조명액자 키트 2024] 1페이지까지 · 누적 10건 (요청 1400회)
[LED 조명액자 키트 2025] 1페이지까지 · 누적 10건 (요청 1401회)
[LED 조명액자 키트 2026] 1페이지까지 · 누적 10건 (요청 1402회)
[LITHO MASKLESS 2023] 1페이지까지 · 누적 10건 (요청 1403회)
[LITHO MASKLESS 2024] 1페이지까지 · 누적 10건 (요청 1404회)
[LITHO MASKLESS 2025] 1페이지까지 · 누적 10건 (요청 1405회)
[LITHO MASKLESS 2026] 1페이지까지 · 누적 10건 (요청 1406회)
[Learn X 2023] 1페이지까지 · 누적 10건 (요청 1407회)
[Learn X 2024] 1페이지까지 · 누적 10건 (요청 1408회)
[Learn X 2025] 1페이지까지 · 누적 10건 (요청 1409회)
[Learn X 2026] 1페이지까지 · 누적 10건 (요청 1410회)
[LearningLemur 2023] 1페이지까지 · 누적 10건 (요청 1411회)
[LearningLemur 2024] 1페이지까지 · 누적 10건 (요청 1412회)
[LearningLemur 2025] 1페이지까지 · 누적 10건 (요청 1413회)
[LearningLemur 2026] 1페이지까지 · 누적 10건 (요청 1414회)
[LingoClip 2023] 1페이지까지 · 누적 10건 (요청 1415회)
[LingoClip 2024] 1페이지까지 · 누적 10건 (요청 1416회)
[LingoClip 2025] 1페이지까지 · 누적 10건 (요청 1417회)
[LingoClip 2026] 1페이지까지 · 누적 10건 (요청 1418회)
[LiveWorksheets 2023] 1페이지까지 · 누적 10건 (요청 1419회)
[LiveWorksheets 2024] 1페이지까지 · 누적 10건 (요청 1420회)
[LiveWorksheets 2025] 1페이지까지 · 누적 10건 (요청 1421회)
[LiveWorksheets 2026] 1페이지까지 · 누적 10건 (요청 1422회)
[Logger Pro™ 3 2023] 1페이지까지 · 누적 10건 (요청 1423회)
[Logger Pro™ 3 2024] 1페이지까지 · 누적 10건 (요청 1424회)
[Logger Pro™ 3 2025] 1페이지까지 · 누적 10건 (요청 1425회)
[Logger Pro™ 3 2026] 1페이지까지 · 누적 10건 (요청 1426회)
[LoiLoNote School 2023] 1페이지까지 · 누적 10건 (요청 1427회)
[LoiLoNote School 2024] 1페이지까지 · 누적 10건 (요청 1428회)
[LoiLoNote School 2025] 1페이지까지 · 누적 10건 (요청 1429회)
[LoiLoNote School 2026] 1페이지까지 · 누적 10건 (요청 1430회)
[LoroTOPIK 2023] 1페이지까지 · 누적 10건 (요청 1431회)
[LoroTOPIK 2024] 1페이지까지 · 누적 10건 (요청 1432회)
[LoroTOPIK 2025] 1페이지까지 · 누적 10건 (요청 1433회)
[LoroTOPIK 2026] 1페이지까지 · 누적 10건 (요청 1434회)
[Lyrics Into Song AI 2023] 1페이지까지 · 누적 10건 (요청 1435회)
[Lyrics Into Song AI 2024] 1페이지까지 · 누적 10건 (요청 1436회)
[Lyrics Into Song AI 2025] 1페이지까지 · 누적 10건 (요청 1437회)
[Lyrics Into Song AI 2026] 1페이지까지 · 누적 10건 (요청 1438회)
[LyricsTraining 2023] 1페이지까지 · 누적 10건 (요청 1439회)
[LyricsTraining 2024] 1페이지까지 · 누적 10건 (요청 1440회)
[LyricsTraining 2025] 1페이지까지 · 누적 10건 (요청 1441회)
[LyricsTraining 2026] 1페이지까지 · 누적 10건 (요청 1442회)
[M-AI 과학 2023] 1페이지까지 · 누적 10건 (요청 1443회)
[M-AI 과학 2024] 1페이지까지 · 누적 10건 (요청 1444회)
[M-AI 과학 2025] 1페이지까지 · 누적 11건 (요청 1446회)
[M-AI 과학 2026] 1페이지까지 · 누적 11건 (요청 1447회)
[M-AI 코딩 2023] 1페이지까지 · 누적 11건 (요청 1448회)
[M-AI 코딩 2024] 1페이지까지 · 누적 11건 (요청 1449회)
[M-AI 코딩 2025] 1페이지까지 · 누적 11건 (요청 1450회)
[M-AI 코딩 2026] 1페이지까지 · 누적 11건 (요청 1451회)
[M-AI 파이썬코딩 2023] 1페이지까지 · 누적 11건 (요청 1452회)
[M-AI 파이썬코딩 2024] 1페이지까지 · 누적 11건 (요청 1453회)
[M-AI 파이썬코딩 2025] 1페이지까지 · 누적 11건 (요청 1454회)
[M-AI 파이썬코딩 2026] 1페이지까지 · 누적 11건 (요청 1455회)
[M-AI 학습플랫폼 2023] 1페이지까지 · 누적 11건 (요청 1456회)
[M-AI 학습플랫폼 2024] 1페이지까지 · 누적 11건 (요청 1457회)
[M-AI 학습플랫폼 2025] 1페이지까지 · 누적 11건 (요청 1458회)
[M-AI 학습플랫폼 2026] 1페이지까지 · 누적 11건 (요청 1459회)
[MARU 2023] 1페이지까지 · 누적 11건 (요청 1460회)
[MARU 2024] 1페이지까지 · 누적 11건 (요청 1461회)
[MARU 2025] 1페이지까지 · 누적 11건 (요청 1462회)
[MARU 2026] 1페이지까지 · 누적 11건 (요청 1463회)
[MECA 2023] 1페이지까지 · 누적 11건 (요청 1464회)
[MECA 2024] 1페이지까지 · 누적 11건 (요청 1465회)
[MECA 2025] 1페이지까지 · 누적 11건 (요청 1466회)
[MECA 2026] 1페이지까지 · 누적 11건 (요청 1467회)
[MET 계열탐색검사 2023] 1페이지까지 · 누적 11건 (요청 1468회)
[MET 계열탐색검사 2024] 1페이지까지 · 누적 11건 (요청 1469회)
[MET 계열탐색검사 2025] 1페이지까지 · 누적 11건 (요청 1470회)
[MET 계열탐색검사 2026] 1페이지까지 · 누적 11건 (요청 1471회)
[METAWARE Edu School 2023] 1페이지까지 · 누적 11건 (요청 1472회)
[METAWARE Edu School 2024] 1페이지까지 · 누적 11건 (요청 1473회)
[METAWARE Edu School 2025] 1페이지까지 · 누적 11건 (요청 1474회)
[METAWARE Edu School 2026] 1페이지까지 · 누적 11건 (요청 1475회)
[MMS 마이미션스튜디오 2023] 1페이지까지 · 누적 11건 (요청 1476회)
[MMS 마이미션스튜디오 2024] 1페이지까지 · 누적 11건 (요청 1477회)
[MMS 마이미션스튜디오 2025] 1페이지까지 · 누적 11건 (요청 1478회)
[MMS 마이미션스튜디오 2026] 1페이지까지 · 누적 11건 (요청 1479회)
[MODI PLANET 2023] 1페이지까지 · 누적 11건 (요청 1480회)
[MODI PLANET 2024] 1페이지까지 · 누적 11건 (요청 1481회)
[MODI PLANET 2025] 1페이지까지 · 누적 11건 (요청 1482회)
[MODI PLANET 2026] 1페이지까지 · 누적 11건 (요청 1483회)
[MR Configurator2 2023] 1페이지까지 · 누적 11건 (요청 1484회)
[MR Configurator2 2024] 1페이지까지 · 누적 11건 (요청 1485회)
[MR Configurator2 2025] 1페이지까지 · 누적 11건 (요청 1486회)
[MR Configurator2 2026] 1페이지까지 · 누적 11건 (요청 1487회)
[MS.CBT 2023] 1페이지까지 · 누적 11건 (요청 1488회)
[MS.CBT 2024] 1페이지까지 · 누적 11건 (요청 1489회)
[MS.CBT 2025] 1페이지까지 · 누적 11건 (요청 1490회)
[MS.CBT 2026] 1페이지까지 · 누적 11건 (요청 1491회)
[MS.OLP 2023] 1페이지까지 · 누적 11건 (요청 1492회)
[MS.OLP 2024] 1페이지까지 · 누적 11건 (요청 1493회)
[MS.OLP 2025] 1페이지까지 · 누적 11건 (요청 1494회)
[MS.OLP 2026] 1페이지까지 · 누적 11건 (요청 1495회)
[MS.SIM 2023] 1페이지까지 · 누적 11건 (요청 1496회)
[MS.SIM 2024] 1페이지까지 · 누적 11건 (요청 1497회)
[MS.SIM 2025] 1페이지까지 · 누적 11건 (요청 1498회)
[MS.SIM 2026] 1페이지까지 · 누적 11건 (요청 1499회)
[MS.SMT 2023] 1페이지까지 · 누적 11건 (요청 1500회)
[MS.SMT 2024] 1페이지까지 · 누적 11건 (요청 1501회)
[MS.SMT 2025] 1페이지까지 · 누적 11건 (요청 1502회)
[MS.SMT 2026] 1페이지까지 · 누적 11건 (요청 1503회)
[MagicSchool 2023] 1페이지까지 · 누적 11건 (요청 1504회)
[MagicSchool 2024] 1페이지까지 · 누적 11건 (요청 1505회)
[MagicSchool 2025] 1페이지까지 · 누적 11건 (요청 1506회)
[MagicSchool 2026] 1페이지까지 · 누적 11건 (요청 1507회)
[Mai-22AI 2023] 1페이지까지 · 누적 11건 (요청 1508회)
[Mai-22AI 2024] 1페이지까지 · 누적 11건 (요청 1509회)
[Mai-22AI 2025] 1페이지까지 · 누적 11건 (요청 1510회)
[Mai-22AI 2026] 1페이지까지 · 누적 11건 (요청 1511회)
[Mai-22AIW 2023] 1페이지까지 · 누적 11건 (요청 1512회)
[Mai-22AIW 2024] 1페이지까지 · 누적 11건 (요청 1513회)
[Mai-22AIW 2025] 1페이지까지 · 누적 11건 (요청 1514회)
[Mai-22AIW 2026] 1페이지까지 · 누적 11건 (요청 1515회)
[Mai-22AIWR 2023] 1페이지까지 · 누적 11건 (요청 1516회)
[Mai-22AIWR 2024] 1페이지까지 · 누적 11건 (요청 1517회)
[Mai-22AIWR 2025] 1페이지까지 · 누적 11건 (요청 1518회)
[Mai-22AIWR 2026] 1페이지까지 · 누적 11건 (요청 1519회)
[Mai-22AIWS 2023] 1페이지까지 · 누적 11건 (요청 1520회)
[Mai-22AIWS 2024] 1페이지까지 · 누적 11건 (요청 1521회)
[Mai-22AIWS 2025] 1페이지까지 · 누적 11건 (요청 1522회)
[Mai-22AIWS 2026] 1페이지까지 · 누적 11건 (요청 1523회)
[Mai-22DW 2023] 1페이지까지 · 누적 11건 (요청 1524회)
[Mai-22DW 2024] 1페이지까지 · 누적 11건 (요청 1525회)
[Mai-22DW 2025] 1페이지까지 · 누적 11건 (요청 1526회)
[Mai-22DW 2026] 1페이지까지 · 누적 11건 (요청 1527회)
[Mai-22DWA 2023] 1페이지까지 · 누적 11건 (요청 1528회)
[Mai-22DWA 2024] 1페이지까지 · 누적 11건 (요청 1529회)
[Mai-22DWA 2025] 1페이지까지 · 누적 11건 (요청 1530회)
[Mai-22DWA 2026] 1페이지까지 · 누적 11건 (요청 1531회)
[Mai-22STA 2023] 1페이지까지 · 누적 11건 (요청 1532회)
[Mai-22STA 2024] 1페이지까지 · 누적 11건 (요청 1533회)
[Mai-22STA 2025] 1페이지까지 · 누적 11건 (요청 1534회)
[Mai-22STA 2026] 1페이지까지 · 누적 11건 (요청 1535회)
[Mai-270SP 2023] 1페이지까지 · 누적 11건 (요청 1536회)
[Mai-270SP 2024] 1페이지까지 · 누적 11건 (요청 1537회)
[Mai-270SP 2025] 1페이지까지 · 누적 11건 (요청 1538회)
[Mai-270SP 2026] 1페이지까지 · 누적 11건 (요청 1539회)
[Mai-Hyper 86E 2023] 1페이지까지 · 누적 11건 (요청 1540회)
[Mai-Hyper 86E 2024] 1페이지까지 · 누적 11건 (요청 1541회)
[Mai-Hyper 86E 2025] 1페이지까지 · 누적 11건 (요청 1542회)
[Mai-Hyper 86E 2026] 1페이지까지 · 누적 11건 (요청 1543회)
[Mai-Hyper 86QC 2023] 1페이지까지 · 누적 11건 (요청 1544회)
[Mai-Hyper 86QC 2024] 1페이지까지 · 누적 11건 (요청 1545회)
[Mai-Hyper 86QC 2025] 1페이지까지 · 누적 11건 (요청 1546회)
[Mai-Hyper 86QC 2026] 1페이지까지 · 누적 11건 (요청 1547회)
[Mai-Phoenix 75A 2023] 1페이지까지 · 누적 11건 (요청 1548회)
[Mai-Phoenix 75A 2024] 1페이지까지 · 누적 11건 (요청 1549회)
[Mai-Phoenix 75A 2025] 1페이지까지 · 누적 11건 (요청 1550회)
[Mai-Phoenix 75A 2026] 1페이지까지 · 누적 11건 (요청 1551회)
[Mai-Phoenix 75B 2023] 1페이지까지 · 누적 11건 (요청 1552회)
[Mai-Phoenix 75B 2024] 1페이지까지 · 누적 11건 (요청 1553회)
[Mai-Phoenix 75B 2025] 1페이지까지 · 누적 11건 (요청 1554회)
[Mai-Phoenix 75B 2026] 1페이지까지 · 누적 11건 (요청 1555회)
[Mai-Phoenix 86A 2023] 1페이지까지 · 누적 11건 (요청 1556회)
[Mai-Phoenix 86A 2024] 1페이지까지 · 누적 11건 (요청 1557회)
[Mai-Phoenix 86A 2025] 1페이지까지 · 누적 11건 (요청 1558회)
[Mai-Phoenix 86A 2026] 1페이지까지 · 누적 11건 (요청 1559회)
[Mai-Phoenix 86B 2023] 1페이지까지 · 누적 11건 (요청 1560회)
[Mai-Phoenix 86B 2024] 1페이지까지 · 누적 11건 (요청 1561회)
[Mai-Phoenix 86B 2025] 1페이지까지 · 누적 11건 (요청 1562회)
[Mai-Phoenix 86B 2026] 1페이지까지 · 누적 11건 (요청 1563회)
[Mai-Phoenix 86C 2023] 1페이지까지 · 누적 11건 (요청 1564회)
[Mai-Phoenix 86C 2024] 1페이지까지 · 누적 11건 (요청 1565회)
[Mai-Phoenix 86C 2025] 1페이지까지 · 누적 11건 (요청 1566회)
[Mai-Phoenix 86C 2026] 1페이지까지 · 누적 11건 (요청 1567회)
[Mai-Phoenix 86D 2023] 1페이지까지 · 누적 11건 (요청 1568회)
[Mai-Phoenix 86D 2024] 1페이지까지 · 누적 11건 (요청 1569회)
[Mai-Phoenix 86D 2025] 1페이지까지 · 누적 11건 (요청 1570회)
[Mai-Phoenix 86D 2026] 1페이지까지 · 누적 11건 (요청 1571회)
[Mai-Phoenix 86E 2023] 1페이지까지 · 누적 11건 (요청 1572회)
[Mai-Phoenix 86E 2024] 1페이지까지 · 누적 11건 (요청 1573회)
[Mai-Phoenix 86E 2025] 1페이지까지 · 누적 11건 (요청 1574회)
[Mai-Phoenix 86E 2026] 1페이지까지 · 누적 11건 (요청 1575회)
[MakerCase 2023] 1페이지까지 · 누적 11건 (요청 1576회)
[MakerCase 2024] 1페이지까지 · 누적 11건 (요청 1577회)
[MakerCase 2025] 1페이지까지 · 누적 11건 (요청 1578회)
[MakerCase 2026] 1페이지까지 · 누적 11건 (요청 1579회)
[Makers지능형과학VR 2023] 1페이지까지 · 누적 11건 (요청 1580회)
[Makers지능형과학VR 2024] 1페이지까지 · 누적 11건 (요청 1581회)
[Makers지능형과학VR 2025] 1페이지까지 · 누적 11건 (요청 1582회)
[Makers지능형과학VR 2026] 1페이지까지 · 누적 11건 (요청 1583회)
[ManageBac+ 2023] 1페이지까지 · 누적 11건 (요청 1584회)
[ManageBac+ 2024] 1페이지까지 · 누적 11건 (요청 1585회)
[ManageBac+ 2025] 1페이지까지 · 누적 11건 (요청 1586회)
[ManageBac+ 2026] 1페이지까지 · 누적 11건 (요청 1587회)
[Math Alive 2023] 1페이지까지 · 누적 11건 (요청 1588회)
[Math Alive 2024] 1페이지까지 · 누적 11건 (요청 1589회)
[Math Alive 2025] 1페이지까지 · 누적 11건 (요청 1590회)
[Math Alive 2026] 1페이지까지 · 누적 11건 (요청 1591회)
[Math in Math 2023] 1페이지까지 · 누적 11건 (요청 1592회)
[Math in Math 2024] 1페이지까지 · 누적 11건 (요청 1593회)
[Math in Math 2025] 1페이지까지 · 누적 11건 (요청 1594회)
[Math in Math 2026] 1페이지까지 · 누적 11건 (요청 1595회)
[Math41 2023] 1페이지까지 · 누적 11건 (요청 1596회)
[Math41 2024] 1페이지까지 · 누적 11건 (요청 1597회)
[Math41 2025] 1페이지까지 · 누적 11건 (요청 1598회)
[Math41 2026] 1페이지까지 · 누적 11건 (요청 1599회)
[MathsPad 2023] 1페이지까지 · 누적 11건 (요청 1600회)
[MathsPad 2024] 1페이지까지 · 누적 11건 (요청 1601회)
[MathsPad 2025] 1페이지까지 · 누적 11건 (요청 1602회)
[MathsPad 2026] 1페이지까지 · 누적 11건 (요청 1603회)
[MazM 스튜디오 2023] 1페이지까지 · 누적 11건 (요청 1604회)
[MazM 스튜디오 2024] 1페이지까지 · 누적 11건 (요청 1605회)
[MazM 스튜디오 2025] 1페이지까지 · 누적 11건 (요청 1606회)
[MazM 스튜디오 2026] 1페이지까지 · 누적 11건 (요청 1607회)
[Mentor Online 2023] 1페이지까지 · 누적 11건 (요청 1608회)
[Mentor Online 2024] 1페이지까지 · 누적 11건 (요청 1609회)
[Mentor Online 2025] 1페이지까지 · 누적 11건 (요청 1610회)
[Mentor Online 2026] 1페이지까지 · 누적 11건 (요청 1611회)
[Merge 2023] 1페이지까지 · 누적 11건 (요청 1612회)
[Merge 2024] 1페이지까지 · 누적 11건 (요청 1613회)
[Merge 2025] 1페이지까지 · 누적 11건 (요청 1614회)
[Merge 2026] 1페이지까지 · 누적 11건 (요청 1615회)
[Meshy AI 2023] 1페이지까지 · 누적 11건 (요청 1616회)
[Meshy AI 2024] 1페이지까지 · 누적 11건 (요청 1617회)
[Meshy AI 2025] 1페이지까지 · 누적 11건 (요청 1618회)
[Meshy AI 2026] 1페이지까지 · 누적 11건 (요청 1619회)
[Microsoft 365 2023] 1페이지까지 · 누적 11건 (요청 1620회)
[Microsoft 365 2024] 1페이지까지 · 누적 11건 (요청 1621회)
[Microsoft 365 2025] 1페이지까지 · 누적 11건 (요청 1622회)
[Microsoft 365 2026] 1페이지까지 · 누적 11건 (요청 1623회)
[Movavi 2023] 1페이지까지 · 누적 11건 (요청 1624회)
[Movavi 2024] 1페이지까지 · 누적 11건 (요청 1625회)
[Movavi 2025] 1페이지까지 · 누적 11건 (요청 1626회)
[Movavi 2026] 1페이지까지 · 누적 11건 (요청 1627회)
[Music Box Maniacs 2023] 1페이지까지 · 누적 11건 (요청 1628회)
[Music Box Maniacs 2024] 1페이지까지 · 누적 11건 (요청 1629회)
[Music Box Maniacs 2025] 1페이지까지 · 누적 11건 (요청 1630회)
[Music Box Maniacs 2026] 1페이지까지 · 누적 11건 (요청 1631회)
[MyOpenMath 2023] 1페이지까지 · 누적 11건 (요청 1632회)
[MyOpenMath 2024] 1페이지까지 · 누적 11건 (요청 1633회)
[MyOpenMath 2025] 1페이지까지 · 누적 11건 (요청 1634회)
[MyOpenMath 2026] 1페이지까지 · 누적 11건 (요청 1635회)
[Mystery Science 2023] 1페이지까지 · 누적 11건 (요청 1636회)
[Mystery Science 2024] 1페이지까지 · 누적 11건 (요청 1637회)
[Mystery Science 2025] 1페이지까지 · 누적 11건 (요청 1638회)
[Mystery Science 2026] 1페이지까지 · 누적 11건 (요청 1639회)
[N.A.V.I 2023] 1페이지까지 · 누적 11건 (요청 1640회)
[N.A.V.I 2024] 1페이지까지 · 누적 11건 (요청 1641회)
[N.A.V.I 2025] 1페이지까지 · 누적 11건 (요청 1642회)
[N.A.V.I 2026] 1페이지까지 · 누적 11건 (요청 1643회)
[NEW sPLUS 2023] 1페이지까지 · 누적 11건 (요청 1644회)
[NEW sPLUS 2024] 1페이지까지 · 누적 11건 (요청 1645회)
[NEW sPLUS 2025] 1페이지까지 · 누적 11건 (요청 1646회)
[NEW sPLUS 2026] 1페이지까지 · 누적 11건 (요청 1647회)
[NE_Times 2023] 1페이지까지 · 누적 11건 (요청 1648회)
[NE_Times 2024] 1페이지까지 · 누적 11건 (요청 1649회)
[NE_Times 2025] 1페이지까지 · 누적 11건 (요청 1650회)
[NE_Times 2026] 1페이지까지 · 누적 11건 (요청 1651회)
[NLG - 넘버렛츠고 2023] 1페이지까지 · 누적 11건 (요청 1652회)
[NLG - 넘버렛츠고 2024] 1페이지까지 · 누적 11건 (요청 1653회)
[NLG - 넘버렛츠고 2025] 1페이지까지 · 누적 11건 (요청 1654회)
[NLG - 넘버렛츠고 2026] 1페이지까지 · 누적 11건 (요청 1655회)
[Net-Class 9.0 / 넷클래스 9.0 2023] 1페이지까지 · 누적 11건 (요청 1656회)
[Net-Class 9.0 / 넷클래스 9.0 2024] 1페이지까지 · 누적 11건 (요청 1657회)
[Net-Class 9.0 / 넷클래스 9.0 2025] 1페이지까지 · 누적 11건 (요청 1658회)
[Net-Class 9.0 / 넷클래스 9.0 2026] 1페이지까지 · 누적 11건 (요청 1659회)
[New_아이온 2023] 1페이지까지 · 누적 11건 (요청 1660회)
[New_아이온 2024] 1페이지까지 · 누적 11건 (요청 1661회)
[New_아이온 2025] 1페이지까지 · 누적 11건 (요청 1662회)
[New_아이온 2026] 1페이지까지 · 누적 11건 (요청 1663회)
[Newsela, Newsela LITE 2023] 1페이지까지 · 누적 11건 (요청 1664회)
[Newsela, Newsela LITE 2024] 1페이지까지 · 누적 11건 (요청 1665회)
[Newsela, Newsela LITE 2025] 1페이지까지 · 누적 11건 (요청 1666회)
[Newsela, Newsela LITE 2026] 1페이지까지 · 누적 11건 (요청 1667회)
[NoRedInk 2023] 1페이지까지 · 누적 11건 (요청 1668회)
[NoRedInk 2024] 1페이지까지 · 누적 11건 (요청 1669회)
[NoRedInk 2025] 1페이지까지 · 누적 11건 (요청 1670회)
[NoRedInk 2026] 1페이지까지 · 누적 11건 (요청 1671회)
[Nomad Sculpt 2023] 1페이지까지 · 누적 11건 (요청 1672회)
[Nomad Sculpt 2024] 1페이지까지 · 누적 11건 (요청 1673회)
[Nomad Sculpt 2025] 1페이지까지 · 누적 11건 (요청 1674회)
[Nomad Sculpt 2026] 1페이지까지 · 누적 11건 (요청 1675회)
[OCT 직무역량검사 2023] 1페이지까지 · 누적 11건 (요청 1676회)
[OCT 직무역량검사 2024] 1페이지까지 · 누적 11건 (요청 1677회)
[OCT 직무역량검사 2025] 1페이지까지 · 누적 11건 (요청 1678회)
[OCT 직무역량검사 2026] 1페이지까지 · 누적 11건 (요청 1679회)
[OK증명알리아스 2023] 1페이지까지 · 누적 11건 (요청 1680회)
[OK증명알리아스 2024] 1페이지까지 · 누적 11건 (요청 1681회)
[OK증명알리아스 2025] 1페이지까지 · 누적 11건 (요청 1682회)
[OK증명알리아스 2026] 1페이지까지 · 누적 11건 (요청 1683회)
[OSUN 4.0 2023] 1페이지까지 · 누적 11건 (요청 1684회)
[OSUN 4.0 2024] 1페이지까지 · 누적 11건 (요청 1685회)
[OSUN 4.0 2025] 1페이지까지 · 누적 11건 (요청 1686회)
[OSUN 4.0 2026] 1페이지까지 · 누적 11건 (요청 1687회)
[OrCAD 2023] 1페이지까지 · 누적 11건 (요청 1688회)
[OrCAD 2024] 1페이지까지 · 누적 11건 (요청 1689회)
[OrCAD 2025] 1페이지까지 · 누적 11건 (요청 1690회)
[OrCAD 2026] 1페이지까지 · 누적 11건 (요청 1691회)
[Oxford Discover 2023] 1페이지까지 · 누적 11건 (요청 1692회)
[Oxford Discover 2024] 1페이지까지 · 누적 11건 (요청 1693회)
[Oxford Discover 2025] 1페이지까지 · 누적 11건 (요청 1694회)
[Oxford Discover 2026] 1페이지까지 · 누적 11건 (요청 1695회)
[PCT 인성역량검사 2023] 1페이지까지 · 누적 11건 (요청 1696회)
[PCT 인성역량검사 2024] 1페이지까지 · 누적 11건 (요청 1697회)
[PCT 인성역량검사 2025] 1페이지까지 · 누적 11건 (요청 1698회)
[PCT 인성역량검사 2026] 1페이지까지 · 누적 11건 (요청 1699회)
[PI Class 2023] 1페이지까지 · 누적 11건 (요청 1700회)
[PI Class 2024] 1페이지까지 · 누적 11건 (요청 1701회)
[PI Class 2025] 1페이지까지 · 누적 11건 (요청 1702회)
[PI Class 2026] 1페이지까지 · 누적 11건 (요청 1703회)
[PI Class 파이클래스 2023] 1페이지까지 · 누적 11건 (요청 1704회)
[PI Class 파이클래스 2024] 1페이지까지 · 누적 11건 (요청 1705회)
[PI Class 파이클래스 2025] 1페이지까지 · 누적 11건 (요청 1706회)
[PI Class 파이클래스 2026] 1페이지까지 · 누적 11건 (요청 1707회)
[PLAGE 2023] 1페이지까지 · 누적 11건 (요청 1708회)
[PLAGE 2024] 1페이지까지 · 누적 11건 (요청 1709회)
[PLAGE 2025] 1페이지까지 · 누적 11건 (요청 1710회)
[PLAGE 2026] 1페이지까지 · 누적 11건 (요청 1711회)
[PST 성격강점검사 2023] 1페이지까지 · 누적 11건 (요청 1712회)
[PST 성격강점검사 2024] 1페이지까지 · 누적 11건 (요청 1713회)
[PST 성격강점검사 2025] 1페이지까지 · 누적 11건 (요청 1714회)
[PST 성격강점검사 2026] 1페이지까지 · 누적 11건 (요청 1715회)
[PTGui 2023] 1페이지까지 · 누적 11건 (요청 1716회)
[PTGui 2024] 1페이지까지 · 누적 11건 (요청 1717회)
[PTGui 2025] 1페이지까지 · 누적 11건 (요청 1718회)
[PTGui 2026] 1페이지까지 · 누적 11건 (요청 1719회)
[Padlet Platinum Annual 2023] 1페이지까지 · 누적 11건 (요청 1720회)
[Padlet Platinum Annual 2024] 1페이지까지 · 누적 11건 (요청 1721회)
[Padlet Platinum Annual 2025] 1페이지까지 · 누적 11건 (요청 1722회)
[Padlet Platinum Annual 2026] 1페이지까지 · 누적 11건 (요청 1723회)
[Padlet for Schools 2023] 1페이지까지 · 누적 11건 (요청 1724회)
[Padlet for Schools 2024] 1페이지까지 · 누적 11건 (요청 1725회)
[Padlet for Schools 2025] 1페이지까지 · 누적 11건 (요청 1726회)
[Padlet for Schools 2026] 1페이지까지 · 누적 11건 (요청 1727회)
[PageBuilder 2023] 1페이지까지 · 누적 11건 (요청 1728회)
[PageBuilder 2024] 1페이지까지 · 누적 11건 (요청 1729회)
[PageBuilder 2025] 1페이지까지 · 누적 11건 (요청 1730회)
[PageBuilder 2026] 1페이지까지 · 누적 11건 (요청 1731회)
[Pentalk Pro 2023] 1페이지까지 · 누적 11건 (요청 1732회)
[Pentalk Pro 2024] 1페이지까지 · 누적 11건 (요청 1733회)
[Pentalk Pro 2025] 1페이지까지 · 누적 11건 (요청 1734회)
[Pentalk Pro 2026] 1페이지까지 · 누적 11건 (요청 1735회)
[Pentalk_PBL_PRO 2023] 1페이지까지 · 누적 11건 (요청 1736회)
[Pentalk_PBL_PRO 2024] 1페이지까지 · 누적 11건 (요청 1737회)
[Pentalk_PBL_PRO 2025] 1페이지까지 · 누적 11건 (요청 1738회)
[Pentalk_PBL_PRO 2026] 1페이지까지 · 누적 11건 (요청 1739회)
[Pentalk_PBL_STD 2023] 1페이지까지 · 누적 11건 (요청 1740회)
[Pentalk_PBL_STD 2024] 1페이지까지 · 누적 11건 (요청 1741회)
[Pentalk_PBL_STD 2025] 1페이지까지 · 누적 11건 (요청 1742회)
[Pentalk_PBL_STD 2026] 1페이지까지 · 누적 11건 (요청 1743회)
[Pentalk_PRO_DP4 2023] 1페이지까지 · 누적 11건 (요청 1744회)
[Pentalk_PRO_DP4 2024] 1페이지까지 · 누적 11건 (요청 1745회)
[Pentalk_PRO_DP4 2025] 1페이지까지 · 누적 11건 (요청 1746회)
[Pentalk_PRO_DP4 2026] 1페이지까지 · 누적 11건 (요청 1747회)
[Pentalk_PRO_DP6 2023] 1페이지까지 · 누적 11건 (요청 1748회)
[Pentalk_PRO_DP6 2024] 1페이지까지 · 누적 11건 (요청 1749회)
[Pentalk_PRO_DP6 2025] 1페이지까지 · 누적 11건 (요청 1750회)
[Pentalk_PRO_DP6 2026] 1페이지까지 · 누적 11건 (요청 1751회)
[Pentalk_PRO_TC1 2023] 1페이지까지 · 누적 11건 (요청 1752회)
[Pentalk_PRO_TC1 2024] 1페이지까지 · 누적 11건 (요청 1753회)
[Pentalk_PRO_TC1 2025] 1페이지까지 · 누적 11건 (요청 1754회)
[Pentalk_PRO_TC1 2026] 1페이지까지 · 누적 11건 (요청 1755회)
[Pentalk_PRO_TC4 2023] 1페이지까지 · 누적 11건 (요청 1756회)
[Pentalk_PRO_TC4 2024] 1페이지까지 · 누적 11건 (요청 1757회)
[Pentalk_PRO_TC4 2025] 1페이지까지 · 누적 11건 (요청 1758회)
[Pentalk_PRO_TC4 2026] 1페이지까지 · 누적 11건 (요청 1759회)
[Perso AI 2023] 1페이지까지 · 누적 11건 (요청 1760회)
[Perso AI 2024] 1페이지까지 · 누적 11건 (요청 1761회)
[Perso AI 2025] 1페이지까지 · 누적 11건 (요청 1762회)
[Perso AI 2026] 1페이지까지 · 누적 11건 (요청 1763회)
[Phedy Labs 2023] 1페이지까지 · 누적 11건 (요청 1764회)
[Phedy Labs 2024] 1페이지까지 · 누적 11건 (요청 1765회)
[Phedy Labs 2025] 1페이지까지 · 누적 11건 (요청 1766회)
[Phedy Labs 2026] 1페이지까지 · 누적 11건 (요청 1767회)
[Phonics and Stuff 2023] 1페이지까지 · 누적 11건 (요청 1768회)
[Phonics and Stuff 2024] 1페이지까지 · 누적 14건 (요청 1772회)
[Phonics and Stuff 2025] 1페이지까지 · 누적 14건 (요청 1773회)
[Phonics and Stuff 2026] 1페이지까지 · 누적 14건 (요청 1774회)
[Pio Play - 삐오 플레이 2023] 1페이지까지 · 누적 14건 (요청 1775회)
[Pio Play - 삐오 플레이 2024] 1페이지까지 · 누적 14건 (요청 1776회)
[Pio Play - 삐오 플레이 2025] 1페이지까지 · 누적 14건 (요청 1777회)
[Pio Play - 삐오 플레이 2026] 1페이지까지 · 누적 14건 (요청 1778회)
[Pivot Animator 2023] 1페이지까지 · 누적 14건 (요청 1779회)
[Pivot Animator 2024] 1페이지까지 · 누적 14건 (요청 1780회)
[Pivot Animator 2025] 1페이지까지 · 누적 14건 (요청 1781회)
[Pivot Animator 2026] 1페이지까지 · 누적 14건 (요청 1782회)
[Pixlr 2023] 1페이지까지 · 누적 14건 (요청 1783회)
[Pixlr 2024] 1페이지까지 · 누적 14건 (요청 1784회)
[Pixlr 2025] 1페이지까지 · 누적 14건 (요청 1785회)
[Pixlr 2026] 1페이지까지 · 누적 14건 (요청 1786회)
[Pixton 2023] 1페이지까지 · 누적 14건 (요청 1787회)
[Pixton 2024] 1페이지까지 · 누적 14건 (요청 1788회)
[Pixton 2025] 1페이지까지 · 누적 14건 (요청 1789회)
[Pixton 2026] 1페이지까지 · 누적 14건 (요청 1790회)
[PressReader 2023] 1페이지까지 · 누적 14건 (요청 1791회)
[PressReader 2024] 1페이지까지 · 누적 14건 (요청 1792회)
[PressReader 2025] 1페이지까지 · 누적 14건 (요청 1793회)
[PressReader 2026] 1페이지까지 · 누적 14건 (요청 1794회)
[Prezi 2023] 1페이지까지 · 누적 14건 (요청 1795회)
[Prezi 2024] 1페이지까지 · 누적 14건 (요청 1796회)
[Prezi 2025] 1페이지까지 · 누적 14건 (요청 1797회)
[Prezi 2026] 1페이지까지 · 누적 14건 (요청 1798회)
[Prodigy Game 2023] 1페이지까지 · 누적 14건 (요청 1799회)
[Prodigy Game 2024] 1페이지까지 · 누적 14건 (요청 1800회)
[Prodigy Game 2025] 1페이지까지 · 누적 14건 (요청 1801회)
[Prodigy Game 2026] 1페이지까지 · 누적 14건 (요청 1802회)
[Programiz 2023] 1페이지까지 · 누적 14건 (요청 1803회)
[Programiz 2024] 1페이지까지 · 누적 14건 (요청 1804회)
[Programiz 2025] 1페이지까지 · 누적 14건 (요청 1805회)
[Programiz 2026] 1페이지까지 · 누적 14건 (요청 1806회)
[Proteus Design Suite 2023] 1페이지까지 · 누적 14건 (요청 1807회)
[Proteus Design Suite 2024] 1페이지까지 · 누적 14건 (요청 1808회)
[Proteus Design Suite 2025] 1페이지까지 · 누적 14건 (요청 1809회)
[Proteus Design Suite 2026] 1페이지까지 · 누적 14건 (요청 1810회)
[ProtoPie 2023] 1페이지까지 · 누적 14건 (요청 1811회)
[ProtoPie 2024] 1페이지까지 · 누적 14건 (요청 1812회)
[ProtoPie 2025] 1페이지까지 · 누적 14건 (요청 1813회)
[ProtoPie 2026] 1페이지까지 · 누적 14건 (요청 1814회)
[PureRef 2023] 1페이지까지 · 누적 14건 (요청 1815회)
[PureRef 2024] 1페이지까지 · 누적 14건 (요청 1816회)
[PureRef 2025] 1페이지까지 · 누적 14건 (요청 1817회)
[PureRef 2026] 1페이지까지 · 누적 14건 (요청 1818회)
[Questi / 질문하마 2023] 1페이지까지 · 누적 14건 (요청 1819회)
[Questi / 질문하마 2024] 1페이지까지 · 누적 14건 (요청 1820회)
[Questi / 질문하마 2025] 1페이지까지 · 누적 14건 (요청 1821회)
[Questi / 질문하마 2026] 1페이지까지 · 누적 14건 (요청 1822회)
[Quik 2023] 1페이지까지 · 누적 14건 (요청 1823회)
[Quik 2024] 1페이지까지 · 누적 14건 (요청 1824회)
[Quik 2025] 1페이지까지 · 누적 14건 (요청 1825회)
[Quik 2026] 1페이지까지 · 누적 14건 (요청 1826회)
[Qupid AI / 중고등 AI 서비스 2023] 1페이지까지 · 누적 14건 (요청 1827회)
[Qupid AI / 중고등 AI 서비스 2024] 1페이지까지 · 누적 14건 (요청 1828회)
[Qupid AI / 중고등 AI 서비스 2025] 1페이지까지 · 누적 14건 (요청 1829회)
[Qupid AI / 중고등 AI 서비스 2026] 1페이지까지 · 누적 14건 (요청 1830회)
[R+ENGINEER 2023] 1페이지까지 · 누적 14건 (요청 1831회)
[R+ENGINEER 2024] 1페이지까지 · 누적 14건 (요청 1832회)
[R+ENGINEER 2025] 1페이지까지 · 누적 14건 (요청 1833회)
[R+ENGINEER 2026] 1페이지까지 · 누적 14건 (요청 1834회)
[R+TASK 2023] 1페이지까지 · 누적 14건 (요청 1835회)
[R+TASK 2024] 1페이지까지 · 누적 14건 (요청 1836회)
[R+TASK 2025] 1페이지까지 · 누적 14건 (요청 1837회)
[R+TASK 2026] 1페이지까지 · 누적 14건 (요청 1838회)
[ROS2 로봇SW 직접 만들고 코딩하자 2023] 1페이지까지 · 누적 14건 (요청 1839회)
[ROS2 로봇SW 직접 만들고 코딩하자 2024] 1페이지까지 · 누적 14건 (요청 1840회)
[ROS2 로봇SW 직접 만들고 코딩하자 2025] 1페이지까지 · 누적 14건 (요청 1841회)
[ROS2 로봇SW 직접 만들고 코딩하자 2026] 1페이지까지 · 누적 14건 (요청 1842회)
[RSPT 2023] 1페이지까지 · 누적 14건 (요청 1843회)
[RSPT 2024] 1페이지까지 · 누적 14건 (요청 1844회)
[RSPT 2025] 1페이지까지 · 누적 14건 (요청 1845회)
[RSPT 2026] 1페이지까지 · 누적 14건 (요청 1846회)
[RaccoonBot - 라쿤봇 조이스틱 2023] 1페이지까지 · 누적 14건 (요청 1847회)
[RaccoonBot - 라쿤봇 조이스틱 2024] 1페이지까지 · 누적 14건 (요청 1848회)
[RaccoonBot - 라쿤봇 조이스틱 2025] 1페이지까지 · 누적 14건 (요청 1849회)
[RaccoonBot - 라쿤봇 조이스틱 2026] 1페이지까지 · 누적 14건 (요청 1850회)
[Rakugaki AR 2023] 1페이지까지 · 누적 14건 (요청 1851회)
[Rakugaki AR 2024] 1페이지까지 · 누적 14건 (요청 1852회)
[Rakugaki AR 2025] 1페이지까지 · 누적 14건 (요청 1853회)
[Rakugaki AR 2026] 1페이지까지 · 누적 14건 (요청 1854회)
[Raspberry Pi 2023] 1페이지까지 · 누적 14건 (요청 1855회)
[Raspberry Pi 2024] 1페이지까지 · 누적 14건 (요청 1856회)
[Raspberry Pi 2025] 1페이지까지 · 누적 14건 (요청 1857회)
[Raspberry Pi 2026] 1페이지까지 · 누적 14건 (요청 1858회)
[ReadTheory 2023] 1페이지까지 · 누적 14건 (요청 1859회)
[ReadTheory 2024] 1페이지까지 · 누적 14건 (요청 1860회)
[ReadTheory 2025] 1페이지까지 · 누적 14건 (요청 1861회)
[ReadTheory 2026] 1페이지까지 · 누적 14건 (요청 1862회)
[Real PT 2023] 1페이지까지 · 누적 14건 (요청 1863회)
[Real PT 2024] 1페이지까지 · 누적 14건 (요청 1864회)
[Real PT 2025] 1페이지까지 · 누적 14건 (요청 1865회)
[Real PT 2026] 1페이지까지 · 누적 14건 (요청 1866회)
[Rodocodo 2023] 1페이지까지 · 누적 14건 (요청 1867회)
[Rodocodo 2024] 1페이지까지 · 누적 14건 (요청 1868회)
[Rodocodo 2025] 1페이지까지 · 누적 14건 (요청 1869회)
[Rodocodo 2026] 1페이지까지 · 누적 14건 (요청 1870회)
[Router 에뮬레이터 2023] 1페이지까지 · 누적 14건 (요청 1871회)
[Router 에뮬레이터 2024] 1페이지까지 · 누적 14건 (요청 1872회)
[Router 에뮬레이터 2025] 1페이지까지 · 누적 14건 (요청 1873회)
[Router 에뮬레이터 2026] 1페이지까지 · 누적 14건 (요청 1874회)
[SAP Learning Hub 2023] 1페이지까지 · 누적 14건 (요청 1875회)
[SAP Learning Hub 2024] 1페이지까지 · 누적 14건 (요청 1876회)
[SAP Learning Hub 2025] 1페이지까지 · 누적 14건 (요청 1877회)
[SAP Learning Hub 2026] 1페이지까지 · 누적 14건 (요청 1878회)
[SDP스쿨솔루션 2023] 1페이지까지 · 누적 14건 (요청 1879회)
[SDP스쿨솔루션 2024] 1페이지까지 · 누적 14건 (요청 1880회)
[SDP스쿨솔루션 2025] 1페이지까지 · 누적 14건 (요청 1881회)
[SDP스쿨솔루션 2026] 1페이지까지 · 누적 14건 (요청 1882회)
[SELUP 2023] 1페이지까지 · 누적 14건 (요청 1883회)
[SELUP 2024] 1페이지까지 · 누적 14건 (요청 1884회)
[SELUP 2025] 1페이지까지 · 누적 14건 (요청 1885회)
[SELUP 2026] 1페이지까지 · 누적 14건 (요청 1886회)
[SEN스쿨 2023] 1페이지까지 · 누적 14건 (요청 1887회)
[SEN스쿨 2024] 1페이지까지 · 누적 14건 (요청 1888회)
[SEN스쿨 2025] 1페이지까지 · 누적 14건 (요청 1889회)
[SEN스쿨 2026] 1페이지까지 · 누적 14건 (요청 1890회)
[SJCODE 2023] 1페이지까지 · 누적 14건 (요청 1891회)
[SJCODE 2024] 1페이지까지 · 누적 14건 (요청 1892회)
[SJCODE 2025] 1페이지까지 · 누적 14건 (요청 1893회)
[SJCODE 2026] 1페이지까지 · 누적 14건 (요청 1894회)
[SMART 2023] 1페이지까지 · 누적 14건 (요청 1895회)
[SMART 2024] 1페이지까지 · 누적 14건 (요청 1896회)
[SMART 2025] 1페이지까지 · 누적 14건 (요청 1897회)
[SMART 2026] 1페이지까지 · 누적 14건 (요청 1898회)
[SMART EDU 2023] 1페이지까지 · 누적 14건 (요청 1899회)
[SMART EDU 2024] 1페이지까지 · 누적 14건 (요청 1900회)
[SMART EDU 2025] 1페이지까지 · 누적 14건 (요청 1901회)
[SMART EDU 2026] 1페이지까지 · 누적 14건 (요청 1902회)
[SMILE 2023] 1페이지까지 · 누적 15건 (요청 1904회)
[SMILE 2024] 1페이지까지 · 누적 15건 (요청 1905회)
[SMILE 2025] 1페이지까지 · 누적 15건 (요청 1906회)
[SMILE 2026] 1페이지까지 · 누적 15건 (요청 1907회)
[SMP-AI 2023] 1페이지까지 · 누적 15건 (요청 1908회)
[SMP-AI 2024] 1페이지까지 · 누적 15건 (요청 1909회)
[SMP-AI 2025] 1페이지까지 · 누적 15건 (요청 1910회)
[SMP-AI 2026] 1페이지까지 · 누적 15건 (요청 1911회)
[SOAK@home 2023] 1페이지까지 · 누적 15건 (요청 1912회)
[SOAK@home 2024] 1페이지까지 · 누적 15건 (요청 1913회)
[SOAK@home 2025] 1페이지까지 · 누적 15건 (요청 1914회)
[SOAK@home 2026] 1페이지까지 · 누적 15건 (요청 1915회)
[SPOMARU 2023] 1페이지까지 · 누적 15건 (요청 1916회)
[SPOMARU 2024] 1페이지까지 · 누적 15건 (요청 1917회)
[SPOMARU 2025] 1페이지까지 · 누적 15건 (요청 1918회)
[SPOMARU 2026] 1페이지까지 · 누적 15건 (요청 1919회)
[STEP 2023] 1페이지까지 · 누적 16건 (요청 1921회)
[STEP 2024] 1페이지까지 · 누적 16건 (요청 1922회)
[STEP 2025] 1페이지까지 · 누적 16건 (요청 1923회)
[STEP 2026] 1페이지까지 · 누적 16건 (요청 1924회)
[STLINK 2023] 1페이지까지 · 누적 16건 (요청 1925회)
[STLINK 2024] 1페이지까지 · 누적 16건 (요청 1926회)
[STLINK 2025] 1페이지까지 · 누적 16건 (요청 1927회)
[STLINK 2026] 1페이지까지 · 누적 16건 (요청 1928회)
[School AI 2023] 1페이지까지 · 누적 16건 (요청 1929회)
[School AI 2024] 1페이지까지 · 누적 16건 (요청 1930회)
[School AI 2025] 1페이지까지 · 누적 16건 (요청 1931회)
[School AI 2026] 1페이지까지 · 누적 16건 (요청 1932회)
[SchoolAI 2023] 1페이지까지 · 누적 16건 (요청 1933회)
[SchoolAI 2024] 1페이지까지 · 누적 16건 (요청 1934회)
[SchoolAI 2025] 1페이지까지 · 누적 16건 (요청 1935회)
[SchoolAI 2026] 1페이지까지 · 누적 16건 (요청 1936회)
[Science# for Android 2023] 1페이지까지 · 누적 16건 (요청 1937회)
[Science# for Android 2024] 1페이지까지 · 누적 16건 (요청 1938회)
[Science# for Android 2025] 1페이지까지 · 누적 16건 (요청 1939회)
[Science# for Android 2026] 1페이지까지 · 누적 16건 (요청 1940회)
[Science# for Windows 2023] 1페이지까지 · 누적 16건 (요청 1941회)
[Science# for Windows 2024] 1페이지까지 · 누적 16건 (요청 1942회)
[Science# for Windows 2025] 1페이지까지 · 누적 16건 (요청 1943회)
[Science# for Windows 2026] 1페이지까지 · 누적 16건 (요청 1944회)
[Science# for iOS 2023] 1페이지까지 · 누적 16건 (요청 1945회)
[Science# for iOS 2024] 1페이지까지 · 누적 16건 (요청 1946회)
[Science# for iOS 2025] 1페이지까지 · 누적 16건 (요청 1947회)
[Science# for iOS 2026] 1페이지까지 · 누적 16건 (요청 1948회)
[Science# for web 2023] 1페이지까지 · 누적 16건 (요청 1949회)
[Science# for web 2024] 1페이지까지 · 누적 16건 (요청 1950회)
[Science# for web 2025] 1페이지까지 · 누적 16건 (요청 1951회)
[Science# for web 2026] 1페이지까지 · 누적 16건 (요청 1952회)
[Seesaw 2023] 1페이지까지 · 누적 16건 (요청 1953회)
[Seesaw 2024] 1페이지까지 · 누적 16건 (요청 1954회)
[Seesaw 2025] 1페이지까지 · 누적 16건 (요청 1955회)
[Seesaw 2026] 1페이지까지 · 누적 16건 (요청 1956회)
[Shuttlerun ai 2023] 1페이지까지 · 누적 16건 (요청 1957회)
[Shuttlerun ai 2024] 1페이지까지 · 누적 16건 (요청 1958회)
[Shuttlerun ai 2025] 1페이지까지 · 누적 16건 (요청 1959회)
[Shuttlerun ai 2026] 1페이지까지 · 누적 16건 (요청 1960회)
[Sketchbook 2023] 1페이지까지 · 누적 16건 (요청 1961회)
[Sketchbook 2024] 1페이지까지 · 누적 16건 (요청 1962회)
[Sketchbook 2025] 1페이지까지 · 누적 16건 (요청 1963회)
[Sketchbook 2026] 1페이지까지 · 누적 16건 (요청 1964회)
[Smart Phonics 3rd 2023] 1페이지까지 · 누적 16건 (요청 1965회)
[Smart Phonics 3rd 2024] 1페이지까지 · 누적 16건 (요청 1966회)
[Smart Phonics 3rd 2025] 1페이지까지 · 누적 16건 (요청 1967회)
[Smart Phonics 3rd 2026] 1페이지까지 · 누적 16건 (요청 1968회)
[SmoodyAI 2023] 1페이지까지 · 누적 16건 (요청 1969회)
[SmoodyAI 2024] 1페이지까지 · 누적 16건 (요청 1970회)
[SmoodyAI 2025] 1페이지까지 · 누적 16건 (요청 1971회)
[SmoodyAI 2026] 1페이지까지 · 누적 16건 (요청 1972회)
[Socrative 2023] 1페이지까지 · 누적 16건 (요청 1973회)
[Socrative 2024] 1페이지까지 · 누적 16건 (요청 1974회)
[Socrative 2025] 1페이지까지 · 누적 16건 (요청 1975회)
[Socrative 2026] 1페이지까지 · 누적 16건 (요청 1976회)
[Solar Walk 2023] 1페이지까지 · 누적 16건 (요청 1977회)
[Solar Walk 2024] 1페이지까지 · 누적 16건 (요청 1978회)
[Solar Walk 2025] 1페이지까지 · 누적 16건 (요청 1979회)
[Solar Walk 2026] 1페이지까지 · 누적 16건 (요청 1980회)
[Sooup AI 2023] 1페이지까지 · 누적 16건 (요청 1981회)
[Sooup AI 2024] 1페이지까지 · 누적 16건 (요청 1982회)
[Sooup AI 2025] 1페이지까지 · 누적 16건 (요청 1983회)
[Sooup AI 2026] 1페이지까지 · 누적 16건 (요청 1984회)
[Soundplant 2023] 1페이지까지 · 누적 16건 (요청 1985회)
[Soundplant 2024] 1페이지까지 · 누적 16건 (요청 1986회)
[Soundplant 2025] 1페이지까지 · 누적 16건 (요청 1987회)
[Soundplant 2026] 1페이지까지 · 누적 16건 (요청 1988회)
[Spine 2023] 1페이지까지 · 누적 16건 (요청 1989회)
[Spine 2024] 1페이지까지 · 누적 16건 (요청 1990회)
[Spine 2025] 1페이지까지 · 누적 16건 (요청 1991회)
[Spine 2026] 1페이지까지 · 누적 16건 (요청 1992회)
[Spline 2023] 1페이지까지 · 누적 16건 (요청 1993회)
[Spline 2024] 1페이지까지 · 누적 16건 (요청 1994회)
[Spline 2025] 1페이지까지 · 누적 16건 (요청 1995회)
[Spline 2026] 1페이지까지 · 누적 16건 (요청 1996회)
[Steinberg 2023] 1페이지까지 · 누적 16건 (요청 1997회)
[Steinberg 2024] 1페이지까지 · 누적 16건 (요청 1998회)
[Steinberg 2025] 1페이지까지 · 누적 16건 (요청 1999회)
[Steinberg 2026] 1페이지까지 · 누적 16건 (요청 2000회)
[Stock'er 2023] 1페이지까지 · 누적 16건 (요청 2001회)
[Stock'er 2024] 1페이지까지 · 누적 16건 (요청 2002회)
[Stock'er 2025] 1페이지까지 · 누적 16건 (요청 2003회)
[Stock'er 2026] 1페이지까지 · 누적 16건 (요청 2004회)
[StoryJumper 2023] 1페이지까지 · 누적 16건 (요청 2005회)
[StoryJumper 2024] 1페이지까지 · 누적 16건 (요청 2006회)
[StoryJumper 2025] 1페이지까지 · 누적 16건 (요청 2007회)
[StoryJumper 2026] 1페이지까지 · 누적 16건 (요청 2008회)
[T-Link 2023] 1페이지까지 · 누적 16건 (요청 2009회)
[T-Link 2024] 1페이지까지 · 누적 16건 (요청 2010회)
[T-Link 2025] 1페이지까지 · 누적 16건 (요청 2011회)
[T-Link 2026] 1페이지까지 · 누적 16건 (요청 2012회)
[TCLIMB CLUB 2023] 1페이지까지 · 누적 16건 (요청 2013회)
[TCLIMB CLUB 2024] 1페이지까지 · 누적 16건 (요청 2014회)
[TCLIMB CLUB 2025] 1페이지까지 · 누적 16건 (요청 2015회)
[TCLIMB CLUB 2026] 1페이지까지 · 누적 16건 (요청 2016회)
[TCLIMBWORLD 2023] 1페이지까지 · 누적 16건 (요청 2017회)
[TCLIMBWORLD 2024] 1페이지까지 · 누적 16건 (요청 2018회)
[TCLIMBWORLD 2025] 1페이지까지 · 누적 16건 (요청 2019회)
[TCLIMBWORLD 2026] 1페이지까지 · 누적 16건 (요청 2020회)
[TOPIKBOT 2023] 1페이지까지 · 누적 16건 (요청 2021회)
[TOPIKBOT 2024] 1페이지까지 · 누적 16건 (요청 2022회)
[TOPIKBOT 2025] 1페이지까지 · 누적 16건 (요청 2023회)
[TOPIKBOT 2026] 1페이지까지 · 누적 16건 (요청 2024회)
[TUKORS 2023] 1페이지까지 · 누적 16건 (요청 2025회)
[TUKORS 2024] 1페이지까지 · 누적 16건 (요청 2026회)
[TUKORS 2025] 1페이지까지 · 누적 16건 (요청 2027회)
[TUKORS 2026] 1페이지까지 · 누적 16건 (요청 2028회)
[TexPro 2023] 1페이지까지 · 누적 16건 (요청 2029회)
[TexPro 2024] 1페이지까지 · 누적 16건 (요청 2030회)
[TexPro 2025] 1페이지까지 · 누적 16건 (요청 2031회)
[TexPro 2026] 1페이지까지 · 누적 16건 (요청 2032회)
[ThinkWise 씽크와이즈 2023] 1페이지까지 · 누적 16건 (요청 2033회)
[ThinkWise 씽크와이즈 2024] 1페이지까지 · 누적 16건 (요청 2034회)
[ThinkWise 씽크와이즈 2025] 1페이지까지 · 누적 16건 (요청 2035회)
[ThinkWise 씽크와이즈 2026] 1페이지까지 · 누적 16건 (요청 2036회)
[Toonita 2023] 1페이지까지 · 누적 16건 (요청 2037회)
[Toonita 2024] 1페이지까지 · 누적 16건 (요청 2038회)
[Toonita 2025] 1페이지까지 · 누적 16건 (요청 2039회)
[Toonita 2026] 1페이지까지 · 누적 16건 (요청 2040회)
[Toonita Video 2023] 1페이지까지 · 누적 16건 (요청 2041회)
[Toonita Video 2024] 1페이지까지 · 누적 16건 (요청 2042회)
[Toonita Video 2025] 1페이지까지 · 누적 16건 (요청 2043회)
[Toonita Video 2026] 1페이지까지 · 누적 16건 (요청 2044회)
[Transync AI 2023] 1페이지까지 · 누적 16건 (요청 2045회)
[Transync AI 2024] 1페이지까지 · 누적 16건 (요청 2046회)
[Transync AI 2025] 1페이지까지 · 누적 16건 (요청 2047회)
[Transync AI 2026] 1페이지까지 · 누적 16건 (요청 2048회)
[Turnitin / ExamSoft 2023] 1페이지까지 · 누적 16건 (요청 2049회)
[Turnitin / ExamSoft 2024] 1페이지까지 · 누적 16건 (요청 2050회)
[Turnitin / ExamSoft 2025] 1페이지까지 · 누적 16건 (요청 2051회)
[Turnitin / ExamSoft 2026] 1페이지까지 · 누적 16건 (요청 2052회)
[Twinkl.co.uk 2023] 1페이지까지 · 누적 16건 (요청 2053회)
[Twinkl.co.uk 2024] 1페이지까지 · 누적 16건 (요청 2054회)
[Twinkl.co.uk 2025] 1페이지까지 · 누적 16건 (요청 2055회)
[Twinkl.co.uk 2026] 1페이지까지 · 누적 16건 (요청 2056회)
[Typing.com 2023] 1페이지까지 · 누적 16건 (요청 2057회)
[Typing.com 2024] 1페이지까지 · 누적 16건 (요청 2058회)
[Typing.com 2025] 1페이지까지 · 누적 16건 (요청 2059회)
[Typing.com 2026] 1페이지까지 · 누적 16건 (요청 2060회)
[T셀파 2023] 1페이지까지 · 누적 16건 (요청 2061회)
[T셀파 2024] 1페이지까지 · 누적 16건 (요청 2062회)
[T셀파 2025] 1페이지까지 · 누적 16건 (요청 2063회)
[T셀파 2026] 1페이지까지 · 누적 16건 (요청 2064회)
[U&I심리검사 2023] 1페이지까지 · 누적 16건 (요청 2065회)
[U&I심리검사 2024] 1페이지까지 · 누적 16건 (요청 2066회)
[U&I심리검사 2025] 1페이지까지 · 누적 16건 (요청 2067회)
[U&I심리검사 2026] 1페이지까지 · 누적 16건 (요청 2068회)
[U+슈퍼스쿨 2023] 1페이지까지 · 누적 16건 (요청 2069회)
[U+슈퍼스쿨 2024] 1페이지까지 · 누적 16건 (요청 2070회)
[U+슈퍼스쿨 2025] 1페이지까지 · 누적 16건 (요청 2071회)
[U+슈퍼스쿨 2026] 1페이지까지 · 누적 16건 (요청 2072회)
[UFO 팽이 키트 2023] 1페이지까지 · 누적 16건 (요청 2073회)
[UFO 팽이 키트 2024] 1페이지까지 · 누적 16건 (요청 2074회)
[UFO 팽이 키트 2025] 1페이지까지 · 누적 16건 (요청 2075회)
[UFO 팽이 키트 2026] 1페이지까지 · 누적 16건 (요청 2076회)
[UNI NAV 2023] 1페이지까지 · 누적 16건 (요청 2077회)
[UNI NAV 2024] 1페이지까지 · 누적 16건 (요청 2078회)
[UNI NAV 2025] 1페이지까지 · 누적 16건 (요청 2079회)
[UNI NAV 2026] 1페이지까지 · 누적 16건 (요청 2080회)
[V-AMT 2023] 1페이지까지 · 누적 16건 (요청 2081회)
[V-AMT 2024] 1페이지까지 · 누적 18건 (요청 2084회)
[V-AMT 2025] 1페이지까지 · 누적 18건 (요청 2085회)
[V-AMT 2026] 1페이지까지 · 누적 18건 (요청 2086회)
[V-ECOD 2023] 1페이지까지 · 누적 18건 (요청 2087회)
[V-ECOD 2024] 1페이지까지 · 누적 18건 (요청 2088회)
[V-ECOD 2025] 1페이지까지 · 누적 18건 (요청 2089회)
[V-ECOD 2026] 1페이지까지 · 누적 18건 (요청 2090회)
[V-MECA 2023] 1페이지까지 · 누적 18건 (요청 2091회)
[V-MECA 2024] 1페이지까지 · 누적 18건 (요청 2092회)
[V-MECA 2025] 1페이지까지 · 누적 18건 (요청 2093회)
[V-MECA 2026] 1페이지까지 · 누적 18건 (요청 2094회)
[VARCO 3D 2023] 1페이지까지 · 누적 18건 (요청 2095회)
[VARCO 3D 2024] 1페이지까지 · 누적 18건 (요청 2096회)
[VARCO 3D 2025] 1페이지까지 · 누적 18건 (요청 2097회)
[VARCO 3D 2026] 1페이지까지 · 누적 18건 (요청 2098회)
[VARCO Sound 2023] 1페이지까지 · 누적 18건 (요청 2099회)
[VARCO Sound 2024] 1페이지까지 · 누적 18건 (요청 2100회)
[VARCO Sound 2025] 1페이지까지 · 누적 18건 (요청 2101회)
[VARCO Sound 2026] 1페이지까지 · 누적 18건 (요청 2102회)
[VARCO Translation 2023] 1페이지까지 · 누적 18건 (요청 2103회)
[VARCO Translation 2024] 1페이지까지 · 누적 18건 (요청 2104회)
[VARCO Translation 2025] 1페이지까지 · 누적 18건 (요청 2105회)
[VARCO Translation 2026] 1페이지까지 · 누적 18건 (요청 2106회)
[VARCO Voice 2023] 1페이지까지 · 누적 18건 (요청 2107회)
[VARCO Voice 2024] 1페이지까지 · 누적 18건 (요청 2108회)
[VARCO Voice 2025] 1페이지까지 · 누적 18건 (요청 2109회)
[VARCO Voice 2026] 1페이지까지 · 누적 18건 (요청 2110회)
[VET-TV 2023] 1페이지까지 · 누적 18건 (요청 2111회)
[VET-TV 2024] 1페이지까지 · 누적 18건 (요청 2112회)
[VET-TV 2025] 1페이지까지 · 누적 18건 (요청 2113회)
[VET-TV 2026] 1페이지까지 · 누적 18건 (요청 2114회)
[VEXcode 2023] 1페이지까지 · 누적 18건 (요청 2115회)
[VEXcode 2024] 1페이지까지 · 누적 18건 (요청 2116회)
[VEXcode 2025] 1페이지까지 · 누적 18건 (요청 2117회)
[VEXcode 2026] 1페이지까지 · 누적 18건 (요청 2118회)
[VLLO 2023] 1페이지까지 · 누적 18건 (요청 2119회)
[VLLO 2024] 1페이지까지 · 누적 18건 (요청 2120회)
[VLLO 2025] 1페이지까지 · 누적 18건 (요청 2121회)
[VLLO 2026] 1페이지까지 · 누적 18건 (요청 2122회)
[VR 각영어 2023] 1페이지까지 · 누적 18건 (요청 2123회)
[VR 각영어 2024] 1페이지까지 · 누적 18건 (요청 2124회)
[VR 각영어 2025] 1페이지까지 · 누적 18건 (요청 2125회)
[VR 각영어 2026] 1페이지까지 · 누적 18건 (요청 2126회)
[VR 금속활자와 직지 만들기 2023] 1페이지까지 · 누적 18건 (요청 2127회)
[VR 금속활자와 직지 만들기 2024] 1페이지까지 · 누적 18건 (요청 2128회)
[VR 금속활자와 직지 만들기 2025] 1페이지까지 · 누적 18건 (요청 2129회)
[VR 금속활자와 직지 만들기 2026] 1페이지까지 · 누적 18건 (요청 2130회)
[VR 명화게임 2023] 1페이지까지 · 누적 18건 (요청 2131회)
[VR 명화게임 2024] 1페이지까지 · 누적 18건 (요청 2132회)
[VR 명화게임 2025] 1페이지까지 · 누적 18건 (요청 2133회)
[VR 명화게임 2026] 1페이지까지 · 누적 18건 (요청 2134회)
[VR 미술 아틀리에 서비스 2023] 1페이지까지 · 누적 18건 (요청 2135회)
[VR 미술 아틀리에 서비스 2024] 1페이지까지 · 누적 18건 (요청 2136회)
[VR 미술 아틀리에 서비스 2025] 1페이지까지 · 누적 18건 (요청 2137회)
[VR 미술 아틀리에 서비스 2026] 1페이지까지 · 누적 18건 (요청 2138회)
[VR 안전교육 통합 패키지 2023] 1페이지까지 · 누적 18건 (요청 2139회)
[VR 안전교육 통합 패키지 2024] 1페이지까지 · 누적 18건 (요청 2140회)
[VR 안전교육 통합 패키지 2025] 1페이지까지 · 누적 18건 (요청 2141회)
[VR 안전교육 통합 패키지 2026] 1페이지까지 · 누적 18건 (요청 2142회)
[VR 코딩 교구 바윈 2023] 1페이지까지 · 누적 18건 (요청 2143회)
[VR 코딩 교구 바윈 2024] 1페이지까지 · 누적 18건 (요청 2144회)
[VR 코딩 교구 바윈 2025] 1페이지까지 · 누적 18건 (요청 2145회)
[VR 코딩 교구 바윈 2026] 1페이지까지 · 누적 18건 (요청 2146회)
[VRINNO-META v1.0 2023] 1페이지까지 · 누적 18건 (요청 2147회)
[VRINNO-META v1.0 2024] 1페이지까지 · 누적 18건 (요청 2148회)
[VRINNO-META v1.0 2025] 1페이지까지 · 누적 18건 (요청 2149회)
[VRINNO-META v1.0 2026] 1페이지까지 · 누적 18건 (요청 2150회)
[VRINNO-MG100 2023] 1페이지까지 · 누적 18건 (요청 2151회)
[VRINNO-MG100 2024] 1페이지까지 · 누적 18건 (요청 2152회)
[VRINNO-MG100 2025] 1페이지까지 · 누적 18건 (요청 2153회)
[VRINNO-MG100 2026] 1페이지까지 · 누적 18건 (요청 2154회)
[VRINNO-MG200 2023] 1페이지까지 · 누적 18건 (요청 2155회)
[VRINNO-MG200 2024] 1페이지까지 · 누적 18건 (요청 2156회)
[VRINNO-MG200 2025] 1페이지까지 · 누적 18건 (요청 2157회)
[VRINNO-MG200 2026] 1페이지까지 · 누적 18건 (요청 2158회)
[VRWARE ASSEMBLR EDU 2023] 1페이지까지 · 누적 18건 (요청 2159회)
[VRWARE ASSEMBLR EDU 2024] 1페이지까지 · 누적 18건 (요청 2160회)
[VRWARE ASSEMBLR EDU 2025] 1페이지까지 · 누적 18건 (요청 2161회)
[VRWARE ASSEMBLR EDU 2026] 1페이지까지 · 누적 18건 (요청 2162회)
[VRWARE edu school 2023] 1페이지까지 · 누적 18건 (요청 2163회)
[VRWARE edu school 2024] 1페이지까지 · 누적 18건 (요청 2164회)
[VRWARE edu school 2025] 1페이지까지 · 누적 18건 (요청 2165회)
[VRWARE edu school 2026] 1페이지까지 · 누적 18건 (요청 2166회)
[VlabON 2023] 1페이지까지 · 누적 18건 (요청 2167회)
[VlabON 2024] 1페이지까지 · 누적 18건 (요청 2168회)
[VlabON 2025] 1페이지까지 · 누적 18건 (요청 2169회)
[VlabON 2026] 1페이지까지 · 누적 18건 (요청 2170회)
[Vooks 2023] 1페이지까지 · 누적 18건 (요청 2171회)
[Vooks 2024] 1페이지까지 · 누적 18건 (요청 2172회)
[Vooks 2025] 1페이지까지 · 누적 18건 (요청 2173회)
[Vooks 2026] 1페이지까지 · 누적 18건 (요청 2174회)
[WAGZAK JUMP - 와그작점프 2023] 1페이지까지 · 누적 18건 (요청 2175회)
[WAGZAK JUMP - 와그작점프 2024] 1페이지까지 · 누적 18건 (요청 2176회)
[WAGZAK JUMP - 와그작점프 2025] 1페이지까지 · 누적 18건 (요청 2177회)
[WAGZAK JUMP - 와그작점프 2026] 1페이지까지 · 누적 18건 (요청 2178회)
[WBHS_CODE 2023] 1페이지까지 · 누적 18건 (요청 2179회)
[WBHS_CODE 2024] 1페이지까지 · 누적 18건 (요청 2180회)
[WBHS_CODE 2025] 1페이지까지 · 누적 18건 (요청 2181회)
[WBHS_CODE 2026] 1페이지까지 · 누적 18건 (요청 2182회)
[WeToon 2023] 1페이지까지 · 누적 18건 (요청 2183회)
[WeToon 2024] 1페이지까지 · 누적 18건 (요청 2184회)
[WeToon 2025] 1페이지까지 · 누적 18건 (요청 2185회)
[WeToon 2026] 1페이지까지 · 누적 18건 (요청 2186회)
[WeeAI 2023] 1페이지까지 · 누적 18건 (요청 2187회)
[WeeAI 2024] 1페이지까지 · 누적 18건 (요청 2188회)
[WeeAI 2025] 1페이지까지 · 누적 18건 (요청 2189회)
[WeeAI 2026] 1페이지까지 · 누적 18건 (요청 2190회)
[WiseMiM 2023] 1페이지까지 · 누적 18건 (요청 2191회)
[WiseMiM 2024] 1페이지까지 · 누적 18건 (요청 2192회)
[WiseMiM 2025] 1페이지까지 · 누적 18건 (요청 2193회)
[WiseMiM 2026] 1페이지까지 · 누적 18건 (요청 2194회)
[Wolfram Mathematica 2023] 1페이지까지 · 누적 18건 (요청 2195회)
[Wolfram Mathematica 2024] 1페이지까지 · 누적 18건 (요청 2196회)
[Wolfram Mathematica 2025] 1페이지까지 · 누적 18건 (요청 2197회)
[Wolfram Mathematica 2026] 1페이지까지 · 누적 18건 (요청 2198회)
[XR 실감형 안전 교육 및 리포트 서비스 2023] 1페이지까지 · 누적 18건 (요청 2199회)
[XR 실감형 안전 교육 및 리포트 서비스 2024] 1페이지까지 · 누적 18건 (요청 2200회)
[XR 실감형 안전 교육 및 리포트 서비스 2025] 1페이지까지 · 누적 18건 (요청 2201회)
[XR 실감형 안전 교육 및 리포트 서비스 2026] 1페이지까지 · 누적 18건 (요청 2202회)
[XR 실감형 체험존 2023] 1페이지까지 · 누적 18건 (요청 2203회)
[XR 실감형 체험존 2024] 1페이지까지 · 누적 18건 (요청 2204회)
[XR 실감형 체험존 2025] 1페이지까지 · 누적 18건 (요청 2205회)
[XR 실감형 체험존 2026] 1페이지까지 · 누적 18건 (요청 2206회)
[XR매직 2023] 1페이지까지 · 누적 18건 (요청 2207회)
[XR매직 2024] 1페이지까지 · 누적 18건 (요청 2208회)
[XR매직 2025] 1페이지까지 · 누적 18건 (요청 2209회)
[XR매직 2026] 1페이지까지 · 누적 18건 (요청 2210회)
[XR사격 2023] 1페이지까지 · 누적 18건 (요청 2211회)
[XR사격 2024] 1페이지까지 · 누적 18건 (요청 2212회)
[XR사격 2025] 1페이지까지 · 누적 18건 (요청 2213회)
[XR사격 2026] 1페이지까지 · 누적 18건 (요청 2214회)
[XR쇼룸 2023] 1페이지까지 · 누적 18건 (요청 2215회)
[XR쇼룸 2024] 1페이지까지 · 누적 18건 (요청 2216회)
[XR쇼룸 2025] 1페이지까지 · 누적 18건 (요청 2217회)
[XR쇼룸 2026] 1페이지까지 · 누적 18건 (요청 2218회)
[XR스크린 2023] 1페이지까지 · 누적 18건 (요청 2219회)
[XR스크린 2024] 1페이지까지 · 누적 18건 (요청 2220회)
[XR스크린 2025] 1페이지까지 · 누적 18건 (요청 2221회)
[XR스크린 2026] 1페이지까지 · 누적 18건 (요청 2222회)
[XR스크린 전용 소프트웨어 2023] 1페이지까지 · 누적 18건 (요청 2223회)
[XR스크린 전용 소프트웨어 2024] 1페이지까지 · 누적 18건 (요청 2224회)
[XR스크린 전용 소프트웨어 2025] 1페이지까지 · 누적 18건 (요청 2225회)
[XR스크린 전용 소프트웨어 2026] 1페이지까지 · 누적 18건 (요청 2226회)
[XR스키 2023] 1페이지까지 · 누적 18건 (요청 2227회)
[XR스키 2024] 1페이지까지 · 누적 18건 (요청 2228회)
[XR스키 2025] 1페이지까지 · 누적 18건 (요청 2229회)
[XR스키 2026] 1페이지까지 · 누적 18건 (요청 2230회)
[Xeropan 2023] 1페이지까지 · 누적 18건 (요청 2231회)
[Xeropan 2024] 1페이지까지 · 누적 18건 (요청 2232회)
[Xeropan 2025] 1페이지까지 · 누적 18건 (요청 2233회)
[Xeropan 2026] 1페이지까지 · 누적 18건 (요청 2234회)
[YBM 뉴스오매틱 2023] 1페이지까지 · 누적 18건 (요청 2235회)
[YBM 뉴스오매틱 2024] 1페이지까지 · 누적 18건 (요청 2236회)
[YBM 뉴스오매틱 2025] 1페이지까지 · 누적 18건 (요청 2237회)
[YBM 뉴스오매틱 2026] 1페이지까지 · 누적 18건 (요청 2238회)
[YBM 리딩팜 2023] 1페이지까지 · 누적 18건 (요청 2239회)
[YBM 리딩팜 2024] 1페이지까지 · 누적 18건 (요청 2240회)
[YBM 리딩팜 2025] 1페이지까지 · 누적 18건 (요청 2241회)
[YBM 리딩팜 2026] 1페이지까지 · 누적 18건 (요청 2242회)
[YBM 북커클래스 2023] 1페이지까지 · 누적 18건 (요청 2243회)
[YBM 북커클래스 2024] 1페이지까지 · 누적 18건 (요청 2244회)
[YBM 북커클래스 2025] 1페이지까지 · 누적 18건 (요청 2245회)
[YBM 북커클래스 2026] 1페이지까지 · 누적 18건 (요청 2246회)
[Y클라우드 2023] 1페이지까지 · 누적 18건 (요청 2247회)
[Y클라우드 2024] 1페이지까지 · 누적 18건 (요청 2248회)
[Y클라우드 2025] 1페이지까지 · 누적 18건 (요청 2249회)
[Y클라우드 2026] 1페이지까지 · 누적 18건 (요청 2250회)
[abds-1000M 2023] 1페이지까지 · 누적 18건 (요청 2251회)
[abds-1000M 2024] 1페이지까지 · 누적 18건 (요청 2252회)
[abds-1000M 2025] 1페이지까지 · 누적 18건 (요청 2253회)
[abds-1000M 2026] 1페이지까지 · 누적 18건 (요청 2254회)
[aidreammap 2023] 1페이지까지 · 누적 18건 (요청 2255회)
[aidreammap 2024] 1페이지까지 · 누적 18건 (요청 2256회)
[aidreammap 2025] 1페이지까지 · 누적 18건 (요청 2257회)
[aidreammap 2026] 1페이지까지 · 누적 18건 (요청 2258회)
[aiedu.love 2023] 1페이지까지 · 누적 18건 (요청 2259회)
[aiedu.love 2024] 1페이지까지 · 누적 18건 (요청 2260회)
[aiedu.love 2025] 1페이지까지 · 누적 18건 (요청 2261회)
[aiedu.love 2026] 1페이지까지 · 누적 18건 (요청 2262회)
[arkain 2023] 1페이지까지 · 누적 18건 (요청 2263회)
[arkain 2024] 1페이지까지 · 누적 18건 (요청 2264회)
[arkain 2025] 1페이지까지 · 누적 18건 (요청 2265회)
[arkain 2026] 1페이지까지 · 누적 18건 (요청 2266회)
[devth 2023] 1페이지까지 · 누적 18건 (요청 2267회)
[devth 2024] 1페이지까지 · 누적 18건 (요청 2268회)
[devth 2025] 1페이지까지 · 누적 18건 (요청 2269회)
[devth 2026] 1페이지까지 · 누적 18건 (요청 2270회)
[e-GIS 2023] 1페이지까지 · 누적 18건 (요청 2271회)
[e-GIS 2024] 1페이지까지 · 누적 18건 (요청 2272회)
[e-GIS 2025] 1페이지까지 · 누적 18건 (요청 2273회)
[e-GIS 2026] 1페이지까지 · 누적 18건 (요청 2274회)
[e-NIE 2023] 1페이지까지 · 누적 24건 (요청 2281회)
[e-NIE 2024] 1페이지까지 · 누적 25건 (요청 2283회)
[e-NIE 2025] 1페이지까지 · 누적 25건 (요청 2284회)
[e-NIE 2026] 1페이지까지 · 누적 25건 (요청 2285회)
[e-RS 2023] 1페이지까지 · 누적 25건 (요청 2286회)
[e-RS 2024] 1페이지까지 · 누적 25건 (요청 2287회)
[e-RS 2025] 1페이지까지 · 누적 25건 (요청 2288회)
[e-RS 2026] 1페이지까지 · 누적 25건 (요청 2289회)
[eDIBON SCADA SYSTEM 2023] 1페이지까지 · 누적 25건 (요청 2290회)
[eDIBON SCADA SYSTEM 2024] 1페이지까지 · 누적 25건 (요청 2291회)
[eDIBON SCADA SYSTEM 2025] 1페이지까지 · 누적 25건 (요청 2292회)
[eDIBON SCADA SYSTEM 2026] 1페이지까지 · 누적 25건 (요청 2293회)
[ePAPS 2023] 1페이지까지 · 누적 25건 (요청 2294회)
[ePAPS 2024] 1페이지까지 · 누적 25건 (요청 2295회)
[ePAPS 2025] 1페이지까지 · 누적 25건 (요청 2296회)
[ePAPS 2026] 1페이지까지 · 누적 25건 (요청 2297회)
[ed_Glasses1 & 열공비서 2023] 1페이지까지 · 누적 25건 (요청 2298회)
[ed_Glasses1 & 열공비서 2024] 1페이지까지 · 누적 25건 (요청 2299회)
[ed_Glasses1 & 열공비서 2025] 1페이지까지 · 누적 25건 (요청 2300회)
[ed_Glasses1 & 열공비서 2026] 1페이지까지 · 누적 25건 (요청 2301회)
[exbody670 2023] 1페이지까지 · 누적 25건 (요청 2302회)
[exbody670 2024] 1페이지까지 · 누적 25건 (요청 2303회)
[exbody670 2025] 1페이지까지 · 누적 25건 (요청 2304회)
[exbody670 2026] 1페이지까지 · 누적 25건 (요청 2305회)
[e알리미 2023] 2페이지까지 · 누적 46건 (요청 2328회)
[e알리미 2024] 2페이지까지 · 누적 70건 (요청 2354회)
[e알리미 2025] 2페이지까지 · 누적 90건 (요청 2376회)
[e알리미 2026] 2페이지까지 · 누적 108건 (요청 2396회)
[iCUBE 핵심ERP 2023] 1페이지까지 · 누적 108건 (요청 2397회)
[iCUBE 핵심ERP 2024] 1페이지까지 · 누적 108건 (요청 2398회)
[iCUBE 핵심ERP 2025] 1페이지까지 · 누적 108건 (요청 2399회)
[iCUBE 핵심ERP 2026] 1페이지까지 · 누적 108건 (요청 2400회)
[ibisPaint Edu 2023] 1페이지까지 · 누적 108건 (요청 2401회)
[ibisPaint Edu 2024] 1페이지까지 · 누적 108건 (요청 2402회)
[ibisPaint Edu 2025] 1페이지까지 · 누적 108건 (요청 2403회)
[ibisPaint Edu 2026] 1페이지까지 · 누적 108건 (요청 2404회)
[ingyu's ai world 2023] 1페이지까지 · 누적 108건 (요청 2405회)
[ingyu's ai world 2024] 1페이지까지 · 누적 108건 (요청 2406회)
[ingyu's ai world 2025] 1페이지까지 · 누적 108건 (요청 2407회)
[ingyu's ai world 2026] 1페이지까지 · 누적 108건 (요청 2408회)
[inline AI 2023] 1페이지까지 · 누적 108건 (요청 2409회)
[inline AI 2024] 1페이지까지 · 누적 108건 (요청 2410회)
[inline AI 2025] 1페이지까지 · 누적 108건 (요청 2411회)
[inline AI 2026] 1페이지까지 · 누적 108건 (요청 2412회)
[interai 2023] 1페이지까지 · 누적 108건 (요청 2413회)
[interai 2024] 1페이지까지 · 누적 108건 (요청 2414회)
[interai 2025] 1페이지까지 · 누적 108건 (요청 2415회)
[interai 2026] 1페이지까지 · 누적 108건 (요청 2416회)
[issamGPT 2023] 1페이지까지 · 누적 108건 (요청 2417회)
[issamGPT 2024] 1페이지까지 · 누적 108건 (요청 2418회)
[issamGPT 2025] 1페이지까지 · 누적 108건 (요청 2419회)
[issamGPT 2026] 1페이지까지 · 누적 108건 (요청 2420회)
[klass 2023] 1페이지까지 · 누적 108건 (요청 2421회)
[klass 2024] 1페이지까지 · 누적 108건 (요청 2422회)
[klass 2025] 1페이지까지 · 누적 108건 (요청 2423회)
[klass 2026] 1페이지까지 · 누적 108건 (요청 2424회)
[learn.concord.org 2023] 1페이지까지 · 누적 108건 (요청 2425회)
[learn.concord.org 2024] 1페이지까지 · 누적 108건 (요청 2426회)
[learn.concord.org 2025] 1페이지까지 · 누적 108건 (요청 2427회)
[learn.concord.org 2026] 1페이지까지 · 누적 108건 (요청 2428회)
[lit---ry 2023] 1페이지까지 · 누적 108건 (요청 2429회)
[lit---ry 2024] 1페이지까지 · 누적 108건 (요청 2430회)
[lit---ry 2025] 1페이지까지 · 누적 108건 (요청 2431회)
[lit---ry 2026] 1페이지까지 · 누적 108건 (요청 2432회)
[master K 2023] 1페이지까지 · 누적 108건 (요청 2433회)
[master K 2024] 1페이지까지 · 누적 108건 (요청 2434회)
[master K 2025] 1페이지까지 · 누적 108건 (요청 2435회)
[master K 2026] 1페이지까지 · 누적 108건 (요청 2436회)
[masterTOPIK 2023] 1페이지까지 · 누적 108건 (요청 2437회)
[masterTOPIK 2024] 1페이지까지 · 누적 108건 (요청 2438회)
[masterTOPIK 2025] 1페이지까지 · 누적 108건 (요청 2439회)
[masterTOPIK 2026] 1페이지까지 · 누적 108건 (요청 2440회)
[myCompiler 2023] 1페이지까지 · 누적 108건 (요청 2441회)
[myCompiler 2024] 1페이지까지 · 누적 108건 (요청 2442회)
[myCompiler 2025] 1페이지까지 · 누적 108건 (요청 2443회)
[myCompiler 2026] 1페이지까지 · 누적 108건 (요청 2444회)
[onlinegdb.com 2023] 1페이지까지 · 누적 108건 (요청 2445회)
[onlinegdb.com 2024] 1페이지까지 · 누적 108건 (요청 2446회)
[onlinegdb.com 2025] 1페이지까지 · 누적 108건 (요청 2447회)
[onlinegdb.com 2026] 1페이지까지 · 누적 108건 (요청 2448회)
[penta-view 2023] 1페이지까지 · 누적 108건 (요청 2449회)
[penta-view 2024] 1페이지까지 · 누적 108건 (요청 2450회)
[penta-view 2025] 1페이지까지 · 누적 108건 (요청 2451회)
[penta-view 2026] 1페이지까지 · 누적 108건 (요청 2452회)
[pocketCPR하트푸쉬 2023] 1페이지까지 · 누적 108건 (요청 2453회)
[pocketCPR하트푸쉬 2024] 1페이지까지 · 누적 108건 (요청 2454회)
[pocketCPR하트푸쉬 2025] 1페이지까지 · 누적 108건 (요청 2455회)
[pocketCPR하트푸쉬 2026] 1페이지까지 · 누적 108건 (요청 2456회)
[pocketCPR하트푸쉬 키트 2023] 1페이지까지 · 누적 108건 (요청 2457회)
[pocketCPR하트푸쉬 키트 2024] 1페이지까지 · 누적 108건 (요청 2458회)
[pocketCPR하트푸쉬 키트 2025] 1페이지까지 · 누적 108건 (요청 2459회)
[pocketCPR하트푸쉬 키트 2026] 1페이지까지 · 누적 108건 (요청 2460회)
[puple 2023] 1페이지까지 · 누적 108건 (요청 2461회)
[puple 2024] 1페이지까지 · 누적 108건 (요청 2462회)
[puple 2025] 1페이지까지 · 누적 108건 (요청 2463회)
[puple 2026] 1페이지까지 · 누적 108건 (요청 2464회)
[schoolsms 2023] 1페이지까지 · 누적 108건 (요청 2465회)
[schoolsms 2024] 1페이지까지 · 누적 108건 (요청 2466회)
[schoolsms 2025] 1페이지까지 · 누적 108건 (요청 2467회)
[schoolsms 2026] 1페이지까지 · 누적 108건 (요청 2468회)
[soopeh 2023] 1페이지까지 · 누적 108건 (요청 2469회)
[soopeh 2024] 1페이지까지 · 누적 108건 (요청 2470회)
[soopeh 2025] 1페이지까지 · 누적 108건 (요청 2471회)
[soopeh 2026] 1페이지까지 · 누적 108건 (요청 2472회)
[tubeLXA 2023] 1페이지까지 · 누적 108건 (요청 2473회)
[tubeLXA 2024] 1페이지까지 · 누적 108건 (요청 2474회)
[tubeLXA 2025] 1페이지까지 · 누적 108건 (요청 2475회)
[tubeLXA 2026] 1페이지까지 · 누적 108건 (요청 2476회)
[uCode4 2023] 1페이지까지 · 누적 108건 (요청 2477회)
[uCode4 2024] 1페이지까지 · 누적 108건 (요청 2478회)
[uCode4 2025] 1페이지까지 · 누적 108건 (요청 2479회)
[uCode4 2026] 1페이지까지 · 누적 108건 (요청 2480회)
[uTradeEdu 2023] 1페이지까지 · 누적 108건 (요청 2481회)
[uTradeEdu 2024] 1페이지까지 · 누적 108건 (요청 2482회)
[uTradeEdu 2025] 1페이지까지 · 누적 108건 (요청 2483회)
[uTradeEdu 2026] 1페이지까지 · 누적 108건 (요청 2484회)
[vFlat 2023] 1페이지까지 · 누적 108건 (요청 2485회)
[vFlat 2024] 1페이지까지 · 누적 108건 (요청 2486회)
[vFlat 2025] 1페이지까지 · 누적 108건 (요청 2487회)
[vFlat 2026] 1페이지까지 · 누적 108건 (요청 2488회)
[wiCuri 2023] 1페이지까지 · 누적 108건 (요청 2489회)
[wiCuri 2024] 1페이지까지 · 누적 108건 (요청 2490회)
[wiCuri 2025] 1페이지까지 · 누적 108건 (요청 2491회)
[wiCuri 2026] 1페이지까지 · 누적 108건 (요청 2492회)
[xTool F1 2023] 1페이지까지 · 누적 108건 (요청 2493회)
[xTool F1 2024] 1페이지까지 · 누적 108건 (요청 2494회)
[xTool F1 2025] 1페이지까지 · 누적 108건 (요청 2495회)
[xTool F1 2026] 1페이지까지 · 누적 108건 (요청 2496회)
[xTool S1 2023] 1페이지까지 · 누적 108건 (요청 2497회)
[xTool S1 2024] 1페이지까지 · 누적 108건 (요청 2498회)
[xTool S1 2025] 1페이지까지 · 누적 108건 (요청 2499회)
[xTool S1 2026] 1페이지까지 · 누적 108건 (요청 2500회)
[zSpace Studio A3 2023] 1페이지까지 · 누적 108건 (요청 2501회)
[zSpace Studio A3 2024] 1페이지까지 · 누적 108건 (요청 2502회)
[zSpace Studio A3 2025] 1페이지까지 · 누적 108건 (요청 2503회)
[zSpace Studio A3 2026] 1페이지까지 · 누적 108건 (요청 2504회)
[『울산교육종단연구 2024』본조사 시스템 2023] 1페이지까지 · 누적 108건 (요청 2505회)
[『울산교육종단연구 2024』본조사 시스템 2024] 1페이지까지 · 누적 108건 (요청 2506회)
[『울산교육종단연구 2024』본조사 시스템 2025] 1페이지까지 · 누적 108건 (요청 2507회)
[『울산교육종단연구 2024』본조사 시스템 2026] 1페이지까지 · 누적 108건 (요청 2508회)
[가람수강신청시스템 2023] 1페이지까지 · 누적 108건 (요청 2509회)
[가람수강신청시스템 2024] 1페이지까지 · 누적 108건 (요청 2510회)
[가람수강신청시스템 2025] 1페이지까지 · 누적 108건 (요청 2511회)
[가람수강신청시스템 2026] 1페이지까지 · 누적 108건 (요청 2512회)
[가르침 AI 동화 2023] 1페이지까지 · 누적 108건 (요청 2513회)
[가르침 AI 동화 2024] 1페이지까지 · 누적 108건 (요청 2514회)
[가르침 AI 동화 2025] 1페이지까지 · 누적 108건 (요청 2515회)
[가르침 AI 동화 2026] 1페이지까지 · 누적 108건 (요청 2516회)
[가상현실 과학실험 2023] 1페이지까지 · 누적 108건 (요청 2517회)
[가상현실 과학실험 2024] 1페이지까지 · 누적 108건 (요청 2518회)
[가상현실 과학실험 2025] 1페이지까지 · 누적 108건 (요청 2519회)
[가상현실 과학실험 2026] 1페이지까지 · 누적 108건 (요청 2520회)
[간이정신진단검사II 2023] 1페이지까지 · 누적 108건 (요청 2521회)
[간이정신진단검사II 2024] 1페이지까지 · 누적 108건 (요청 2522회)
[간이정신진단검사II 2025] 1페이지까지 · 누적 108건 (요청 2523회)
[간이정신진단검사II 2026] 1페이지까지 · 누적 108건 (요청 2524회)
[감정자유기법 2023] 1페이지까지 · 누적 108건 (요청 2525회)
[감정자유기법 2024] 1페이지까지 · 누적 108건 (요청 2526회)
[감정자유기법 2025] 1페이지까지 · 누적 108건 (요청 2527회)
[감정자유기법 2026] 1페이지까지 · 누적 108건 (요청 2528회)
[갓피플성경 2023] 1페이지까지 · 누적 108건 (요청 2529회)
[갓피플성경 2024] 1페이지까지 · 누적 108건 (요청 2530회)
[갓피플성경 2025] 1페이지까지 · 누적 108건 (요청 2531회)
[갓피플성경 2026] 1페이지까지 · 누적 108건 (요청 2532회)
[강아지형 4족 AI 체험로봇 파이독 2023] 1페이지까지 · 누적 108건 (요청 2533회)
[강아지형 4족 AI 체험로봇 파이독 2024] 1페이지까지 · 누적 108건 (요청 2534회)
[강아지형 4족 AI 체험로봇 파이독 2025] 1페이지까지 · 누적 108건 (요청 2535회)
[강아지형 4족 AI 체험로봇 파이독 2026] 1페이지까지 · 누적 108건 (요청 2536회)
[강원아이로 2023] 1페이지까지 · 누적 108건 (요청 2537회)
[강원아이로 2024] 1페이지까지 · 누적 108건 (요청 2538회)
[강원아이로 2025] 1페이지까지 · 누적 108건 (요청 2539회)
[강원아이로 2026] 1페이지까지 · 누적 108건 (요청 2540회)
[강원진학지원센터 2023] 1페이지까지 · 누적 108건 (요청 2541회)
[강원진학지원센터 2024] 1페이지까지 · 누적 108건 (요청 2542회)
[강원진학지원센터 2025] 1페이지까지 · 누적 108건 (요청 2543회)
[강원진학지원센터 2026] 1페이지까지 · 누적 108건 (요청 2544회)
[강원특별자치도교육청 통합전자도서관 2023] 1페이지까지 · 누적 108건 (요청 2545회)
[강원특별자치도교육청 통합전자도서관 2024] 1페이지까지 · 누적 108건 (요청 2546회)
[강원특별자치도교육청 통합전자도서관 2025] 1페이지까지 · 누적 108건 (요청 2547회)
[강원특별자치도교육청 통합전자도서관 2026] 1페이지까지 · 누적 108건 (요청 2548회)
[개념도감 2023] 1페이지까지 · 누적 108건 (요청 2549회)
[개념도감 2024] 1페이지까지 · 누적 108건 (요청 2550회)
[개념도감 2025] 1페이지까지 · 누적 108건 (요청 2551회)
[개념도감 2026] 1페이지까지 · 누적 108건 (요청 2552회)
[개발자 꿈나무를 위한 AI 교육 2023] 1페이지까지 · 누적 108건 (요청 2553회)
[개발자 꿈나무를 위한 AI 교육 2024] 1페이지까지 · 누적 108건 (요청 2554회)
[개발자 꿈나무를 위한 AI 교육 2025] 1페이지까지 · 누적 108건 (요청 2555회)
[개발자 꿈나무를 위한 AI 교육 2026] 1페이지까지 · 누적 108건 (요청 2556회)
[건강새싹채소 2023] 1페이지까지 · 누적 108건 (요청 2557회)
[건강새싹채소 2024] 1페이지까지 · 누적 108건 (요청 2558회)
[건강새싹채소 2025] 1페이지까지 · 누적 108건 (요청 2559회)
[건강새싹채소 2026] 1페이지까지 · 누적 108건 (요청 2560회)
[건축디자이너 키트 2023] 1페이지까지 · 누적 108건 (요청 2561회)
[건축디자이너 키트 2024] 1페이지까지 · 누적 108건 (요청 2562회)
[건축디자이너 키트 2025] 1페이지까지 · 누적 108건 (요청 2563회)
[건축디자이너 키트 2026] 1페이지까지 · 누적 108건 (요청 2564회)
[게티스캐치 2023] 1페이지까지 · 누적 108건 (요청 2565회)
[게티스캐치 2024] 1페이지까지 · 누적 108건 (요청 2566회)
[게티스캐치 2025] 1페이지까지 · 누적 108건 (요청 2567회)
[게티스캐치 2026] 1페이지까지 · 누적 108건 (요청 2568회)
[경기 Be-Able _경기도교육청 2023] 1페이지까지 · 누적 108건 (요청 2569회)
[경기 Be-Able _경기도교육청 2024] 1페이지까지 · 누적 108건 (요청 2570회)
[경기 Be-Able _경기도교육청 2025] 1페이지까지 · 누적 108건 (요청 2571회)
[경기 Be-Able _경기도교육청 2026] 1페이지까지 · 누적 108건 (요청 2572회)
[경기고교학점제_경기도교육청 2023] 1페이지까지 · 누적 108건 (요청 2573회)
[경기고교학점제_경기도교육청 2024] 1페이지까지 · 누적 108건 (요청 2574회)
[경기고교학점제_경기도교육청 2025] 1페이지까지 · 누적 108건 (요청 2575회)
[경기고교학점제_경기도교육청 2026] 1페이지까지 · 누적 108건 (요청 2576회)
[경기관광 플랫폼 2023] 1페이지까지 · 누적 108건 (요청 2577회)
[경기관광 플랫폼 2024] 1페이지까지 · 누적 108건 (요청 2578회)
[경기관광 플랫폼 2025] 1페이지까지 · 누적 108건 (요청 2579회)
[경기관광 플랫폼 2026] 1페이지까지 · 누적 108건 (요청 2580회)
[경기도교육청전자도서관_경기도교육청 2023] 1페이지까지 · 누적 108건 (요청 2581회)
[경기도교육청전자도서관_경기도교육청 2024] 1페이지까지 · 누적 108건 (요청 2582회)
[경기도교육청전자도서관_경기도교육청 2025] 1페이지까지 · 누적 108건 (요청 2583회)
[경기도교육청전자도서관_경기도교육청 2026] 1페이지까지 · 누적 108건 (요청 2584회)
[경기온라인학교_경기도교육청 2023] 1페이지까지 · 누적 108건 (요청 2585회)
[경기온라인학교_경기도교육청 2024] 1페이지까지 · 누적 108건 (요청 2586회)
[경기온라인학교_경기도교육청 2025] 1페이지까지 · 누적 108건 (요청 2587회)
[경기온라인학교_경기도교육청 2026] 1페이지까지 · 누적 108건 (요청 2588회)
[경기환경실천소프트웨어 _경기도교육청 2023] 1페이지까지 · 누적 108건 (요청 2589회)
[경기환경실천소프트웨어 _경기도교육청 2024] 1페이지까지 · 누적 108건 (요청 2590회)
[경기환경실천소프트웨어 _경기도교육청 2025] 1페이지까지 · 누적 108건 (요청 2591회)
[경기환경실천소프트웨어 _경기도교육청 2026] 1페이지까지 · 누적 108건 (요청 2592회)
[경남형 진로교육 지원 플랫폼 2023] 1페이지까지 · 누적 108건 (요청 2593회)
[경남형 진로교육 지원 플랫폼 2024] 1페이지까지 · 누적 108건 (요청 2594회)
[경남형 진로교육 지원 플랫폼 2025] 1페이지까지 · 누적 108건 (요청 2595회)
[경남형 진로교육 지원 플랫폼 2026] 1페이지까지 · 누적 108건 (요청 2596회)
[경량형 버나 만들기 키트 2023] 1페이지까지 · 누적 108건 (요청 2597회)
[경량형 버나 만들기 키트 2024] 1페이지까지 · 누적 108건 (요청 2598회)
[경량형 버나 만들기 키트 2025] 1페이지까지 · 누적 108건 (요청 2599회)
[경량형 버나 만들기 키트 2026] 1페이지까지 · 누적 108건 (요청 2600회)
[경상남도교육청 전자도서관 2023] 1페이지까지 · 누적 108건 (요청 2601회)
[경상남도교육청 전자도서관 2024] 1페이지까지 · 누적 108건 (요청 2602회)
[경상남도교육청 전자도서관 2025] 1페이지까지 · 누적 108건 (요청 2603회)
[경상남도교육청 전자도서관 2026] 1페이지까지 · 누적 108건 (요청 2604회)
[경상북도교육청전자도서관 2023] 1페이지까지 · 누적 108건 (요청 2605회)
[경상북도교육청전자도서관 2024] 1페이지까지 · 누적 108건 (요청 2606회)
[경상북도교육청전자도서관 2025] 1페이지까지 · 누적 108건 (요청 2607회)
[경상북도교육청전자도서관 2026] 1페이지까지 · 누적 108건 (요청 2608회)
[경영전략 시뮬레이션 MaTS 게임 2023] 1페이지까지 · 누적 108건 (요청 2609회)
[경영전략 시뮬레이션 MaTS 게임 2024] 1페이지까지 · 누적 108건 (요청 2610회)
[경영전략 시뮬레이션 MaTS 게임 2025] 1페이지까지 · 누적 108건 (요청 2611회)
[경영전략 시뮬레이션 MaTS 게임 2026] 1페이지까지 · 누적 108건 (요청 2612회)
[경원 클래스룸 2023] 1페이지까지 · 누적 108건 (요청 2613회)
[경원 클래스룸 2024] 1페이지까지 · 누적 108건 (요청 2614회)
[경원 클래스룸 2025] 1페이지까지 · 누적 108건 (요청 2615회)
[경원 클래스룸 2026] 1페이지까지 · 누적 108건 (요청 2616회)
[경제교실 이코노미아 2023] 1페이지까지 · 누적 108건 (요청 2617회)
[경제교실 이코노미아 2024] 1페이지까지 · 누적 108건 (요청 2618회)
[경제교실 이코노미아 2025] 1페이지까지 · 누적 108건 (요청 2619회)
[경제교실 이코노미아 2026] 1페이지까지 · 누적 108건 (요청 2620회)
[고교 연금 수업 플랫폼 2023] 1페이지까지 · 누적 108건 (요청 2621회)
[고교 연금 수업 플랫폼 2024] 1페이지까지 · 누적 108건 (요청 2622회)
[고교 연금 수업 플랫폼 2025] 1페이지까지 · 누적 108건 (요청 2623회)
[고교 연금 수업 플랫폼 2026] 1페이지까지 · 누적 108건 (요청 2624회)
[고교학점제 대비 대학계열 탐색검사 2023] 1페이지까지 · 누적 108건 (요청 2625회)
[고교학점제 대비 대학계열 탐색검사 2024] 1페이지까지 · 누적 108건 (요청 2626회)
[고교학점제 대비 대학계열 탐색검사 2025] 1페이지까지 · 누적 108건 (요청 2627회)
[고교학점제 대비 대학계열 탐색검사 2026] 1페이지까지 · 누적 108건 (요청 2628회)
[고교학점제 수강신청 프로그램 2023] 1페이지까지 · 누적 108건 (요청 2629회)
[고교학점제 수강신청 프로그램 2024] 1페이지까지 · 누적 109건 (요청 2631회)
[고교학점제 수강신청 프로그램 2025] 1페이지까지 · 누적 109건 (요청 2632회)
[고교학점제 수강신청 프로그램 2026] 1페이지까지 · 누적 109건 (요청 2633회)
[고교학점제학사관리프로그램 2023] 1페이지까지 · 누적 109건 (요청 2634회)
[고교학점제학사관리프로그램 2024] 1페이지까지 · 누적 109건 (요청 2635회)
[고교학점제학사관리프로그램 2025] 1페이지까지 · 누적 109건 (요청 2636회)
[고교학점제학사관리프로그램 2026] 1페이지까지 · 누적 109건 (요청 2637회)
[고둥둥심포니 Composer 앱 2023] 1페이지까지 · 누적 109건 (요청 2638회)
[고둥둥심포니 Composer 앱 2024] 1페이지까지 · 누적 109건 (요청 2639회)
[고둥둥심포니 Composer 앱 2025] 1페이지까지 · 누적 109건 (요청 2640회)
[고둥둥심포니 Composer 앱 2026] 1페이지까지 · 누적 109건 (요청 2641회)
[고둥둥심포니 for EDU 2023] 1페이지까지 · 누적 109건 (요청 2642회)
[고둥둥심포니 for EDU 2024] 1페이지까지 · 누적 109건 (요청 2643회)
[고둥둥심포니 for EDU 2025] 1페이지까지 · 누적 109건 (요청 2644회)
[고둥둥심포니 for EDU 2026] 1페이지까지 · 누적 109건 (요청 2645회)
[고등 공통수학1 전인태 AI 디지털 교육자료 2023] 1페이지까지 · 누적 109건 (요청 2646회)
[고등 공통수학1 전인태 AI 디지털 교육자료 2024] 1페이지까지 · 누적 109건 (요청 2647회)
[고등 공통수학1 전인태 AI 디지털 교육자료 2025] 1페이지까지 · 누적 109건 (요청 2648회)
[고등 공통수학1 전인태 AI 디지털 교육자료 2026] 1페이지까지 · 누적 109건 (요청 2649회)
[고등 공통수학1 홍진곤 AI 디지털 교육자료 2023] 1페이지까지 · 누적 109건 (요청 2650회)
[고등 공통수학1 홍진곤 AI 디지털 교육자료 2024] 1페이지까지 · 누적 109건 (요청 2651회)
[고등 공통수학1 홍진곤 AI 디지털 교육자료 2025] 1페이지까지 · 누적 109건 (요청 2652회)
[고등 공통수학1 홍진곤 AI 디지털 교육자료 2026] 1페이지까지 · 누적 109건 (요청 2653회)
[고등 공통수학2 전인태 AI 디지털 교육자료 2023] 1페이지까지 · 누적 109건 (요청 2654회)
[고등 공통수학2 전인태 AI 디지털 교육자료 2024] 1페이지까지 · 누적 109건 (요청 2655회)
[고등 공통수학2 전인태 AI 디지털 교육자료 2025] 1페이지까지 · 누적 109건 (요청 2656회)
[고등 공통수학2 전인태 AI 디지털 교육자료 2026] 1페이지까지 · 누적 109건 (요청 2657회)
[고등 공통수학2 홍진곤 AI 디지털 교육자료 2023] 1페이지까지 · 누적 109건 (요청 2658회)
[고등 공통수학2 홍진곤 AI 디지털 교육자료 2024] 1페이지까지 · 누적 109건 (요청 2659회)
[고등 공통수학2 홍진곤 AI 디지털 교육자료 2025] 1페이지까지 · 누적 109건 (요청 2660회)
[고등 공통수학2 홍진곤 AI 디지털 교육자료 2026] 1페이지까지 · 누적 109건 (요청 2661회)
[고등 공통영어1 강상구 AI 디지털 교육자료 2023] 1페이지까지 · 누적 109건 (요청 2662회)
[고등 공통영어1 강상구 AI 디지털 교육자료 2024] 1페이지까지 · 누적 109건 (요청 2663회)
[고등 공통영어1 강상구 AI 디지털 교육자료 2025] 1페이지까지 · 누적 109건 (요청 2664회)
[고등 공통영어1 강상구 AI 디지털 교육자료 2026] 1페이지까지 · 누적 109건 (요청 2665회)
[고등 공통영어1 조수경 AI 디지털 교육자료 2023] 1페이지까지 · 누적 109건 (요청 2666회)
[고등 공통영어1 조수경 AI 디지털 교육자료 2024] 1페이지까지 · 누적 109건 (요청 2667회)
[고등 공통영어1 조수경 AI 디지털 교육자료 2025] 1페이지까지 · 누적 109건 (요청 2668회)
[고등 공통영어1 조수경 AI 디지털 교육자료 2026] 1페이지까지 · 누적 109건 (요청 2669회)
[고등 공통영어2 강상구 AI 디지털 교육자료 2023] 1페이지까지 · 누적 109건 (요청 2670회)
[고등 공통영어2 강상구 AI 디지털 교육자료 2024] 1페이지까지 · 누적 109건 (요청 2671회)
[고등 공통영어2 강상구 AI 디지털 교육자료 2025] 1페이지까지 · 누적 109건 (요청 2672회)
[고등 공통영어2 강상구 AI 디지털 교육자료 2026] 1페이지까지 · 누적 109건 (요청 2673회)
[고등 공통영어2 조수경 AI 디지털 교육자료 2023] 1페이지까지 · 누적 109건 (요청 2674회)
[고등 공통영어2 조수경 AI 디지털 교육자료 2024] 1페이지까지 · 누적 109건 (요청 2675회)
[고등 공통영어2 조수경 AI 디지털 교육자료 2025] 1페이지까지 · 누적 109건 (요청 2676회)
[고등 공통영어2 조수경 AI 디지털 교육자료 2026] 1페이지까지 · 누적 109건 (요청 2677회)
[고등 정보 AI 디지털 교육자료 2023] 1페이지까지 · 누적 109건 (요청 2678회)
[고등 정보 AI 디지털 교육자료 2024] 1페이지까지 · 누적 109건 (요청 2679회)
[고등 정보 AI 디지털 교육자료 2025] 1페이지까지 · 누적 109건 (요청 2680회)
[고등 정보 AI 디지털 교육자료 2026] 1페이지까지 · 누적 109건 (요청 2681회)
[고등 정보 김현철 AI 디지털 교육자료 2023] 1페이지까지 · 누적 109건 (요청 2682회)
[고등 정보 김현철 AI 디지털 교육자료 2024] 1페이지까지 · 누적 109건 (요청 2683회)
[고등 정보 김현철 AI 디지털 교육자료 2025] 1페이지까지 · 누적 109건 (요청 2684회)
[고등 정보 김현철 AI 디지털 교육자료 2026] 1페이지까지 · 누적 109건 (요청 2685회)
[고등학교 공통수학1 AI 디지털 교육자료 2023] 1페이지까지 · 누적 109건 (요청 2686회)
[고등학교 공통수학1 AI 디지털 교육자료 2024] 1페이지까지 · 누적 109건 (요청 2687회)
[고등학교 공통수학1 AI 디지털 교육자료 2025] 1페이지까지 · 누적 109건 (요청 2688회)
[고등학교 공통수학1 AI 디지털 교육자료 2026] 1페이지까지 · 누적 109건 (요청 2689회)
[고등학교 공통수학2 AI 디지털 교육자료 2023] 1페이지까지 · 누적 109건 (요청 2690회)
[고등학교 공통수학2 AI 디지털 교육자료 2024] 1페이지까지 · 누적 109건 (요청 2691회)
[고등학교 공통수학2 AI 디지털 교육자료 2025] 1페이지까지 · 누적 109건 (요청 2692회)
[고등학교 공통수학2 AI 디지털 교육자료 2026] 1페이지까지 · 누적 109건 (요청 2693회)
[고등학교 공통영어1 AI 디지털 교육자료 2023] 1페이지까지 · 누적 109건 (요청 2694회)
[고등학교 공통영어1 AI 디지털 교육자료 2024] 1페이지까지 · 누적 109건 (요청 2695회)
[고등학교 공통영어1 AI 디지털 교육자료 2025] 1페이지까지 · 누적 109건 (요청 2696회)
[고등학교 공통영어1 AI 디지털 교육자료 2026] 1페이지까지 · 누적 109건 (요청 2697회)
[고등학교 공통영어2 AI 디지털 교육자료 2023] 1페이지까지 · 누적 109건 (요청 2698회)
[고등학교 공통영어2 AI 디지털 교육자료 2024] 1페이지까지 · 누적 109건 (요청 2699회)
[고등학교 공통영어2 AI 디지털 교육자료 2025] 1페이지까지 · 누적 109건 (요청 2700회)
[고등학교 공통영어2 AI 디지털 교육자료 2026] 1페이지까지 · 누적 109건 (요청 2701회)
[고용24 2023] 1페이지까지 · 누적 109건 (요청 2702회)
[고용24 2024] 1페이지까지 · 누적 109건 (요청 2703회)
[고용24 2025] 1페이지까지 · 누적 109건 (요청 2704회)
[고용24 2026] 1페이지까지 · 누적 109건 (요청 2705회)
[고전5미닛 2023] 1페이지까지 · 누적 109건 (요청 2706회)
[고전5미닛 2024] 1페이지까지 · 누적 109건 (요청 2707회)
[고전5미닛 2025] 1페이지까지 · 누적 109건 (요청 2708회)
[고전5미닛 2026] 1페이지까지 · 누적 109건 (요청 2709회)
[곰도리 2023] 1페이지까지 · 누적 109건 (요청 2710회)
[곰도리 2024] 1페이지까지 · 누적 109건 (요청 2711회)
[곰도리 2025] 1페이지까지 · 누적 109건 (요청 2712회)
[곰도리 2026] 1페이지까지 · 누적 109건 (요청 2713회)
[곰믹스 비즈니스 2023] 1페이지까지 · 누적 109건 (요청 2714회)
[곰믹스 비즈니스 2024] 1페이지까지 · 누적 109건 (요청 2715회)
[곰믹스 비즈니스 2025] 1페이지까지 · 누적 109건 (요청 2716회)
[곰믹스 비즈니스 2026] 1페이지까지 · 누적 109건 (요청 2717회)
[곰이지패스 비즈니스 2023] 1페이지까지 · 누적 109건 (요청 2718회)
[곰이지패스 비즈니스 2024] 1페이지까지 · 누적 109건 (요청 2719회)
[곰이지패스 비즈니스 2025] 1페이지까지 · 누적 109건 (요청 2720회)
[곰이지패스 비즈니스 2026] 1페이지까지 · 누적 109건 (요청 2721회)
[곰캠 비즈니스 2023] 1페이지까지 · 누적 109건 (요청 2722회)
[곰캠 비즈니스 2024] 1페이지까지 · 누적 109건 (요청 2723회)
[곰캠 비즈니스 2025] 1페이지까지 · 누적 109건 (요청 2724회)
[곰캠 비즈니스 2026] 1페이지까지 · 누적 109건 (요청 2725회)
[곰플레이어+ 비즈니스 2023] 1페이지까지 · 누적 109건 (요청 2726회)
[곰플레이어+ 비즈니스 2024] 1페이지까지 · 누적 109건 (요청 2727회)
[곰플레이어+ 비즈니스 2025] 1페이지까지 · 누적 109건 (요청 2728회)
[곰플레이어+ 비즈니스 2026] 1페이지까지 · 누적 109건 (요청 2729회)
[곰픽 비즈니스 2023] 1페이지까지 · 누적 109건 (요청 2730회)
[곰픽 비즈니스 2024] 1페이지까지 · 누적 109건 (요청 2731회)
[곰픽 비즈니스 2025] 1페이지까지 · 누적 109건 (요청 2732회)
[곰픽 비즈니스 2026] 1페이지까지 · 누적 109건 (요청 2733회)
[공공 클라우드 LMS 2023] 1페이지까지 · 누적 109건 (요청 2734회)
[공공 클라우드 LMS 2024] 1페이지까지 · 누적 109건 (요청 2735회)
[공공 클라우드 LMS 2025] 1페이지까지 · 누적 109건 (요청 2736회)
[공공 클라우드 LMS 2026] 1페이지까지 · 누적 109건 (요청 2737회)
[공유보드 2023] 1페이지까지 · 누적 109건 (요청 2738회)
[공유보드 2024] 1페이지까지 · 누적 109건 (요청 2739회)
[공유보드 2025] 1페이지까지 · 누적 109건 (요청 2740회)
[공유보드 2026] 1페이지까지 · 누적 109건 (요청 2741회)
[공유보드 조이스틱 컨트롤러 2023] 1페이지까지 · 누적 109건 (요청 2742회)
[공유보드 조이스틱 컨트롤러 2024] 1페이지까지 · 누적 109건 (요청 2743회)
[공유보드 조이스틱 컨트롤러 2025] 1페이지까지 · 누적 109건 (요청 2744회)
[공유보드 조이스틱 컨트롤러 2026] 1페이지까지 · 누적 109건 (요청 2745회)
[공학도서관 2023] 1페이지까지 · 누적 109건 (요청 2746회)
[공학도서관 2024] 1페이지까지 · 누적 109건 (요청 2747회)
[공학도서관 2025] 1페이지까지 · 누적 109건 (요청 2748회)
[공학도서관 2026] 1페이지까지 · 누적 109건 (요청 2749회)
[과업 기반 언어교수법 적용 영어 회화 실습 시스템 2023] 1페이지까지 · 누적 109건 (요청 2750회)
[과업 기반 언어교수법 적용 영어 회화 실습 시스템 2024] 1페이지까지 · 누적 109건 (요청 2751회)
[과업 기반 언어교수법 적용 영어 회화 실습 시스템 2025] 1페이지까지 · 누적 109건 (요청 2752회)
[과업 기반 언어교수법 적용 영어 회화 실습 시스템 2026] 1페이지까지 · 누적 109건 (요청 2753회)
[과학동아에어 에듀 2023] 1페이지까지 · 누적 109건 (요청 2754회)
[과학동아에어 에듀 2024] 1페이지까지 · 누적 109건 (요청 2755회)
[과학동아에어 에듀 2025] 1페이지까지 · 누적 109건 (요청 2756회)
[과학동아에어 에듀 2026] 1페이지까지 · 누적 109건 (요청 2757회)
[과학쌤과학실 2023] 1페이지까지 · 누적 109건 (요청 2758회)
[과학쌤과학실 2024] 1페이지까지 · 누적 109건 (요청 2759회)
[과학쌤과학실 2025] 1페이지까지 · 누적 109건 (요청 2760회)
[과학쌤과학실 2026] 1페이지까지 · 누적 109건 (요청 2761회)
[광산구통합도서관 전자책 서비스 2023] 1페이지까지 · 누적 109건 (요청 2762회)
[광산구통합도서관 전자책 서비스 2024] 1페이지까지 · 누적 109건 (요청 2763회)
[광산구통합도서관 전자책 서비스 2025] 1페이지까지 · 누적 109건 (요청 2764회)
[광산구통합도서관 전자책 서비스 2026] 1페이지까지 · 누적 109건 (요청 2765회)
[광섬유 LED 등대 키트 2023] 1페이지까지 · 누적 109건 (요청 2766회)
[광섬유 LED 등대 키트 2024] 1페이지까지 · 누적 109건 (요청 2767회)
[광섬유 LED 등대 키트 2025] 1페이지까지 · 누적 109건 (요청 2768회)
[광섬유 LED 등대 키트 2026] 1페이지까지 · 누적 109건 (요청 2769회)
[광주동구도서관 전자도서관 2023] 1페이지까지 · 누적 109건 (요청 2770회)
[광주동구도서관 전자도서관 2024] 1페이지까지 · 누적 109건 (요청 2771회)
[광주동구도서관 전자도서관 2025] 1페이지까지 · 누적 109건 (요청 2772회)
[광주동구도서관 전자도서관 2026] 1페이지까지 · 누적 109건 (요청 2773회)
[광주아이온 2023] 1페이지까지 · 누적 109건 (요청 2774회)
[광주아이온 2024] 1페이지까지 · 누적 109건 (요청 2775회)
[광주아이온 2025] 1페이지까지 · 누적 109건 (요청 2776회)
[광주아이온 2026] 1페이지까지 · 누적 109건 (요청 2777회)
[광주형 한국어 교육 APP 2023] 1페이지까지 · 누적 109건 (요청 2778회)
[광주형 한국어 교육 APP 2024] 1페이지까지 · 누적 109건 (요청 2779회)
[광주형 한국어 교육 APP 2025] 1페이지까지 · 누적 109건 (요청 2780회)
[광주형 한국어 교육 APP 2026] 1페이지까지 · 누적 109건 (요청 2781회)
[괴테의 인생 수업 2023] 1페이지까지 · 누적 109건 (요청 2782회)
[괴테의 인생 수업 2024] 1페이지까지 · 누적 109건 (요청 2783회)
[괴테의 인생 수업 2025] 1페이지까지 · 누적 109건 (요청 2784회)
[괴테의 인생 수업 2026] 1페이지까지 · 누적 109건 (요청 2785회)
[교문사 고등 정보 AI 디지털 교육자료 2023] 1페이지까지 · 누적 109건 (요청 2786회)
[교문사 고등 정보 AI 디지털 교육자료 2024] 1페이지까지 · 누적 109건 (요청 2787회)
[교문사 고등 정보 AI 디지털 교육자료 2025] 1페이지까지 · 누적 109건 (요청 2788회)
[교문사 고등 정보 AI 디지털 교육자료 2026] 1페이지까지 · 누적 109건 (요청 2789회)
[교문사 중등 정보 AI 디지털 교육자료 2023] 1페이지까지 · 누적 109건 (요청 2790회)
[교문사 중등 정보 AI 디지털 교육자료 2024] 1페이지까지 · 누적 109건 (요청 2791회)
[교문사 중등 정보 AI 디지털 교육자료 2025] 1페이지까지 · 누적 109건 (요청 2792회)
[교문사 중등 정보 AI 디지털 교육자료 2026] 1페이지까지 · 누적 109건 (요청 2793회)
[교보문고 구독형 전자도서관 2023] 1페이지까지 · 누적 109건 (요청 2794회)
[교보문고 구독형 전자도서관 2024] 1페이지까지 · 누적 109건 (요청 2795회)
[교보문고 구독형 전자도서관 2025] 1페이지까지 · 누적 109건 (요청 2796회)
[교보문고 구독형 전자도서관 2026] 1페이지까지 · 누적 109건 (요청 2797회)
[교보문고 소장형 전자도서관 2023] 1페이지까지 · 누적 109건 (요청 2798회)
[교보문고 소장형 전자도서관 2024] 1페이지까지 · 누적 109건 (요청 2799회)
[교보문고 소장형 전자도서관 2025] 1페이지까지 · 누적 109건 (요청 2800회)
[교보문고 소장형 전자도서관 2026] 1페이지까지 · 누적 109건 (요청 2801회)
[교사용 E-BOOK 2023] 1페이지까지 · 누적 109건 (요청 2802회)
[교사용 E-BOOK 2024] 1페이지까지 · 누적 109건 (요청 2803회)
[교사용 E-BOOK 2025] 1페이지까지 · 누적 109건 (요청 2804회)
[교사용 E-BOOK 2026] 1페이지까지 · 누적 109건 (요청 2805회)
[교원안심번호 2023] 1페이지까지 · 누적 109건 (요청 2806회)
[교원안심번호 2024] 1페이지까지 · 누적 109건 (요청 2807회)
[교원안심번호 2025] 1페이지까지 · 누적 109건 (요청 2808회)
[교원안심번호 2026] 1페이지까지 · 누적 110건 (요청 2810회)
[교풀AI 2023] 1페이지까지 · 누적 110건 (요청 2811회)
[교풀AI 2024] 1페이지까지 · 누적 110건 (요청 2812회)
[교풀AI 2025] 1페이지까지 · 누적 110건 (요청 2813회)
[교풀AI 2026] 1페이지까지 · 누적 110건 (요청 2814회)
[구구판 2023] 1페이지까지 · 누적 110건 (요청 2815회)
[구구판 2024] 1페이지까지 · 누적 110건 (요청 2816회)
[구구판 2025] 1페이지까지 · 누적 110건 (요청 2817회)
[구구판 2026] 1페이지까지 · 누적 110건 (요청 2818회)
[구글 추가 서비스 2023] 1페이지까지 · 누적 110건 (요청 2819회)
[구글 추가 서비스 2024] 1페이지까지 · 누적 110건 (요청 2820회)
[구글 추가 서비스 2025] 1페이지까지 · 누적 110건 (요청 2821회)
[구글 추가 서비스 2026] 1페이지까지 · 누적 110건 (요청 2822회)
[구글EDLA인증 65인치 스탠다드 전자칠판 2023] 1페이지까지 · 누적 110건 (요청 2823회)
[구글EDLA인증 65인치 스탠다드 전자칠판 2024] 1페이지까지 · 누적 110건 (요청 2824회)
[구글EDLA인증 65인치 스탠다드 전자칠판 2025] 1페이지까지 · 누적 110건 (요청 2825회)
[구글EDLA인증 65인치 스탠다드 전자칠판 2026] 1페이지까지 · 누적 110건 (요청 2826회)
[구독형 전자책 플랫폼 서비스 2023] 1페이지까지 · 누적 110건 (요청 2827회)
[구독형 전자책 플랫폼 서비스 2024] 1페이지까지 · 누적 110건 (요청 2828회)
[구독형 전자책 플랫폼 서비스 2025] 1페이지까지 · 누적 110건 (요청 2829회)
[구독형 전자책 플랫폼 서비스 2026] 1페이지까지 · 누적 110건 (요청 2830회)
[구름EDU 2023] 1페이지까지 · 누적 110건 (요청 2831회)
[구름EDU 2024] 1페이지까지 · 누적 110건 (요청 2832회)
[구름EDU 2025] 1페이지까지 · 누적 110건 (요청 2833회)
[구름EDU 2026] 1페이지까지 · 누적 110건 (요청 2834회)
[국가기초학력지원포털 2023] 1페이지까지 · 누적 110건 (요청 2835회)
[국가기초학력지원포털 2024] 1페이지까지 · 누적 110건 (요청 2836회)
[국가기초학력지원포털 2025] 1페이지까지 · 누적 110건 (요청 2837회)
[국가기초학력지원포털 2026] 1페이지까지 · 누적 110건 (요청 2838회)
[국립온라인과학관 메타플리 2023] 1페이지까지 · 누적 110건 (요청 2839회)
[국립온라인과학관 메타플리 2024] 1페이지까지 · 누적 110건 (요청 2840회)
[국립온라인과학관 메타플리 2025] 1페이지까지 · 누적 110건 (요청 2841회)
[국립온라인과학관 메타플리 2026] 1페이지까지 · 누적 110건 (요청 2842회)
[국악놀이터 2023] 1페이지까지 · 누적 110건 (요청 2843회)
[국악놀이터 2024] 1페이지까지 · 누적 110건 (요청 2844회)
[국악놀이터 2025] 1페이지까지 · 누적 110건 (요청 2845회)
[국악놀이터 2026] 1페이지까지 · 누적 110건 (요청 2846회)
[국어로 2023] 1페이지까지 · 누적 110건 (요청 2847회)
[국어로 2024] 1페이지까지 · 누적 110건 (요청 2848회)
[국어로 2025] 1페이지까지 · 누적 110건 (요청 2849회)
[국어로 2026] 1페이지까지 · 누적 110건 (요청 2850회)
[국어하다 2023] 1페이지까지 · 누적 110건 (요청 2851회)
[국어하다 2024] 1페이지까지 · 누적 110건 (요청 2852회)
[국어하다 2025] 1페이지까지 · 누적 110건 (요청 2853회)
[국어하다 2026] 1페이지까지 · 누적 110건 (요청 2854회)
[국토정보플랫폼 2023] 1페이지까지 · 누적 110건 (요청 2855회)
[국토정보플랫폼 2024] 1페이지까지 · 누적 110건 (요청 2856회)
[국토정보플랫폼 2025] 1페이지까지 · 누적 110건 (요청 2857회)
[국토정보플랫폼 2026] 1페이지까지 · 누적 110건 (요청 2858회)
[굴착기 조작훈련 시뮬레이터 2023] 1페이지까지 · 누적 110건 (요청 2859회)
[굴착기 조작훈련 시뮬레이터 2024] 1페이지까지 · 누적 110건 (요청 2860회)
[굴착기 조작훈련 시뮬레이터 2025] 1페이지까지 · 누적 110건 (요청 2861회)
[굴착기 조작훈련 시뮬레이터 2026] 1페이지까지 · 누적 110건 (요청 2862회)
[굿노트 2023] 1페이지까지 · 누적 110건 (요청 2863회)
[굿노트 2024] 1페이지까지 · 누적 110건 (요청 2864회)
[굿노트 2025] 1페이지까지 · 누적 110건 (요청 2865회)
[굿노트 2026] 1페이지까지 · 누적 110건 (요청 2866회)
[균형잡는 앵무새 키트 2023] 1페이지까지 · 누적 110건 (요청 2867회)
[균형잡는 앵무새 키트 2024] 1페이지까지 · 누적 110건 (요청 2868회)
[균형잡는 앵무새 키트 2025] 1페이지까지 · 누적 110건 (요청 2869회)
[균형잡는 앵무새 키트 2026] 1페이지까지 · 누적 110건 (요청 2870회)
[그라운드 2023] 1페이지까지 · 누적 114건 (요청 2875회)
[그라운드 2024] 1페이지까지 · 누적 115건 (요청 2877회)
[그라운드 2025] 1페이지까지 · 누적 115건 (요청 2878회)
[그라운드 2026] 1페이지까지 · 누적 117건 (요청 2881회)
[그래머피티 2023] 1페이지까지 · 누적 117건 (요청 2882회)
[그래머피티 2024] 1페이지까지 · 누적 117건 (요청 2883회)
[그래머피티 2025] 1페이지까지 · 누적 117건 (요청 2884회)
[그래머피티 2026] 1페이지까지 · 누적 117건 (요청 2885회)
[그래피툰 2023] 1페이지까지 · 누적 117건 (요청 2886회)
[그래피툰 2024] 1페이지까지 · 누적 117건 (요청 2887회)
[그래피툰 2025] 1페이지까지 · 누적 117건 (요청 2888회)
[그래피툰 2026] 1페이지까지 · 누적 117건 (요청 2889회)
[그랩캐드 프린트 2023] 1페이지까지 · 누적 117건 (요청 2890회)
[그랩캐드 프린트 2024] 1페이지까지 · 누적 117건 (요청 2891회)
[그랩캐드 프린트 2025] 1페이지까지 · 누적 117건 (요청 2892회)
[그랩캐드 프린트 2026] 1페이지까지 · 누적 117건 (요청 2893회)
[그로우캔 2023] 1페이지까지 · 누적 117건 (요청 2894회)
[그로우캔 2024] 1페이지까지 · 누적 117건 (요청 2895회)
[그로우캔 2025] 1페이지까지 · 누적 117건 (요청 2896회)
[그로우캔 2026] 1페이지까지 · 누적 117건 (요청 2897회)
[그리니티 2023] 1페이지까지 · 누적 117건 (요청 2898회)
[그리니티 2024] 1페이지까지 · 누적 117건 (요청 2899회)
[그리니티 2025] 1페이지까지 · 누적 117건 (요청 2900회)
[그리니티 2026] 1페이지까지 · 누적 117건 (요청 2901회)
[그린웨일 2023] 1페이지까지 · 누적 117건 (요청 2902회)
[그린웨일 2024] 1페이지까지 · 누적 122건 (요청 2908회)
[그린웨일 2025] 1페이지까지 · 누적 122건 (요청 2909회)
[그린웨일 2026] 1페이지까지 · 누적 122건 (요청 2910회)
[그림봉투화분 2023] 1페이지까지 · 누적 122건 (요청 2911회)
[그림봉투화분 2024] 1페이지까지 · 누적 122건 (요청 2912회)
[그림봉투화분 2025] 1페이지까지 · 누적 122건 (요청 2913회)
[그림봉투화분 2026] 1페이지까지 · 누적 122건 (요청 2914회)
[그림한글 2023] 1페이지까지 · 누적 122건 (요청 2915회)
[그림한글 2024] 1페이지까지 · 누적 122건 (요청 2916회)
[그림한글 2025] 1페이지까지 · 누적 122건 (요청 2917회)
[그림한글 2026] 1페이지까지 · 누적 122건 (요청 2918회)
[그림한글 받아쓰기 2023] 1페이지까지 · 누적 122건 (요청 2919회)
[그림한글 받아쓰기 2024] 1페이지까지 · 누적 122건 (요청 2920회)
[그림한글 받아쓰기 2025] 1페이지까지 · 누적 122건 (요청 2921회)
[그림한글 받아쓰기 2026] 1페이지까지 · 누적 122건 (요청 2922회)
[글라스아트 체험 키트 2023] 1페이지까지 · 누적 122건 (요청 2923회)
[글라스아트 체험 키트 2024] 1페이지까지 · 누적 122건 (요청 2924회)
[글라스아트 체험 키트 2025] 1페이지까지 · 누적 122건 (요청 2925회)
[글라스아트 체험 키트 2026] 1페이지까지 · 누적 122건 (요청 2926회)
[금성출판사 고등학교 정보 AI 디지털 교육자료 2023] 1페이지까지 · 누적 122건 (요청 2927회)
[금성출판사 고등학교 정보 AI 디지털 교육자료 2024] 1페이지까지 · 누적 122건 (요청 2928회)
[금성출판사 고등학교 정보 AI 디지털 교육자료 2025] 1페이지까지 · 누적 122건 (요청 2929회)
[금성출판사 고등학교 정보 AI 디지털 교육자료 2026] 1페이지까지 · 누적 122건 (요청 2930회)
[금성출판사 중학교 정보 AI 디지털 교육자료 2023] 1페이지까지 · 누적 122건 (요청 2931회)
[금성출판사 중학교 정보 AI 디지털 교육자료 2024] 1페이지까지 · 누적 122건 (요청 2932회)
[금성출판사 중학교 정보 AI 디지털 교육자료 2025] 1페이지까지 · 누적 122건 (요청 2933회)
[금성출판사 중학교 정보 AI 디지털 교육자료 2026] 1페이지까지 · 누적 122건 (요청 2934회)
[기상기후 빅데이터 분석 플랫폼 2023] 1페이지까지 · 누적 122건 (요청 2935회)
[기상기후 빅데이터 분석 플랫폼 2024] 1페이지까지 · 누적 122건 (요청 2936회)
[기상기후 빅데이터 분석 플랫폼 2025] 1페이지까지 · 누적 122건 (요청 2937회)
[기상기후 빅데이터 분석 플랫폼 2026] 1페이지까지 · 누적 122건 (요청 2938회)
[기숙사 관리 프로그램 2023] 1페이지까지 · 누적 122건 (요청 2939회)
[기숙사 관리 프로그램 2024] 1페이지까지 · 누적 122건 (요청 2940회)
[기숙사 관리 프로그램 2025] 1페이지까지 · 누적 122건 (요청 2941회)
[기숙사 관리 프로그램 2026] 1페이지까지 · 누적 122건 (요청 2942회)
[기출탭탭 2023] 1페이지까지 · 누적 122건 (요청 2943회)
[기출탭탭 2024] 1페이지까지 · 누적 123건 (요청 2945회)
[기출탭탭 2025] 1페이지까지 · 누적 123건 (요청 2946회)
[기출탭탭 2026] 1페이지까지 · 누적 123건 (요청 2947회)
[기후행동1.5℃ 2023] 1페이지까지 · 누적 123건 (요청 2948회)
[기후행동1.5℃ 2024] 1페이지까지 · 누적 123건 (요청 2949회)
[기후행동1.5℃ 2025] 1페이지까지 · 누적 123건 (요청 2950회)
[기후행동1.5℃ 2026] 1페이지까지 · 누적 123건 (요청 2951회)
[길벗·이지톡 / 학습지원자료 2023] 1페이지까지 · 누적 123건 (요청 2952회)
[길벗·이지톡 / 학습지원자료 2024] 1페이지까지 · 누적 123건 (요청 2953회)
[길벗·이지톡 / 학습지원자료 2025] 1페이지까지 · 누적 123건 (요청 2954회)
[길벗·이지톡 / 학습지원자료 2026] 1페이지까지 · 누적 123건 (요청 2955회)
[길벗교과서 / 교수학습자료, 전자저작물 2023] 1페이지까지 · 누적 123건 (요청 2956회)
[길벗교과서 / 교수학습자료, 전자저작물 2024] 1페이지까지 · 누적 123건 (요청 2957회)
[길벗교과서 / 교수학습자료, 전자저작물 2025] 1페이지까지 · 누적 123건 (요청 2958회)
[길벗교과서 / 교수학습자료, 전자저작물 2026] 1페이지까지 · 누적 123건 (요청 2959회)
[길벗스쿨 / 학습지원자료 2023] 1페이지까지 · 누적 123건 (요청 2960회)
[길벗스쿨 / 학습지원자료 2024] 1페이지까지 · 누적 123건 (요청 2961회)
[길벗스쿨 / 학습지원자료 2025] 1페이지까지 · 누적 123건 (요청 2962회)
[길벗스쿨 / 학습지원자료 2026] 1페이지까지 · 누적 123건 (요청 2963회)
[길찾기 생존교육 오리엔티어링 2023] 1페이지까지 · 누적 123건 (요청 2964회)
[길찾기 생존교육 오리엔티어링 2024] 1페이지까지 · 누적 123건 (요청 2965회)
[길찾기 생존교육 오리엔티어링 2025] 1페이지까지 · 누적 123건 (요청 2966회)
[길찾기 생존교육 오리엔티어링 2026] 1페이지까지 · 누적 123건 (요청 2967회)
[김천시립도서관 전자도서관 2023] 1페이지까지 · 누적 123건 (요청 2968회)
[김천시립도서관 전자도서관 2024] 1페이지까지 · 누적 123건 (요청 2969회)
[김천시립도서관 전자도서관 2025] 1페이지까지 · 누적 123건 (요청 2970회)
[김천시립도서관 전자도서관 2026] 1페이지까지 · 누적 123건 (요청 2971회)
[김타자 2023] 1페이지까지 · 누적 123건 (요청 2972회)
[김타자 2024] 1페이지까지 · 누적 123건 (요청 2973회)
[김타자 2025] 1페이지까지 · 누적 123건 (요청 2974회)
[김타자 2026] 1페이지까지 · 누적 123건 (요청 2975회)
[깨디와 한글마법사 2023] 1페이지까지 · 누적 123건 (요청 2976회)
[깨디와 한글마법사 2024] 1페이지까지 · 누적 123건 (요청 2977회)
[깨디와 한글마법사 2025] 1페이지까지 · 누적 123건 (요청 2978회)
[깨디와 한글마법사 2026] 1페이지까지 · 누적 123건 (요청 2979회)
[깨봉수학 2023] 1페이지까지 · 누적 123건 (요청 2980회)
[깨봉수학 2024] 1페이지까지 · 누적 123건 (요청 2981회)
[깨봉수학 2025] 1페이지까지 · 누적 123건 (요청 2982회)
[깨봉수학 2026] 1페이지까지 · 누적 123건 (요청 2983회)
[깨비누리 1년 이용권 2023] 1페이지까지 · 누적 123건 (요청 2984회)
[깨비누리 1년 이용권 2024] 1페이지까지 · 누적 123건 (요청 2985회)
[깨비누리 1년 이용권 2025] 1페이지까지 · 누적 123건 (요청 2986회)
[깨비누리 1년 이용권 2026] 1페이지까지 · 누적 123건 (요청 2987회)
[깨비키즈 1년 이용권 2023] 1페이지까지 · 누적 123건 (요청 2988회)
[깨비키즈 1년 이용권 2024] 1페이지까지 · 누적 123건 (요청 2989회)
[깨비키즈 1년 이용권 2025] 1페이지까지 · 누적 123건 (요청 2990회)
[깨비키즈 1년 이용권 2026] 1페이지까지 · 누적 123건 (요청 2991회)
[꼬꼬무AI 2023] 1페이지까지 · 누적 123건 (요청 2992회)
[꼬꼬무AI 2024] 1페이지까지 · 누적 123건 (요청 2993회)
[꼬꼬무AI 2025] 1페이지까지 · 누적 123건 (요청 2994회)
[꼬꼬무AI 2026] 1페이지까지 · 누적 123건 (요청 2995회)
[꽃제기 만들기 키트 2023] 1페이지까지 · 누적 123건 (요청 2996회)
[꽃제기 만들기 키트 2024] 1페이지까지 · 누적 123건 (요청 2997회)
[꽃제기 만들기 키트 2025] 1페이지까지 · 누적 123건 (요청 2998회)
[꽃제기 만들기 키트 2026] 1페이지까지 · 누적 123건 (요청 2999회)
[꽃집사의 GREEN POT 2023] 1페이지까지 · 누적 123건 (요청 3000회)
[꽃집사의 GREEN POT 2024] 1페이지까지 · 누적 123건 (요청 3001회)
[꽃집사의 GREEN POT 2025] 1페이지까지 · 누적 123건 (요청 3002회)
[꽃집사의 GREEN POT 2026] 1페이지까지 · 누적 123건 (요청 3003회)
[꽃집사의 이끼정원 2023] 1페이지까지 · 누적 123건 (요청 3004회)
[꽃집사의 이끼정원 2024] 1페이지까지 · 누적 123건 (요청 3005회)
[꽃집사의 이끼정원 2025] 1페이지까지 · 누적 123건 (요청 3006회)
[꽃집사의 이끼정원 2026] 1페이지까지 · 누적 123건 (요청 3007회)
[꾸럼e 2023] 1페이지까지 · 누적 123건 (요청 3008회)
[꾸럼e 2024] 1페이지까지 · 누적 123건 (요청 3009회)
[꾸럼e 2025] 1페이지까지 · 누적 123건 (요청 3010회)
[꾸럼e 2026] 1페이지까지 · 누적 123건 (요청 3011회)
[꿈it 다_경기도교육청 2023] 1페이지까지 · 누적 123건 (요청 3012회)
[꿈it 다_경기도교육청 2024] 1페이지까지 · 누적 123건 (요청 3013회)
[꿈it 다_경기도교육청 2025] 1페이지까지 · 누적 123건 (요청 3014회)
[꿈it 다_경기도교육청 2026] 1페이지까지 · 누적 123건 (요청 3015회)
[꿈多이음 2023] 1페이지까지 · 누적 123건 (요청 3016회)
[꿈多이음 2024] 1페이지까지 · 누적 123건 (요청 3017회)
[꿈多이음 2025] 1페이지까지 · 누적 123건 (요청 3018회)
[꿈多이음 2026] 1페이지까지 · 누적 123건 (요청 3019회)
[꿈담길 2023] 1페이지까지 · 누적 123건 (요청 3020회)
[꿈담길 2024] 1페이지까지 · 누적 123건 (요청 3021회)
[꿈담길 2025] 1페이지까지 · 누적 123건 (요청 3022회)
[꿈담길 2026] 1페이지까지 · 누적 123건 (요청 3023회)
[끄적끄적아지트 2023] 1페이지까지 · 누적 123건 (요청 3024회)
[끄적끄적아지트 2024] 1페이지까지 · 누적 123건 (요청 3025회)
[끄적끄적아지트 2025] 1페이지까지 · 누적 123건 (요청 3026회)
[끄적끄적아지트 2026] 1페이지까지 · 누적 123건 (요청 3027회)
[나는 미래 스마트 교사 2023] 1페이지까지 · 누적 123건 (요청 3028회)
[나는 미래 스마트 교사 2024] 1페이지까지 · 누적 123건 (요청 3029회)
[나는 미래 스마트 교사 2025] 1페이지까지 · 누적 123건 (요청 3030회)
[나는 미래 스마트 교사 2026] 1페이지까지 · 누적 123건 (요청 3031회)
[나니아 2023] 1페이지까지 · 누적 123건 (요청 3032회)
[나니아 2024] 1페이지까지 · 누적 123건 (요청 3033회)
[나니아 2025] 1페이지까지 · 누적 123건 (요청 3034회)
[나니아 2026] 1페이지까지 · 누적 123건 (요청 3035회)
[나보:J 2023] 1페이지까지 · 누적 123건 (요청 3036회)
[나보:J 2024] 1페이지까지 · 누적 123건 (요청 3037회)
[나보:J 2025] 1페이지까지 · 누적 123건 (요청 3038회)
[나보:J 2026] 1페이지까지 · 누적 123건 (요청 3039회)
[나의 바이브 코딩 여정 2023] 1페이지까지 · 누적 123건 (요청 3040회)
[나의 바이브 코딩 여정 2024] 1페이지까지 · 누적 123건 (요청 3041회)
[나의 바이브 코딩 여정 2025] 1페이지까지 · 누적 123건 (요청 3042회)
[나의 바이브 코딩 여정 2026] 1페이지까지 · 누적 123건 (요청 3043회)
[나의AAC 2023] 1페이지까지 · 누적 123건 (요청 3044회)
[나의AAC 2024] 1페이지까지 · 누적 123건 (요청 3045회)
[나의AAC 2025] 1페이지까지 · 누적 123건 (요청 3046회)
[나의AAC 2026] 1페이지까지 · 누적 123건 (요청 3047회)
[나이스플러스 2023] 1페이지까지 · 누적 123건 (요청 3048회)
[나이스플러스 2024] 1페이지까지 · 누적 123건 (요청 3049회)
[나이스플러스 2025] 1페이지까지 · 누적 123건 (요청 3050회)
[나이스플러스 2026] 1페이지까지 · 누적 123건 (요청 3051회)
[내공스터디 2023] 1페이지까지 · 누적 123건 (요청 3052회)
[내공스터디 2024] 1페이지까지 · 누적 123건 (요청 3053회)
[내공스터디 2025] 1페이지까지 · 누적 123건 (요청 3054회)
[내공스터디 2026] 1페이지까지 · 누적 123건 (요청 3055회)
[내동중학교 칭찬저금통 2023] 1페이지까지 · 누적 123건 (요청 3056회)
[내동중학교 칭찬저금통 2024] 1페이지까지 · 누적 123건 (요청 3057회)
[내동중학교 칭찬저금통 2025] 1페이지까지 · 누적 123건 (요청 3058회)
[내동중학교 칭찬저금통 2026] 1페이지까지 · 누적 123건 (요청 3059회)
[내신닷컴 단체가입 2023] 1페이지까지 · 누적 123건 (요청 3060회)
[내신닷컴 단체가입 2024] 1페이지까지 · 누적 123건 (요청 3061회)
[내신닷컴 단체가입 2025] 1페이지까지 · 누적 123건 (요청 3062회)
[내신닷컴 단체가입 2026] 1페이지까지 · 누적 123건 (요청 3063회)
[내신닷컴 수시·정시 합격예측 서비스 2023] 1페이지까지 · 누적 123건 (요청 3064회)
[내신닷컴 수시·정시 합격예측 서비스 2024] 1페이지까지 · 누적 123건 (요청 3065회)
[내신닷컴 수시·정시 합격예측 서비스 2025] 1페이지까지 · 누적 123건 (요청 3066회)
[내신닷컴 수시·정시 합격예측 서비스 2026] 1페이지까지 · 누적 123건 (요청 3067회)
[내일의 직업을 찾아서 2023] 1페이지까지 · 누적 123건 (요청 3068회)
[내일의 직업을 찾아서 2024] 1페이지까지 · 누적 123건 (요청 3069회)
[내일의 직업을 찾아서 2025] 1페이지까지 · 누적 123건 (요청 3070회)
[내일의 직업을 찾아서 2026] 1페이지까지 · 누적 123건 (요청 3071회)
[냄비 받침대 만들기 키트 2023] 1페이지까지 · 누적 123건 (요청 3072회)
[냄비 받침대 만들기 키트 2024] 1페이지까지 · 누적 123건 (요청 3073회)
[냄비 받침대 만들기 키트 2025] 1페이지까지 · 누적 123건 (요청 3074회)
[냄비 받침대 만들기 키트 2026] 1페이지까지 · 누적 123건 (요청 3075회)
[너도나도 2023] 1페이지까지 · 누적 125건 (요청 3078회)
[너도나도 2024] 1페이지까지 · 누적 125건 (요청 3079회)
[너도나도 2025] 1페이지까지 · 누적 125건 (요청 3080회)
[너도나도 2026] 1페이지까지 · 누적 125건 (요청 3081회)
[네오 테스트 2023] 1페이지까지 · 누적 125건 (요청 3082회)
[네오 테스트 2024] 1페이지까지 · 누적 125건 (요청 3083회)
[네오 테스트 2025] 1페이지까지 · 누적 125건 (요청 3084회)
[네오 테스트 2026] 1페이지까지 · 누적 125건 (요청 3085회)
[네오봇 에듀 스마트 2023] 1페이지까지 · 누적 125건 (요청 3086회)
[네오봇 에듀 스마트 2024] 1페이지까지 · 누적 125건 (요청 3087회)
[네오봇 에듀 스마트 2025] 1페이지까지 · 누적 125건 (요청 3088회)
[네오봇 에듀 스마트 2026] 1페이지까지 · 누적 126건 (요청 3090회)
[네오쏘코 2023] 1페이지까지 · 누적 132건 (요청 3097회)
[네오쏘코 2024] 1페이지까지 · 누적 134건 (요청 3100회)
[네오쏘코 2025] 1페이지까지 · 누적 135건 (요청 3102회)
[네오쏘코 2026] 1페이지까지 · 누적 139건 (요청 3107회)
[네오씽카 2023] 1페이지까지 · 누적 144건 (요청 3113회)
[네오씽카 2024] 1페이지까지 · 누적 150건 (요청 3120회)
[네오씽카 2025] 1페이지까지 · 누적 154건 (요청 3125회)
[네오씽카 2026] 1페이지까지 · 누적 156건 (요청 3128회)
[네이버 vs 카카오 2023] 1페이지까지 · 누적 156건 (요청 3129회)
[네이버 vs 카카오 2024] 1페이지까지 · 누적 156건 (요청 3130회)
[네이버 vs 카카오 2025] 1페이지까지 · 누적 156건 (요청 3131회)
[네이버 vs 카카오 2026] 1페이지까지 · 누적 156건 (요청 3132회)
[네이버 서비스 2023] 1페이지까지 · 누적 156건 (요청 3133회)
[네이버 서비스 2024] 1페이지까지 · 누적 156건 (요청 3134회)
[네이버 서비스 2025] 1페이지까지 · 누적 156건 (요청 3135회)
[네이버 서비스 2026] 1페이지까지 · 누적 156건 (요청 3136회)
[넷서포트 스쿨 2023] 1페이지까지 · 누적 156건 (요청 3137회)
[넷서포트 스쿨 2024] 1페이지까지 · 누적 156건 (요청 3138회)
[넷서포트 스쿨 2025] 1페이지까지 · 누적 156건 (요청 3139회)
[넷서포트 스쿨 2026] 1페이지까지 · 누적 156건 (요청 3140회)
[노코드AI 스마트메이커 2023] 1페이지까지 · 누적 156건 (요청 3141회)
[노코드AI 스마트메이커 2024] 1페이지까지 · 누적 156건 (요청 3142회)
[노코드AI 스마트메이커 2025] 1페이지까지 · 누적 156건 (요청 3143회)
[노코드AI 스마트메이커 2026] 1페이지까지 · 누적 156건 (요청 3144회)
[논술마스터 2023] 1페이지까지 · 누적 156건 (요청 3145회)
[논술마스터 2024] 1페이지까지 · 누적 156건 (요청 3146회)
[논술마스터 2025] 1페이지까지 · 누적 156건 (요청 3147회)
[논술마스터 2026] 1페이지까지 · 누적 156건 (요청 3148회)
[누리놀이 2023] 1페이지까지 · 누적 156건 (요청 3149회)
[누리놀이 2024] 1페이지까지 · 누적 156건 (요청 3150회)
[누리놀이 2025] 1페이지까지 · 누적 156건 (요청 3151회)
[누리놀이 2026] 1페이지까지 · 누적 156건 (요청 3152회)
[누리놀이 위드 2023] 1페이지까지 · 누적 156건 (요청 3153회)
[누리놀이 위드 2024] 1페이지까지 · 누적 156건 (요청 3154회)
[누리놀이 위드 2025] 1페이지까지 · 누적 156건 (요청 3155회)
[누리놀이 위드 2026] 1페이지까지 · 누적 156건 (요청 3156회)
[누리한글 한글 해득 지원 시스템 2023] 1페이지까지 · 누적 156건 (요청 3157회)
[누리한글 한글 해득 지원 시스템 2024] 1페이지까지 · 누적 156건 (요청 3158회)
[누리한글 한글 해득 지원 시스템 2025] 1페이지까지 · 누적 156건 (요청 3159회)
[누리한글 한글 해득 지원 시스템 2026] 1페이지까지 · 누적 156건 (요청 3160회)
[뉴댄스, K댄스 AI튜터 2023] 1페이지까지 · 누적 156건 (요청 3161회)
[뉴댄스, K댄스 AI튜터 2024] 1페이지까지 · 누적 156건 (요청 3162회)
[뉴댄스, K댄스 AI튜터 2025] 1페이지까지 · 누적 156건 (요청 3163회)
[뉴댄스, K댄스 AI튜터 2026] 1페이지까지 · 누적 156건 (요청 3164회)
[뉴런 익스플로러 2023] 1페이지까지 · 누적 156건 (요청 3165회)
[뉴런 익스플로러 2024] 1페이지까지 · 누적 156건 (요청 3166회)
[뉴런 익스플로러 2025] 1페이지까지 · 누적 156건 (요청 3167회)
[뉴런 익스플로러 2026] 1페이지까지 · 누적 156건 (요청 3168회)
[뉴로월드 EDU 2023] 1페이지까지 · 누적 156건 (요청 3169회)
[뉴로월드 EDU 2024] 1페이지까지 · 누적 156건 (요청 3170회)
[뉴로월드 EDU 2025] 1페이지까지 · 누적 156건 (요청 3171회)
[뉴로월드 EDU 2026] 1페이지까지 · 누적 156건 (요청 3172회)
[뉴로피아: 깨어남의 기록 2023] 1페이지까지 · 누적 156건 (요청 3173회)
[뉴로피아: 깨어남의 기록 2024] 1페이지까지 · 누적 156건 (요청 3174회)
[뉴로피아: 깨어남의 기록 2025] 1페이지까지 · 누적 156건 (요청 3175회)
[뉴로피아: 깨어남의 기록 2026] 1페이지까지 · 누적 156건 (요청 3176회)
[니어팟 2023] 1페이지까지 · 누적 156건 (요청 3177회)
[니어팟 2024] 1페이지까지 · 누적 156건 (요청 3178회)
[니어팟 2025] 1페이지까지 · 누적 156건 (요청 3179회)
[니어팟 2026] 1페이지까지 · 누적 156건 (요청 3180회)
[니즈폼 2023] 1페이지까지 · 누적 156건 (요청 3181회)
[니즈폼 2024] 1페이지까지 · 누적 156건 (요청 3182회)
[니즈폼 2025] 1페이지까지 · 누적 156건 (요청 3183회)
[니즈폼 2026] 1페이지까지 · 누적 156건 (요청 3184회)
[니체가 진료합니다.당신의 삶은 건강한가요? 2023] 1페이지까지 · 누적 156건 (요청 3185회)
[니체가 진료합니다.당신의 삶은 건강한가요? 2024] 1페이지까지 · 누적 156건 (요청 3186회)
[니체가 진료합니다.당신의 삶은 건강한가요? 2025] 1페이지까지 · 누적 156건 (요청 3187회)
[니체가 진료합니다.당신의 삶은 건강한가요? 2026] 1페이지까지 · 누적 156건 (요청 3188회)
[다관절 사족보행 로봇 시뮬레이터 2023] 1페이지까지 · 누적 156건 (요청 3189회)
[다관절 사족보행 로봇 시뮬레이터 2024] 1페이지까지 · 누적 156건 (요청 3190회)
[다관절 사족보행 로봇 시뮬레이터 2025] 1페이지까지 · 누적 156건 (요청 3191회)
[다관절 사족보행 로봇 시뮬레이터 2026] 1페이지까지 · 누적 156건 (요청 3192회)
[다국어 프로그램 2023] 1페이지까지 · 누적 156건 (요청 3193회)
[다국어 프로그램 2024] 1페이지까지 · 누적 156건 (요청 3194회)
[다국어 프로그램 2025] 1페이지까지 · 누적 156건 (요청 3195회)
[다국어 프로그램 2026] 1페이지까지 · 누적 156건 (요청 3196회)
[다글로 2023] 1페이지까지 · 누적 156건 (요청 3197회)
[다글로 2024] 1페이지까지 · 누적 156건 (요청 3198회)
[다글로 2025] 1페이지까지 · 누적 156건 (요청 3199회)
[다글로 2026] 1페이지까지 · 누적 156건 (요청 3200회)
[다깨침 학습 다문화 강의실 2023] 1페이지까지 · 누적 156건 (요청 3201회)
[다깨침 학습 다문화 강의실 2024] 1페이지까지 · 누적 156건 (요청 3202회)
[다깨침 학습 다문화 강의실 2025] 1페이지까지 · 누적 156건 (요청 3203회)
[다깨침 학습 다문화 강의실 2026] 1페이지까지 · 누적 156건 (요청 3204회)
[다다익샘 2023] 1페이지까지 · 누적 156건 (요청 3205회)
[다다익샘 2024] 1페이지까지 · 누적 156건 (요청 3206회)
[다다익샘 2025] 1페이지까지 · 누적 156건 (요청 3207회)
[다다익샘 2026] 1페이지까지 · 누적 156건 (요청 3208회)
[다듣영어+ 2023] 1페이지까지 · 누적 156건 (요청 3209회)
[다듣영어+ 2024] 1페이지까지 · 누적 156건 (요청 3210회)
[다듣영어+ 2025] 1페이지까지 · 누적 156건 (요청 3211회)
[다듣영어+ 2026] 1페이지까지 · 누적 156건 (요청 3212회)
[다락방 2023] 1페이지까지 · 누적 156건 (요청 3213회)
[다락방 2024] 1페이지까지 · 누적 157건 (요청 3215회)
[다락방 2025] 1페이지까지 · 누적 157건 (요청 3216회)
[다락방 2026] 1페이지까지 · 누적 157건 (요청 3217회)
[다문화교육포털 2023] 1페이지까지 · 누적 157건 (요청 3218회)
[다문화교육포털 2024] 1페이지까지 · 누적 157건 (요청 3219회)
[다문화교육포털 2025] 1페이지까지 · 누적 157건 (요청 3220회)
[다문화교육포털 2026] 1페이지까지 · 누적 157건 (요청 3221회)
[다배움교실 2023] 1페이지까지 · 누적 157건 (요청 3222회)
[다배움교실 2024] 1페이지까지 · 누적 157건 (요청 3223회)
[다배움교실 2025] 1페이지까지 · 누적 157건 (요청 3224회)
[다배움교실 2026] 1페이지까지 · 누적 157건 (요청 3225회)
[다음포털/카페/어학사전 2023] 1페이지까지 · 누적 157건 (요청 3226회)
[다음포털/카페/어학사전 2024] 1페이지까지 · 누적 157건 (요청 3227회)
[다음포털/카페/어학사전 2025] 1페이지까지 · 누적 157건 (요청 3228회)
[다음포털/카페/어학사전 2026] 1페이지까지 · 누적 157건 (요청 3229회)
[다이아보드 2023] 1페이지까지 · 누적 157건 (요청 3230회)
[다이아보드 2024] 1페이지까지 · 누적 157건 (요청 3231회)
[다이아보드 2025] 1페이지까지 · 누적 157건 (요청 3232회)
[다이아보드 2026] 1페이지까지 · 누적 157건 (요청 3233회)
[다이어트카메라 2023] 1페이지까지 · 누적 157건 (요청 3234회)
[다이어트카메라 2024] 1페이지까지 · 누적 157건 (요청 3235회)
[다이어트카메라 2025] 1페이지까지 · 누적 157건 (요청 3236회)
[다이어트카메라 2026] 1페이지까지 · 누적 157건 (요청 3237회)
[다채움 2023] 1페이지까지 · 누적 157건 (요청 3238회)
[다채움 2024] 1페이지까지 · 누적 157건 (요청 3239회)
[다채움 2025] 1페이지까지 · 누적 157건 (요청 3240회)
[다채움 2026] 1페이지까지 · 누적 157건 (요청 3241회)
[다했니 2023] 1페이지까지 · 누적 157건 (요청 3242회)
[다했니 2024] 1페이지까지 · 누적 157건 (요청 3243회)
[다했니 2025] 1페이지까지 · 누적 157건 (요청 3244회)
[다했니 2026] 1페이지까지 · 누적 157건 (요청 3245회)
[닥줌 라이브캡션 2023] 1페이지까지 · 누적 157건 (요청 3246회)
[닥줌 라이브캡션 2024] 1페이지까지 · 누적 157건 (요청 3247회)
[닥줌 라이브캡션 2025] 1페이지까지 · 누적 157건 (요청 3248회)
[닥줌 라이브캡션 2026] 1페이지까지 · 누적 157건 (요청 3249회)
[닥터매쓰 2023] 1페이지까지 · 누적 157건 (요청 3250회)
[닥터매쓰 2024] 1페이지까지 · 누적 157건 (요청 3251회)
[닥터매쓰 2025] 1페이지까지 · 누적 157건 (요청 3252회)
[닥터매쓰 2026] 1페이지까지 · 누적 157건 (요청 3253회)
[단면 체험형 구연동화 2023] 1페이지까지 · 누적 157건 (요청 3254회)
[단면 체험형 구연동화 2024] 1페이지까지 · 누적 157건 (요청 3255회)
[단면 체험형 구연동화 2025] 1페이지까지 · 누적 157건 (요청 3256회)
[단면 체험형 구연동화 2026] 1페이지까지 · 누적 157건 (요청 3257회)
[달 딱지 만들기 키트 2023] 1페이지까지 · 누적 157건 (요청 3258회)
[달 딱지 만들기 키트 2024] 1페이지까지 · 누적 157건 (요청 3259회)
[달 딱지 만들기 키트 2025] 1페이지까지 · 누적 157건 (요청 3260회)
[달 딱지 만들기 키트 2026] 1페이지까지 · 누적 157건 (요청 3261회)
[달팽이 속에 숨은 무지개 키트 2023] 1페이지까지 · 누적 157건 (요청 3262회)
[달팽이 속에 숨은 무지개 키트 2024] 1페이지까지 · 누적 157건 (요청 3263회)
[달팽이 속에 숨은 무지개 키트 2025] 1페이지까지 · 누적 157건 (요청 3264회)
[달팽이 속에 숨은 무지개 키트 2026] 1페이지까지 · 누적 157건 (요청 3265회)
[당신의 회사는 지금 2023] 1페이지까지 · 누적 157건 (요청 3266회)
[당신의 회사는 지금 2024] 1페이지까지 · 누적 157건 (요청 3267회)
[당신의 회사는 지금 2025] 1페이지까지 · 누적 157건 (요청 3268회)
[당신의 회사는 지금 2026] 1페이지까지 · 누적 157건 (요청 3269회)
[대구 교육 가상여행 학습 KIT 2023] 1페이지까지 · 누적 157건 (요청 3270회)
[대구 교육 가상여행 학습 KIT 2024] 1페이지까지 · 누적 157건 (요청 3271회)
[대구 교육 가상여행 학습 KIT 2025] 1페이지까지 · 누적 157건 (요청 3272회)
[대구 교육 가상여행 학습 KIT 2026] 1페이지까지 · 누적 157건 (요청 3273회)
[대구전자도서관 2023] 1페이지까지 · 누적 157건 (요청 3274회)
[대구전자도서관 2024] 1페이지까지 · 누적 157건 (요청 3275회)
[대구전자도서관 2025] 1페이지까지 · 누적 157건 (요청 3276회)
[대구전자도서관 2026] 1페이지까지 · 누적 157건 (요청 3277회)
[대구학생전자도서관 2023] 1페이지까지 · 누적 157건 (요청 3278회)
[대구학생전자도서관 2024] 1페이지까지 · 누적 157건 (요청 3279회)
[대구학생전자도서관 2025] 1페이지까지 · 누적 157건 (요청 3280회)
[대구학생전자도서관 2026] 1페이지까지 · 누적 157건 (요청 3281회)
[대성마이맥 Player 2023] 1페이지까지 · 누적 157건 (요청 3282회)
[대성마이맥 Player 2024] 1페이지까지 · 누적 157건 (요청 3283회)
[대성마이맥 Player 2025] 1페이지까지 · 누적 157건 (요청 3284회)
[대성마이맥 Player 2026] 1페이지까지 · 누적 157건 (요청 3285회)
[대전 인공지능 맞춤형 교수학습 플랫폼 2023] 1페이지까지 · 누적 157건 (요청 3286회)
[대전 인공지능 맞춤형 교수학습 플랫폼 2024] 1페이지까지 · 누적 157건 (요청 3287회)
[대전 인공지능 맞춤형 교수학습 플랫폼 2025] 1페이지까지 · 누적 157건 (요청 3288회)
[대전 인공지능 맞춤형 교수학습 플랫폼 2026] 1페이지까지 · 누적 157건 (요청 3289회)
[대전공공도서관 통합홈페이지 2023] 1페이지까지 · 누적 157건 (요청 3290회)
[대전공공도서관 통합홈페이지 2024] 1페이지까지 · 누적 157건 (요청 3291회)
[대전공공도서관 통합홈페이지 2025] 1페이지까지 · 누적 157건 (요청 3292회)
[대전공공도서관 통합홈페이지 2026] 1페이지까지 · 누적 157건 (요청 3293회)
[대표홈페이지_국립특수교육원 2023] 1페이지까지 · 누적 157건 (요청 3294회)
[대표홈페이지_국립특수교육원 2024] 1페이지까지 · 누적 157건 (요청 3295회)
[대표홈페이지_국립특수교육원 2025] 1페이지까지 · 누적 157건 (요청 3296회)
[대표홈페이지_국립특수교육원 2026] 1페이지까지 · 누적 157건 (요청 3297회)
[대학입학정보프로그램 유니브 2023] 1페이지까지 · 누적 157건 (요청 3298회)
[대학입학정보프로그램 유니브 2024] 1페이지까지 · 누적 157건 (요청 3299회)
[대학입학정보프로그램 유니브 2025] 1페이지까지 · 누적 157건 (요청 3300회)
[대학입학정보프로그램 유니브 2026] 1페이지까지 · 누적 157건 (요청 3301회)
[더존 Smart A 2023] 1페이지까지 · 누적 157건 (요청 3302회)
[더존 Smart A 2024] 1페이지까지 · 누적 157건 (요청 3303회)
[더존 Smart A 2025] 1페이지까지 · 누적 157건 (요청 3304회)
[더존 Smart A 2026] 1페이지까지 · 누적 157건 (요청 3305회)
[더존 화상영어센터 2023] 1페이지까지 · 누적 157건 (요청 3306회)
[더존 화상영어센터 2024] 1페이지까지 · 누적 157건 (요청 3307회)
[더존 화상영어센터 2025] 1페이지까지 · 누적 157건 (요청 3308회)
[더존 화상영어센터 2026] 1페이지까지 · 누적 157건 (요청 3309회)
[더존화상영어 2023] 1페이지까지 · 누적 157건 (요청 3310회)
[더존화상영어 2024] 1페이지까지 · 누적 157건 (요청 3311회)
[더존화상영어 2025] 1페이지까지 · 누적 157건 (요청 3312회)
[더존화상영어 2026] 1페이지까지 · 누적 157건 (요청 3313회)
[더폰드 2023] 1페이지까지 · 누적 157건 (요청 3314회)
[더폰드 2024] 1페이지까지 · 누적 157건 (요청 3315회)
[더폰드 2025] 1페이지까지 · 누적 157건 (요청 3316회)
[더폰드 2026] 1페이지까지 · 누적 157건 (요청 3317회)
[데이스쿨 2023] 1페이지까지 · 누적 158건 (요청 3319회)
[데이스쿨 2024] 1페이지까지 · 누적 159건 (요청 3321회)
[데이스쿨 2025] 1페이지까지 · 누적 159건 (요청 3322회)
[데이스쿨 2026] 1페이지까지 · 누적 159건 (요청 3323회)
[데이터에듀 PT 2023] 1페이지까지 · 누적 159건 (요청 3324회)
[데이터에듀 PT 2024] 1페이지까지 · 누적 159건 (요청 3325회)
[데이터에듀 PT 2025] 1페이지까지 · 누적 159건 (요청 3326회)
[데이터에듀 PT 2026] 1페이지까지 · 누적 159건 (요청 3327회)
[데일리스쿨 2023] 1페이지까지 · 누적 159건 (요청 3328회)
[데일리스쿨 2024] 1페이지까지 · 누적 159건 (요청 3329회)
[데일리스쿨 2025] 1페이지까지 · 누적 159건 (요청 3330회)
[데일리스쿨 2026] 1페이지까지 · 누적 159건 (요청 3331회)
[도서출판 길벗 AI 디지털 교육자료 2023] 1페이지까지 · 누적 159건 (요청 3332회)
[도서출판 길벗 AI 디지털 교육자료 2024] 1페이지까지 · 누적 159건 (요청 3333회)
[도서출판 길벗 AI 디지털 교육자료 2025] 1페이지까지 · 누적 159건 (요청 3334회)
[도서출판 길벗 AI 디지털 교육자료 2026] 1페이지까지 · 누적 159건 (요청 3335회)
[도서출판 성안당 교과서 교사용 자료 2023] 1페이지까지 · 누적 159건 (요청 3336회)
[도서출판 성안당 교과서 교사용 자료 2024] 1페이지까지 · 누적 159건 (요청 3337회)
[도서출판 성안당 교과서 교사용 자료 2025] 1페이지까지 · 누적 159건 (요청 3338회)
[도서출판 성안당 교과서 교사용 자료 2026] 1페이지까지 · 누적 159건 (요청 3339회)
[도트 타이머 2023] 1페이지까지 · 누적 159건 (요청 3340회)
[도트 타이머 2024] 1페이지까지 · 누적 159건 (요청 3341회)
[도트 타이머 2025] 1페이지까지 · 누적 159건 (요청 3342회)
[도트 타이머 2026] 1페이지까지 · 누적 159건 (요청 3343회)
[도트 플래너 2023] 1페이지까지 · 누적 159건 (요청 3344회)
[도트 플래너 2024] 1페이지까지 · 누적 159건 (요청 3345회)
[도트 플래너 2025] 1페이지까지 · 누적 159건 (요청 3346회)
[도트 플래너 2026] 1페이지까지 · 누적 159건 (요청 3347회)
[독갑이™ 2023] 1페이지까지 · 누적 159건 (요청 3348회)
[독갑이™ 2024] 1페이지까지 · 누적 159건 (요청 3349회)
[독갑이™ 2025] 1페이지까지 · 누적 159건 (요청 3350회)
[독갑이™ 2026] 1페이지까지 · 누적 159건 (요청 3351회)
[독갑이™ 커리어플래너 2023] 1페이지까지 · 누적 159건 (요청 3352회)
[독갑이™ 커리어플래너 2024] 1페이지까지 · 누적 159건 (요청 3353회)
[독갑이™ 커리어플래너 2025] 1페이지까지 · 누적 159건 (요청 3354회)
[독갑이™ 커리어플래너 2026] 1페이지까지 · 누적 159건 (요청 3355회)
[독갑이™ 팀플 2023] 1페이지까지 · 누적 159건 (요청 3356회)
[독갑이™ 팀플 2024] 1페이지까지 · 누적 159건 (요청 3357회)
[독갑이™ 팀플 2025] 1페이지까지 · 누적 159건 (요청 3358회)
[독갑이™ 팀플 2026] 1페이지까지 · 누적 159건 (요청 3359회)
[독도 가상여행 체험학습 KIT 2023] 1페이지까지 · 누적 159건 (요청 3360회)
[독도 가상여행 체험학습 KIT 2024] 1페이지까지 · 누적 159건 (요청 3361회)
[독도 가상여행 체험학습 KIT 2025] 1페이지까지 · 누적 159건 (요청 3362회)
[독도 가상여행 체험학습 KIT 2026] 1페이지까지 · 누적 159건 (요청 3363회)
[독서 플랫폼 아이윙 이용권 2023] 1페이지까지 · 누적 159건 (요청 3364회)
[독서 플랫폼 아이윙 이용권 2024] 1페이지까지 · 누적 159건 (요청 3365회)
[독서 플랫폼 아이윙 이용권 2025] 1페이지까지 · 누적 159건 (요청 3366회)
[독서 플랫폼 아이윙 이용권 2026] 1페이지까지 · 누적 159건 (요청 3367회)
[독서교육 플랫폼 리딩오션 2023] 1페이지까지 · 누적 159건 (요청 3368회)
[독서교육 플랫폼 리딩오션 2024] 1페이지까지 · 누적 159건 (요청 3369회)
[독서교육 플랫폼 리딩오션 2025] 1페이지까지 · 누적 159건 (요청 3370회)
[독서교육 플랫폼 리딩오션 2026] 1페이지까지 · 누적 159건 (요청 3371회)
[독서로 2023] 1페이지까지 · 누적 160건 (요청 3373회)
[독서로 2024] 1페이지까지 · 누적 160건 (요청 3374회)
[독서로 2025] 1페이지까지 · 누적 160건 (요청 3375회)
[독서로 2026] 1페이지까지 · 누적 160건 (요청 3376회)
[독서퀴즈 똑책 2023] 1페이지까지 · 누적 160건 (요청 3377회)
[독서퀴즈 똑책 2024] 1페이지까지 · 누적 160건 (요청 3378회)
[독서퀴즈 똑책 2025] 1페이지까지 · 누적 160건 (요청 3379회)
[독서퀴즈 똑책 2026] 1페이지까지 · 누적 160건 (요청 3380회)
[독서통장light 2023] 1페이지까지 · 누적 160건 (요청 3381회)
[독서통장light 2024] 1페이지까지 · 누적 160건 (요청 3382회)
[독서통장light 2025] 1페이지까지 · 누적 160건 (요청 3383회)
[독서통장light 2026] 1페이지까지 · 누적 160건 (요청 3384회)
[독서화랑 클래스 2023] 1페이지까지 · 누적 160건 (요청 3385회)
[독서화랑 클래스 2024] 1페이지까지 · 누적 160건 (요청 3386회)
[독서화랑 클래스 2025] 1페이지까지 · 누적 160건 (요청 3387회)
[독서화랑 클래스 2026] 1페이지까지 · 누적 160건 (요청 3388회)
[돌고래휴지통 키트 2023] 1페이지까지 · 누적 160건 (요청 3389회)
[돌고래휴지통 키트 2024] 1페이지까지 · 누적 160건 (요청 3390회)
[돌고래휴지통 키트 2025] 1페이지까지 · 누적 160건 (요청 3391회)
[돌고래휴지통 키트 2026] 1페이지까지 · 누적 160건 (요청 3392회)
[동물카드 / 미래과학 AR 2023] 1페이지까지 · 누적 160건 (요청 3393회)
[동물카드 / 미래과학 AR 2024] 1페이지까지 · 누적 160건 (요청 3394회)
[동물카드 / 미래과학 AR 2025] 1페이지까지 · 누적 160건 (요청 3395회)
[동물카드 / 미래과학 AR 2026] 1페이지까지 · 누적 160건 (요청 3396회)
[동아링 2023] 1페이지까지 · 누적 160건 (요청 3397회)
[동아링 2024] 1페이지까지 · 누적 160건 (요청 3398회)
[동아링 2025] 1페이지까지 · 누적 160건 (요청 3399회)
[동아링 2026] 1페이지까지 · 누적 160건 (요청 3400회)
[동아여자고등학교 관리 시스템 2023] 1페이지까지 · 누적 160건 (요청 3401회)
[동아여자고등학교 관리 시스템 2024] 1페이지까지 · 누적 160건 (요청 3402회)
[동아여자고등학교 관리 시스템 2025] 1페이지까지 · 누적 160건 (요청 3403회)
[동아여자고등학교 관리 시스템 2026] 1페이지까지 · 누적 160건 (요청 3404회)
[동아출판 두클래스 2023] 1페이지까지 · 누적 160건 (요청 3405회)
[동아출판 두클래스 2024] 1페이지까지 · 누적 160건 (요청 3406회)
[동아출판 두클래스 2025] 1페이지까지 · 누적 160건 (요청 3407회)
[동아출판 두클래스 2026] 1페이지까지 · 누적 160건 (요청 3408회)
[동아출판㈜ AI 디지털 교육자료 2023] 1페이지까지 · 누적 160건 (요청 3409회)
[동아출판㈜ AI 디지털 교육자료 2024] 1페이지까지 · 누적 160건 (요청 3410회)
[동아출판㈜ AI 디지털 교육자료 2025] 1페이지까지 · 누적 160건 (요청 3411회)
[동아출판㈜ AI 디지털 교육자료 2026] 1페이지까지 · 누적 160건 (요청 3412회)
[동영상편집프로그램 - 뱁믹스2 2023] 1페이지까지 · 누적 160건 (요청 3413회)
[동영상편집프로그램 - 뱁믹스2 2024] 1페이지까지 · 누적 160건 (요청 3414회)
[동영상편집프로그램 - 뱁믹스2 2025] 1페이지까지 · 누적 160건 (요청 3415회)
[동영상편집프로그램 - 뱁믹스2 2026] 1페이지까지 · 누적 160건 (요청 3416회)
[돼지 저금통 만들기 DIY 코딩 교육 키트 2023] 1페이지까지 · 누적 160건 (요청 3417회)
[돼지 저금통 만들기 DIY 코딩 교육 키트 2024] 1페이지까지 · 누적 160건 (요청 3418회)
[돼지 저금통 만들기 DIY 코딩 교육 키트 2025] 1페이지까지 · 누적 160건 (요청 3419회)
[돼지 저금통 만들기 DIY 코딩 교육 키트 2026] 1페이지까지 · 누적 160건 (요청 3420회)
[두루책방 2023] 1페이지까지 · 누적 160건 (요청 3421회)
[두루책방 2024] 1페이지까지 · 누적 160건 (요청 3422회)
[두루책방 2025] 1페이지까지 · 누적 160건 (요청 3423회)
[두루책방 2026] 1페이지까지 · 누적 160건 (요청 3424회)
[두피디아 2023] 1페이지까지 · 누적 160건 (요청 3425회)
[두피디아 2024] 1페이지까지 · 누적 160건 (요청 3426회)
[두피디아 2025] 1페이지까지 · 누적 160건 (요청 3427회)
[두피디아 2026] 1페이지까지 · 누적 160건 (요청 3428회)
[드림AI스튜디오 2023] 1페이지까지 · 누적 160건 (요청 3429회)
[드림AI스튜디오 2024] 1페이지까지 · 누적 160건 (요청 3430회)
[드림AI스튜디오 2025] 1페이지까지 · 누적 160건 (요청 3431회)
[드림AI스튜디오 2026] 1페이지까지 · 누적 160건 (요청 3432회)
[드림어필 2023] 1페이지까지 · 누적 160건 (요청 3433회)
[드림어필 2024] 1페이지까지 · 누적 160건 (요청 3434회)
[드림어필 2025] 1페이지까지 · 누적 160건 (요청 3435회)
[드림어필 2026] 1페이지까지 · 누적 160건 (요청 3436회)
[듣는교실 2023] 1페이지까지 · 누적 160건 (요청 3437회)
[듣는교실 2024] 1페이지까지 · 누적 160건 (요청 3438회)
[듣는교실 2025] 1페이지까지 · 누적 160건 (요청 3439회)
[듣는교실 2026] 1페이지까지 · 누적 160건 (요청 3440회)
[들샘클래스ON 2023] 1페이지까지 · 누적 160건 (요청 3441회)
[들샘클래스ON 2024] 1페이지까지 · 누적 160건 (요청 3442회)
[들샘클래스ON 2025] 1페이지까지 · 누적 160건 (요청 3443회)
[들샘클래스ON 2026] 1페이지까지 · 누적 160건 (요청 3444회)
[디딤돌교실 2023] 1페이지까지 · 누적 166건 (요청 3451회)
[디딤돌교실 2024] 1페이지까지 · 누적 166건 (요청 3452회)
[디딤돌교실 2025] 1페이지까지 · 누적 166건 (요청 3453회)
[디딤돌교실 2026] 1페이지까지 · 누적 166건 (요청 3454회)
[디딤돌교육 AI 디지털 교육자료 2023] 1페이지까지 · 누적 166건 (요청 3455회)
[디딤돌교육 AI 디지털 교육자료 2024] 1페이지까지 · 누적 166건 (요청 3456회)
[디딤돌교육 AI 디지털 교육자료 2025] 1페이지까지 · 누적 166건 (요청 3457회)
[디딤돌교육 AI 디지털 교육자료 2026] 1페이지까지 · 누적 166건 (요청 3458회)
[디비디비스쿨 / 방과후학교 프로그램 2023] 1페이지까지 · 누적 166건 (요청 3459회)
[디비디비스쿨 / 방과후학교 프로그램 2024] 1페이지까지 · 누적 166건 (요청 3460회)
[디비디비스쿨 / 방과후학교 프로그램 2025] 1페이지까지 · 누적 166건 (요청 3461회)
[디비디비스쿨 / 방과후학교 프로그램 2026] 1페이지까지 · 누적 166건 (요청 3462회)
[디비피아 2023] 1페이지까지 · 누적 166건 (요청 3463회)
[디비피아 2024] 1페이지까지 · 누적 166건 (요청 3464회)
[디비피아 2025] 1페이지까지 · 누적 166건 (요청 3465회)
[디비피아 2026] 1페이지까지 · 누적 167건 (요청 3467회)
[디스커버리 에듀케이션 2023] 1페이지까지 · 누적 167건 (요청 3468회)
[디스커버리 에듀케이션 2024] 1페이지까지 · 누적 167건 (요청 3469회)
[디스커버리 에듀케이션 2025] 1페이지까지 · 누적 167건 (요청 3470회)
[디스커버리 에듀케이션 2026] 1페이지까지 · 누적 167건 (요청 3471회)
[디엘비에듀 역학과 에너지 여러가지운동 2023] 1페이지까지 · 누적 167건 (요청 3472회)
[디엘비에듀 역학과 에너지 여러가지운동 2024] 1페이지까지 · 누적 167건 (요청 3473회)
[디엘비에듀 역학과 에너지 여러가지운동 2025] 1페이지까지 · 누적 167건 (요청 3474회)
[디엘비에듀 역학과 에너지 여러가지운동 2026] 1페이지까지 · 누적 167건 (요청 3475회)
[디엘비에듀 화학 산화수법 마스터 2023] 1페이지까지 · 누적 167건 (요청 3476회)
[디엘비에듀 화학 산화수법 마스터 2024] 1페이지까지 · 누적 167건 (요청 3477회)
[디엘비에듀 화학 산화수법 마스터 2025] 1페이지까지 · 누적 167건 (요청 3478회)
[디엘비에듀 화학 산화수법 마스터 2026] 1페이지까지 · 누적 167건 (요청 3479회)
[디엘비에듀 화학 중화반응 완성 2023] 1페이지까지 · 누적 167건 (요청 3480회)
[디엘비에듀 화학 중화반응 완성 2024] 1페이지까지 · 누적 167건 (요청 3481회)
[디엘비에듀 화학 중화반응 완성 2025] 1페이지까지 · 누적 167건 (요청 3482회)
[디엘비에듀 화학 중화반응 완성 2026] 1페이지까지 · 누적 167건 (요청 3483회)
[딕셔너리팝 2023] 1페이지까지 · 누적 167건 (요청 3484회)
[딕셔너리팝 2024] 1페이지까지 · 누적 167건 (요청 3485회)
[딕셔너리팝 2025] 1페이지까지 · 누적 167건 (요청 3486회)
[딕셔너리팝 2026] 1페이지까지 · 누적 167건 (요청 3487회)
[딜라이텍스 2023] 1페이지까지 · 누적 167건 (요청 3488회)
[딜라이텍스 2024] 1페이지까지 · 누적 167건 (요청 3489회)
[딜라이텍스 2025] 1페이지까지 · 누적 167건 (요청 3490회)
[딜라이텍스 2026] 1페이지까지 · 누적 167건 (요청 3491회)
[딜라이텍스 에듀 2023] 1페이지까지 · 누적 167건 (요청 3492회)
[딜라이텍스 에듀 2024] 1페이지까지 · 누적 167건 (요청 3493회)
[딜라이텍스 에듀 2025] 1페이지까지 · 누적 167건 (요청 3494회)
[딜라이텍스 에듀 2026] 1페이지까지 · 누적 167건 (요청 3495회)
[딥코 미니 2023] 1페이지까지 · 누적 167건 (요청 3496회)
[딥코 미니 2024] 1페이지까지 · 누적 167건 (요청 3497회)
[딥코 미니 2025] 1페이지까지 · 누적 167건 (요청 3498회)
[딥코 미니 2026] 1페이지까지 · 누적 167건 (요청 3499회)
[딥코 봇 2023] 1페이지까지 · 누적 167건 (요청 3500회)
[딥코 봇 2024] 1페이지까지 · 누적 167건 (요청 3501회)
[딥코 봇 2025] 1페이지까지 · 누적 167건 (요청 3502회)
[딥코 봇 2026] 1페이지까지 · 누적 167건 (요청 3503회)
[딥코 스튜디오 2023] 1페이지까지 · 누적 167건 (요청 3504회)
[딥코 스튜디오 2024] 1페이지까지 · 누적 167건 (요청 3505회)
[딥코 스튜디오 2025] 1페이지까지 · 누적 167건 (요청 3506회)
[딥코 스튜디오 2026] 1페이지까지 · 누적 167건 (요청 3507회)
[딥코보드 키트 2023] 1페이지까지 · 누적 167건 (요청 3508회)
[딥코보드 키트 2024] 1페이지까지 · 누적 167건 (요청 3509회)
[딥코보드 키트 2025] 1페이지까지 · 누적 167건 (요청 3510회)
[딥코보드 키트 2026] 1페이지까지 · 누적 167건 (요청 3511회)
[따능AI 2023] 1페이지까지 · 누적 167건 (요청 3512회)
[따능AI 2024] 1페이지까지 · 누적 167건 (요청 3513회)
[따능AI 2025] 1페이지까지 · 누적 167건 (요청 3514회)
[따능AI 2026] 1페이지까지 · 누적 167건 (요청 3515회)
[땅굴버저 2023] 1페이지까지 · 누적 167건 (요청 3516회)
[땅굴버저 2024] 1페이지까지 · 누적 167건 (요청 3517회)
[땅굴버저 2025] 1페이지까지 · 누적 167건 (요청 3518회)
[땅굴버저 2026] 1페이지까지 · 누적 167건 (요청 3519회)
[또박한글 2023] 1페이지까지 · 누적 167건 (요청 3520회)
[또박한글 2024] 1페이지까지 · 누적 167건 (요청 3521회)
[또박한글 2025] 1페이지까지 · 누적 167건 (요청 3522회)
[또박한글 2026] 1페이지까지 · 누적 167건 (요청 3523회)
[똑똑 주식 대결_AI 반도체 전쟁 2023] 1페이지까지 · 누적 167건 (요청 3524회)
[똑똑 주식 대결_AI 반도체 전쟁 2024] 1페이지까지 · 누적 167건 (요청 3525회)
[똑똑 주식 대결_AI 반도체 전쟁 2025] 1페이지까지 · 누적 167건 (요청 3526회)
[똑똑 주식 대결_AI 반도체 전쟁 2026] 1페이지까지 · 누적 167건 (요청 3527회)
[똑똑 한자 공부방 2023] 1페이지까지 · 누적 167건 (요청 3528회)
[똑똑 한자 공부방 2024] 1페이지까지 · 누적 167건 (요청 3529회)
[똑똑 한자 공부방 2025] 1페이지까지 · 누적 167건 (요청 3530회)
[똑똑 한자 공부방 2026] 1페이지까지 · 누적 167건 (요청 3531회)
[똑똑! 수학탐험대 2023] 1페이지까지 · 누적 167건 (요청 3532회)
[똑똑! 수학탐험대 2024] 1페이지까지 · 누적 167건 (요청 3533회)
[똑똑! 수학탐험대 2025] 1페이지까지 · 누적 167건 (요청 3534회)
[똑똑! 수학탐험대 2026] 1페이지까지 · 누적 167건 (요청 3535회)
[똑책 독서퀴즈 2023] 1페이지까지 · 누적 167건 (요청 3536회)
[똑책 독서퀴즈 2024] 1페이지까지 · 누적 167건 (요청 3537회)
[똑책 독서퀴즈 2025] 1페이지까지 · 누적 167건 (요청 3538회)
[똑책 독서퀴즈 2026] 1페이지까지 · 누적 167건 (요청 3539회)
[뚜루뚜루 AI 2023] 1페이지까지 · 누적 167건 (요청 3540회)
[뚜루뚜루 AI 2024] 1페이지까지 · 누적 167건 (요청 3541회)
[뚜루뚜루 AI 2025] 1페이지까지 · 누적 167건 (요청 3542회)
[뚜루뚜루 AI 2026] 1페이지까지 · 누적 167건 (요청 3543회)
[뚝딱샵 2023] 1페이지까지 · 누적 167건 (요청 3544회)
[뚝딱샵 2024] 1페이지까지 · 누적 167건 (요청 3545회)
[뚝딱샵 2025] 1페이지까지 · 누적 167건 (요청 3546회)
[뚝딱샵 2026] 1페이지까지 · 누적 167건 (요청 3547회)
[띵커벨 2023] 1페이지까지 · 누적 167건 (요청 3548회)
[띵커벨 2024] 1페이지까지 · 누적 167건 (요청 3549회)
[띵커벨 2025] 1페이지까지 · 누적 168건 (요청 3551회)
[띵커벨 2026] 1페이지까지 · 누적 169건 (요청 3553회)
[라이노 2023] 1페이지까지 · 누적 169건 (요청 3554회)
[라이노 2024] 1페이지까지 · 누적 169건 (요청 3555회)
[라이노 2025] 1페이지까지 · 누적 169건 (요청 3556회)
[라이노 2026] 1페이지까지 · 누적 169건 (요청 3557회)
[라이키 프로젝트 2023] 1페이지까지 · 누적 169건 (요청 3558회)
[라이키 프로젝트 2024] 1페이지까지 · 누적 169건 (요청 3559회)
[라이키 프로젝트 2025] 1페이지까지 · 누적 169건 (요청 3560회)
[라이키 프로젝트 2026] 1페이지까지 · 누적 169건 (요청 3561회)
[라이트 버저 2023] 1페이지까지 · 누적 169건 (요청 3562회)
[라이트 버저 2024] 1페이지까지 · 누적 169건 (요청 3563회)
[라이트 버저 2025] 1페이지까지 · 누적 169건 (요청 3564회)
[라이트 버저 2026] 1페이지까지 · 누적 169건 (요청 3565회)
[라즈베리파이 피코 스타터 키트 2023] 1페이지까지 · 누적 169건 (요청 3566회)
[라즈베리파이 피코 스타터 키트 2024] 1페이지까지 · 누적 169건 (요청 3567회)
[라즈베리파이 피코 스타터 키트 2025] 1페이지까지 · 누적 169건 (요청 3568회)
[라즈베리파이 피코 스타터 키트 2026] 1페이지까지 · 누적 169건 (요청 3569회)
[라즈베리파이 피코2 올인원 키트 2023] 1페이지까지 · 누적 169건 (요청 3570회)
[라즈베리파이 피코2 올인원 키트 2024] 1페이지까지 · 누적 169건 (요청 3571회)
[라즈베리파이 피코2 올인원 키트 2025] 1페이지까지 · 누적 169건 (요청 3572회)
[라즈베리파이 피코2 올인원 키트 2026] 1페이지까지 · 누적 169건 (요청 3573회)
[라즈베리파이 홈 IoT 교육용 키트 2023] 1페이지까지 · 누적 169건 (요청 3574회)
[라즈베리파이 홈 IoT 교육용 키트 2024] 1페이지까지 · 누적 169건 (요청 3575회)
[라즈베리파이 홈 IoT 교육용 키트 2025] 1페이지까지 · 누적 169건 (요청 3576회)
[라즈베리파이 홈 IoT 교육용 키트 2026] 1페이지까지 · 누적 169건 (요청 3577회)
[라즈키즈 온라인 독서 프로그램 2023] 1페이지까지 · 누적 169건 (요청 3578회)
[라즈키즈 온라인 독서 프로그램 2024] 1페이지까지 · 누적 169건 (요청 3579회)
[라즈키즈 온라인 독서 프로그램 2025] 1페이지까지 · 누적 169건 (요청 3580회)
[라즈키즈 온라인 독서 프로그램 2026] 1페이지까지 · 누적 169건 (요청 3581회)
[라쿤봇 2023] 1페이지까지 · 누적 169건 (요청 3582회)
[라쿤봇 2024] 1페이지까지 · 누적 169건 (요청 3583회)
[라쿤봇 2025] 1페이지까지 · 누적 169건 (요청 3584회)
[라쿤봇 2026] 1페이지까지 · 누적 169건 (요청 3585회)
[라쿤봇 조이스틱 2023] 1페이지까지 · 누적 169건 (요청 3586회)
[라쿤봇 조이스틱 2024] 1페이지까지 · 누적 169건 (요청 3587회)
[라쿤봇 조이스틱 2025] 1페이지까지 · 누적 169건 (요청 3588회)
[라쿤봇 조이스틱 2026] 1페이지까지 · 누적 169건 (요청 3589회)
[라포라포 2023] 1페이지까지 · 누적 169건 (요청 3590회)
[라포라포 2024] 1페이지까지 · 누적 169건 (요청 3591회)
[라포라포 2025] 1페이지까지 · 누적 169건 (요청 3592회)
[라포라포 2026] 1페이지까지 · 누적 169건 (요청 3593회)
[랭카데미맥스ai스쿨 2023] 1페이지까지 · 누적 169건 (요청 3594회)
[랭카데미맥스ai스쿨 2024] 1페이지까지 · 누적 169건 (요청 3595회)
[랭카데미맥스ai스쿨 2025] 1페이지까지 · 누적 169건 (요청 3596회)
[랭카데미맥스ai스쿨 2026] 1페이지까지 · 누적 169건 (요청 3597회)
[러닝에이씨드 2023] 1페이지까지 · 누적 169건 (요청 3598회)
[러닝에이씨드 2024] 1페이지까지 · 누적 169건 (요청 3599회)
[러닝에이씨드 2025] 1페이지까지 · 누적 169건 (요청 3600회)
[러닝에이씨드 2026] 1페이지까지 · 누적 169건 (요청 3601회)
[러닝크루 2023] 1페이지까지 · 누적 169건 (요청 3602회)
[러닝크루 2024] 1페이지까지 · 누적 169건 (요청 3603회)
[러닝크루 2025] 1페이지까지 · 누적 169건 (요청 3604회)
[러닝크루 2026] 1페이지까지 · 누적 169건 (요청 3605회)
[런데이 2023] 1페이지까지 · 누적 169건 (요청 3606회)
[런데이 2024] 1페이지까지 · 누적 169건 (요청 3607회)
[런데이 2025] 1페이지까지 · 누적 169건 (요청 3608회)
[런데이 2026] 1페이지까지 · 누적 169건 (요청 3609회)
[런메이트 2023] 1페이지까지 · 누적 169건 (요청 3610회)
[런메이트 2024] 1페이지까지 · 누적 169건 (요청 3611회)
[런메이트 2025] 1페이지까지 · 누적 169건 (요청 3612회)
[런메이트 2026] 1페이지까지 · 누적 169건 (요청 3613회)
[레고 에듀케이션 사이언스 / 시크릿노트 2023] 1페이지까지 · 누적 169건 (요청 3614회)
[레고 에듀케이션 사이언스 / 시크릿노트 2024] 1페이지까지 · 누적 169건 (요청 3615회)
[레고 에듀케이션 사이언스 / 시크릿노트 2025] 1페이지까지 · 누적 169건 (요청 3616회)
[레고 에듀케이션 사이언스 / 시크릿노트 2026] 1페이지까지 · 누적 169건 (요청 3617회)
[레고 에듀케이션 컴퓨터 사이언스&AI 2023] 1페이지까지 · 누적 169건 (요청 3618회)
[레고 에듀케이션 컴퓨터 사이언스&AI 2024] 1페이지까지 · 누적 169건 (요청 3619회)
[레고 에듀케이션 컴퓨터 사이언스&AI 2025] 1페이지까지 · 누적 169건 (요청 3620회)
[레고 에듀케이션 컴퓨터 사이언스&AI 2026] 1페이지까지 · 누적 169건 (요청 3621회)
[레드멘타 2023] 1페이지까지 · 누적 169건 (요청 3622회)
[레드멘타 2024] 1페이지까지 · 누적 169건 (요청 3623회)
[레드멘타 2025] 1페이지까지 · 누적 169건 (요청 3624회)
[레드멘타 2026] 1페이지까지 · 누적 169건 (요청 3625회)
[레슨위드 2023] 1페이지까지 · 누적 169건 (요청 3626회)
[레슨위드 2024] 1페이지까지 · 누적 169건 (요청 3627회)
[레슨위드 2025] 1페이지까지 · 누적 169건 (요청 3628회)
[레슨위드 2026] 1페이지까지 · 누적 169건 (요청 3629회)
[레이어드AI 2023] 1페이지까지 · 누적 169건 (요청 3630회)
[레이어드AI 2024] 1페이지까지 · 누적 169건 (요청 3631회)
[레이어드AI 2025] 1페이지까지 · 누적 169건 (요청 3632회)
[레이어드AI 2026] 1페이지까지 · 누적 169건 (요청 3633회)
[레이저박스 로터리 2023] 1페이지까지 · 누적 169건 (요청 3634회)
[레이저박스 로터리 2024] 1페이지까지 · 누적 169건 (요청 3635회)
[레이저박스 로터리 2025] 1페이지까지 · 누적 169건 (요청 3636회)
[레이저박스 로터리 2026] 1페이지까지 · 누적 169건 (요청 3637회)
[레이저사격시스템 2023] 1페이지까지 · 누적 169건 (요청 3638회)
[레이저사격시스템 2024] 1페이지까지 · 누적 169건 (요청 3639회)
[레이저사격시스템 2025] 1페이지까지 · 누적 169건 (요청 3640회)
[레이저사격시스템 2026] 1페이지까지 · 누적 169건 (요청 3641회)
[레이저줄자 DIY 아두이노 코딩교육 키트 2023] 1페이지까지 · 누적 169건 (요청 3642회)
[레이저줄자 DIY 아두이노 코딩교육 키트 2024] 1페이지까지 · 누적 169건 (요청 3643회)
[레이저줄자 DIY 아두이노 코딩교육 키트 2025] 1페이지까지 · 누적 169건 (요청 3644회)
[레이저줄자 DIY 아두이노 코딩교육 키트 2026] 1페이지까지 · 누적 169건 (요청 3645회)
[레전드 오브 바둑 2023] 1페이지까지 · 누적 169건 (요청 3646회)
[레전드 오브 바둑 2024] 1페이지까지 · 누적 169건 (요청 3647회)
[레전드 오브 바둑 2025] 1페이지까지 · 누적 169건 (요청 3648회)
[레전드 오브 바둑 2026] 1페이지까지 · 누적 169건 (요청 3649회)
[레츠비트 AI 우주수호대 2023] 1페이지까지 · 누적 169건 (요청 3650회)
[레츠비트 AI 우주수호대 2024] 1페이지까지 · 누적 169건 (요청 3651회)
[레츠비트 AI 우주수호대 2025] 1페이지까지 · 누적 169건 (요청 3652회)
[레츠비트 AI 우주수호대 2026] 1페이지까지 · 누적 169건 (요청 3653회)
[레터웍스 2023] 1페이지까지 · 누적 169건 (요청 3654회)
[레터웍스 2024] 1페이지까지 · 누적 169건 (요청 3655회)
[레터웍스 2025] 1페이지까지 · 누적 169건 (요청 3656회)
[레터웍스 2026] 1페이지까지 · 누적 169건 (요청 3657회)
[렛츠고 바둑 대모험 2023] 1페이지까지 · 누적 169건 (요청 3658회)
[렛츠고 바둑 대모험 2024] 1페이지까지 · 누적 169건 (요청 3659회)
[렛츠고 바둑 대모험 2025] 1페이지까지 · 누적 169건 (요청 3660회)
[렛츠고 바둑 대모험 2026] 1페이지까지 · 누적 169건 (요청 3661회)
[렛츠고 창의인성 바둑스쿨 2023] 1페이지까지 · 누적 169건 (요청 3662회)
[렛츠고 창의인성 바둑스쿨 2024] 1페이지까지 · 누적 169건 (요청 3663회)
[렛츠고 창의인성 바둑스쿨 2025] 1페이지까지 · 누적 169건 (요청 3664회)
[렛츠고 창의인성 바둑스쿨 2026] 1페이지까지 · 누적 169건 (요청 3665회)
[렛츠코딩 2023] 1페이지까지 · 누적 169건 (요청 3666회)
[렛츠코딩 2024] 1페이지까지 · 누적 169건 (요청 3667회)
[렛츠코딩 2025] 1페이지까지 · 누적 169건 (요청 3668회)
[렛츠코딩 2026] 1페이지까지 · 누적 169건 (요청 3669회)
[로보독 2023] 1페이지까지 · 누적 169건 (요청 3670회)
[로보독 2024] 1페이지까지 · 누적 169건 (요청 3671회)
[로보독 2025] 1페이지까지 · 누적 170건 (요청 3673회)
[로보독 2026] 1페이지까지 · 누적 170건 (요청 3674회)
[로보마스터 TT 2023] 1페이지까지 · 누적 171건 (요청 3676회)
[로보마스터 TT 2024] 1페이지까지 · 누적 171건 (요청 3677회)
[로보마스터 TT 2025] 1페이지까지 · 누적 171건 (요청 3678회)
[로보마스터 TT 2026] 1페이지까지 · 누적 171건 (요청 3679회)
[로보메이션 DFU 2023] 1페이지까지 · 누적 171건 (요청 3680회)
[로보메이션 DFU 2024] 1페이지까지 · 누적 171건 (요청 3681회)
[로보메이션 DFU 2025] 1페이지까지 · 누적 171건 (요청 3682회)
[로보메이션 DFU 2026] 1페이지까지 · 누적 171건 (요청 3683회)
[로보메이션랩 2023] 1페이지까지 · 누적 171건 (요청 3684회)
[로보메이션랩 2024] 1페이지까지 · 누적 171건 (요청 3685회)
[로보메이션랩 2025] 1페이지까지 · 누적 171건 (요청 3686회)
[로보메이션랩 2026] 1페이지까지 · 누적 171건 (요청 3687회)
[로보미 2023] 1페이지까지 · 누적 171건 (요청 3688회)
[로보미 2024] 1페이지까지 · 누적 171건 (요청 3689회)
[로보미 2025] 1페이지까지 · 누적 171건 (요청 3690회)
[로보미 2026] 1페이지까지 · 누적 171건 (요청 3691회)
[로보미 학교공용형 2023] 1페이지까지 · 누적 171건 (요청 3692회)
[로보미 학교공용형 2024] 1페이지까지 · 누적 171건 (요청 3693회)
[로보미 학교공용형 2025] 1페이지까지 · 누적 171건 (요청 3694회)
[로보미 학교공용형 2026] 1페이지까지 · 누적 171건 (요청 3695회)
[로보미 학생개별형 2023] 1페이지까지 · 누적 171건 (요청 3696회)
[로보미 학생개별형 2024] 1페이지까지 · 누적 171건 (요청 3697회)
[로보미 학생개별형 2025] 1페이지까지 · 누적 171건 (요청 3698회)
[로보미 학생개별형 2026] 1페이지까지 · 누적 171건 (요청 3699회)
[로보이드 AI 파이썬 라이브러리 2023] 1페이지까지 · 누적 171건 (요청 3700회)
[로보이드 AI 파이썬 라이브러리 2024] 1페이지까지 · 누적 171건 (요청 3701회)
[로보이드 AI 파이썬 라이브러리 2025] 1페이지까지 · 누적 171건 (요청 3702회)
[로보이드 AI 파이썬 라이브러리 2026] 1페이지까지 · 누적 171건 (요청 3703회)
[로보이드 C 라이브러리 2023] 1페이지까지 · 누적 171건 (요청 3704회)
[로보이드 C 라이브러리 2024] 1페이지까지 · 누적 171건 (요청 3705회)
[로보이드 C 라이브러리 2025] 1페이지까지 · 누적 171건 (요청 3706회)
[로보이드 C 라이브러리 2026] 1페이지까지 · 누적 171건 (요청 3707회)
[로보이드 CPP 라이브러리 2023] 1페이지까지 · 누적 171건 (요청 3708회)
[로보이드 CPP 라이브러리 2024] 1페이지까지 · 누적 171건 (요청 3709회)
[로보이드 CPP 라이브러리 2025] 1페이지까지 · 누적 171건 (요청 3710회)
[로보이드 CPP 라이브러리 2026] 1페이지까지 · 누적 171건 (요청 3711회)
[로보이드 론처 2023] 1페이지까지 · 누적 171건 (요청 3712회)
[로보이드 론처 2024] 1페이지까지 · 누적 171건 (요청 3713회)
[로보이드 론처 2025] 1페이지까지 · 누적 171건 (요청 3714회)
[로보이드 론처 2026] 1페이지까지 · 누적 171건 (요청 3715회)
[로보이드 메이커 2023] 1페이지까지 · 누적 171건 (요청 3716회)
[로보이드 메이커 2024] 1페이지까지 · 누적 171건 (요청 3717회)
[로보이드 메이커 2025] 1페이지까지 · 누적 171건 (요청 3718회)
[로보이드 메이커 2026] 1페이지까지 · 누적 171건 (요청 3719회)
[로보이드 자바 라이브러리 2023] 1페이지까지 · 누적 171건 (요청 3720회)
[로보이드 자바 라이브러리 2024] 1페이지까지 · 누적 171건 (요청 3721회)
[로보이드 자바 라이브러리 2025] 1페이지까지 · 누적 171건 (요청 3722회)
[로보이드 자바 라이브러리 2026] 1페이지까지 · 누적 171건 (요청 3723회)
[로보이드 자바스크립트 라이브러리 2023] 1페이지까지 · 누적 171건 (요청 3724회)
[로보이드 자바스크립트 라이브러리 2024] 1페이지까지 · 누적 171건 (요청 3725회)
[로보이드 자바스크립트 라이브러리 2025] 1페이지까지 · 누적 171건 (요청 3726회)
[로보이드 자바스크립트 라이브러리 2026] 1페이지까지 · 누적 171건 (요청 3727회)
[로보이드 파이썬 라이브러리 2023] 1페이지까지 · 누적 171건 (요청 3728회)
[로보이드 파이썬 라이브러리 2024] 1페이지까지 · 누적 171건 (요청 3729회)
[로보이드 파이썬 라이브러리 2025] 1페이지까지 · 누적 171건 (요청 3730회)
[로보이드 파이썬 라이브러리 2026] 1페이지까지 · 누적 171건 (요청 3731회)
[로보이드 프로세싱 라이브러리 2023] 1페이지까지 · 누적 171건 (요청 3732회)
[로보이드 프로세싱 라이브러리 2024] 1페이지까지 · 누적 171건 (요청 3733회)
[로보이드 프로세싱 라이브러리 2025] 1페이지까지 · 누적 171건 (요청 3734회)
[로보이드 프로세싱 라이브러리 2026] 1페이지까지 · 누적 171건 (요청 3735회)
[로보토리 / 로버스 2023] 1페이지까지 · 누적 171건 (요청 3736회)
[로보토리 / 로버스 2024] 1페이지까지 · 누적 171건 (요청 3737회)
[로보토리 / 로버스 2025] 1페이지까지 · 누적 171건 (요청 3738회)
[로보토리 / 로버스 2026] 1페이지까지 · 누적 171건 (요청 3739회)
[로봇 코딩 2023] 1페이지까지 · 누적 172건 (요청 3741회)
[로봇 코딩 2024] 1페이지까지 · 누적 175건 (요청 3745회)
[로봇 코딩 2025] 1페이지까지 · 누적 175건 (요청 3746회)
[로봇 코딩 2026] 1페이지까지 · 누적 175건 (요청 3747회)
[로봇팔키트 2023] 1페이지까지 · 누적 175건 (요청 3748회)
[로봇팔키트 2024] 1페이지까지 · 누적 175건 (요청 3749회)
[로봇팔키트 2025] 1페이지까지 · 누적 175건 (요청 3750회)
[로봇팔키트 2026] 1페이지까지 · 누적 175건 (요청 3751회)
[로비코 2023] 1페이지까지 · 누적 175건 (요청 3752회)
[로비코 2024] 1페이지까지 · 누적 175건 (요청 3753회)
[로비코 2025] 1페이지까지 · 누적 175건 (요청 3754회)
[로비코 2026] 1페이지까지 · 누적 175건 (요청 3755회)
[로켓트리 2023] 1페이지까지 · 누적 175건 (요청 3756회)
[로켓트리 2024] 1페이지까지 · 누적 175건 (요청 3757회)
[로켓트리 2025] 1페이지까지 · 누적 175건 (요청 3758회)
[로켓트리 2026] 1페이지까지 · 누적 175건 (요청 3759회)
[로키토키 2023] 1페이지까지 · 누적 175건 (요청 3760회)
[로키토키 2024] 1페이지까지 · 누적 175건 (요청 3761회)
[로키토키 2025] 1페이지까지 · 누적 175건 (요청 3762회)
[로키토키 2026] 1페이지까지 · 누적 175건 (요청 3763회)
[루미온 2023] 1페이지까지 · 누적 175건 (요청 3764회)
[루미온 2024] 1페이지까지 · 누적 175건 (요청 3765회)
[루미온 2025] 1페이지까지 · 누적 175건 (요청 3766회)
[루미온 2026] 1페이지까지 · 누적 175건 (요청 3767회)
[리더스아이 2023] 1페이지까지 · 누적 175건 (요청 3768회)
[리더스아이 2024] 1페이지까지 · 누적 175건 (요청 3769회)
[리더스아이 2025] 1페이지까지 · 누적 175건 (요청 3770회)
[리더스아이 2026] 1페이지까지 · 누적 175건 (요청 3771회)
[리도보카 2023] 1페이지까지 · 누적 175건 (요청 3772회)
[리도보카 2024] 1페이지까지 · 누적 175건 (요청 3773회)
[리도보카 2025] 1페이지까지 · 누적 175건 (요청 3774회)
[리도보카 2026] 1페이지까지 · 누적 175건 (요청 3775회)
[리드마크 2023] 1페이지까지 · 누적 175건 (요청 3776회)
[리드마크 2024] 1페이지까지 · 누적 175건 (요청 3777회)
[리드마크 2025] 1페이지까지 · 누적 175건 (요청 3778회)
[리드마크 2026] 1페이지까지 · 누적 175건 (요청 3779회)
[리드앤톡영어도서관 2023] 1페이지까지 · 누적 175건 (요청 3780회)
[리드앤톡영어도서관 2024] 1페이지까지 · 누적 175건 (요청 3781회)
[리드앤톡영어도서관 2025] 1페이지까지 · 누적 175건 (요청 3782회)
[리드앤톡영어도서관 2026] 1페이지까지 · 누적 175건 (요청 3783회)
[리드포스쿨 2023] 1페이지까지 · 누적 175건 (요청 3784회)
[리드포스쿨 2024] 1페이지까지 · 누적 175건 (요청 3785회)
[리드포스쿨 2025] 1페이지까지 · 누적 176건 (요청 3787회)
[리드포스쿨 2026] 1페이지까지 · 누적 176건 (요청 3788회)
[리딩 PRO 2023] 1페이지까지 · 누적 176건 (요청 3789회)
[리딩 PRO 2024] 1페이지까지 · 누적 176건 (요청 3790회)
[리딩 PRO 2025] 1페이지까지 · 누적 176건 (요청 3791회)
[리딩 PRO 2026] 1페이지까지 · 누적 176건 (요청 3792회)
[리딩101 2023] 1페이지까지 · 누적 176건 (요청 3793회)
[리딩101 2024] 1페이지까지 · 누적 176건 (요청 3794회)
[리딩101 2025] 1페이지까지 · 누적 176건 (요청 3795회)
[리딩101 2026] 1페이지까지 · 누적 176건 (요청 3796회)
[리딩게이트 2023] 1페이지까지 · 누적 181건 (요청 3802회)
[리딩게이트 2024] 1페이지까지 · 누적 186건 (요청 3808회)
[리딩게이트 2025] 1페이지까지 · 누적 189건 (요청 3812회)
[리딩게이트 2026] 1페이지까지 · 누적 192건 (요청 3816회)
[리딩레이스 2023] 1페이지까지 · 누적 192건 (요청 3817회)
[리딩레이스 2024] 1페이지까지 · 누적 192건 (요청 3818회)
[리딩레이스 2025] 1페이지까지 · 누적 192건 (요청 3819회)
[리딩레이스 2026] 1페이지까지 · 누적 192건 (요청 3820회)
[리딩비 AI 영어독서 프로그램 2023] 1페이지까지 · 누적 192건 (요청 3821회)
[리딩비 AI 영어독서 프로그램 2024] 1페이지까지 · 누적 192건 (요청 3822회)
[리딩비 AI 영어독서 프로그램 2025] 1페이지까지 · 누적 192건 (요청 3823회)
[리딩비 AI 영어독서 프로그램 2026] 1페이지까지 · 누적 192건 (요청 3824회)
[리딩비 AI 튜터 영어독서-자기주도 2023] 1페이지까지 · 누적 192건 (요청 3825회)
[리딩비 AI 튜터 영어독서-자기주도 2024] 1페이지까지 · 누적 192건 (요청 3826회)
[리딩비 AI 튜터 영어독서-자기주도 2025] 1페이지까지 · 누적 192건 (요청 3827회)
[리딩비 AI 튜터 영어독서-자기주도 2026] 1페이지까지 · 누적 192건 (요청 3828회)
[리딩비 AI 튜터 파닉스-자기주도 2023] 1페이지까지 · 누적 192건 (요청 3829회)
[리딩비 AI 튜터 파닉스-자기주도 2024] 1페이지까지 · 누적 192건 (요청 3830회)
[리딩비 AI 튜터 파닉스-자기주도 2025] 1페이지까지 · 누적 192건 (요청 3831회)
[리딩비 AI 튜터 파닉스-자기주도 2026] 1페이지까지 · 누적 192건 (요청 3832회)
[리딩비 AI 튜터 화상수업-자기주도 2023] 1페이지까지 · 누적 192건 (요청 3833회)
[리딩비 AI 튜터 화상수업-자기주도 2024] 1페이지까지 · 누적 192건 (요청 3834회)
[리딩비 AI 튜터 화상수업-자기주도 2025] 1페이지까지 · 누적 192건 (요청 3835회)
[리딩비 AI 튜터 화상수업-자기주도 2026] 1페이지까지 · 누적 192건 (요청 3836회)
[리딩앤스쿨 2023] 1페이지까지 · 누적 192건 (요청 3837회)
[리딩앤스쿨 2024] 1페이지까지 · 누적 192건 (요청 3838회)
[리딩앤스쿨 2025] 1페이지까지 · 누적 195건 (요청 3842회)
[리딩앤스쿨 2026] 1페이지까지 · 누적 199건 (요청 3847회)
[리딩오션스플러스 2023] 1페이지까지 · 누적 199건 (요청 3848회)
[리딩오션스플러스 2024] 1페이지까지 · 누적 199건 (요청 3849회)
[리딩오션스플러스 2025] 1페이지까지 · 누적 199건 (요청 3850회)
[리딩오션스플러스 2026] 1페이지까지 · 누적 199건 (요청 3851회)
[리딩캣 2023] 1페이지까지 · 누적 199건 (요청 3852회)
[리딩캣 2024] 1페이지까지 · 누적 199건 (요청 3853회)
[리딩캣 2025] 1페이지까지 · 누적 199건 (요청 3854회)
[리딩캣 2026] 1페이지까지 · 누적 199건 (요청 3855회)
[리딩해빗 2023] 1페이지까지 · 누적 199건 (요청 3856회)
[리딩해빗 2024] 1페이지까지 · 누적 199건 (요청 3857회)
[리딩해빗 2025] 1페이지까지 · 누적 199건 (요청 3858회)
[리딩해빗 2026] 1페이지까지 · 누적 199건 (요청 3859회)
[리로스쿨 2023] 1페이지까지 · 누적 206건 (요청 3867회)
[리로스쿨 2024] 2페이지까지 · 누적 216건 (요청 3879회)
[리로스쿨 2025] 1페이지까지 · 누적 223건 (요청 3887회)
[리로스쿨 2026] 1페이지까지 · 누적 229건 (요청 3894회)
[리베르스쿨 교과서 2023] 1페이지까지 · 누적 229건 (요청 3895회)
[리베르스쿨 교과서 2024] 1페이지까지 · 누적 229건 (요청 3896회)
[리베르스쿨 교과서 2025] 1페이지까지 · 누적 229건 (요청 3897회)
[리베르스쿨 교과서 2026] 1페이지까지 · 누적 229건 (요청 3898회)
[리빙박스 2023] 1페이지까지 · 누적 230건 (요청 3900회)
[리빙박스 2024] 1페이지까지 · 누적 231건 (요청 3902회)
[리빙박스 2025] 1페이지까지 · 누적 233건 (요청 3905회)
[리빙박스 2026] 1페이지까지 · 누적 235건 (요청 3908회)
[리스닝스쿨 2023] 1페이지까지 · 누적 235건 (요청 3909회)
[리스닝스쿨 2024] 1페이지까지 · 누적 235건 (요청 3910회)
[리스닝스쿨 2025] 1페이지까지 · 누적 235건 (요청 3911회)
[리스닝스쿨 2026] 1페이지까지 · 누적 235건 (요청 3912회)
[리슨앤매치 잉글리시 러닝패드 2023] 1페이지까지 · 누적 235건 (요청 3913회)
[리슨앤매치 잉글리시 러닝패드 2024] 1페이지까지 · 누적 235건 (요청 3914회)
[리슨앤매치 잉글리시 러닝패드 2025] 1페이지까지 · 누적 235건 (요청 3915회)
[리슨앤매치 잉글리시 러닝패드 2026] 1페이지까지 · 누적 235건 (요청 3916회)
[리얼 PT 2023] 1페이지까지 · 누적 235건 (요청 3917회)
[리얼 PT 2024] 1페이지까지 · 누적 235건 (요청 3918회)
[리얼 PT 2025] 1페이지까지 · 누적 235건 (요청 3919회)
[리얼 PT 2026] 1페이지까지 · 누적 235건 (요청 3920회)
[리얼월드 스쿨 2023] 1페이지까지 · 누적 235건 (요청 3921회)
[리얼월드 스쿨 2024] 1페이지까지 · 누적 235건 (요청 3922회)
[리얼월드 스쿨 2025] 1페이지까지 · 누적 235건 (요청 3923회)
[리얼월드 스쿨 2026] 1페이지까지 · 누적 235건 (요청 3924회)
[리얼월드 스튜디오 2023] 1페이지까지 · 누적 235건 (요청 3925회)
[리얼월드 스튜디오 2024] 1페이지까지 · 누적 235건 (요청 3926회)
[리얼월드 스튜디오 2025] 1페이지까지 · 누적 235건 (요청 3927회)
[리얼월드 스튜디오 2026] 1페이지까지 · 누적 235건 (요청 3928회)
[리틀리 2023] 1페이지까지 · 누적 235건 (요청 3929회)
[리틀리 2024] 1페이지까지 · 누적 235건 (요청 3930회)
[리틀리 2025] 1페이지까지 · 누적 235건 (요청 3931회)
[리틀리 2026] 1페이지까지 · 누적 235건 (요청 3932회)
[리틀빗으로 시작하는 IoT 2023] 1페이지까지 · 누적 235건 (요청 3933회)
[리틀빗으로 시작하는 IoT 2024] 1페이지까지 · 누적 235건 (요청 3934회)
[리틀빗으로 시작하는 IoT 2025] 1페이지까지 · 누적 235건 (요청 3935회)
[리틀빗으로 시작하는 IoT 2026] 1페이지까지 · 누적 235건 (요청 3936회)
[릴리스AI 2023] 1페이지까지 · 누적 235건 (요청 3937회)
[릴리스AI 2024] 1페이지까지 · 누적 235건 (요청 3938회)
[릴리스AI 2025] 1페이지까지 · 누적 235건 (요청 3939회)
[릴리스AI 2026] 1페이지까지 · 누적 235건 (요청 3940회)
[링글 틴즈 2023] 1페이지까지 · 누적 235건 (요청 3941회)
[링글 틴즈 2024] 1페이지까지 · 누적 235건 (요청 3942회)
[링글 틴즈 2025] 1페이지까지 · 누적 235건 (요청 3943회)
[링글 틴즈 2026] 1페이지까지 · 누적 235건 (요청 3944회)
[링스쿨 2023] 1페이지까지 · 누적 236건 (요청 3946회)
[링스쿨 2024] 1페이지까지 · 누적 236건 (요청 3947회)
[링스쿨 2025] 1페이지까지 · 누적 236건 (요청 3948회)
[링스쿨 2026] 1페이지까지 · 누적 236건 (요청 3949회)
[링크원 2023] 1페이지까지 · 누적 236건 (요청 3950회)
[링크원 2024] 1페이지까지 · 누적 236건 (요청 3951회)
[링크원 2025] 1페이지까지 · 누적 236건 (요청 3952회)
[링크원 2026] 1페이지까지 · 누적 236건 (요청 3953회)
[마루랩 2023] 1페이지까지 · 누적 236건 (요청 3954회)
[마루랩 2024] 1페이지까지 · 누적 236건 (요청 3955회)
[마루랩 2025] 1페이지까지 · 누적 236건 (요청 3956회)
[마루랩 2026] 1페이지까지 · 누적 236건 (요청 3957회)
[마소캠퍼스 교육 콘텐츠 2023] 1페이지까지 · 누적 236건 (요청 3958회)
[마소캠퍼스 교육 콘텐츠 2024] 1페이지까지 · 누적 236건 (요청 3959회)
[마소캠퍼스 교육 콘텐츠 2025] 1페이지까지 · 누적 236건 (요청 3960회)
[마소캠퍼스 교육 콘텐츠 2026] 1페이지까지 · 누적 236건 (요청 3961회)
[마에스트로 2023] 1페이지까지 · 누적 236건 (요청 3962회)
[마에스트로 2024] 1페이지까지 · 누적 236건 (요청 3963회)
[마에스트로 2025] 1페이지까지 · 누적 236건 (요청 3964회)
[마에스트로 2026] 1페이지까지 · 누적 236건 (요청 3965회)
[마음EASY검사 2023] 1페이지까지 · 누적 236건 (요청 3966회)
[마음EASY검사 2024] 1페이지까지 · 누적 236건 (요청 3967회)
[마음EASY검사 2025] 1페이지까지 · 누적 236건 (요청 3968회)
[마음EASY검사 2026] 1페이지까지 · 누적 236건 (요청 3969회)
[마음갈피 2023] 1페이지까지 · 누적 236건 (요청 3970회)
[마음갈피 2024] 1페이지까지 · 누적 236건 (요청 3971회)
[마음갈피 2025] 1페이지까지 · 누적 236건 (요청 3972회)
[마음갈피 2026] 1페이지까지 · 누적 236건 (요청 3973회)
[마음바다탐험대 2023] 1페이지까지 · 누적 236건 (요청 3974회)
[마음바다탐험대 2024] 1페이지까지 · 누적 236건 (요청 3975회)
[마음바다탐험대 2025] 1페이지까지 · 누적 236건 (요청 3976회)
[마음바다탐험대 2026] 1페이지까지 · 누적 236건 (요청 3977회)
[마음씨앗 기록장 2023] 1페이지까지 · 누적 236건 (요청 3978회)
[마음씨앗 기록장 2024] 1페이지까지 · 누적 236건 (요청 3979회)
[마음씨앗 기록장 2025] 1페이지까지 · 누적 236건 (요청 3980회)
[마음씨앗 기록장 2026] 1페이지까지 · 누적 236건 (요청 3981회)
[마음이음 무지개 2023] 1페이지까지 · 누적 236건 (요청 3982회)
[마음이음 무지개 2024] 1페이지까지 · 누적 236건 (요청 3983회)
[마음이음 무지개 2025] 1페이지까지 · 누적 236건 (요청 3984회)
[마음이음 무지개 2026] 1페이지까지 · 누적 236건 (요청 3985회)
[마음토스 2023] 1페이지까지 · 누적 236건 (요청 3986회)
[마음토스 2024] 1페이지까지 · 누적 236건 (요청 3987회)
[마음토스 2025] 1페이지까지 · 누적 236건 (요청 3988회)
[마음토스 2026] 1페이지까지 · 누적 236건 (요청 3989회)
[마음톡톡 2023] 1페이지까지 · 누적 240건 (요청 3994회)
[마음톡톡 2024] 1페이지까지 · 누적 240건 (요청 3995회)
[마음톡톡 2025] 1페이지까지 · 누적 240건 (요청 3996회)
[마음톡톡 2026] 1페이지까지 · 누적 240건 (요청 3997회)
[마이 그린 2023] 1페이지까지 · 누적 240건 (요청 3998회)
[마이 그린 2024] 1페이지까지 · 누적 240건 (요청 3999회)
[마이 그린 2025] 1페이지까지 · 누적 240건 (요청 4000회)
[마이 그린 2026] 1페이지까지 · 누적 240건 (요청 4001회)
[마이마블 2023] 1페이지까지 · 누적 240건 (요청 4002회)
[마이마블 2024] 1페이지까지 · 누적 240건 (요청 4003회)
[마이마블 2025] 1페이지까지 · 누적 240건 (요청 4004회)
[마이마블 2026] 1페이지까지 · 누적 240건 (요청 4005회)
[마이베스트 2023] 1페이지까지 · 누적 240건 (요청 4006회)
[마이베스트 2024] 1페이지까지 · 누적 240건 (요청 4007회)
[마이베스트 2025] 1페이지까지 · 누적 240건 (요청 4008회)
[마이베스트 2026] 1페이지까지 · 누적 240건 (요청 4009회)
[마이베스트 AI글쓰기: 과제탐구, 동화작가 2023] 1페이지까지 · 누적 240건 (요청 4010회)
[마이베스트 AI글쓰기: 과제탐구, 동화작가 2024] 1페이지까지 · 누적 240건 (요청 4011회)
[마이베스트 AI글쓰기: 과제탐구, 동화작가 2025] 1페이지까지 · 누적 240건 (요청 4012회)
[마이베스트 AI글쓰기: 과제탐구, 동화작가 2026] 1페이지까지 · 누적 240건 (요청 4013회)
[마이베스트AI글쓰기:과제탐구,동화작가 2023] 1페이지까지 · 누적 240건 (요청 4014회)
[마이베스트AI글쓰기:과제탐구,동화작가 2024] 1페이지까지 · 누적 240건 (요청 4015회)
[마이베스트AI글쓰기:과제탐구,동화작가 2025] 1페이지까지 · 누적 240건 (요청 4016회)
[마이베스트AI글쓰기:과제탐구,동화작가 2026] 1페이지까지 · 누적 240건 (요청 4017회)
[마이크로비트 나두이노 홈 IoT 키트 2023] 1페이지까지 · 누적 240건 (요청 4018회)
[마이크로비트 나두이노 홈 IoT 키트 2024] 1페이지까지 · 누적 240건 (요청 4019회)
[마이크로비트 나두이노 홈 IoT 키트 2025] 1페이지까지 · 누적 240건 (요청 4020회)
[마이크로비트 나두이노 홈 IoT 키트 2026] 1페이지까지 · 누적 240건 (요청 4021회)
[마이크로비트 레트로 아케이드 PRO 2023] 1페이지까지 · 누적 240건 (요청 4022회)
[마이크로비트 레트로 아케이드 PRO 2024] 1페이지까지 · 누적 240건 (요청 4023회)
[마이크로비트 레트로 아케이드 PRO 2025] 1페이지까지 · 누적 240건 (요청 4024회)
[마이크로비트 레트로 아케이드 PRO 2026] 1페이지까지 · 누적 240건 (요청 4025회)
[마이크로비트 스마트시티 만들기 키트 2023] 1페이지까지 · 누적 240건 (요청 4026회)
[마이크로비트 스마트시티 만들기 키트 2024] 1페이지까지 · 누적 240건 (요청 4027회)
[마이크로비트 스마트시티 만들기 키트 2025] 1페이지까지 · 누적 240건 (요청 4028회)
[마이크로비트 스마트시티 만들기 키트 2026] 1페이지까지 · 누적 240건 (요청 4029회)
[마이크로비트 스마트팜 2023] 1페이지까지 · 누적 240건 (요청 4030회)
[마이크로비트 스마트팜 2024] 1페이지까지 · 누적 240건 (요청 4031회)
[마이크로비트 스마트팜 2025] 1페이지까지 · 누적 240건 (요청 4032회)
[마이크로비트 스마트팜 2026] 1페이지까지 · 누적 241건 (요청 4034회)
[마이크로비트 올인원 프로젝트 키트 2023] 1페이지까지 · 누적 241건 (요청 4035회)
[마이크로비트 올인원 프로젝트 키트 2024] 1페이지까지 · 누적 241건 (요청 4036회)
[마이크로비트 올인원 프로젝트 키트 2025] 1페이지까지 · 누적 241건 (요청 4037회)
[마이크로비트 올인원 프로젝트 키트 2026] 1페이지까지 · 누적 241건 (요청 4038회)
[마이크로비트 지니어스 키트 2023] 1페이지까지 · 누적 241건 (요청 4039회)
[마이크로비트 지니어스 키트 2024] 1페이지까지 · 누적 241건 (요청 4040회)
[마이크로비트 지니어스 키트 2025] 1페이지까지 · 누적 241건 (요청 4041회)
[마이크로비트 지니어스 키트 2026] 1페이지까지 · 누적 241건 (요청 4042회)
[마이크로비트 코딩 교육 전용 키트 2023] 1페이지까지 · 누적 241건 (요청 4043회)
[마이크로비트 코딩 교육 전용 키트 2024] 1페이지까지 · 누적 241건 (요청 4044회)
[마이크로비트 코딩 교육 전용 키트 2025] 1페이지까지 · 누적 241건 (요청 4045회)
[마이크로비트 코딩 교육 전용 키트 2026] 1페이지까지 · 누적 241건 (요청 4046회)
[마이크로비트 한글판 레트로 아케이드 키트 2023] 1페이지까지 · 누적 241건 (요청 4047회)
[마이크로비트 한글판 레트로 아케이드 키트 2024] 1페이지까지 · 누적 241건 (요청 4048회)
[마이크로비트 한글판 레트로 아케이드 키트 2025] 1페이지까지 · 누적 241건 (요청 4049회)
[마이크로비트 한글판 레트로 아케이드 키트 2026] 1페이지까지 · 누적 241건 (요청 4050회)
[마이크로비트로 만드는 나만의 핀볼 머신 키트 2023] 1페이지까지 · 누적 241건 (요청 4051회)
[마이크로비트로 만드는 나만의 핀볼 머신 키트 2024] 1페이지까지 · 누적 241건 (요청 4052회)
[마이크로비트로 만드는 나만의 핀볼 머신 키트 2025] 1페이지까지 · 누적 241건 (요청 4053회)
[마이크로비트로 만드는 나만의 핀볼 머신 키트 2026] 1페이지까지 · 누적 241건 (요청 4054회)
[마이크로소프트 교육용 마인크래프트 2023] 1페이지까지 · 누적 241건 (요청 4055회)
[마이크로소프트 교육용 마인크래프트 2024] 1페이지까지 · 누적 241건 (요청 4056회)
[마이크로소프트 교육용 마인크래프트 2025] 1페이지까지 · 누적 241건 (요청 4057회)
[마이크로소프트 교육용 마인크래프트 2026] 1페이지까지 · 누적 241건 (요청 4058회)
[마이클 2023] 1페이지까지 · 누적 241건 (요청 4059회)
[마이클 2024] 1페이지까지 · 누적 241건 (요청 4060회)
[마이클 2025] 1페이지까지 · 누적 241건 (요청 4061회)
[마이클 2026] 1페이지까지 · 누적 242건 (요청 4063회)
[마이티쳐 2023] 1페이지까지 · 누적 242건 (요청 4064회)
[마이티쳐 2024] 1페이지까지 · 누적 242건 (요청 4065회)
[마이티쳐 2025] 1페이지까지 · 누적 242건 (요청 4066회)
[마이티쳐 2026] 1페이지까지 · 누적 242건 (요청 4067회)
[마이폴리오 2023] 1페이지까지 · 누적 242건 (요청 4068회)
[마이폴리오 2024] 1페이지까지 · 누적 242건 (요청 4069회)
[마이폴리오 2025] 1페이지까지 · 누적 242건 (요청 4070회)
[마이폴리오 2026] 1페이지까지 · 누적 242건 (요청 4071회)
[마인드게이즈 2023] 1페이지까지 · 누적 242건 (요청 4072회)
[마인드게이즈 2024] 1페이지까지 · 누적 242건 (요청 4073회)
[마인드게이즈 2025] 1페이지까지 · 누적 242건 (요청 4074회)
[마인드게이즈 2026] 1페이지까지 · 누적 242건 (요청 4075회)
[마인드소나타 2023] 1페이지까지 · 누적 242건 (요청 4076회)
[마인드소나타 2024] 1페이지까지 · 누적 242건 (요청 4077회)
[마인드소나타 2025] 1페이지까지 · 누적 242건 (요청 4078회)
[마인드소나타 2026] 1페이지까지 · 누적 242건 (요청 4079회)
[마인드큐브 2023] 1페이지까지 · 누적 242건 (요청 4080회)
[마인드큐브 2024] 1페이지까지 · 누적 242건 (요청 4081회)
[마인드큐브 2025] 1페이지까지 · 누적 242건 (요청 4082회)
[마인드큐브 2026] 1페이지까지 · 누적 242건 (요청 4083회)
[마주온 2023] 2페이지까지 · 누적 256건 (요청 4099회)
[마주온 2024] 2페이지까지 · 누적 285건 (요청 4130회)
[마주온 2025] 2페이지까지 · 누적 348건 (요청 4195회)
[마주온 2026] 2페이지까지 · 누적 368건 (요청 4217회)
[만공세계사 고대편 2023] 1페이지까지 · 누적 368건 (요청 4218회)
[만공세계사 고대편 2024] 1페이지까지 · 누적 368건 (요청 4219회)
[만공세계사 고대편 2025] 1페이지까지 · 누적 368건 (요청 4220회)
[만공세계사 고대편 2026] 1페이지까지 · 누적 368건 (요청 4221회)
[만공세계사 근대~현대편 2023] 1페이지까지 · 누적 368건 (요청 4222회)
[만공세계사 근대~현대편 2024] 1페이지까지 · 누적 368건 (요청 4223회)
[만공세계사 근대~현대편 2025] 1페이지까지 · 누적 368건 (요청 4224회)
[만공세계사 근대~현대편 2026] 1페이지까지 · 누적 368건 (요청 4225회)
[만공세계사 중세편 2023] 1페이지까지 · 누적 368건 (요청 4226회)
[만공세계사 중세편 2024] 1페이지까지 · 누적 368건 (요청 4227회)
[만공세계사 중세편 2025] 1페이지까지 · 누적 368건 (요청 4228회)
[만공세계사 중세편 2026] 1페이지까지 · 누적 368건 (요청 4229회)
[만공한국사 고구려편 2023] 1페이지까지 · 누적 368건 (요청 4230회)
[만공한국사 고구려편 2024] 1페이지까지 · 누적 368건 (요청 4231회)
[만공한국사 고구려편 2025] 1페이지까지 · 누적 368건 (요청 4232회)
[만공한국사 고구려편 2026] 1페이지까지 · 누적 368건 (요청 4233회)
[만공한국사 고려편 2023] 1페이지까지 · 누적 368건 (요청 4234회)
[만공한국사 고려편 2024] 1페이지까지 · 누적 368건 (요청 4235회)
[만공한국사 고려편 2025] 1페이지까지 · 누적 368건 (요청 4236회)
[만공한국사 고려편 2026] 1페이지까지 · 누적 368건 (요청 4237회)
[만공한국사 대한제국~현대편 2023] 1페이지까지 · 누적 368건 (요청 4238회)
[만공한국사 대한제국~현대편 2024] 1페이지까지 · 누적 368건 (요청 4239회)
[만공한국사 대한제국~현대편 2025] 1페이지까지 · 누적 368건 (요청 4240회)
[만공한국사 대한제국~현대편 2026] 1페이지까지 · 누적 368건 (요청 4241회)
[만공한국사 백제편 2023] 1페이지까지 · 누적 368건 (요청 4242회)
[만공한국사 백제편 2024] 1페이지까지 · 누적 368건 (요청 4243회)
[만공한국사 백제편 2025] 1페이지까지 · 누적 368건 (요청 4244회)
[만공한국사 백제편 2026] 1페이지까지 · 누적 368건 (요청 4245회)
[만공한국사 선사~고조선편 2023] 1페이지까지 · 누적 368건 (요청 4246회)
[만공한국사 선사~고조선편 2024] 1페이지까지 · 누적 368건 (요청 4247회)
[만공한국사 선사~고조선편 2025] 1페이지까지 · 누적 368건 (요청 4248회)
[만공한국사 선사~고조선편 2026] 1페이지까지 · 누적 368건 (요청 4249회)
[만공한국사 신라~가야편 2023] 1페이지까지 · 누적 368건 (요청 4250회)
[만공한국사 신라~가야편 2024] 1페이지까지 · 누적 368건 (요청 4251회)
[만공한국사 신라~가야편 2025] 1페이지까지 · 누적 368건 (요청 4252회)
[만공한국사 신라~가야편 2026] 1페이지까지 · 누적 368건 (요청 4253회)
[만공한국사 조선편 2023] 1페이지까지 · 누적 368건 (요청 4254회)
[만공한국사 조선편 2024] 1페이지까지 · 누적 368건 (요청 4255회)
[만공한국사 조선편 2025] 1페이지까지 · 누적 368건 (요청 4256회)
[만공한국사 조선편 2026] 1페이지까지 · 누적 368건 (요청 4257회)
[만공한국사 통일신라~발해편 2023] 1페이지까지 · 누적 368건 (요청 4258회)
[만공한국사 통일신라~발해편 2024] 1페이지까지 · 누적 368건 (요청 4259회)
[만공한국사 통일신라~발해편 2025] 1페이지까지 · 누적 368건 (요청 4260회)
[만공한국사 통일신라~발해편 2026] 1페이지까지 · 누적 368건 (요청 4261회)
[말랑말랑 코딩여행 2023] 1페이지까지 · 누적 368건 (요청 4262회)
[말랑말랑 코딩여행 2024] 1페이지까지 · 누적 368건 (요청 4263회)
[말랑말랑 코딩여행 2025] 1페이지까지 · 누적 368건 (요청 4264회)
[말랑말랑 코딩여행 2026] 1페이지까지 · 누적 368건 (요청 4265회)
[말랑톡 2023] 1페이지까지 · 누적 368건 (요청 4266회)
[말랑톡 2024] 1페이지까지 · 누적 368건 (요청 4267회)
[말랑톡 2025] 1페이지까지 · 누적 368건 (요청 4268회)
[말랑톡 2026] 1페이지까지 · 누적 368건 (요청 4269회)
[말한마디 2023] 1페이지까지 · 누적 369건 (요청 4271회)
[말한마디 2024] 1페이지까지 · 누적 369건 (요청 4272회)
[말한마디 2025] 1페이지까지 · 누적 369건 (요청 4273회)
[말한마디 2026] 1페이지까지 · 누적 369건 (요청 4274회)
[말해보카 2023] 1페이지까지 · 누적 369건 (요청 4275회)
[말해보카 2024] 1페이지까지 · 누적 372건 (요청 4279회)
[말해보카 2025] 1페이지까지 · 누적 372건 (요청 4280회)
[말해보카 2026] 1페이지까지 · 누적 372건 (요청 4281회)
[망고보드 2023] 1페이지까지 · 누적 372건 (요청 4282회)
[망고보드 2024] 1페이지까지 · 누적 372건 (요청 4283회)
[망고보드 2025] 1페이지까지 · 누적 372건 (요청 4284회)
[망고보드 2026] 1페이지까지 · 누적 372건 (요청 4285회)
[망고툰 2023] 1페이지까지 · 누적 372건 (요청 4286회)
[망고툰 2024] 1페이지까지 · 누적 372건 (요청 4287회)
[망고툰 2025] 1페이지까지 · 누적 372건 (요청 4288회)
[망고툰 2026] 1페이지까지 · 누적 372건 (요청 4289회)
[망고팩토리 2023] 1페이지까지 · 누적 372건 (요청 4290회)
[망고팩토리 2024] 1페이지까지 · 누적 372건 (요청 4291회)
[망고팩토리 2025] 1페이지까지 · 누적 372건 (요청 4292회)
[망고팩토리 2026] 1페이지까지 · 누적 372건 (요청 4293회)
[매쓰캔버스 2023] 1페이지까지 · 누적 372건 (요청 4294회)
[매쓰캔버스 2024] 1페이지까지 · 누적 372건 (요청 4295회)
[매쓰캔버스 2025] 1페이지까지 · 누적 372건 (요청 4296회)
[매쓰캔버스 2026] 1페이지까지 · 누적 372건 (요청 4297회)
[매쓰프로 2023] 1페이지까지 · 누적 372건 (요청 4298회)
[매쓰프로 2024] 1페이지까지 · 누적 372건 (요청 4299회)
[매쓰프로 2025] 1페이지까지 · 누적 372건 (요청 4300회)
[매쓰프로 2026] 1페이지까지 · 누적 372건 (요청 4301회)
[매쓰홀릭T 2023] 1페이지까지 · 누적 373건 (요청 4303회)
[매쓰홀릭T 2024] 1페이지까지 · 누적 373건 (요청 4304회)
[매쓰홀릭T 2025] 1페이지까지 · 누적 374건 (요청 4306회)
[매쓰홀릭T 2026] 1페이지까지 · 누적 375건 (요청 4308회)
[매일국어 2023] 1페이지까지 · 누적 375건 (요청 4309회)
[매일국어 2024] 1페이지까지 · 누적 375건 (요청 4310회)
[매일국어 2025] 1페이지까지 · 누적 375건 (요청 4311회)
[매일국어 2026] 1페이지까지 · 누적 375건 (요청 4312회)
[매일국어T 2023] 1페이지까지 · 누적 375건 (요청 4313회)
[매일국어T 2024] 1페이지까지 · 누적 375건 (요청 4314회)
[매일국어T 2025] 1페이지까지 · 누적 375건 (요청 4315회)
[매일국어T 2026] 1페이지까지 · 누적 375건 (요청 4316회)
[매일독서 독도 2023] 1페이지까지 · 누적 375건 (요청 4317회)
[매일독서 독도 2024] 1페이지까지 · 누적 375건 (요청 4318회)
[매일독서 독도 2025] 1페이지까지 · 누적 375건 (요청 4319회)
[매일독서 독도 2026] 1페이지까지 · 누적 375건 (요청 4320회)
[매직코 2023] 1페이지까지 · 누적 375건 (요청 4321회)
[매직코 2024] 1페이지까지 · 누적 375건 (요청 4322회)
[매직코 2025] 1페이지까지 · 누적 375건 (요청 4323회)
[매직코 2026] 1페이지까지 · 누적 375건 (요청 4324회)
[매티픽 2023] 1페이지까지 · 누적 375건 (요청 4325회)
[매티픽 2024] 1페이지까지 · 누적 375건 (요청 4326회)
[매티픽 2025] 1페이지까지 · 누적 375건 (요청 4327회)
[매티픽 2026] 1페이지까지 · 누적 375건 (요청 4328회)
[맥스 AI 2023] 1페이지까지 · 누적 375건 (요청 4329회)
[맥스 AI 2024] 1페이지까지 · 누적 375건 (요청 4330회)
[맥스 AI 2025] 1페이지까지 · 누적 375건 (요청 4331회)
[맥스 AI 2026] 1페이지까지 · 누적 375건 (요청 4332회)
[맥스 AI 월드 2023] 1페이지까지 · 누적 375건 (요청 4333회)
[맥스 AI 월드 2024] 1페이지까지 · 누적 375건 (요청 4334회)
[맥스 AI 월드 2025] 1페이지까지 · 누적 375건 (요청 4335회)
[맥스 AI 월드 2026] 1페이지까지 · 누적 375건 (요청 4336회)
[맥스ai스쿨 2023] 1페이지까지 · 누적 375건 (요청 4337회)
[맥스ai스쿨 2024] 1페이지까지 · 누적 375건 (요청 4338회)
[맥스ai스쿨 2025] 1페이지까지 · 누적 375건 (요청 4339회)
[맥스ai스쿨 2026] 1페이지까지 · 누적 375건 (요청 4340회)
[맥파분석기 2023] 1페이지까지 · 누적 375건 (요청 4341회)
[맥파분석기 2024] 1페이지까지 · 누적 375건 (요청 4342회)
[맥파분석기 2025] 1페이지까지 · 누적 375건 (요청 4343회)
[맥파분석기 2026] 1페이지까지 · 누적 375건 (요청 4344회)
[머니머니 2023] 1페이지까지 · 누적 375건 (요청 4345회)
[머니머니 2024] 1페이지까지 · 누적 375건 (요청 4346회)
[머니머니 2025] 1페이지까지 · 누적 375건 (요청 4347회)
[머니머니 2026] 1페이지까지 · 누적 375건 (요청 4348회)
[멀티터치테이블 2023] 1페이지까지 · 누적 376건 (요청 4350회)
[멀티터치테이블 2024] 1페이지까지 · 누적 376건 (요청 4351회)
[멀티터치테이블 2025] 1페이지까지 · 누적 376건 (요청 4352회)
[멀티터치테이블 2026] 1페이지까지 · 누적 376건 (요청 4353회)
[메가코스 2023] 1페이지까지 · 누적 376건 (요청 4354회)
[메가코스 2024] 1페이지까지 · 누적 377건 (요청 4356회)
[메가코스 2025] 1페이지까지 · 누적 377건 (요청 4357회)
[메가코스 2026] 1페이지까지 · 누적 377건 (요청 4358회)
[메가클래스 2023] 1페이지까지 · 누적 377건 (요청 4359회)
[메가클래스 2024] 1페이지까지 · 누적 377건 (요청 4360회)
[메가클래스 2025] 1페이지까지 · 누적 377건 (요청 4361회)
[메가클래스 2026] 1페이지까지 · 누적 377건 (요청 4362회)
[메나비 2023] 1페이지까지 · 누적 377건 (요청 4363회)
[메나비 2024] 1페이지까지 · 누적 377건 (요청 4364회)
[메나비 2025] 1페이지까지 · 누적 377건 (요청 4365회)
[메나비 2026] 1페이지까지 · 누적 377건 (요청 4366회)
[메디세스 2023] 1페이지까지 · 누적 377건 (요청 4367회)
[메디세스 2024] 1페이지까지 · 누적 377건 (요청 4368회)
[메디세스 2025] 1페이지까지 · 누적 377건 (요청 4369회)
[메디세스 2026] 1페이지까지 · 누적 377건 (요청 4370회)
[메디크루 VR 2023] 1페이지까지 · 누적 377건 (요청 4371회)
[메디크루 VR 2024] 1페이지까지 · 누적 377건 (요청 4372회)
[메디크루 VR 2025] 1페이지까지 · 누적 377건 (요청 4373회)
[메디크루 VR 2026] 1페이지까지 · 누적 377건 (요청 4374회)
[메이커봇 슬라이싱 2023] 1페이지까지 · 누적 377건 (요청 4375회)
[메이커봇 슬라이싱 2024] 1페이지까지 · 누적 377건 (요청 4376회)
[메이커봇 슬라이싱 2025] 1페이지까지 · 누적 377건 (요청 4377회)
[메이커봇 슬라이싱 2026] 1페이지까지 · 누적 377건 (요청 4378회)
[메이크 코드 2023] 1페이지까지 · 누적 377건 (요청 4379회)
[메이크 코드 2024] 1페이지까지 · 누적 377건 (요청 4380회)
[메이크 코드 2025] 1페이지까지 · 누적 377건 (요청 4381회)
[메이크 코드 2026] 1페이지까지 · 누적 377건 (요청 4382회)
[메이킷 AI 코드 클래스 2023] 1페이지까지 · 누적 377건 (요청 4383회)
[메이킷 AI 코드 클래스 2024] 1페이지까지 · 누적 377건 (요청 4384회)
[메이킷 AI 코드 클래스 2025] 1페이지까지 · 누적 377건 (요청 4385회)
[메이킷 AI 코드 클래스 2026] 1페이지까지 · 누적 377건 (요청 4386회)
[메이플스토리 월드 2023] 1페이지까지 · 누적 377건 (요청 4387회)
[메이플스토리 월드 2024] 1페이지까지 · 누적 377건 (요청 4388회)
[메이플스토리 월드 2025] 1페이지까지 · 누적 377건 (요청 4389회)
[메이플스토리 월드 2026] 1페이지까지 · 누적 377건 (요청 4390회)
[메타버스 코딩 SW 2023] 1페이지까지 · 누적 377건 (요청 4391회)
[메타버스 코딩 SW 2024] 1페이지까지 · 누적 377건 (요청 4392회)
[메타버스 코딩 SW 2025] 1페이지까지 · 누적 377건 (요청 4393회)
[메타버스 코딩 SW 2026] 1페이지까지 · 누적 377건 (요청 4394회)
[메타브 2023] 1페이지까지 · 누적 377건 (요청 4395회)
[메타브 2024] 1페이지까지 · 누적 377건 (요청 4396회)
[메타브 2025] 1페이지까지 · 누적 377건 (요청 4397회)
[메타브 2026] 1페이지까지 · 누적 377건 (요청 4398회)
[메타수학 2023] 1페이지까지 · 누적 377건 (요청 4399회)
[메타수학 2024] 1페이지까지 · 누적 377건 (요청 4400회)
[메타수학 2025] 1페이지까지 · 누적 377건 (요청 4401회)
[메타수학 2026] 1페이지까지 · 누적 377건 (요청 4402회)
[메타스쿨 2023] 1페이지까지 · 누적 377건 (요청 4403회)
[메타스쿨 2024] 1페이지까지 · 누적 377건 (요청 4404회)
[메타스쿨 2025] 1페이지까지 · 누적 377건 (요청 4405회)
[메타스쿨 2026] 1페이지까지 · 누적 377건 (요청 4406회)
[메타스포츠 SCHOOL - 온라인체육교실 2023] 1페이지까지 · 누적 377건 (요청 4407회)
[메타스포츠 SCHOOL - 온라인체육교실 2024] 1페이지까지 · 누적 377건 (요청 4408회)
[메타스포츠 SCHOOL - 온라인체육교실 2025] 1페이지까지 · 누적 377건 (요청 4409회)
[메타스포츠 SCHOOL - 온라인체육교실 2026] 1페이지까지 · 누적 377건 (요청 4410회)
  재시도(<urlopen error [Errno 60] Operation timed out>) → 5초
[메타인지 OMR 2023] 1페이지까지 · 누적 377건 (요청 4411회)
[메타인지 OMR 2024] 1페이지까지 · 누적 377건 (요청 4412회)
[메타인지 OMR 2025] 1페이지까지 · 누적 377건 (요청 4413회)
[메타인지 OMR 2026] 1페이지까지 · 누적 377건 (요청 4414회)
[메타인지 단어장 2023] 1페이지까지 · 누적 377건 (요청 4415회)
[메타인지 단어장 2024] 1페이지까지 · 누적 377건 (요청 4416회)
[메타인지 단어장 2025] 1페이지까지 · 누적 377건 (요청 4417회)
[메타인지 단어장 2026] 1페이지까지 · 누적 377건 (요청 4418회)
[메타인지 플랫폼 2023] 1페이지까지 · 누적 377건 (요청 4419회)
[메타인지 플랫폼 2024] 1페이지까지 · 누적 377건 (요청 4420회)
[메타인지 플랫폼 2025] 1페이지까지 · 누적 377건 (요청 4421회)
[메타인지 플랫폼 2026] 1페이지까지 · 누적 377건 (요청 4422회)
[메타인지플랫폼 2023] 1페이지까지 · 누적 377건 (요청 4423회)
[메타인지플랫폼 2024] 1페이지까지 · 누적 377건 (요청 4424회)
[메타인지플랫폼 2025] 1페이지까지 · 누적 377건 (요청 4425회)
[메타인지플랫폼 2026] 1페이지까지 · 누적 377건 (요청 4426회)
[메타퀘스트 VR 기반 동시 미러링 시스템 2023] 1페이지까지 · 누적 377건 (요청 4427회)
[메타퀘스트 VR 기반 동시 미러링 시스템 2024] 1페이지까지 · 누적 377건 (요청 4428회)
[메타퀘스트 VR 기반 동시 미러링 시스템 2025] 1페이지까지 · 누적 377건 (요청 4429회)
[메타퀘스트 VR 기반 동시 미러링 시스템 2026] 1페이지까지 · 누적 377건 (요청 4430회)
[멘티미터 2023] 1페이지까지 · 누적 377건 (요청 4431회)
[멘티미터 2024] 1페이지까지 · 누적 377건 (요청 4432회)
[멘티미터 2025] 1페이지까지 · 누적 377건 (요청 4433회)
[멘티미터 2026] 1페이지까지 · 누적 377건 (요청 4434회)
[멜 키트 2023] 1페이지까지 · 누적 377건 (요청 4435회)
[멜 키트 2024] 1페이지까지 · 누적 377건 (요청 4436회)
[멜 키트 2025] 1페이지까지 · 누적 377건 (요청 4437회)
[멜 키트 2026] 1페이지까지 · 누적 377건 (요청 4438회)
[면접의 달인 2023] 1페이지까지 · 누적 377건 (요청 4439회)
[면접의 달인 2024] 1페이지까지 · 누적 377건 (요청 4440회)
[면접의 달인 2025] 1페이지까지 · 누적 377건 (요청 4441회)
[면접의 달인 2026] 1페이지까지 · 누적 377건 (요청 4442회)
[멸종위기동물 AR 구조대 2023] 1페이지까지 · 누적 377건 (요청 4443회)
[멸종위기동물 AR 구조대 2024] 1페이지까지 · 누적 377건 (요청 4444회)
[멸종위기동물 AR 구조대 2025] 1페이지까지 · 누적 377건 (요청 4445회)
[멸종위기동물 AR 구조대 2026] 1페이지까지 · 누적 377건 (요청 4446회)
[멸종위기동물 학습 시리즈 2023] 1페이지까지 · 누적 377건 (요청 4447회)
[멸종위기동물 학습 시리즈 2024] 1페이지까지 · 누적 377건 (요청 4448회)
[멸종위기동물 학습 시리즈 2025] 1페이지까지 · 누적 377건 (요청 4449회)
[멸종위기동물 학습 시리즈 2026] 1페이지까지 · 누적 377건 (요청 4450회)
[모니토 2023] 1페이지까지 · 누적 377건 (요청 4451회)
[모니토 2024] 1페이지까지 · 누적 377건 (요청 4452회)
[모니토 2025] 1페이지까지 · 누적 377건 (요청 4453회)
[모니토 2026] 1페이지까지 · 누적 377건 (요청 4454회)
[모델릭 2023] 1페이지까지 · 누적 377건 (요청 4455회)
[모델릭 2024] 1페이지까지 · 누적 377건 (요청 4456회)
[모델릭 2025] 1페이지까지 · 누적 377건 (요청 4457회)
[모델릭 2026] 1페이지까지 · 누적 377건 (요청 4458회)
[모두! ABCD 2023] 1페이지까지 · 누적 377건 (요청 4459회)
[모두! ABCD 2024] 1페이지까지 · 누적 377건 (요청 4460회)
[모두! ABCD 2025] 1페이지까지 · 누적 377건 (요청 4461회)
[모두! ABCD 2026] 1페이지까지 · 누적 377건 (요청 4462회)
[모두싸인 2023] 1페이지까지 · 누적 377건 (요청 4463회)
[모두싸인 2024] 1페이지까지 · 누적 377건 (요청 4464회)
[모두싸인 2025] 1페이지까지 · 누적 377건 (요청 4465회)
[모두싸인 2026] 1페이지까지 · 누적 377건 (요청 4466회)
[모두의 마이크로비트 실습 키트 2023] 1페이지까지 · 누적 377건 (요청 4467회)
[모두의 마이크로비트 실습 키트 2024] 1페이지까지 · 누적 377건 (요청 4468회)
[모두의 마이크로비트 실습 키트 2025] 1페이지까지 · 누적 377건 (요청 4469회)
[모두의 마이크로비트 실습 키트 2026] 1페이지까지 · 누적 377건 (요청 4470회)
[모두의 진로원픽 2023] 1페이지까지 · 누적 377건 (요청 4471회)
[모두의 진로원픽 2024] 1페이지까지 · 누적 377건 (요청 4472회)
[모두의 진로원픽 2025] 1페이지까지 · 누적 377건 (요청 4473회)
[모두의 진로원픽 2026] 1페이지까지 · 누적 377건 (요청 4474회)
[모두의 한국어 2023] 1페이지까지 · 누적 377건 (요청 4475회)
[모두의 한국어 2024] 1페이지까지 · 누적 377건 (요청 4476회)
[모두의 한국어 2025] 1페이지까지 · 누적 377건 (요청 4477회)
[모두의 한국어 2026] 1페이지까지 · 누적 377건 (요청 4478회)
[모두의땅 2023] 1페이지까지 · 누적 377건 (요청 4479회)
[모두의땅 2024] 1페이지까지 · 누적 377건 (요청 4480회)
[모두의땅 2025] 1페이지까지 · 누적 377건 (요청 4481회)
[모두의땅 2026] 1페이지까지 · 누적 377건 (요청 4482회)
[모두의땅 - 대한민국 땅값지도 2023] 1페이지까지 · 누적 377건 (요청 4483회)
[모두의땅 - 대한민국 땅값지도 2024] 1페이지까지 · 누적 377건 (요청 4484회)
[모두의땅 - 대한민국 땅값지도 2025] 1페이지까지 · 누적 377건 (요청 4485회)
[모두의땅 - 대한민국 땅값지도 2026] 1페이지까지 · 누적 377건 (요청 4486회)
[모두출판 2023] 1페이지까지 · 누적 377건 (요청 4487회)
[모두출판 2024] 1페이지까지 · 누적 377건 (요청 4488회)
[모두출판 2025] 1페이지까지 · 누적 377건 (요청 4489회)
[모두출판 2026] 1페이지까지 · 누적 377건 (요청 4490회)
[모디 플러스 마스터 키트 2023] 1페이지까지 · 누적 377건 (요청 4491회)
[모디 플러스 마스터 키트 2024] 1페이지까지 · 누적 377건 (요청 4492회)
[모디 플러스 마스터 키트 2025] 1페이지까지 · 누적 377건 (요청 4493회)
[모디 플러스 마스터 키트 2026] 1페이지까지 · 누적 377건 (요청 4494회)
[모모타로 2023] 1페이지까지 · 누적 377건 (요청 4495회)
[모모타로 2024] 1페이지까지 · 누적 377건 (요청 4496회)
[모모타로 2025] 1페이지까지 · 누적 377건 (요청 4497회)
[모모타로 2026] 1페이지까지 · 누적 377건 (요청 4498회)
[모션탭 멀티팩 2023] 1페이지까지 · 누적 377건 (요청 4499회)
[모션탭 멀티팩 2024] 1페이지까지 · 누적 377건 (요청 4500회)
[모션탭 멀티팩 2025] 1페이지까지 · 누적 377건 (요청 4501회)
[모션탭 멀티팩 2026] 1페이지까지 · 누적 377건 (요청 4502회)
[모션탭 스탠다드팩 2023] 1페이지까지 · 누적 377건 (요청 4503회)
[모션탭 스탠다드팩 2024] 1페이지까지 · 누적 377건 (요청 4504회)
[모션탭 스탠다드팩 2025] 1페이지까지 · 누적 377건 (요청 4505회)
[모션탭 스탠다드팩 2026] 1페이지까지 · 누적 377건 (요청 4506회)
[모션탭 엑스퍼트팩 2023] 1페이지까지 · 누적 377건 (요청 4507회)
[모션탭 엑스퍼트팩 2024] 1페이지까지 · 누적 377건 (요청 4508회)
[모션탭 엑스퍼트팩 2025] 1페이지까지 · 누적 377건 (요청 4509회)
[모션탭 엑스퍼트팩 2026] 1페이지까지 · 누적 377건 (요청 4510회)
[모션탭 퍼스널팩 2023] 1페이지까지 · 누적 377건 (요청 4511회)
[모션탭 퍼스널팩 2024] 1페이지까지 · 누적 377건 (요청 4512회)
[모션탭 퍼스널팩 2025] 1페이지까지 · 누적 377건 (요청 4513회)
[모션탭 퍼스널팩 2026] 1페이지까지 · 누적 377건 (요청 4514회)
[모아 학급회의 2023] 1페이지까지 · 누적 377건 (요청 4515회)
[모아 학급회의 2024] 1페이지까지 · 누적 377건 (요청 4516회)
[모아 학급회의 2025] 1페이지까지 · 누적 377건 (요청 4517회)
[모아 학급회의 2026] 1페이지까지 · 누적 377건 (요청 4518회)
[모아이 2023] 1페이지까지 · 누적 377건 (요청 4519회)
[모아이 2024] 1페이지까지 · 누적 377건 (요청 4520회)
[모아이 2025] 1페이지까지 · 누적 377건 (요청 4521회)
[모아이 2026] 1페이지까지 · 누적 378건 (요청 4523회)
[모아진/도서관 매거진 2023] 1페이지까지 · 누적 378건 (요청 4524회)
[모아진/도서관 매거진 2024] 1페이지까지 · 누적 378건 (요청 4525회)
[모아진/도서관 매거진 2025] 1페이지까지 · 누적 378건 (요청 4526회)
[모아진/도서관 매거진 2026] 1페이지까지 · 누적 378건 (요청 4527회)
[모자익 에듀케이션 2023] 1페이지까지 · 누적 378건 (요청 4528회)
[모자익 에듀케이션 2024] 1페이지까지 · 누적 378건 (요청 4529회)
[모자익 에듀케이션 2025] 1페이지까지 · 누적 378건 (요청 4530회)
[모자익 에듀케이션 2026] 1페이지까지 · 누적 378건 (요청 4531회)
[모킹버드 문제은행 2023] 1페이지까지 · 누적 378건 (요청 4532회)
[모킹버드 문제은행 2024] 1페이지까지 · 누적 378건 (요청 4533회)
[모킹버드 문제은행 2025] 1페이지까지 · 누적 378건 (요청 4534회)
[모킹버드 문제은행 2026] 1페이지까지 · 누적 378건 (요청 4535회)
[모티버솔루션 2023] 1페이지까지 · 누적 378건 (요청 4536회)
[모티버솔루션 2024] 1페이지까지 · 누적 378건 (요청 4537회)
[모티버솔루션 2025] 1페이지까지 · 누적 378건 (요청 4538회)
[모티버솔루션 2026] 1페이지까지 · 누적 378건 (요청 4539회)
[몬스터T 2023] 1페이지까지 · 누적 378건 (요청 4540회)
[몬스터T 2024] 1페이지까지 · 누적 378건 (요청 4541회)
[몬스터T 2025] 1페이지까지 · 누적 378건 (요청 4542회)
[몬스터T 2026] 1페이지까지 · 누적 378건 (요청 4543회)
[무니티 2023] 1페이지까지 · 누적 378건 (요청 4544회)
[무니티 2024] 1페이지까지 · 누적 378건 (요청 4545회)
[무니티 2025] 1페이지까지 · 누적 378건 (요청 4546회)
[무니티 2026] 1페이지까지 · 누적 378건 (요청 4547회)
[무선 멀티 Q 타이머 세트 2023] 1페이지까지 · 누적 378건 (요청 4548회)
[무선 멀티 Q 타이머 세트 2024] 1페이지까지 · 누적 378건 (요청 4549회)
[무선 멀티 Q 타이머 세트 2025] 1페이지까지 · 누적 378건 (요청 4550회)
[무선 멀티 Q 타이머 세트 2026] 1페이지까지 · 누적 378건 (요청 4551회)
[무선 멀티 점수판 세트 2023] 1페이지까지 · 누적 378건 (요청 4552회)
[무선 멀티 점수판 세트 2024] 1페이지까지 · 누적 378건 (요청 4553회)
[무선 멀티 점수판 세트 2025] 1페이지까지 · 누적 378건 (요청 4554회)
[무선 멀티 점수판 세트 2026] 1페이지까지 · 누적 378건 (요청 4555회)
[무선 버저 V2 4인용 2023] 1페이지까지 · 누적 378건 (요청 4556회)
[무선 버저 V2 4인용 2024] 1페이지까지 · 누적 378건 (요청 4557회)
[무선 버저 V2 4인용 2025] 1페이지까지 · 누적 378건 (요청 4558회)
[무선 버저 V2 4인용 2026] 1페이지까지 · 누적 378건 (요청 4559회)
[무선 버저 V3 4인용 2023] 1페이지까지 · 누적 378건 (요청 4560회)
[무선 버저 V3 4인용 2024] 1페이지까지 · 누적 378건 (요청 4561회)
[무선 버저 V3 4인용 2025] 1페이지까지 · 누적 378건 (요청 4562회)
[무선 버저 V3 4인용 2026] 1페이지까지 · 누적 378건 (요청 4563회)
[무선 버저 V4 4인용 2023] 1페이지까지 · 누적 378건 (요청 4564회)
[무선 버저 V4 4인용 2024] 1페이지까지 · 누적 378건 (요청 4565회)
[무선 버저 V4 4인용 2025] 1페이지까지 · 누적 378건 (요청 4566회)
[무선 버저 V4 4인용 2026] 1페이지까지 · 누적 378건 (요청 4567회)
[무선 투표기 317 2023] 1페이지까지 · 누적 378건 (요청 4568회)
[무선 투표기 317 2024] 1페이지까지 · 누적 378건 (요청 4569회)
[무선 투표기 317 2025] 1페이지까지 · 누적 378건 (요청 4570회)
[무선 투표기 317 2026] 1페이지까지 · 누적 378건 (요청 4571회)
[무선 투표기 319z 2023] 1페이지까지 · 누적 378건 (요청 4572회)
[무선 투표기 319z 2024] 1페이지까지 · 누적 378건 (요청 4573회)
[무선 투표기 319z 2025] 1페이지까지 · 누적 378건 (요청 4574회)
[무선 투표기 319z 2026] 1페이지까지 · 누적 378건 (요청 4575회)
[문수네집 2023] 1페이지까지 · 누적 378건 (요청 4576회)
[문수네집 2024] 1페이지까지 · 누적 378건 (요청 4577회)
[문수네집 2025] 1페이지까지 · 누적 378건 (요청 4578회)
[문수네집 2026] 1페이지까지 · 누적 378건 (요청 4579회)
[문제G 2023] 1페이지까지 · 누적 378건 (요청 4580회)
[문제G 2024] 1페이지까지 · 누적 378건 (요청 4581회)
[문제G 2025] 1페이지까지 · 누적 378건 (요청 4582회)
[문제G 2026] 1페이지까지 · 누적 378건 (요청 4583회)
[문해력 진단평가/트레이닝 AI 학습시스템 2023] 1페이지까지 · 누적 378건 (요청 4584회)
[문해력 진단평가/트레이닝 AI 학습시스템 2024] 1페이지까지 · 누적 378건 (요청 4585회)
[문해력 진단평가/트레이닝 AI 학습시스템 2025] 1페이지까지 · 누적 378건 (요청 4586회)
[문해력 진단평가/트레이닝 AI 학습시스템 2026] 1페이지까지 · 누적 378건 (요청 4587회)
[뮤지아 원 2023] 1페이지까지 · 누적 378건 (요청 4588회)
[뮤지아 원 2024] 1페이지까지 · 누적 378건 (요청 4589회)
[뮤지아 원 2025] 1페이지까지 · 누적 378건 (요청 4590회)
[뮤지아 원 2026] 1페이지까지 · 누적 378건 (요청 4591회)
[뮤직프로5.0 2023] 1페이지까지 · 누적 378건 (요청 4592회)
[뮤직프로5.0 2024] 1페이지까지 · 누적 378건 (요청 4593회)
[뮤직프로5.0 2025] 1페이지까지 · 누적 378건 (요청 4594회)
[뮤직프로5.0 2026] 1페이지까지 · 누적 378건 (요청 4595회)
[미니 소고 만들기 키트 2023] 1페이지까지 · 누적 378건 (요청 4596회)
[미니 소고 만들기 키트 2024] 1페이지까지 · 누적 378건 (요청 4597회)
[미니 소고 만들기 키트 2025] 1페이지까지 · 누적 378건 (요청 4598회)
[미니 소고 만들기 키트 2026] 1페이지까지 · 누적 378건 (요청 4599회)
[미니그로우 2023] 1페이지까지 · 누적 378건 (요청 4600회)
[미니그로우 2024] 1페이지까지 · 누적 378건 (요청 4601회)
[미니그로우 2025] 1페이지까지 · 누적 378건 (요청 4602회)
[미니그로우 2026] 1페이지까지 · 누적 378건 (요청 4603회)
[미니북 2023] 1페이지까지 · 누적 378건 (요청 4604회)
[미니북 2024] 1페이지까지 · 누적 379건 (요청 4606회)
[미니북 2025] 1페이지까지 · 누적 379건 (요청 4607회)
[미니북 2026] 1페이지까지 · 누적 380건 (요청 4609회)
[미래교육 VR교실 솔루션 2023] 1페이지까지 · 누적 380건 (요청 4610회)
[미래교육 VR교실 솔루션 2024] 1페이지까지 · 누적 380건 (요청 4611회)
[미래교육 VR교실 솔루션 2025] 1페이지까지 · 누적 380건 (요청 4612회)
[미래교육 VR교실 솔루션 2026] 1페이지까지 · 누적 380건 (요청 4613회)
[미래교육연구회 사이트 2023] 1페이지까지 · 누적 380건 (요청 4614회)
[미래교육연구회 사이트 2024] 1페이지까지 · 누적 380건 (요청 4615회)
[미래교육연구회 사이트 2025] 1페이지까지 · 누적 380건 (요청 4616회)
[미래교육연구회 사이트 2026] 1페이지까지 · 누적 380건 (요청 4617회)
[미래엔 AI·디지털 교육자료 2023] 1페이지까지 · 누적 380건 (요청 4618회)
[미래엔 AI·디지털 교육자료 2024] 1페이지까지 · 누적 380건 (요청 4619회)
[미래엔 AI·디지털 교육자료 2025] 1페이지까지 · 누적 380건 (요청 4620회)
[미래엔 AI·디지털 교육자료 2026] 1페이지까지 · 누적 380건 (요청 4621회)
[미래엔 엠티처 2023] 1페이지까지 · 누적 380건 (요청 4622회)
[미래엔 엠티처 2024] 1페이지까지 · 누적 380건 (요청 4623회)
[미래엔 엠티처 2025] 1페이지까지 · 누적 380건 (요청 4624회)
[미래엔 엠티처 2026] 1페이지까지 · 누적 380건 (요청 4625회)
[미래역량 어드벤처 2023] 1페이지까지 · 누적 380건 (요청 4626회)
[미래역량 어드벤처 2024] 1페이지까지 · 누적 380건 (요청 4627회)
[미래역량 어드벤처 2025] 1페이지까지 · 누적 380건 (요청 4628회)
[미래역량 어드벤처 2026] 1페이지까지 · 누적 380건 (요청 4629회)
[미리캔버스 2023] 1페이지까지 · 누적 384건 (요청 4634회)
[미리캔버스 2024] 1페이지까지 · 누적 388건 (요청 4639회)
[미리캔버스 2025] 1페이지까지 · 누적 391건 (요청 4643회)
[미리캔버스 2026] 1페이지까지 · 누적 392건 (요청 4645회)
[미리캔버스 Pro요금제 할인 프로모션 2023] 1페이지까지 · 누적 392건 (요청 4646회)
[미리캔버스 Pro요금제 할인 프로모션 2024] 1페이지까지 · 누적 392건 (요청 4647회)
[미리캔버스 Pro요금제 할인 프로모션 2025] 1페이지까지 · 누적 392건 (요청 4648회)
[미리캔버스 Pro요금제 할인 프로모션 2026] 1페이지까지 · 누적 392건 (요청 4649회)
[미세먼지측정키트Pro 2023] 1페이지까지 · 누적 392건 (요청 4650회)
[미세먼지측정키트Pro 2024] 1페이지까지 · 누적 392건 (요청 4651회)
[미세먼지측정키트Pro 2025] 1페이지까지 · 누적 392건 (요청 4652회)
[미세먼지측정키트Pro 2026] 1페이지까지 · 누적 392건 (요청 4653회)
[미소급식 2023] 1페이지까지 · 누적 392건 (요청 4654회)
[미소급식 2024] 1페이지까지 · 누적 392건 (요청 4655회)
[미소급식 2025] 1페이지까지 · 누적 392건 (요청 4656회)
[미소급식 2026] 1페이지까지 · 누적 392건 (요청 4657회)
[미주 AI 2023] 1페이지까지 · 누적 392건 (요청 4658회)
[미주 AI 2024] 1페이지까지 · 누적 392건 (요청 4659회)
[미주 AI 2025] 1페이지까지 · 누적 392건 (요청 4660회)
[미주 AI 2026] 1페이지까지 · 누적 392건 (요청 4661회)
[민주주의 바람의 나라 2023] 1페이지까지 · 누적 392건 (요청 4662회)
[민주주의 바람의 나라 2024] 1페이지까지 · 누적 392건 (요청 4663회)
[민주주의 바람의 나라 2025] 1페이지까지 · 누적 392건 (요청 4664회)
[민주주의 바람의 나라 2026] 1페이지까지 · 누적 392건 (요청 4665회)
[민트영어ㆍ화상영어서비스 2023] 1페이지까지 · 누적 392건 (요청 4666회)
[민트영어ㆍ화상영어서비스 2024] 1페이지까지 · 누적 392건 (요청 4667회)
[민트영어ㆍ화상영어서비스 2025] 1페이지까지 · 누적 392건 (요청 4668회)
[민트영어ㆍ화상영어서비스 2026] 1페이지까지 · 누적 392건 (요청 4669회)
[밀크T고등 2023] 1페이지까지 · 누적 392건 (요청 4670회)
[밀크T고등 2024] 1페이지까지 · 누적 392건 (요청 4671회)
[밀크T고등 2025] 1페이지까지 · 누적 392건 (요청 4672회)
[밀크T고등 2026] 1페이지까지 · 누적 392건 (요청 4673회)
[밀크T중학 2023] 1페이지까지 · 누적 392건 (요청 4674회)
[밀크T중학 2024] 1페이지까지 · 누적 392건 (요청 4675회)
[밀크T중학 2025] 1페이지까지 · 누적 392건 (요청 4676회)
[밀크T중학 2026] 1페이지까지 · 누적 392건 (요청 4677회)
[밀크T초등 2023] 1페이지까지 · 누적 392건 (요청 4678회)
[밀크T초등 2024] 1페이지까지 · 누적 394건 (요청 4681회)
[밀크T초등 2025] 1페이지까지 · 누적 394건 (요청 4682회)
[밀크T초등 2026] 1페이지까지 · 누적 394건 (요청 4683회)
[밋메이트 2023] 1페이지까지 · 누적 394건 (요청 4684회)
[밋메이트 2024] 1페이지까지 · 누적 394건 (요청 4685회)
[밋메이트 2025] 1페이지까지 · 누적 394건 (요청 4686회)
[밋메이트 2026] 1페이지까지 · 누적 394건 (요청 4687회)
[밍글봇 AI 2023] 1페이지까지 · 누적 394건 (요청 4688회)
[밍글봇 AI 2024] 1페이지까지 · 누적 394건 (요청 4689회)
[밍글봇 AI 2025] 1페이지까지 · 누적 394건 (요청 4690회)
[밍글봇 AI 2026] 1페이지까지 · 누적 394건 (요청 4691회)
[바로 쓰는 프링고 PRINGO 교육세트 2023] 1페이지까지 · 누적 394건 (요청 4692회)
[바로 쓰는 프링고 PRINGO 교육세트 2024] 1페이지까지 · 누적 394건 (요청 4693회)
[바로 쓰는 프링고 PRINGO 교육세트 2025] 1페이지까지 · 누적 394건 (요청 4694회)
[바로 쓰는 프링고 PRINGO 교육세트 2026] 1페이지까지 · 누적 394건 (요청 4695회)
[바른한글 2023] 1페이지까지 · 누적 394건 (요청 4696회)
[바른한글 2024] 1페이지까지 · 누적 394건 (요청 4697회)
[바른한글 2025] 1페이지까지 · 누적 394건 (요청 4698회)
[바른한글 2026] 1페이지까지 · 누적 394건 (요청 4699회)
[바른한글 한국어 맞춤법/문법 검사기 2023] 1페이지까지 · 누적 394건 (요청 4700회)
[바른한글 한국어 맞춤법/문법 검사기 2024] 1페이지까지 · 누적 394건 (요청 4701회)
[바른한글 한국어 맞춤법/문법 검사기 2025] 1페이지까지 · 누적 394건 (요청 4702회)
[바른한글 한국어 맞춤법/문법 검사기 2026] 1페이지까지 · 누적 394건 (요청 4703회)
[바운더리엑스 AI 웹앱서비스 2023] 1페이지까지 · 누적 394건 (요청 4704회)
[바운더리엑스 AI 웹앱서비스 2024] 1페이지까지 · 누적 394건 (요청 4705회)
[바운더리엑스 AI 웹앱서비스 2025] 1페이지까지 · 누적 394건 (요청 4706회)
[바운더리엑스 AI 웹앱서비스 2026] 1페이지까지 · 누적 394건 (요청 4707회)
[바이브블록 2023] 1페이지까지 · 누적 394건 (요청 4708회)
[바이브블록 2024] 1페이지까지 · 누적 394건 (요청 4709회)
[바이브블록 2025] 1페이지까지 · 누적 394건 (요청 4710회)
[바이브블록 2026] 1페이지까지 · 누적 394건 (요청 4711회)
[바이브온T 2023] 1페이지까지 · 누적 394건 (요청 4712회)
[바이브온T 2024] 1페이지까지 · 누적 394건 (요청 4713회)
[바이브온T 2025] 1페이지까지 · 누적 394건 (요청 4714회)
[바이브온T 2026] 1페이지까지 · 누적 394건 (요청 4715회)
[바이브클래스 2023] 1페이지까지 · 누적 394건 (요청 4716회)
[바이브클래스 2024] 1페이지까지 · 누적 394건 (요청 4717회)
[바이브클래스 2025] 1페이지까지 · 누적 394건 (요청 4718회)
[바이브클래스 2026] 1페이지까지 · 누적 394건 (요청 4719회)
[박스히어로 2023] 1페이지까지 · 누적 394건 (요청 4720회)
[박스히어로 2024] 1페이지까지 · 누적 394건 (요청 4721회)
[박스히어로 2025] 1페이지까지 · 누적 394건 (요청 4722회)
[박스히어로 2026] 1페이지까지 · 누적 394건 (요청 4723회)
[반디캠 2023] 1페이지까지 · 누적 394건 (요청 4724회)
[반디캠 2024] 1페이지까지 · 누적 394건 (요청 4725회)
[반디캠 2025] 1페이지까지 · 누적 394건 (요청 4726회)
[반디캠 2026] 1페이지까지 · 누적 394건 (요청 4727회)
[반디캠 맥 버전 2023] 1페이지까지 · 누적 394건 (요청 4728회)
[반디캠 맥 버전 2024] 1페이지까지 · 누적 394건 (요청 4729회)
[반디캠 맥 버전 2025] 1페이지까지 · 누적 394건 (요청 4730회)
[반디캠 맥 버전 2026] 1페이지까지 · 누적 394건 (요청 4731회)
[반디컷 2023] 1페이지까지 · 누적 394건 (요청 4732회)
[반디컷 2024] 1페이지까지 · 누적 394건 (요청 4733회)
[반디컷 2025] 1페이지까지 · 누적 394건 (요청 4734회)
[반디컷 2026] 1페이지까지 · 누적 394건 (요청 4735회)
[반려로봇 loona 2023] 1페이지까지 · 누적 394건 (요청 4736회)
[반려로봇 loona 2024] 1페이지까지 · 누적 394건 (요청 4737회)
[반려로봇 loona 2025] 1페이지까지 · 누적 394건 (요청 4738회)
[반려로봇 loona 2026] 1페이지까지 · 누적 394건 (요청 4739회)
[반짝클래스 2023] 1페이지까지 · 누적 394건 (요청 4740회)
[반짝클래스 2024] 1페이지까지 · 누적 394건 (요청 4741회)
[반짝클래스 2025] 1페이지까지 · 누적 394건 (요청 4742회)
[반짝클래스 2026] 1페이지까지 · 누적 394건 (요청 4743회)
[받침음절표 2023] 1페이지까지 · 누적 394건 (요청 4744회)
[받침음절표 2024] 1페이지까지 · 누적 394건 (요청 4745회)
[받침음절표 2025] 1페이지까지 · 누적 394건 (요청 4746회)
[받침음절표 2026] 1페이지까지 · 누적 394건 (요청 4747회)
[발달장애인 교육용 VR 콘텐츠 2023] 1페이지까지 · 누적 394건 (요청 4748회)
[발달장애인 교육용 VR 콘텐츠 2024] 1페이지까지 · 누적 394건 (요청 4749회)
[발달장애인 교육용 VR 콘텐츠 2025] 1페이지까지 · 누적 394건 (요청 4750회)
[발달장애인 교육용 VR 콘텐츠 2026] 1페이지까지 · 누적 394건 (요청 4751회)
[방구석연구소 2023] 1페이지까지 · 누적 394건 (요청 4752회)
[방구석연구소 2024] 1페이지까지 · 누적 394건 (요청 4753회)
[방구석연구소 2025] 1페이지까지 · 누적 394건 (요청 4754회)
[방구석연구소 2026] 1페이지까지 · 누적 394건 (요청 4755회)
[방문자예약시스템 2023] 1페이지까지 · 누적 394건 (요청 4756회)
[방문자예약시스템 2024] 1페이지까지 · 누적 394건 (요청 4757회)
[방문자예약시스템 2025] 1페이지까지 · 누적 394건 (요청 4758회)
[방문자예약시스템 2026] 1페이지까지 · 누적 394건 (요청 4759회)
[방송부 앱 2023] 1페이지까지 · 누적 394건 (요청 4760회)
[방송부 앱 2024] 1페이지까지 · 누적 394건 (요청 4761회)
[방송부 앱 2025] 1페이지까지 · 누적 394건 (요청 4762회)
[방송부 앱 2026] 1페이지까지 · 누적 394건 (요청 4763회)
[배움공책 2023] 1페이지까지 · 누적 402건 (요청 4772회)
[배움공책 2024] 1페이지까지 · 누적 407건 (요청 4778회)
[배움공책 2025] 1페이지까지 · 누적 410건 (요청 4782회)
[배움공책 2026] 1페이지까지 · 누적 411건 (요청 4784회)
[백제 미스터리 연구소 2023] 1페이지까지 · 누적 411건 (요청 4785회)
[백제 미스터리 연구소 2024] 1페이지까지 · 누적 411건 (요청 4786회)
[백제 미스터리 연구소 2025] 1페이지까지 · 누적 411건 (요청 4787회)
[백제 미스터리 연구소 2026] 1페이지까지 · 누적 411건 (요청 4788회)
[뱁믹스2 2023] 1페이지까지 · 누적 411건 (요청 4789회)
[뱁믹스2 2024] 1페이지까지 · 누적 411건 (요청 4790회)
[뱁믹스2 2025] 1페이지까지 · 누적 411건 (요청 4791회)
[뱁믹스2 2026] 1페이지까지 · 누적 411건 (요청 4792회)
[버추얼클래스 2023] 1페이지까지 · 누적 411건 (요청 4793회)
[버추얼클래스 2024] 1페이지까지 · 누적 411건 (요청 4794회)
[버추얼클래스 2025] 1페이지까지 · 누적 411건 (요청 4795회)
[버추얼클래스 2026] 1페이지까지 · 누적 411건 (요청 4796회)
[베스트사이트 2023] 1페이지까지 · 누적 411건 (요청 4797회)
[베스트사이트 2024] 1페이지까지 · 누적 411건 (요청 4798회)
[베스트사이트 2025] 1페이지까지 · 누적 411건 (요청 4799회)
[베스트사이트 2026] 1페이지까지 · 누적 411건 (요청 4800회)
[베티 - 모션 코딩 2023] 1페이지까지 · 누적 411건 (요청 4801회)
[베티 - 모션 코딩 2024] 1페이지까지 · 누적 411건 (요청 4802회)
[베티 - 모션 코딩 2025] 1페이지까지 · 누적 411건 (요청 4803회)
[베티 - 모션 코딩 2026] 1페이지까지 · 누적 411건 (요청 4804회)
[베티 주니어 2023] 1페이지까지 · 누적 411건 (요청 4805회)
[베티 주니어 2024] 1페이지까지 · 누적 411건 (요청 4806회)
[베티 주니어 2025] 1페이지까지 · 누적 411건 (요청 4807회)
[베티 주니어 2026] 1페이지까지 · 누적 411건 (요청 4808회)
[벨루가 2023] 1페이지까지 · 누적 411건 (요청 4809회)
[벨루가 2024] 1페이지까지 · 누적 411건 (요청 4810회)
[벨루가 2025] 1페이지까지 · 누적 411건 (요청 4811회)
[벨루가 2026] 1페이지까지 · 누적 411건 (요청 4812회)
[별빛로그 2023] 1페이지까지 · 누적 411건 (요청 4813회)
[별빛로그 2024] 1페이지까지 · 누적 411건 (요청 4814회)
[별빛로그 2025] 1페이지까지 · 누적 411건 (요청 4815회)
[별빛로그 2026] 1페이지까지 · 누적 411건 (요청 4816회)
[보건일지 2023] 1페이지까지 · 누적 411건 (요청 4817회)
[보건일지 2024] 1페이지까지 · 누적 411건 (요청 4818회)
[보건일지 2025] 1페이지까지 · 누적 411건 (요청 4819회)
[보건일지 2026] 1페이지까지 · 누적 411건 (요청 4820회)
[보고핏 AI 가상 피팅 솔루션 2023] 1페이지까지 · 누적 411건 (요청 4821회)
[보고핏 AI 가상 피팅 솔루션 2024] 1페이지까지 · 누적 411건 (요청 4822회)
[보고핏 AI 가상 피팅 솔루션 2025] 1페이지까지 · 누적 411건 (요청 4823회)
[보고핏 AI 가상 피팅 솔루션 2026] 1페이지까지 · 누적 411건 (요청 4824회)
[보다스쿨 2023] 1페이지까지 · 누적 411건 (요청 4825회)
[보다스쿨 2024] 1페이지까지 · 누적 411건 (요청 4826회)
[보다스쿨 2025] 1페이지까지 · 누적 411건 (요청 4827회)
[보다스쿨 2026] 1페이지까지 · 누적 411건 (요청 4828회)
[보라구 중국어 Class 2023] 1페이지까지 · 누적 411건 (요청 4829회)
[보라구 중국어 Class 2024] 1페이지까지 · 누적 411건 (요청 4830회)
[보라구 중국어 Class 2025] 1페이지까지 · 누적 411건 (요청 4831회)
[보라구 중국어 Class 2026] 1페이지까지 · 누적 411건 (요청 4832회)
[보은고 GPT 2023] 1페이지까지 · 누적 411건 (요청 4833회)
[보은고 GPT 2024] 1페이지까지 · 누적 411건 (요청 4834회)
[보은고 GPT 2025] 1페이지까지 · 누적 411건 (요청 4835회)
[보은고 GPT 2026] 1페이지까지 · 누적 411건 (요청 4836회)
[보카톡톡 2023] 1페이지까지 · 누적 411건 (요청 4837회)
[보카톡톡 2024] 1페이지까지 · 누적 411건 (요청 4838회)
[보카톡톡 2025] 1페이지까지 · 누적 411건 (요청 4839회)
[보카톡톡 2026] 1페이지까지 · 누적 411건 (요청 4840회)
[보행자를 위한 신호등 2023] 1페이지까지 · 누적 411건 (요청 4841회)
[보행자를 위한 신호등 2024] 1페이지까지 · 누적 411건 (요청 4842회)
[보행자를 위한 신호등 2025] 1페이지까지 · 누적 411건 (요청 4843회)
[보행자를 위한 신호등 2026] 1페이지까지 · 누적 411건 (요청 4844회)
[부산광역시 전자도서관 2023] 1페이지까지 · 누적 411건 (요청 4845회)
[부산광역시 전자도서관 2024] 1페이지까지 · 누적 411건 (요청 4846회)
[부산광역시 전자도서관 2025] 1페이지까지 · 누적 411건 (요청 4847회)
[부산광역시 전자도서관 2026] 1페이지까지 · 누적 411건 (요청 4848회)
[부산교육 AI 튜터 BeAT 2023] 1페이지까지 · 누적 411건 (요청 4849회)
[부산교육 AI 튜터 BeAT 2024] 1페이지까지 · 누적 411건 (요청 4850회)
[부산교육 AI 튜터 BeAT 2025] 1페이지까지 · 누적 411건 (요청 4851회)
[부산교육 AI 튜터 BeAT 2026] 1페이지까지 · 누적 411건 (요청 4852회)
[부산스스로학습터 2023] 1페이지까지 · 누적 411건 (요청 4853회)
[부산스스로학습터 2024] 1페이지까지 · 누적 411건 (요청 4854회)
[부산스스로학습터 2025] 1페이지까지 · 누적 411건 (요청 4855회)
[부산스스로학습터 2026] 1페이지까지 · 누적 411건 (요청 4856회)
[부산에듀원2.0 2023] 1페이지까지 · 누적 411건 (요청 4857회)
[부산에듀원2.0 2024] 1페이지까지 · 누적 411건 (요청 4858회)
[부산에듀원2.0 2025] 1페이지까지 · 누적 411건 (요청 4859회)
[부산에듀원2.0 2026] 1페이지까지 · 누적 411건 (요청 4860회)
[부산전자도서관 2023] 1페이지까지 · 누적 411건 (요청 4861회)
[부산전자도서관 2024] 1페이지까지 · 누적 411건 (요청 4862회)
[부산전자도서관 2025] 1페이지까지 · 누적 411건 (요청 4863회)
[부산전자도서관 2026] 1페이지까지 · 누적 411건 (요청 4864회)
[부엉이 소리 피리 키트 2023] 1페이지까지 · 누적 411건 (요청 4865회)
[부엉이 소리 피리 키트 2024] 1페이지까지 · 누적 411건 (요청 4866회)
[부엉이 소리 피리 키트 2025] 1페이지까지 · 누적 411건 (요청 4867회)
[부엉이 소리 피리 키트 2026] 1페이지까지 · 누적 411건 (요청 4868회)
[부지런 앱 2023] 1페이지까지 · 누적 411건 (요청 4869회)
[부지런 앱 2024] 1페이지까지 · 누적 411건 (요청 4870회)
[부지런 앱 2025] 1페이지까지 · 누적 411건 (요청 4871회)
[부지런 앱 2026] 1페이지까지 · 누적 411건 (요청 4872회)
[부커스 2023] 1페이지까지 · 누적 411건 (요청 4873회)
[부커스 2024] 1페이지까지 · 누적 411건 (요청 4874회)
[부커스 2025] 1페이지까지 · 누적 411건 (요청 4875회)
[부커스 2026] 1페이지까지 · 누적 411건 (요청 4876회)
[부커스 WHY ON 2023] 1페이지까지 · 누적 411건 (요청 4877회)
[부커스 WHY ON 2024] 1페이지까지 · 누적 411건 (요청 4878회)
[부커스 WHY ON 2025] 1페이지까지 · 누적 411건 (요청 4879회)
[부커스 WHY ON 2026] 1페이지까지 · 누적 411건 (요청 4880회)
[부커스 다문화ON 2023] 1페이지까지 · 누적 411건 (요청 4881회)
[부커스 다문화ON 2024] 1페이지까지 · 누적 411건 (요청 4882회)
[부커스 다문화ON 2025] 1페이지까지 · 누적 411건 (요청 4883회)
[부커스 다문화ON 2026] 1페이지까지 · 누적 411건 (요청 4884회)
[부커스 진로ON 2023] 1페이지까지 · 누적 411건 (요청 4885회)
[부커스 진로ON 2024] 1페이지까지 · 누적 411건 (요청 4886회)
[부커스 진로ON 2025] 1페이지까지 · 누적 411건 (요청 4887회)
[부커스 진로ON 2026] 1페이지까지 · 누적 411건 (요청 4888회)
[부크크 2023] 1페이지까지 · 누적 411건 (요청 4889회)
[부크크 2024] 1페이지까지 · 누적 411건 (요청 4890회)
[부크크 2025] 1페이지까지 · 누적 411건 (요청 4891회)
[부크크 2026] 1페이지까지 · 누적 411건 (요청 4892회)
[북레일 2023] 1페이지까지 · 누적 411건 (요청 4893회)
[북레일 2024] 1페이지까지 · 누적 411건 (요청 4894회)
[북레일 2025] 1페이지까지 · 누적 411건 (요청 4895회)
[북레일 2026] 1페이지까지 · 누적 411건 (요청 4896회)
[북적북적 2023] 1페이지까지 · 누적 418건 (요청 4904회)
[북적북적 2024] 1페이지까지 · 누적 423건 (요청 4910회)
[북적북적 2025] 1페이지까지 · 누적 429건 (요청 4917회)
[북적북적 2026] 1페이지까지 · 누적 430건 (요청 4919회)
[북컴퍼스 2023] 1페이지까지 · 누적 430건 (요청 4920회)
[북컴퍼스 2024] 1페이지까지 · 누적 430건 (요청 4921회)
[북컴퍼스 2025] 1페이지까지 · 누적 430건 (요청 4922회)
[북컴퍼스 2026] 1페이지까지 · 누적 430건 (요청 4923회)
[북크리에이터 2023] 1페이지까지 · 누적 430건 (요청 4924회)
[북크리에이터 2024] 1페이지까지 · 누적 430건 (요청 4925회)
[북크리에이터 2025] 1페이지까지 · 누적 430건 (요청 4926회)
[북크리에이터 2026] 1페이지까지 · 누적 431건 (요청 4928회)
[북토리 2023] 1페이지까지 · 누적 431건 (요청 4929회)
[북토리 2024] 1페이지까지 · 누적 431건 (요청 4930회)
[북토리 2025] 1페이지까지 · 누적 431건 (요청 4931회)
[북토리 2026] 1페이지까지 · 누적 431건 (요청 4932회)
[북토비 소장형 전자도서관 2023] 1페이지까지 · 누적 431건 (요청 4933회)
[북토비 소장형 전자도서관 2024] 1페이지까지 · 누적 431건 (요청 4934회)
[북토비 소장형 전자도서관 2025] 1페이지까지 · 누적 431건 (요청 4935회)
[북토비 소장형 전자도서관 2026] 1페이지까지 · 누적 431건 (요청 4936회)
[북토비 스마트 전자도서관 2023] 1페이지까지 · 누적 431건 (요청 4937회)
[북토비 스마트 전자도서관 2024] 1페이지까지 · 누적 431건 (요청 4938회)
[북토비 스마트 전자도서관 2025] 1페이지까지 · 누적 431건 (요청 4939회)
[북토비 스마트 전자도서관 2026] 1페이지까지 · 누적 431건 (요청 4940회)
[브레인탭 퀴즈마스터 2023] 1페이지까지 · 누적 431건 (요청 4941회)
[브레인탭 퀴즈마스터 2024] 1페이지까지 · 누적 431건 (요청 4942회)
[브레인탭 퀴즈마스터 2025] 1페이지까지 · 누적 431건 (요청 4943회)
[브레인탭 퀴즈마스터 2026] 1페이지까지 · 누적 431건 (요청 4944회)
[브로콜리 코딩 2023] 1페이지까지 · 누적 431건 (요청 4945회)
[브로콜리 코딩 2024] 1페이지까지 · 누적 431건 (요청 4946회)
[브로콜리 코딩 2025] 1페이지까지 · 누적 431건 (요청 4947회)
[브로콜리 코딩 2026] 1페이지까지 · 누적 431건 (요청 4948회)
[브릭셀 AI 페이지 2023] 1페이지까지 · 누적 431건 (요청 4949회)
[브릭셀 AI 페이지 2024] 1페이지까지 · 누적 431건 (요청 4950회)
[브릭셀 AI 페이지 2025] 1페이지까지 · 누적 431건 (요청 4951회)
[브릭셀 AI 페이지 2026] 1페이지까지 · 누적 431건 (요청 4952회)
[브릭셀 랜딩 페이지 2023] 1페이지까지 · 누적 431건 (요청 4953회)
[브릭셀 랜딩 페이지 2024] 1페이지까지 · 누적 431건 (요청 4954회)
[브릭셀 랜딩 페이지 2025] 1페이지까지 · 누적 431건 (요청 4955회)
[브릭셀 랜딩 페이지 2026] 1페이지까지 · 누적 431건 (요청 4956회)
[브릭셀 실시간 데이터 로깅 및 분석 페이지 2023] 1페이지까지 · 누적 431건 (요청 4957회)
[브릭셀 실시간 데이터 로깅 및 분석 페이지 2024] 1페이지까지 · 누적 431건 (요청 4958회)
[브릭셀 실시간 데이터 로깅 및 분석 페이지 2025] 1페이지까지 · 누적 431건 (요청 4959회)
[브릭셀 실시간 데이터 로깅 및 분석 페이지 2026] 1페이지까지 · 누적 431건 (요청 4960회)
[브릭셀 에디터 페이지 2023] 1페이지까지 · 누적 431건 (요청 4961회)
[브릭셀 에디터 페이지 2024] 1페이지까지 · 누적 431건 (요청 4962회)
[브릭셀 에디터 페이지 2025] 1페이지까지 · 누적 431건 (요청 4963회)
[브릭셀 에디터 페이지 2026] 1페이지까지 · 누적 431건 (요청 4964회)
[브릭셀 회로 설계 시뮬레이터 페이지 2023] 1페이지까지 · 누적 431건 (요청 4965회)
[브릭셀 회로 설계 시뮬레이터 페이지 2024] 1페이지까지 · 누적 431건 (요청 4966회)
[브릭셀 회로 설계 시뮬레이터 페이지 2025] 1페이지까지 · 누적 431건 (요청 4967회)
[브릭셀 회로 설계 시뮬레이터 페이지 2026] 1페이지까지 · 누적 431건 (요청 4968회)
[블럭토커 2023] 1페이지까지 · 누적 431건 (요청 4969회)
[블럭토커 2024] 1페이지까지 · 누적 431건 (요청 4970회)
[블럭토커 2025] 1페이지까지 · 누적 431건 (요청 4971회)
[블럭토커 2026] 1페이지까지 · 누적 431건 (요청 4972회)
[블록피아노 2023] 1페이지까지 · 누적 431건 (요청 4973회)
[블록피아노 2024] 1페이지까지 · 누적 431건 (요청 4974회)
[블록피아노 2025] 1페이지까지 · 누적 431건 (요청 4975회)
[블록피아노 2026] 1페이지까지 · 누적 431건 (요청 4976회)
[블루킷 2023] 1페이지까지 · 누적 431건 (요청 4977회)
[블루킷 2024] 1페이지까지 · 누적 431건 (요청 4978회)
[블루킷 2025] 1페이지까지 · 누적 431건 (요청 4979회)
[블루킷 2026] 1페이지까지 · 누적 433건 (요청 4982회)
[블루투스 스피커 2023] 2페이지까지 · 누적 445건 (요청 4996회)
[블루투스 스피커 2024] 1페이지까지 · 누적 451건 (요청 5003회)
[블루투스 스피커 2025] 1페이지까지 · 누적 452건 (요청 5005회)
[블루투스 스피커 2026] 1페이지까지 · 누적 452건 (요청 5006회)
[비긴랩 2023] 1페이지까지 · 누적 452건 (요청 5007회)
[비긴랩 2024] 1페이지까지 · 누적 452건 (요청 5008회)
[비긴랩 2025] 1페이지까지 · 누적 452건 (요청 5009회)
[비긴랩 2026] 1페이지까지 · 누적 452건 (요청 5010회)
[비디오스튜 2023] 1페이지까지 · 누적 453건 (요청 5012회)
[비디오스튜 2024] 1페이지까지 · 누적 453건 (요청 5013회)
[비디오스튜 2025] 1페이지까지 · 누적 453건 (요청 5014회)
[비디오스튜 2026] 1페이지까지 · 누적 453건 (요청 5015회)
[비바부 잉글리시 2023] 1페이지까지 · 누적 453건 (요청 5016회)
[비바부 잉글리시 2024] 1페이지까지 · 누적 453건 (요청 5017회)
[비바부 잉글리시 2025] 1페이지까지 · 누적 453건 (요청 5018회)
[비바부 잉글리시 2026] 1페이지까지 · 누적 453건 (요청 5019회)
[비바샘 학습심리정서검사 2023] 1페이지까지 · 누적 453건 (요청 5020회)
[비바샘 학습심리정서검사 2024] 1페이지까지 · 누적 453건 (요청 5021회)
[비바샘 학습심리정서검사 2025] 1페이지까지 · 누적 453건 (요청 5022회)
[비바샘 학습심리정서검사 2026] 1페이지까지 · 누적 453건 (요청 5023회)
[비바클래스 2023] 1페이지까지 · 누적 453건 (요청 5024회)
[비바클래스 2024] 1페이지까지 · 누적 453건 (요청 5025회)
[비바클래스 2025] 1페이지까지 · 누적 453건 (요청 5026회)
[비바클래스 2026] 1페이지까지 · 누적 453건 (요청 5027회)
[비봇 Bee-Bot 2023] 1페이지까지 · 누적 453건 (요청 5028회)
[비봇 Bee-Bot 2024] 1페이지까지 · 누적 453건 (요청 5029회)
[비봇 Bee-Bot 2025] 1페이지까지 · 누적 453건 (요청 5030회)
[비봇 Bee-Bot 2026] 1페이지까지 · 누적 453건 (요청 5031회)
[비빙고 2023] 1페이지까지 · 누적 453건 (요청 5032회)
[비빙고 2024] 1페이지까지 · 누적 453건 (요청 5033회)
[비빙고 2025] 1페이지까지 · 누적 453건 (요청 5034회)
[비빙고 2026] 1페이지까지 · 누적 453건 (요청 5035회)
[비상교육 AI 디지털 교육자료 고등 공통수학 1 2023] 1페이지까지 · 누적 453건 (요청 5036회)
[비상교육 AI 디지털 교육자료 고등 공통수학 1 2024] 1페이지까지 · 누적 453건 (요청 5037회)
[비상교육 AI 디지털 교육자료 고등 공통수학 1 2025] 1페이지까지 · 누적 453건 (요청 5038회)
[비상교육 AI 디지털 교육자료 고등 공통수학 1 2026] 1페이지까지 · 누적 453건 (요청 5039회)
[비상교육 AI 디지털 교육자료 고등 공통수학 2 2023] 1페이지까지 · 누적 453건 (요청 5040회)
[비상교육 AI 디지털 교육자료 고등 공통수학 2 2024] 1페이지까지 · 누적 453건 (요청 5041회)
[비상교육 AI 디지털 교육자료 고등 공통수학 2 2025] 1페이지까지 · 누적 453건 (요청 5042회)
[비상교육 AI 디지털 교육자료 고등 공통수학 2 2026] 1페이지까지 · 누적 453건 (요청 5043회)
[비상교육 AI 디지털 교육자료 고등 공통수학1 2023] 1페이지까지 · 누적 453건 (요청 5044회)
[비상교육 AI 디지털 교육자료 고등 공통수학1 2024] 1페이지까지 · 누적 453건 (요청 5045회)
[비상교육 AI 디지털 교육자료 고등 공통수학1 2025] 1페이지까지 · 누적 453건 (요청 5046회)
[비상교육 AI 디지털 교육자료 고등 공통수학1 2026] 1페이지까지 · 누적 453건 (요청 5047회)
[비상교육 AI 디지털 교육자료 고등 공통수학2 2023] 1페이지까지 · 누적 453건 (요청 5048회)
[비상교육 AI 디지털 교육자료 고등 공통수학2 2024] 1페이지까지 · 누적 453건 (요청 5049회)
[비상교육 AI 디지털 교육자료 고등 공통수학2 2025] 1페이지까지 · 누적 453건 (요청 5050회)
[비상교육 AI 디지털 교육자료 고등 공통수학2 2026] 1페이지까지 · 누적 453건 (요청 5051회)
[비상교육 AI 디지털 교육자료 고등 공통영어 1 2023] 1페이지까지 · 누적 453건 (요청 5052회)
[비상교육 AI 디지털 교육자료 고등 공통영어 1 2024] 1페이지까지 · 누적 453건 (요청 5053회)
[비상교육 AI 디지털 교육자료 고등 공통영어 1 2025] 1페이지까지 · 누적 453건 (요청 5054회)
[비상교육 AI 디지털 교육자료 고등 공통영어 1 2026] 1페이지까지 · 누적 453건 (요청 5055회)
[비상교육 AI 디지털 교육자료 고등 공통영어 2 2023] 1페이지까지 · 누적 453건 (요청 5056회)
[비상교육 AI 디지털 교육자료 고등 공통영어 2 2024] 1페이지까지 · 누적 453건 (요청 5057회)
[비상교육 AI 디지털 교육자료 고등 공통영어 2 2025] 1페이지까지 · 누적 453건 (요청 5058회)
[비상교육 AI 디지털 교육자료 고등 공통영어 2 2026] 1페이지까지 · 누적 453건 (요청 5059회)
[비상교육 AI 디지털 교육자료 고등 공통영어1 2023] 1페이지까지 · 누적 453건 (요청 5060회)
[비상교육 AI 디지털 교육자료 고등 공통영어1 2024] 1페이지까지 · 누적 453건 (요청 5061회)
[비상교육 AI 디지털 교육자료 고등 공통영어1 2025] 1페이지까지 · 누적 453건 (요청 5062회)
[비상교육 AI 디지털 교육자료 고등 공통영어1 2026] 1페이지까지 · 누적 453건 (요청 5063회)
[비상교육 AI 디지털 교육자료 고등 공통영어2 2023] 1페이지까지 · 누적 453건 (요청 5064회)
[비상교육 AI 디지털 교육자료 고등 공통영어2 2024] 1페이지까지 · 누적 453건 (요청 5065회)
[비상교육 AI 디지털 교육자료 고등 공통영어2 2025] 1페이지까지 · 누적 453건 (요청 5066회)
[비상교육 AI 디지털 교육자료 고등 공통영어2 2026] 1페이지까지 · 누적 453건 (요청 5067회)
[비상교육 AI 디지털 교육자료 고등 정보 2023] 1페이지까지 · 누적 453건 (요청 5068회)
[비상교육 AI 디지털 교육자료 고등 정보 2024] 1페이지까지 · 누적 453건 (요청 5069회)
[비상교육 AI 디지털 교육자료 고등 정보 2025] 1페이지까지 · 누적 453건 (요청 5070회)
[비상교육 AI 디지털 교육자료 고등 정보 2026] 1페이지까지 · 누적 453건 (요청 5071회)
[비상교육 AI 디지털 교육자료 중학 수학 1 2023] 1페이지까지 · 누적 453건 (요청 5072회)
[비상교육 AI 디지털 교육자료 중학 수학 1 2024] 1페이지까지 · 누적 453건 (요청 5073회)
[비상교육 AI 디지털 교육자료 중학 수학 1 2025] 1페이지까지 · 누적 453건 (요청 5074회)
[비상교육 AI 디지털 교육자료 중학 수학 1 2026] 1페이지까지 · 누적 453건 (요청 5075회)
[비상교육 AI 디지털 교육자료 중학 수학 2 2023] 1페이지까지 · 누적 453건 (요청 5076회)
[비상교육 AI 디지털 교육자료 중학 수학 2 2024] 1페이지까지 · 누적 453건 (요청 5077회)
[비상교육 AI 디지털 교육자료 중학 수학 2 2025] 1페이지까지 · 누적 453건 (요청 5078회)
[비상교육 AI 디지털 교육자료 중학 수학 2 2026] 1페이지까지 · 누적 453건 (요청 5079회)
[비상교육 AI 디지털 교육자료 중학 수학2 2023] 1페이지까지 · 누적 453건 (요청 5080회)
[비상교육 AI 디지털 교육자료 중학 수학2 2024] 1페이지까지 · 누적 453건 (요청 5081회)
[비상교육 AI 디지털 교육자료 중학 수학2 2025] 1페이지까지 · 누적 453건 (요청 5082회)
[비상교육 AI 디지털 교육자료 중학 수학2 2026] 1페이지까지 · 누적 453건 (요청 5083회)
[비상교육 AI 디지털 교육자료 중학 영어 1 2023] 1페이지까지 · 누적 453건 (요청 5084회)
[비상교육 AI 디지털 교육자료 중학 영어 1 2024] 1페이지까지 · 누적 453건 (요청 5085회)
[비상교육 AI 디지털 교육자료 중학 영어 1 2025] 1페이지까지 · 누적 453건 (요청 5086회)
[비상교육 AI 디지털 교육자료 중학 영어 1 2026] 1페이지까지 · 누적 453건 (요청 5087회)
[비상교육 AI 디지털 교육자료 중학 영어 2 2023] 1페이지까지 · 누적 453건 (요청 5088회)
[비상교육 AI 디지털 교육자료 중학 영어 2 2024] 1페이지까지 · 누적 453건 (요청 5089회)
[비상교육 AI 디지털 교육자료 중학 영어 2 2025] 1페이지까지 · 누적 453건 (요청 5090회)
[비상교육 AI 디지털 교육자료 중학 영어 2 2026] 1페이지까지 · 누적 453건 (요청 5091회)
[비상교육 AI 디지털 교육자료 중학 영어1 2023] 1페이지까지 · 누적 453건 (요청 5092회)
[비상교육 AI 디지털 교육자료 중학 영어1 2024] 1페이지까지 · 누적 453건 (요청 5093회)
[비상교육 AI 디지털 교육자료 중학 영어1 2025] 1페이지까지 · 누적 453건 (요청 5094회)
[비상교육 AI 디지털 교육자료 중학 영어1 2026] 1페이지까지 · 누적 453건 (요청 5095회)
[비상교육 AI 디지털 교육자료 중학 정보 2023] 1페이지까지 · 누적 453건 (요청 5096회)
[비상교육 AI 디지털 교육자료 중학 정보 2024] 1페이지까지 · 누적 453건 (요청 5097회)
[비상교육 AI 디지털 교육자료 중학 정보 2025] 1페이지까지 · 누적 453건 (요청 5098회)
[비상교육 AI 디지털 교육자료 중학 정보 2026] 1페이지까지 · 누적 453건 (요청 5099회)
[비상교육 AI 디지털 교육자료 초등 수학 3-1 2023] 1페이지까지 · 누적 453건 (요청 5100회)
[비상교육 AI 디지털 교육자료 초등 수학 3-1 2024] 1페이지까지 · 누적 453건 (요청 5101회)
[비상교육 AI 디지털 교육자료 초등 수학 3-1 2025] 1페이지까지 · 누적 453건 (요청 5102회)
[비상교육 AI 디지털 교육자료 초등 수학 3-1 2026] 1페이지까지 · 누적 453건 (요청 5103회)
[비상교육 AI 디지털 교육자료 초등 수학 3-2 2023] 1페이지까지 · 누적 453건 (요청 5104회)
[비상교육 AI 디지털 교육자료 초등 수학 3-2 2024] 1페이지까지 · 누적 453건 (요청 5105회)
[비상교육 AI 디지털 교육자료 초등 수학 3-2 2025] 1페이지까지 · 누적 453건 (요청 5106회)
[비상교육 AI 디지털 교육자료 초등 수학 3-2 2026] 1페이지까지 · 누적 453건 (요청 5107회)
[비상교육 AI 디지털 교육자료 초등 수학 4-1 2023] 1페이지까지 · 누적 453건 (요청 5108회)
[비상교육 AI 디지털 교육자료 초등 수학 4-1 2024] 1페이지까지 · 누적 453건 (요청 5109회)
[비상교육 AI 디지털 교육자료 초등 수학 4-1 2025] 1페이지까지 · 누적 453건 (요청 5110회)
[비상교육 AI 디지털 교육자료 초등 수학 4-1 2026] 1페이지까지 · 누적 453건 (요청 5111회)
[비상교육 AI 디지털 교육자료 초등 수학 4-2 2023] 1페이지까지 · 누적 453건 (요청 5112회)
[비상교육 AI 디지털 교육자료 초등 수학 4-2 2024] 1페이지까지 · 누적 453건 (요청 5113회)
[비상교육 AI 디지털 교육자료 초등 수학 4-2 2025] 1페이지까지 · 누적 453건 (요청 5114회)
[비상교육 AI 디지털 교육자료 초등 수학 4-2 2026] 1페이지까지 · 누적 453건 (요청 5115회)
[비상교육 AI 디지털 교육자료 초등 수학 5-1 2023] 1페이지까지 · 누적 453건 (요청 5116회)
[비상교육 AI 디지털 교육자료 초등 수학 5-1 2024] 1페이지까지 · 누적 453건 (요청 5117회)
[비상교육 AI 디지털 교육자료 초등 수학 5-1 2025] 1페이지까지 · 누적 453건 (요청 5118회)
[비상교육 AI 디지털 교육자료 초등 수학 5-1 2026] 1페이지까지 · 누적 453건 (요청 5119회)
[비상교육 AI 디지털 교육자료 초등 수학 5-2 2023] 1페이지까지 · 누적 453건 (요청 5120회)
[비상교육 AI 디지털 교육자료 초등 수학 5-2 2024] 1페이지까지 · 누적 453건 (요청 5121회)
[비상교육 AI 디지털 교육자료 초등 수학 5-2 2025] 1페이지까지 · 누적 453건 (요청 5122회)
[비상교육 AI 디지털 교육자료 초등 수학 5-2 2026] 1페이지까지 · 누적 453건 (요청 5123회)
[비상교육 AI 디지털 교육자료 초등 수학 6-1 2023] 1페이지까지 · 누적 453건 (요청 5124회)
[비상교육 AI 디지털 교육자료 초등 수학 6-1 2024] 1페이지까지 · 누적 453건 (요청 5125회)
[비상교육 AI 디지털 교육자료 초등 수학 6-1 2025] 1페이지까지 · 누적 453건 (요청 5126회)
[비상교육 AI 디지털 교육자료 초등 수학 6-1 2026] 1페이지까지 · 누적 453건 (요청 5127회)
[비상교육 AI 디지털 교육자료 초등 수학 6-2 2023] 1페이지까지 · 누적 453건 (요청 5128회)
[비상교육 AI 디지털 교육자료 초등 수학 6-2 2024] 1페이지까지 · 누적 453건 (요청 5129회)
[비상교육 AI 디지털 교육자료 초등 수학 6-2 2025] 1페이지까지 · 누적 453건 (요청 5130회)
[비상교육 AI 디지털 교육자료 초등 수학 6-2 2026] 1페이지까지 · 누적 453건 (요청 5131회)
[비상교육 AI 디지털 교육자료 초등 영어 5 2023] 1페이지까지 · 누적 453건 (요청 5132회)
[비상교육 AI 디지털 교육자료 초등 영어 5 2024] 1페이지까지 · 누적 453건 (요청 5133회)
[비상교육 AI 디지털 교육자료 초등 영어 5 2025] 1페이지까지 · 누적 453건 (요청 5134회)
[비상교육 AI 디지털 교육자료 초등 영어 5 2026] 1페이지까지 · 누적 453건 (요청 5135회)
[비상교육 AI 디지털 교육자료 초등 영어 6 2023] 1페이지까지 · 누적 453건 (요청 5136회)
[비상교육 AI 디지털 교육자료 초등 영어 6 2024] 1페이지까지 · 누적 453건 (요청 5137회)
[비상교육 AI 디지털 교육자료 초등 영어 6 2025] 1페이지까지 · 누적 453건 (요청 5138회)
[비상교육 AI 디지털 교육자료 초등 영어 6 2026] 1페이지까지 · 누적 453건 (요청 5139회)
[비상교육 도형 길잡이 2023] 1페이지까지 · 누적 453건 (요청 5140회)
[비상교육 도형 길잡이 2024] 1페이지까지 · 누적 453건 (요청 5141회)
[비상교육 도형 길잡이 2025] 1페이지까지 · 누적 453건 (요청 5142회)
[비상교육 도형 길잡이 2026] 1페이지까지 · 누적 453건 (요청 5143회)
[비에프오제이 2023] 1페이지까지 · 누적 453건 (요청 5144회)
[비에프오제이 2024] 1페이지까지 · 누적 453건 (요청 5145회)
[비에프오제이 2025] 1페이지까지 · 누적 453건 (요청 5146회)
[비에프오제이 2026] 1페이지까지 · 누적 453건 (요청 5147회)
[비즈메카EZ 2023] 1페이지까지 · 누적 453건 (요청 5148회)
[비즈메카EZ 2024] 1페이지까지 · 누적 453건 (요청 5149회)
[비즈메카EZ 2025] 1페이지까지 · 누적 453건 (요청 5150회)
[비즈메카EZ 2026] 1페이지까지 · 누적 453건 (요청 5151회)
[비타, 지도안 생성 2023] 1페이지까지 · 누적 453건 (요청 5152회)
[비타, 지도안 생성 2024] 1페이지까지 · 누적 453건 (요청 5153회)
[비타, 지도안 생성 2025] 1페이지까지 · 누적 453건 (요청 5154회)
[비타, 지도안 생성 2026] 1페이지까지 · 누적 453건 (요청 5155회)
[비타뱅크 2023] 1페이지까지 · 누적 453건 (요청 5156회)
[비타뱅크 2024] 1페이지까지 · 누적 453건 (요청 5157회)
[비타뱅크 2025] 1페이지까지 · 누적 453건 (요청 5158회)
[비타뱅크 2026] 1페이지까지 · 누적 453건 (요청 5159회)
[비토미 2023] 1페이지까지 · 누적 453건 (요청 5160회)
[비토미 2024] 1페이지까지 · 누적 453건 (요청 5161회)
[비토미 2025] 1페이지까지 · 누적 453건 (요청 5162회)
[비토미 2026] 1페이지까지 · 누적 453건 (요청 5163회)
[비트런 2023] 1페이지까지 · 누적 453건 (요청 5164회)
[비트런 2024] 1페이지까지 · 누적 453건 (요청 5165회)
[비트런 2025] 1페이지까지 · 누적 453건 (요청 5166회)
[비트런 2026] 1페이지까지 · 누적 453건 (요청 5167회)
[비트브릭 마스터키트 2023] 1페이지까지 · 누적 453건 (요청 5168회)
[비트브릭 마스터키트 2024] 1페이지까지 · 누적 453건 (요청 5169회)
[비트브릭 마스터키트 2025] 1페이지까지 · 누적 453건 (요청 5170회)
[비트브릭 마스터키트 2026] 1페이지까지 · 누적 453건 (요청 5171회)
[비트브릭 스크래치 SW 2023] 1페이지까지 · 누적 453건 (요청 5172회)
[비트브릭 스크래치 SW 2024] 1페이지까지 · 누적 453건 (요청 5173회)
[비트브릭 스크래치 SW 2025] 1페이지까지 · 누적 453건 (요청 5174회)
[비트브릭 스크래치 SW 2026] 1페이지까지 · 누적 453건 (요청 5175회)
[비트브릭 스타터키트 2023] 1페이지까지 · 누적 453건 (요청 5176회)
[비트브릭 스타터키트 2024] 1페이지까지 · 누적 453건 (요청 5177회)
[비트브릭 스타터키트 2025] 1페이지까지 · 누적 453건 (요청 5178회)
[비트브릭 스타터키트 2026] 1페이지까지 · 누적 453건 (요청 5179회)
[비트블록 2023] 1페이지까지 · 누적 453건 (요청 5180회)
[비트블록 2024] 1페이지까지 · 누적 453건 (요청 5181회)
[비트블록 2025] 1페이지까지 · 누적 453건 (요청 5182회)
[비트블록 2026] 1페이지까지 · 누적 453건 (요청 5183회)
[비트스틱 키트 2023] 1페이지까지 · 누적 453건 (요청 5184회)
[비트스틱 키트 2024] 1페이지까지 · 누적 453건 (요청 5185회)
[비트스틱 키트 2025] 1페이지까지 · 누적 453건 (요청 5186회)
[비트스틱 키트 2026] 1페이지까지 · 누적 453건 (요청 5187회)
[비트팟화분키트 2023] 1페이지까지 · 누적 453건 (요청 5188회)
[비트팟화분키트 2024] 1페이지까지 · 누적 453건 (요청 5189회)
[비트팟화분키트 2025] 1페이지까지 · 누적 453건 (요청 5190회)
[비트팟화분키트 2026] 1페이지까지 · 누적 453건 (요청 5191회)
[빅가든 2023] 1페이지까지 · 누적 453건 (요청 5192회)
[빅가든 2024] 1페이지까지 · 누적 453건 (요청 5193회)
[빅가든 2025] 1페이지까지 · 누적 453건 (요청 5194회)
[빅가든 2026] 1페이지까지 · 누적 453건 (요청 5195회)
[빅카인즈 2023] 1페이지까지 · 누적 453건 (요청 5196회)
[빅카인즈 2024] 1페이지까지 · 누적 453건 (요청 5197회)
[빅카인즈 2025] 1페이지까지 · 누적 453건 (요청 5198회)
[빅카인즈 2026] 1페이지까지 · 누적 453건 (요청 5199회)
[빈치봇 2023] 1페이지까지 · 누적 453건 (요청 5200회)
[빈치봇 2024] 1페이지까지 · 누적 453건 (요청 5201회)
[빈치봇 2025] 1페이지까지 · 누적 453건 (요청 5202회)
[빈치봇 2026] 1페이지까지 · 누적 453건 (요청 5203회)
[빠띠 타운홀 2023] 1페이지까지 · 누적 453건 (요청 5204회)
[빠띠 타운홀 2024] 1페이지까지 · 누적 453건 (요청 5205회)
[빠띠 타운홀 2025] 1페이지까지 · 누적 453건 (요청 5206회)
[빠띠 타운홀 2026] 1페이지까지 · 누적 453건 (요청 5207회)
[삐오봇 2023] 1페이지까지 · 누적 453건 (요청 5208회)
[삐오봇 2024] 1페이지까지 · 누적 453건 (요청 5209회)
[삐오봇 2025] 1페이지까지 · 누적 453건 (요청 5210회)
[삐오봇 2026] 1페이지까지 · 누적 453건 (요청 5211회)
[사람인 AI 모의면접 2023] 1페이지까지 · 누적 453건 (요청 5212회)
[사람인 AI 모의면접 2024] 1페이지까지 · 누적 453건 (요청 5213회)
[사람인 AI 모의면접 2025] 1페이지까지 · 누적 453건 (요청 5214회)
[사람인 AI 모의면접 2026] 1페이지까지 · 누적 453건 (요청 5215회)
[사서의 달인 2023] 1페이지까지 · 누적 453건 (요청 5216회)
[사서의 달인 2024] 1페이지까지 · 누적 453건 (요청 5217회)
[사서의 달인 2025] 1페이지까지 · 누적 453건 (요청 5218회)
[사서의 달인 2026] 1페이지까지 · 누적 453건 (요청 5219회)
[사스다 2023] 1페이지까지 · 누적 453건 (요청 5220회)
[사스다 2024] 1페이지까지 · 누적 453건 (요청 5221회)
[사스다 2025] 1페이지까지 · 누적 453건 (요청 5222회)
[사스다 2026] 1페이지까지 · 누적 453건 (요청 5223회)
[사이냅 OCR 2023] 1페이지까지 · 누적 453건 (요청 5224회)
[사이냅 OCR 2024] 1페이지까지 · 누적 453건 (요청 5225회)
[사이냅 OCR 2025] 1페이지까지 · 누적 453건 (요청 5226회)
[사이냅 OCR 2026] 1페이지까지 · 누적 453건 (요청 5227회)
[사이냅 문서뷰어 2023] 1페이지까지 · 누적 453건 (요청 5228회)
[사이냅 문서뷰어 2024] 1페이지까지 · 누적 453건 (요청 5229회)
[사이냅 문서뷰어 2025] 1페이지까지 · 누적 453건 (요청 5230회)
[사이냅 문서뷰어 2026] 1페이지까지 · 누적 453건 (요청 5231회)
[사이냅 에디터 2023] 1페이지까지 · 누적 453건 (요청 5232회)
[사이냅 에디터 2024] 1페이지까지 · 누적 453건 (요청 5233회)
[사이냅 에디터 2025] 1페이지까지 · 누적 453건 (요청 5234회)
[사이냅 에디터 2026] 1페이지까지 · 누적 453건 (요청 5235회)
[사이냅 오피스 2023] 1페이지까지 · 누적 453건 (요청 5236회)
[사이냅 오피스 2024] 1페이지까지 · 누적 453건 (요청 5237회)
[사이냅 오피스 2025] 1페이지까지 · 누적 453건 (요청 5238회)
[사이냅 오피스 2026] 1페이지까지 · 누적 453건 (요청 5239회)
[사이버파이 베이직 2023] 1페이지까지 · 누적 453건 (요청 5240회)
[사이버파이 베이직 2024] 1페이지까지 · 누적 453건 (요청 5241회)
[사이버파이 베이직 2025] 1페이지까지 · 누적 453건 (요청 5242회)
[사이버파이 베이직 2026] 1페이지까지 · 누적 453건 (요청 5243회)
[사이버파이 인공지능 파이썬&블록코딩 KIT 2023] 1페이지까지 · 누적 453건 (요청 5244회)
[사이버파이 인공지능 파이썬&블록코딩 KIT 2024] 1페이지까지 · 누적 453건 (요청 5245회)
[사이버파이 인공지능 파이썬&블록코딩 KIT 2025] 1페이지까지 · 누적 453건 (요청 5246회)
[사이버파이 인공지능 파이썬&블록코딩 KIT 2026] 1페이지까지 · 누적 453건 (요청 5247회)
[사이버파이 프로젝트 2023] 1페이지까지 · 누적 453건 (요청 5248회)
[사이버파이 프로젝트 2024] 1페이지까지 · 누적 453건 (요청 5249회)
[사이버파이 프로젝트 2025] 1페이지까지 · 누적 453건 (요청 5250회)
[사이버파이 프로젝트 2026] 1페이지까지 · 누적 453건 (요청 5251회)
[사이버폭력 예방교육 종합서비스 도란도란 2023] 1페이지까지 · 누적 453건 (요청 5252회)
[사이버폭력 예방교육 종합서비스 도란도란 2024] 1페이지까지 · 누적 453건 (요청 5253회)
[사이버폭력 예방교육 종합서비스 도란도란 2025] 1페이지까지 · 누적 453건 (요청 5254회)
[사이버폭력 예방교육 종합서비스 도란도란 2026] 1페이지까지 · 누적 453건 (요청 5255회)
[사이언스 아티슨+ 교사용 웹 2023] 1페이지까지 · 누적 453건 (요청 5256회)
[사이언스 아티슨+ 교사용 웹 2024] 1페이지까지 · 누적 453건 (요청 5257회)
[사이언스 아티슨+ 교사용 웹 2025] 1페이지까지 · 누적 453건 (요청 5258회)
[사이언스 아티슨+ 교사용 웹 2026] 1페이지까지 · 누적 453건 (요청 5259회)
[사이언스올 2023] 1페이지까지 · 누적 453건 (요청 5260회)
[사이언스올 2024] 1페이지까지 · 누적 453건 (요청 5261회)
[사이언스올 2025] 1페이지까지 · 누적 453건 (요청 5262회)
[사이언스올 2026] 1페이지까지 · 누적 453건 (요청 5263회)
[사이언스큐브 무선 CO2/온습도센서 2023] 1페이지까지 · 누적 453건 (요청 5264회)
[사이언스큐브 무선 CO2/온습도센서 2024] 1페이지까지 · 누적 453건 (요청 5265회)
[사이언스큐브 무선 CO2/온습도센서 2025] 1페이지까지 · 누적 453건 (요청 5266회)
[사이언스큐브 무선 CO2/온습도센서 2026] 1페이지까지 · 누적 453건 (요청 5267회)
[사이언스큐브 무선 ORP 센서 2023] 1페이지까지 · 누적 453건 (요청 5268회)
[사이언스큐브 무선 ORP 센서 2024] 1페이지까지 · 누적 453건 (요청 5269회)
[사이언스큐브 무선 ORP 센서 2025] 1페이지까지 · 누적 453건 (요청 5270회)
[사이언스큐브 무선 ORP 센서 2026] 1페이지까지 · 누적 453건 (요청 5271회)
[사이언스큐브 무선 pH센서 2023] 1페이지까지 · 누적 453건 (요청 5272회)
[사이언스큐브 무선 pH센서 2024] 1페이지까지 · 누적 453건 (요청 5273회)
[사이언스큐브 무선 pH센서 2025] 1페이지까지 · 누적 453건 (요청 5274회)
[사이언스큐브 무선 pH센서 2026] 1페이지까지 · 누적 453건 (요청 5275회)
[사이언스큐브 무선 검류센서 2023] 1페이지까지 · 누적 453건 (요청 5276회)
[사이언스큐브 무선 검류센서 2024] 1페이지까지 · 누적 453건 (요청 5277회)
[사이언스큐브 무선 검류센서 2025] 1페이지까지 · 누적 453건 (요청 5278회)
[사이언스큐브 무선 검류센서 2026] 1페이지까지 · 누적 453건 (요청 5279회)
[사이언스큐브 무선 검전센서 2023] 1페이지까지 · 누적 453건 (요청 5280회)
[사이언스큐브 무선 검전센서 2024] 1페이지까지 · 누적 453건 (요청 5281회)
[사이언스큐브 무선 검전센서 2025] 1페이지까지 · 누적 453건 (요청 5282회)
[사이언스큐브 무선 검전센서 2026] 1페이지까지 · 누적 453건 (요청 5283회)
[사이언스큐브 무선 광학식DO센서 2023] 1페이지까지 · 누적 453건 (요청 5284회)
[사이언스큐브 무선 광학식DO센서 2024] 1페이지까지 · 누적 453건 (요청 5285회)
[사이언스큐브 무선 광학식DO센서 2025] 1페이지까지 · 누적 453건 (요청 5286회)
[사이언스큐브 무선 광학식DO센서 2026] 1페이지까지 · 누적 453건 (요청 5287회)
[사이언스큐브 무선 기상센서 2023] 1페이지까지 · 누적 453건 (요청 5288회)
[사이언스큐브 무선 기상센서 2024] 1페이지까지 · 누적 453건 (요청 5289회)
[사이언스큐브 무선 기상센서 2025] 1페이지까지 · 누적 453건 (요청 5290회)
[사이언스큐브 무선 기상센서 2026] 1페이지까지 · 누적 453건 (요청 5291회)
[사이언스큐브 무선 대기압/온도센서 2023] 1페이지까지 · 누적 453건 (요청 5292회)
[사이언스큐브 무선 대기압/온도센서 2024] 1페이지까지 · 누적 453건 (요청 5293회)
[사이언스큐브 무선 대기압/온도센서 2025] 1페이지까지 · 누적 453건 (요청 5294회)
[사이언스큐브 무선 대기압/온도센서 2026] 1페이지까지 · 누적 453건 (요청 5295회)
[사이언스큐브 무선 미세먼지센서 2023] 1페이지까지 · 누적 453건 (요청 5296회)
[사이언스큐브 무선 미세먼지센서 2024] 1페이지까지 · 누적 453건 (요청 5297회)
[사이언스큐브 무선 미세먼지센서 2025] 1페이지까지 · 누적 453건 (요청 5298회)
[사이언스큐브 무선 미세먼지센서 2026] 1페이지까지 · 누적 453건 (요청 5299회)
[사이언스큐브 무선 방사선센서 2023] 1페이지까지 · 누적 453건 (요청 5300회)
[사이언스큐브 무선 방사선센서 2024] 1페이지까지 · 누적 453건 (요청 5301회)
[사이언스큐브 무선 방사선센서 2025] 1페이지까지 · 누적 453건 (요청 5302회)
[사이언스큐브 무선 방사선센서 2026] 1페이지까지 · 누적 453건 (요청 5303회)
[사이언스큐브 무선 방울계수기 2023] 1페이지까지 · 누적 453건 (요청 5304회)
[사이언스큐브 무선 방울계수기 2024] 1페이지까지 · 누적 453건 (요청 5305회)
[사이언스큐브 무선 방울계수기 2025] 1페이지까지 · 누적 453건 (요청 5306회)
[사이언스큐브 무선 방울계수기 2026] 1페이지까지 · 누적 453건 (요청 5307회)
[사이언스큐브 무선 사운드센서 2023] 1페이지까지 · 누적 453건 (요청 5308회)
[사이언스큐브 무선 사운드센서 2024] 1페이지까지 · 누적 453건 (요청 5309회)
[사이언스큐브 무선 사운드센서 2025] 1페이지까지 · 누적 453건 (요청 5310회)
[사이언스큐브 무선 사운드센서 2026] 1페이지까지 · 누적 453건 (요청 5311회)
[사이언스큐브 무선 산소센서 2023] 1페이지까지 · 누적 453건 (요청 5312회)
[사이언스큐브 무선 산소센서 2024] 1페이지까지 · 누적 453건 (요청 5313회)
[사이언스큐브 무선 산소센서 2025] 1페이지까지 · 누적 453건 (요청 5314회)
[사이언스큐브 무선 산소센서 2026] 1페이지까지 · 누적 453건 (요청 5315회)
[사이언스큐브 무선 색도탁도센서 2023] 1페이지까지 · 누적 453건 (요청 5316회)
[사이언스큐브 무선 색도탁도센서 2024] 1페이지까지 · 누적 453건 (요청 5317회)
[사이언스큐브 무선 색도탁도센서 2025] 1페이지까지 · 누적 453건 (요청 5318회)
[사이언스큐브 무선 색도탁도센서 2026] 1페이지까지 · 누적 453건 (요청 5319회)
[사이언스큐브 무선 심박계센서 2023] 1페이지까지 · 누적 453건 (요청 5320회)
[사이언스큐브 무선 심박계센서 2024] 1페이지까지 · 누적 453건 (요청 5321회)
[사이언스큐브 무선 심박계센서 2025] 1페이지까지 · 누적 453건 (요청 5322회)
[사이언스큐브 무선 심박계센서 2026] 1페이지까지 · 누적 453건 (요청 5323회)
[사이언스큐브 무선 심전도센서 2023] 1페이지까지 · 누적 453건 (요청 5324회)
[사이언스큐브 무선 심전도센서 2024] 1페이지까지 · 누적 453건 (요청 5325회)
[사이언스큐브 무선 심전도센서 2025] 1페이지까지 · 누적 453건 (요청 5326회)
[사이언스큐브 무선 심전도센서 2026] 1페이지까지 · 누적 453건 (요청 5327회)
[사이언스큐브 무선 압력센서A 2023] 1페이지까지 · 누적 453건 (요청 5328회)
[사이언스큐브 무선 압력센서A 2024] 1페이지까지 · 누적 453건 (요청 5329회)
[사이언스큐브 무선 압력센서A 2025] 1페이지까지 · 누적 453건 (요청 5330회)
[사이언스큐브 무선 압력센서A 2026] 1페이지까지 · 누적 453건 (요청 5331회)
[사이언스큐브 무선 압력센서B 2023] 1페이지까지 · 누적 453건 (요청 5332회)
[사이언스큐브 무선 압력센서B 2024] 1페이지까지 · 누적 453건 (요청 5333회)
[사이언스큐브 무선 압력센서B 2025] 1페이지까지 · 누적 453건 (요청 5334회)
[사이언스큐브 무선 압력센서B 2026] 1페이지까지 · 누적 453건 (요청 5335회)
[사이언스큐브 무선 에너지센서 2023] 1페이지까지 · 누적 453건 (요청 5336회)
[사이언스큐브 무선 에너지센서 2024] 1페이지까지 · 누적 453건 (요청 5337회)
[사이언스큐브 무선 에너지센서 2025] 1페이지까지 · 누적 453건 (요청 5338회)
[사이언스큐브 무선 에너지센서 2026] 1페이지까지 · 누적 453건 (요청 5339회)
[사이언스큐브 무선 연직수온센서 2023] 1페이지까지 · 누적 453건 (요청 5340회)
[사이언스큐브 무선 연직수온센서 2024] 1페이지까지 · 누적 453건 (요청 5341회)
[사이언스큐브 무선 연직수온센서 2025] 1페이지까지 · 누적 453건 (요청 5342회)
[사이언스큐브 무선 연직수온센서 2026] 1페이지까지 · 누적 453건 (요청 5343회)
[사이언스큐브 무선 열전쌍온도센서 2023] 1페이지까지 · 누적 453건 (요청 5344회)
[사이언스큐브 무선 열전쌍온도센서 2024] 1페이지까지 · 누적 453건 (요청 5345회)
[사이언스큐브 무선 열전쌍온도센서 2025] 1페이지까지 · 누적 453건 (요청 5346회)
[사이언스큐브 무선 열전쌍온도센서 2026] 1페이지까지 · 누적 453건 (요청 5347회)
[사이언스큐브 무선 염도센서 2023] 1페이지까지 · 누적 453건 (요청 5348회)
[사이언스큐브 무선 염도센서 2024] 1페이지까지 · 누적 453건 (요청 5349회)
[사이언스큐브 무선 염도센서 2025] 1페이지까지 · 누적 453건 (요청 5350회)
[사이언스큐브 무선 염도센서 2026] 1페이지까지 · 누적 453건 (요청 5351회)
[사이언스큐브 무선 온습도센서 2023] 1페이지까지 · 누적 453건 (요청 5352회)
[사이언스큐브 무선 온습도센서 2024] 1페이지까지 · 누적 453건 (요청 5353회)
[사이언스큐브 무선 온습도센서 2025] 1페이지까지 · 누적 453건 (요청 5354회)
[사이언스큐브 무선 온습도센서 2026] 1페이지까지 · 누적 453건 (요청 5355회)
[사이언스큐브 무선 운동센서 2023] 1페이지까지 · 누적 453건 (요청 5356회)
[사이언스큐브 무선 운동센서 2024] 1페이지까지 · 누적 453건 (요청 5357회)
[사이언스큐브 무선 운동센서 2025] 1페이지까지 · 누적 453건 (요청 5358회)
[사이언스큐브 무선 운동센서 2026] 1페이지까지 · 누적 453건 (요청 5359회)
[사이언스큐브 무선 자기센서 2023] 1페이지까지 · 누적 453건 (요청 5360회)
[사이언스큐브 무선 자기센서 2024] 1페이지까지 · 누적 453건 (요청 5361회)
[사이언스큐브 무선 자기센서 2025] 1페이지까지 · 누적 453건 (요청 5362회)
[사이언스큐브 무선 자기센서 2026] 1페이지까지 · 누적 453건 (요청 5363회)
[사이언스큐브 무선 전극전용증폭기 2023] 1페이지까지 · 누적 453건 (요청 5364회)
[사이언스큐브 무선 전극전용증폭기 2024] 1페이지까지 · 누적 453건 (요청 5365회)
[사이언스큐브 무선 전극전용증폭기 2025] 1페이지까지 · 누적 453건 (요청 5366회)
[사이언스큐브 무선 전극전용증폭기 2026] 1페이지까지 · 누적 453건 (요청 5367회)
[사이언스큐브 무선 전도도센서 2023] 1페이지까지 · 누적 453건 (요청 5368회)
[사이언스큐브 무선 전도도센서 2024] 1페이지까지 · 누적 453건 (요청 5369회)
[사이언스큐브 무선 전도도센서 2025] 1페이지까지 · 누적 453건 (요청 5370회)
[사이언스큐브 무선 전도도센서 2026] 1페이지까지 · 누적 453건 (요청 5371회)
[사이언스큐브 무선 전류센서 2023] 1페이지까지 · 누적 453건 (요청 5372회)
[사이언스큐브 무선 전류센서 2024] 1페이지까지 · 누적 453건 (요청 5373회)
[사이언스큐브 무선 전류센서 2025] 1페이지까지 · 누적 453건 (요청 5374회)
[사이언스큐브 무선 전류센서 2026] 1페이지까지 · 누적 453건 (요청 5375회)
[사이언스큐브 무선 전압센서 2023] 1페이지까지 · 누적 453건 (요청 5376회)
[사이언스큐브 무선 전압센서 2024] 1페이지까지 · 누적 453건 (요청 5377회)
[사이언스큐브 무선 전압센서 2025] 1페이지까지 · 누적 453건 (요청 5378회)
[사이언스큐브 무선 전압센서 2026] 1페이지까지 · 누적 453건 (요청 5379회)
[사이언스큐브 무선 조도색도센서 2023] 1페이지까지 · 누적 453건 (요청 5380회)
[사이언스큐브 무선 조도색도센서 2024] 1페이지까지 · 누적 453건 (요청 5381회)
[사이언스큐브 무선 조도색도센서 2025] 1페이지까지 · 누적 453건 (요청 5382회)
[사이언스큐브 무선 조도색도센서 2026] 1페이지까지 · 누적 453건 (요청 5383회)
[사이언스큐브 무선 카트 2023] 1페이지까지 · 누적 453건 (요청 5384회)
[사이언스큐브 무선 카트 2024] 1페이지까지 · 누적 453건 (요청 5385회)
[사이언스큐브 무선 카트 2025] 1페이지까지 · 누적 453건 (요청 5386회)
[사이언스큐브 무선 카트 2026] 1페이지까지 · 누적 453건 (요청 5387회)
[사이언스큐브 무선 폐활량센서 2023] 1페이지까지 · 누적 453건 (요청 5388회)
[사이언스큐브 무선 폐활량센서 2024] 1페이지까지 · 누적 453건 (요청 5389회)
[사이언스큐브 무선 폐활량센서 2025] 1페이지까지 · 누적 453건 (요청 5390회)
[사이언스큐브 무선 폐활량센서 2026] 1페이지까지 · 누적 453건 (요청 5391회)
[사이언스큐브 무선 포토게이트 2023] 1페이지까지 · 누적 453건 (요청 5392회)
[사이언스큐브 무선 포토게이트 2024] 1페이지까지 · 누적 453건 (요청 5393회)
[사이언스큐브 무선 포토게이트 2025] 1페이지까지 · 누적 453건 (요청 5394회)
[사이언스큐브 무선 포토게이트 2026] 1페이지까지 · 누적 453건 (요청 5395회)
[사이언스큐브 무선 힘/가속도센서 2023] 1페이지까지 · 누적 453건 (요청 5396회)
[사이언스큐브 무선 힘/가속도센서 2024] 1페이지까지 · 누적 453건 (요청 5397회)
[사이언스큐브 무선 힘/가속도센서 2025] 1페이지까지 · 누적 453건 (요청 5398회)
[사이언스큐브 무선 힘/가속도센서 2026] 1페이지까지 · 누적 453건 (요청 5399회)
[사이언스타임 2023] 1페이지까지 · 누적 453건 (요청 5400회)
[사이언스타임 2024] 1페이지까지 · 누적 453건 (요청 5401회)
[사이언스타임 2025] 1페이지까지 · 누적 453건 (요청 5402회)
[사이언스타임 2026] 1페이지까지 · 누적 453건 (요청 5403회)
[상냥이 2023] 1페이지까지 · 누적 453건 (요청 5404회)
[상냥이 2024] 1페이지까지 · 누적 453건 (요청 5405회)
[상냥이 2025] 1페이지까지 · 누적 453건 (요청 5406회)
[상냥이 2026] 1페이지까지 · 누적 453건 (요청 5407회)
[상담지원 플랫폼 밍글 mingl 2023] 1페이지까지 · 누적 453건 (요청 5408회)
[상담지원 플랫폼 밍글 mingl 2024] 1페이지까지 · 누적 453건 (요청 5409회)
[상담지원 플랫폼 밍글 mingl 2025] 1페이지까지 · 누적 453건 (요청 5410회)
[상담지원 플랫폼 밍글 mingl 2026] 1페이지까지 · 누적 453건 (요청 5411회)
[상문연구사 홈페이지 2023] 1페이지까지 · 누적 453건 (요청 5412회)
[상문연구사 홈페이지 2024] 1페이지까지 · 누적 453건 (요청 5413회)
[상문연구사 홈페이지 2025] 1페이지까지 · 누적 453건 (요청 5414회)
[상문연구사 홈페이지 2026] 1페이지까지 · 누적 453건 (요청 5415회)
[상식플러스 2023] 1페이지까지 · 누적 453건 (요청 5416회)
[상식플러스 2024] 1페이지까지 · 누적 453건 (요청 5417회)
[상식플러스 2025] 1페이지까지 · 누적 453건 (요청 5418회)
[상식플러스 2026] 1페이지까지 · 누적 453건 (요청 5419회)
[상태창 2023] 1페이지까지 · 누적 453건 (요청 5420회)
[상태창 2024] 1페이지까지 · 누적 453건 (요청 5421회)
[상태창 2025] 1페이지까지 · 누적 453건 (요청 5422회)
[상태창 2026] 1페이지까지 · 누적 453건 (요청 5423회)
[샘보드+ 2023] 1페이지까지 · 누적 453건 (요청 5424회)
[샘보드+ 2024] 1페이지까지 · 누적 453건 (요청 5425회)
[샘보드+ 2025] 1페이지까지 · 누적 453건 (요청 5426회)
[샘보드+ 2026] 1페이지까지 · 누적 453건 (요청 5427회)
[샘퀴즈 2023] 1페이지까지 · 누적 453건 (요청 5428회)
[샘퀴즈 2024] 1페이지까지 · 누적 453건 (요청 5429회)
[샘퀴즈 2025] 1페이지까지 · 누적 453건 (요청 5430회)
[샘퀴즈 2026] 1페이지까지 · 누적 453건 (요청 5431회)
[생각대로 PYTHON 파이썬 첫걸음 2023] 1페이지까지 · 누적 453건 (요청 5432회)
[생각대로 PYTHON 파이썬 첫걸음 2024] 1페이지까지 · 누적 453건 (요청 5433회)
[생각대로 PYTHON 파이썬 첫걸음 2025] 1페이지까지 · 누적 453건 (요청 5434회)
[생각대로 PYTHON 파이썬 첫걸음 2026] 1페이지까지 · 누적 453건 (요청 5435회)
[생각을 키우는 과학 수업 2023] 1페이지까지 · 누적 453건 (요청 5436회)
[생각을 키우는 과학 수업 2024] 1페이지까지 · 누적 453건 (요청 5437회)
[생각을 키우는 과학 수업 2025] 1페이지까지 · 누적 453건 (요청 5438회)
[생각을 키우는 과학 수업 2026] 1페이지까지 · 누적 453건 (요청 5439회)
[생동감 2023] 1페이지까지 · 누적 453건 (요청 5440회)
[생동감 2024] 1페이지까지 · 누적 453건 (요청 5441회)
[생동감 2025] 1페이지까지 · 누적 453건 (요청 5442회)
[생동감 2026] 1페이지까지 · 누적 453건 (요청 5443회)
[생성 AI 종합 플랫폼 캔버스 2023] 1페이지까지 · 누적 453건 (요청 5444회)
[생성 AI 종합 플랫폼 캔버스 2024] 1페이지까지 · 누적 453건 (요청 5445회)
[생성 AI 종합 플랫폼 캔버스 2025] 1페이지까지 · 누적 453건 (요청 5446회)
[생성 AI 종합 플랫폼 캔버스 2026] 1페이지까지 · 누적 453건 (요청 5447회)
[서논술형 자동채점 솔비 2023] 1페이지까지 · 누적 453건 (요청 5448회)
[서논술형 자동채점 솔비 2024] 1페이지까지 · 누적 453건 (요청 5449회)
[서논술형 자동채점 솔비 2025] 1페이지까지 · 누적 453건 (요청 5450회)
[서논술형 자동채점 솔비 2026] 1페이지까지 · 누적 453건 (요청 5451회)
[서울 세계문화유산 가상여행 체험학습 KIT 2023] 1페이지까지 · 누적 453건 (요청 5452회)
[서울 세계문화유산 가상여행 체험학습 KIT 2024] 1페이지까지 · 누적 453건 (요청 5453회)
[서울 세계문화유산 가상여행 체험학습 KIT 2025] 1페이지까지 · 누적 453건 (요청 5454회)
[서울 세계문화유산 가상여행 체험학습 KIT 2026] 1페이지까지 · 누적 453건 (요청 5455회)
[서울 수학 ON 스페이스 2023] 1페이지까지 · 누적 453건 (요청 5456회)
[서울 수학 ON 스페이스 2024] 1페이지까지 · 누적 453건 (요청 5457회)
[서울 수학 ON 스페이스 2025] 1페이지까지 · 누적 453건 (요청 5458회)
[서울 수학 ON 스페이스 2026] 1페이지까지 · 누적 453건 (요청 5459회)
[서울 자라나 톡 2023] 1페이지까지 · 누적 453건 (요청 5460회)
[서울 자라나 톡 2024] 1페이지까지 · 누적 453건 (요청 5461회)
[서울 자라나 톡 2025] 1페이지까지 · 누적 453건 (요청 5462회)
[서울 자라나 톡 2026] 1페이지까지 · 누적 453건 (요청 5463회)
[서울 학생 미래 역량 진단 시스템 2023] 1페이지까지 · 누적 453건 (요청 5464회)
[서울 학생 미래 역량 진단 시스템 2024] 1페이지까지 · 누적 453건 (요청 5465회)
[서울 학생 미래 역량 진단 시스템 2025] 1페이지까지 · 누적 453건 (요청 5466회)
[서울 학생 미래 역량 진단 시스템 2026] 1페이지까지 · 누적 453건 (요청 5467회)
[서울진로진학정보센터 2023] 1페이지까지 · 누적 453건 (요청 5468회)
[서울진로진학정보센터 2024] 1페이지까지 · 누적 453건 (요청 5469회)
[서울진로진학정보센터 2025] 1페이지까지 · 누적 453건 (요청 5470회)
[서울진로진학정보센터 2026] 1페이지까지 · 누적 453건 (요청 5471회)
[서울특별시교육청전자도서관 2023] 1페이지까지 · 누적 453건 (요청 5472회)
[서울특별시교육청전자도서관 2024] 1페이지까지 · 누적 453건 (요청 5473회)
[서울특별시교육청전자도서관 2025] 1페이지까지 · 누적 453건 (요청 5474회)
[서울특별시교육청전자도서관 2026] 1페이지까지 · 누적 453건 (요청 5475회)
[선생님들을 위한 인공지능 활용 교육과 실제 2023] 1페이지까지 · 누적 453건 (요청 5476회)
[선생님들을 위한 인공지능 활용 교육과 실제 2024] 1페이지까지 · 누적 453건 (요청 5477회)
[선생님들을 위한 인공지능 활용 교육과 실제 2025] 1페이지까지 · 누적 453건 (요청 5478회)
[선생님들을 위한 인공지능 활용 교육과 실제 2026] 1페이지까지 · 누적 453건 (요청 5479회)
[선일 e-학생증 2023] 1페이지까지 · 누적 453건 (요청 5480회)
[선일 e-학생증 2024] 1페이지까지 · 누적 453건 (요청 5481회)
[선일 e-학생증 2025] 1페이지까지 · 누적 453건 (요청 5482회)
[선일 e-학생증 2026] 1페이지까지 · 누적 453건 (요청 5483회)
[선플재단 선플교육 및 봉사활동 프로그램 2023] 1페이지까지 · 누적 453건 (요청 5484회)
[선플재단 선플교육 및 봉사활동 프로그램 2024] 1페이지까지 · 누적 453건 (요청 5485회)
[선플재단 선플교육 및 봉사활동 프로그램 2025] 1페이지까지 · 누적 453건 (요청 5486회)
[선플재단 선플교육 및 봉사활동 프로그램 2026] 1페이지까지 · 누적 453건 (요청 5487회)
[설리번 플러스 2023] 1페이지까지 · 누적 453건 (요청 5488회)
[설리번 플러스 2024] 1페이지까지 · 누적 453건 (요청 5489회)
[설리번 플러스 2025] 1페이지까지 · 누적 453건 (요청 5490회)
[설리번 플러스 2026] 1페이지까지 · 누적 453건 (요청 5491회)
[세계 랜드마크 시리즈 2023] 1페이지까지 · 누적 453건 (요청 5492회)
[세계 랜드마크 시리즈 2024] 1페이지까지 · 누적 453건 (요청 5493회)
[세계 랜드마크 시리즈 2025] 1페이지까지 · 누적 453건 (요청 5494회)
[세계 랜드마크 시리즈 2026] 1페이지까지 · 누적 453건 (요청 5495회)
[세계의 전통가옥·의상·음식 2023] 1페이지까지 · 누적 453건 (요청 5496회)
[세계의 전통가옥·의상·음식 2024] 1페이지까지 · 누적 453건 (요청 5497회)
[세계의 전통가옥·의상·음식 2025] 1페이지까지 · 누적 453건 (요청 5498회)
[세계의 전통가옥·의상·음식 2026] 1페이지까지 · 누적 453건 (요청 5499회)
[세븐브릭스 2023] 1페이지까지 · 누적 453건 (요청 5500회)
[세븐브릭스 2024] 1페이지까지 · 누적 453건 (요청 5501회)
[세븐브릭스 2025] 1페이지까지 · 누적 453건 (요청 5502회)
[세븐브릭스 2026] 1페이지까지 · 누적 453건 (요청 5503회)
[세종 인공지능 맞춤형 교수학습 플랫폼 2023] 1페이지까지 · 누적 453건 (요청 5504회)
[세종 인공지능 맞춤형 교수학습 플랫폼 2024] 1페이지까지 · 누적 453건 (요청 5505회)
[세종 인공지능 맞춤형 교수학습 플랫폼 2025] 1페이지까지 · 누적 453건 (요청 5506회)
[세종 인공지능 맞춤형 교수학습 플랫폼 2026] 1페이지까지 · 누적 453건 (요청 5507회)
[세종북자람전자도서관 2023] 1페이지까지 · 누적 453건 (요청 5508회)
[세종북자람전자도서관 2024] 1페이지까지 · 누적 453건 (요청 5509회)
[세종북자람전자도서관 2025] 1페이지까지 · 누적 453건 (요청 5510회)
[세종북자람전자도서관 2026] 1페이지까지 · 누적 453건 (요청 5511회)
[세종시립도서관 2023] 1페이지까지 · 누적 453건 (요청 5512회)
[세종시립도서관 2024] 1페이지까지 · 누적 453건 (요청 5513회)
[세종시립도서관 2025] 1페이지까지 · 누적 453건 (요청 5514회)
[세종시립도서관 2026] 1페이지까지 · 누적 453건 (요청 5515회)
[세종특별자치시교육청 통합전자도서관 2023] 1페이지까지 · 누적 453건 (요청 5516회)
[세종특별자치시교육청 통합전자도서관 2024] 1페이지까지 · 누적 453건 (요청 5517회)
[세종특별자치시교육청 통합전자도서관 2025] 1페이지까지 · 누적 453건 (요청 5518회)
[세종특별자치시교육청 통합전자도서관 2026] 1페이지까지 · 누적 453건 (요청 5519회)
[세종파닉스AI 2023] 1페이지까지 · 누적 453건 (요청 5520회)
[세종파닉스AI 2024] 1페이지까지 · 누적 453건 (요청 5521회)
[세종파닉스AI 2025] 1페이지까지 · 누적 453건 (요청 5522회)
[세종파닉스AI 2026] 1페이지까지 · 누적 453건 (요청 5523회)
[세종한국어 2023] 1페이지까지 · 누적 453건 (요청 5524회)
[세종한국어 2024] 1페이지까지 · 누적 453건 (요청 5525회)
[세종한국어 2025] 1페이지까지 · 누적 453건 (요청 5526회)
[세종한국어 2026] 1페이지까지 · 누적 453건 (요청 5527회)
[세줄일기 2023] 1페이지까지 · 누적 453건 (요청 5528회)
[세줄일기 2024] 1페이지까지 · 누적 453건 (요청 5529회)
[세줄일기 2025] 1페이지까지 · 누적 453건 (요청 5530회)
[세줄일기 2026] 1페이지까지 · 누적 453건 (요청 5531회)
[세특업무 솔루션/세특라이트 2023] 1페이지까지 · 누적 453건 (요청 5532회)
[세특업무 솔루션/세특라이트 2024] 1페이지까지 · 누적 453건 (요청 5533회)
[세특업무 솔루션/세특라이트 2025] 1페이지까지 · 누적 453건 (요청 5534회)
[세특업무 솔루션/세특라이트 2026] 1페이지까지 · 누적 453건 (요청 5535회)
[셀탁족을 위한 콕! 찍어보는 탁구비법 기초편 2023] 1페이지까지 · 누적 453건 (요청 5536회)
[셀탁족을 위한 콕! 찍어보는 탁구비법 기초편 2024] 1페이지까지 · 누적 453건 (요청 5537회)
[셀탁족을 위한 콕! 찍어보는 탁구비법 기초편 2025] 1페이지까지 · 누적 453건 (요청 5538회)
[셀탁족을 위한 콕! 찍어보는 탁구비법 기초편 2026] 1페이지까지 · 누적 453건 (요청 5539회)
[셀프뷰 2023] 1페이지까지 · 누적 453건 (요청 5540회)
[셀프뷰 2024] 1페이지까지 · 누적 453건 (요청 5541회)
[셀프뷰 2025] 1페이지까지 · 누적 453건 (요청 5542회)
[셀프뷰 2026] 1페이지까지 · 누적 453건 (요청 5543회)
[셰르파XR 메타퀘스트3 스쿨키트 2023] 1페이지까지 · 누적 453건 (요청 5544회)
[셰르파XR 메타퀘스트3 스쿨키트 2024] 1페이지까지 · 누적 453건 (요청 5545회)
[셰르파XR 메타퀘스트3 스쿨키트 2025] 1페이지까지 · 누적 453건 (요청 5546회)
[셰르파XR 메타퀘스트3 스쿨키트 2026] 1페이지까지 · 누적 453건 (요청 5547회)
[셰프가든 2023] 1페이지까지 · 누적 453건 (요청 5548회)
[셰프가든 2024] 1페이지까지 · 누적 453건 (요청 5549회)
[셰프가든 2025] 1페이지까지 · 누적 453건 (요청 5550회)
[셰프가든 2026] 1페이지까지 · 누적 453건 (요청 5551회)
[소나스쿨 2023] 1페이지까지 · 누적 453건 (요청 5552회)
[소나스쿨 2024] 1페이지까지 · 누적 453건 (요청 5553회)
[소나스쿨 2025] 1페이지까지 · 누적 453건 (요청 5554회)
[소나스쿨 2026] 1페이지까지 · 누적 453건 (요청 5555회)
[소중한글 2023] 1페이지까지 · 누적 453건 (요청 5556회)
[소중한글 2024] 1페이지까지 · 누적 453건 (요청 5557회)
[소중한글 2025] 1페이지까지 · 누적 453건 (요청 5558회)
[소중한글 2026] 1페이지까지 · 누적 453건 (요청 5559회)
[소크룸 라이트 2023] 1페이지까지 · 누적 453건 (요청 5560회)
[소크룸 라이트 2024] 1페이지까지 · 누적 453건 (요청 5561회)
[소크룸 라이트 2025] 1페이지까지 · 누적 453건 (요청 5562회)
[소크룸 라이트 2026] 1페이지까지 · 누적 453건 (요청 5563회)
[소프트웨어야 놀자 2023] 1페이지까지 · 누적 453건 (요청 5564회)
[소프트웨어야 놀자 2024] 1페이지까지 · 누적 453건 (요청 5565회)
[소프트웨어야 놀자 2025] 1페이지까지 · 누적 453건 (요청 5566회)
[소프트웨어야 놀자 2026] 1페이지까지 · 누적 453건 (요청 5567회)
[손뼉등대 2023] 1페이지까지 · 누적 453건 (요청 5568회)
[손뼉등대 2024] 1페이지까지 · 누적 453건 (요청 5569회)
[손뼉등대 2025] 1페이지까지 · 누적 453건 (요청 5570회)
[손뼉등대 2026] 1페이지까지 · 누적 453건 (요청 5571회)
[손뼉자동차 2023] 1페이지까지 · 누적 453건 (요청 5572회)
[손뼉자동차 2024] 1페이지까지 · 누적 453건 (요청 5573회)
[손뼉자동차 2025] 1페이지까지 · 누적 453건 (요청 5574회)
[손뼉자동차 2026] 1페이지까지 · 누적 453건 (요청 5575회)
[송죽학사 2023] 1페이지까지 · 누적 453건 (요청 5576회)
[송죽학사 2024] 1페이지까지 · 누적 453건 (요청 5577회)
[송죽학사 2025] 1페이지까지 · 누적 453건 (요청 5578회)
[송죽학사 2026] 1페이지까지 · 누적 453건 (요청 5579회)
[수능영어 배경지식 기르기 2023] 1페이지까지 · 누적 453건 (요청 5580회)
[수능영어 배경지식 기르기 2024] 1페이지까지 · 누적 453건 (요청 5581회)
[수능영어 배경지식 기르기 2025] 1페이지까지 · 누적 453건 (요청 5582회)
[수능영어 배경지식 기르기 2026] 1페이지까지 · 누적 453건 (요청 5583회)
[수리안 2023] 1페이지까지 · 누적 453건 (요청 5584회)
[수리안 2024] 1페이지까지 · 누적 453건 (요청 5585회)
[수리안 2025] 1페이지까지 · 누적 453건 (요청 5586회)
[수리안 2026] 1페이지까지 · 누적 453건 (요청 5587회)
[수리책방 2023] 1페이지까지 · 누적 453건 (요청 5588회)
[수리책방 2024] 1페이지까지 · 누적 453건 (요청 5589회)
[수리책방 2025] 1페이지까지 · 누적 453건 (요청 5590회)
[수리책방 2026] 1페이지까지 · 누적 453건 (요청 5591회)
[수심달RED 2023] 1페이지까지 · 누적 453건 (요청 5592회)
[수심달RED 2024] 1페이지까지 · 누적 453건 (요청 5593회)
[수심달RED 2025] 1페이지까지 · 누적 453건 (요청 5594회)
[수심달RED 2026] 1페이지까지 · 누적 453건 (요청 5595회)
[수업의 달인 2023] 1페이지까지 · 누적 453건 (요청 5596회)
[수업의 달인 2024] 1페이지까지 · 누적 453건 (요청 5597회)
[수업의 달인 2025] 1페이지까지 · 누적 453건 (요청 5598회)
[수업의 달인 2026] 1페이지까지 · 누적 453건 (요청 5599회)
[수학 놀이터 2023] 1페이지까지 · 누적 453건 (요청 5600회)
[수학 놀이터 2024] 1페이지까지 · 누적 454건 (요청 5602회)
[수학 놀이터 2025] 1페이지까지 · 누적 454건 (요청 5603회)
[수학 놀이터 2026] 1페이지까지 · 누적 454건 (요청 5604회)
[수학 어드벤처 2023] 1페이지까지 · 누적 454건 (요청 5605회)
[수학 어드벤처 2024] 1페이지까지 · 누적 454건 (요청 5606회)
[수학 어드벤처 2025] 1페이지까지 · 누적 454건 (요청 5607회)
[수학 어드벤처 2026] 1페이지까지 · 누적 454건 (요청 5608회)
[수학게임아카이브 2023] 1페이지까지 · 누적 454건 (요청 5609회)
[수학게임아카이브 2024] 1페이지까지 · 누적 454건 (요청 5610회)
[수학게임아카이브 2025] 1페이지까지 · 누적 454건 (요청 5611회)
[수학게임아카이브 2026] 1페이지까지 · 누적 454건 (요청 5612회)
[수학대왕 CLASS 2023] 1페이지까지 · 누적 454건 (요청 5613회)
[수학대왕 CLASS 2024] 1페이지까지 · 누적 454건 (요청 5614회)
[수학대왕 CLASS 2025] 1페이지까지 · 누적 454건 (요청 5615회)
[수학대왕 CLASS 2026] 1페이지까지 · 누적 454건 (요청 5616회)
[수학아레나 2023] 1페이지까지 · 누적 454건 (요청 5617회)
[수학아레나 2024] 1페이지까지 · 누적 454건 (요청 5618회)
[수학아레나 2025] 1페이지까지 · 누적 454건 (요청 5619회)
[수학아레나 2026] 1페이지까지 · 누적 454건 (요청 5620회)
[수학자의 저주 2023] 1페이지까지 · 누적 454건 (요청 5621회)
[수학자의 저주 2024] 1페이지까지 · 누적 454건 (요청 5622회)
[수학자의 저주 2025] 1페이지까지 · 누적 454건 (요청 5623회)
[수학자의 저주 2026] 1페이지까지 · 누적 454건 (요청 5624회)
[수행평가 확인 및 전자서명 수합 관리 시스템 2023] 1페이지까지 · 누적 454건 (요청 5625회)
[수행평가 확인 및 전자서명 수합 관리 시스템 2024] 1페이지까지 · 누적 454건 (요청 5626회)
[수행평가 확인 및 전자서명 수합 관리 시스템 2025] 1페이지까지 · 누적 454건 (요청 5627회)
[수행평가 확인 및 전자서명 수합 관리 시스템 2026] 1페이지까지 · 누적 454건 (요청 5628회)
[수행평가·포트폴리오 교사 맞춤 솔루션 하마오 2023] 1페이지까지 · 누적 454건 (요청 5629회)
[수행평가·포트폴리오 교사 맞춤 솔루션 하마오 2024] 1페이지까지 · 누적 454건 (요청 5630회)
[수행평가·포트폴리오 교사 맞춤 솔루션 하마오 2025] 1페이지까지 · 누적 454건 (요청 5631회)
[수행평가·포트폴리오 교사 맞춤 솔루션 하마오 2026] 1페이지까지 · 누적 454건 (요청 5632회)
[술술학습대장간 2023] 1페이지까지 · 누적 454건 (요청 5633회)
[술술학습대장간 2024] 1페이지까지 · 누적 454건 (요청 5634회)
[술술학습대장간 2025] 1페이지까지 · 누적 454건 (요청 5635회)
[술술학습대장간 2026] 1페이지까지 · 누적 454건 (요청 5636회)
[숫자전쟁 2023] 1페이지까지 · 누적 454건 (요청 5637회)
[숫자전쟁 2024] 1페이지까지 · 누적 455건 (요청 5639회)
[숫자전쟁 2025] 1페이지까지 · 누적 455건 (요청 5640회)
[숫자전쟁 2026] 1페이지까지 · 누적 455건 (요청 5641회)
[숫자전쟁 보드게임 2023] 1페이지까지 · 누적 455건 (요청 5642회)
[숫자전쟁 보드게임 2024] 1페이지까지 · 누적 455건 (요청 5643회)
[숫자전쟁 보드게임 2025] 1페이지까지 · 누적 455건 (요청 5644회)
[숫자전쟁 보드게임 2026] 1페이지까지 · 누적 455건 (요청 5645회)
[숲속 곤충 도서관 2023] 1페이지까지 · 누적 455건 (요청 5646회)
[숲속 곤충 도서관 2024] 1페이지까지 · 누적 455건 (요청 5647회)
[숲속 곤충 도서관 2025] 1페이지까지 · 누적 455건 (요청 5648회)
[숲속 곤충 도서관 2026] 1페이지까지 · 누적 455건 (요청 5649회)
[슈베아 드론 코딩 2023] 1페이지까지 · 누적 455건 (요청 5650회)
[슈베아 드론 코딩 2024] 1페이지까지 · 누적 455건 (요청 5651회)
[슈베아 드론 코딩 2025] 1페이지까지 · 누적 455건 (요청 5652회)
[슈베아 드론 코딩 2026] 1페이지까지 · 누적 455건 (요청 5653회)
[슈퍼스쿨 2023] 1페이지까지 · 누적 455건 (요청 5654회)
[슈퍼스쿨 2024] 1페이지까지 · 누적 455건 (요청 5655회)
[슈퍼스쿨 2025] 1페이지까지 · 누적 457건 (요청 5658회)
[슈퍼스쿨 2026] 1페이지까지 · 누적 457건 (요청 5659회)
[슐터 집중력 학습기 2023] 1페이지까지 · 누적 457건 (요청 5660회)
[슐터 집중력 학습기 2024] 1페이지까지 · 누적 457건 (요청 5661회)
[슐터 집중력 학습기 2025] 1페이지까지 · 누적 457건 (요청 5662회)
[슐터 집중력 학습기 2026] 1페이지까지 · 누적 457건 (요청 5663회)
[슘페터 어드벤처 시즌2 보드게임 2023] 1페이지까지 · 누적 457건 (요청 5664회)
[슘페터 어드벤처 시즌2 보드게임 2024] 1페이지까지 · 누적 457건 (요청 5665회)
[슘페터 어드벤처 시즌2 보드게임 2025] 1페이지까지 · 누적 457건 (요청 5666회)
[슘페터 어드벤처 시즌2 보드게임 2026] 1페이지까지 · 누적 457건 (요청 5667회)
[스냅보드 2023] 1페이지까지 · 누적 457건 (요청 5668회)
[스냅보드 2024] 1페이지까지 · 누적 457건 (요청 5669회)
[스냅보드 2025] 1페이지까지 · 누적 457건 (요청 5670회)
[스냅보드 2026] 1페이지까지 · 누적 457건 (요청 5671회)
[스냅툰 2023] 1페이지까지 · 누적 457건 (요청 5672회)
[스냅툰 2024] 1페이지까지 · 누적 457건 (요청 5673회)
[스냅툰 2025] 1페이지까지 · 누적 457건 (요청 5674회)
[스냅툰 2026] 1페이지까지 · 누적 457건 (요청 5675회)
[스네일라 2023] 1페이지까지 · 누적 457건 (요청 5676회)
[스네일라 2024] 1페이지까지 · 누적 457건 (요청 5677회)
[스네일라 2025] 1페이지까지 · 누적 457건 (요청 5678회)
[스네일라 2026] 1페이지까지 · 누적 457건 (요청 5679회)
[스노클 2023] 1페이지까지 · 누적 457건 (요청 5680회)
[스노클 2024] 1페이지까지 · 누적 457건 (요청 5681회)
[스노클 2025] 1페이지까지 · 누적 457건 (요청 5682회)
[스노클 2026] 1페이지까지 · 누적 457건 (요청 5683회)
[스마일보건 2023] 1페이지까지 · 누적 457건 (요청 5684회)
[스마일보건 2024] 1페이지까지 · 누적 457건 (요청 5685회)
[스마일보건 2025] 1페이지까지 · 누적 457건 (요청 5686회)
[스마일보건 2026] 1페이지까지 · 누적 457건 (요청 5687회)
[스마일팟화분키트 2023] 1페이지까지 · 누적 457건 (요청 5688회)
[스마일팟화분키트 2024] 1페이지까지 · 누적 457건 (요청 5689회)
[스마일팟화분키트 2025] 1페이지까지 · 누적 457건 (요청 5690회)
[스마일팟화분키트 2026] 1페이지까지 · 누적 457건 (요청 5691회)
[스와이프랑 2023] 1페이지까지 · 누적 457건 (요청 5692회)
[스와이프랑 2024] 1페이지까지 · 누적 457건 (요청 5693회)
[스와이프랑 2025] 1페이지까지 · 누적 457건 (요청 5694회)
[스와이프랑 2026] 1페이지까지 · 누적 457건 (요청 5695회)
[스윙투앱 2023] 1페이지까지 · 누적 457건 (요청 5696회)
[스윙투앱 2024] 1페이지까지 · 누적 457건 (요청 5697회)
[스윙투앱 2025] 1페이지까지 · 누적 457건 (요청 5698회)
[스윙투앱 2026] 1페이지까지 · 누적 457건 (요청 5699회)
[스카티고 2023] 1페이지까지 · 누적 457건 (요청 5700회)
[스카티고 2024] 1페이지까지 · 누적 457건 (요청 5701회)
[스카티고 2025] 1페이지까지 · 누적 457건 (요청 5702회)
[스카티고 2026] 1페이지까지 · 누적 457건 (요청 5703회)
[스카티고 Scottie go! 2023] 1페이지까지 · 누적 457건 (요청 5704회)
[스카티고 Scottie go! 2024] 1페이지까지 · 누적 457건 (요청 5705회)
[스카티고 Scottie go! 2025] 1페이지까지 · 누적 457건 (요청 5706회)
[스카티고 Scottie go! 2026] 1페이지까지 · 누적 457건 (요청 5707회)
[스콜라 2023] 1페이지까지 · 누적 457건 (요청 5708회)
[스콜라 2024] 1페이지까지 · 누적 457건 (요청 5709회)
[스콜라 2025] 1페이지까지 · 누적 457건 (요청 5710회)
[스콜라 2026] 1페이지까지 · 누적 457건 (요청 5711회)
[스콜라스틱 리터러시 프로 2023] 1페이지까지 · 누적 457건 (요청 5712회)
[스콜라스틱 리터러시 프로 2024] 1페이지까지 · 누적 457건 (요청 5713회)
[스콜라스틱 리터러시 프로 2025] 1페이지까지 · 누적 457건 (요청 5714회)
[스콜라스틱 리터러시 프로 2026] 1페이지까지 · 누적 457건 (요청 5715회)
[스쿨PT 2023] 1페이지까지 · 누적 457건 (요청 5716회)
[스쿨PT 2024] 1페이지까지 · 누적 457건 (요청 5717회)
[스쿨PT 2025] 1페이지까지 · 누적 457건 (요청 5718회)
[스쿨PT 2026] 1페이지까지 · 누적 457건 (요청 5719회)
[스쿨네이처링 2023] 1페이지까지 · 누적 457건 (요청 5720회)
[스쿨네이처링 2024] 1페이지까지 · 누적 457건 (요청 5721회)
[스쿨네이처링 2025] 1페이지까지 · 누적 457건 (요청 5722회)
[스쿨네이처링 2026] 1페이지까지 · 누적 457건 (요청 5723회)
[스쿨노트 2023] 1페이지까지 · 누적 457건 (요청 5724회)
[스쿨노트 2024] 1페이지까지 · 누적 457건 (요청 5725회)
[스쿨노트 2025] 1페이지까지 · 누적 457건 (요청 5726회)
[스쿨노트 2026] 1페이지까지 · 누적 457건 (요청 5727회)
[스쿨닥터 보건일지 2023] 1페이지까지 · 누적 457건 (요청 5728회)
[스쿨닥터 보건일지 2024] 1페이지까지 · 누적 457건 (요청 5729회)
[스쿨닥터 보건일지 2025] 1페이지까지 · 누적 457건 (요청 5730회)
[스쿨닥터 보건일지 2026] 1페이지까지 · 누적 457건 (요청 5731회)
[스쿨라이프 2023] 1페이지까지 · 누적 457건 (요청 5732회)
[스쿨라이프 2024] 1페이지까지 · 누적 457건 (요청 5733회)
[스쿨라이프 2025] 1페이지까지 · 누적 457건 (요청 5734회)
[스쿨라이프 2026] 1페이지까지 · 누적 457건 (요청 5735회)
[스쿨링크 2023] 1페이지까지 · 누적 457건 (요청 5736회)
[스쿨링크 2024] 1페이지까지 · 누적 457건 (요청 5737회)
[스쿨링크 2025] 1페이지까지 · 누적 457건 (요청 5738회)
[스쿨링크 2026] 1페이지까지 · 누적 457건 (요청 5739회)
[스쿨마스터 2023] 1페이지까지 · 누적 457건 (요청 5740회)
[스쿨마스터 2024] 1페이지까지 · 누적 457건 (요청 5741회)
[스쿨마스터 2025] 1페이지까지 · 누적 457건 (요청 5742회)
[스쿨마스터 2026] 1페이지까지 · 누적 457건 (요청 5743회)
[스쿨박스 2023] 1페이지까지 · 누적 457건 (요청 5744회)
[스쿨박스 2024] 1페이지까지 · 누적 457건 (요청 5745회)
[스쿨박스 2025] 1페이지까지 · 누적 457건 (요청 5746회)
[스쿨박스 2026] 1페이지까지 · 누적 457건 (요청 5747회)
[스쿨보드 2023] 1페이지까지 · 누적 457건 (요청 5748회)
[스쿨보드 2024] 1페이지까지 · 누적 457건 (요청 5749회)
[스쿨보드 2025] 1페이지까지 · 누적 457건 (요청 5750회)
[스쿨보드 2026] 1페이지까지 · 누적 457건 (요청 5751회)
[스쿨북스 2023] 1페이지까지 · 누적 457건 (요청 5752회)
[스쿨북스 2024] 1페이지까지 · 누적 457건 (요청 5753회)
[스쿨북스 2025] 1페이지까지 · 누적 457건 (요청 5754회)
[스쿨북스 2026] 1페이지까지 · 누적 457건 (요청 5755회)
[스쿨웍스 2023] 1페이지까지 · 누적 457건 (요청 5756회)
[스쿨웍스 2024] 1페이지까지 · 누적 457건 (요청 5757회)
[스쿨웍스 2025] 1페이지까지 · 누적 457건 (요청 5758회)
[스쿨웍스 2026] 1페이지까지 · 누적 457건 (요청 5759회)
[스쿨존 보행중 스마트폰 사용제한 시스템 2023] 1페이지까지 · 누적 457건 (요청 5760회)
[스쿨존 보행중 스마트폰 사용제한 시스템 2024] 1페이지까지 · 누적 457건 (요청 5761회)
[스쿨존 보행중 스마트폰 사용제한 시스템 2025] 1페이지까지 · 누적 457건 (요청 5762회)
[스쿨존 보행중 스마트폰 사용제한 시스템 2026] 1페이지까지 · 누적 457건 (요청 5763회)
[스쿨톡 2023] 1페이지까지 · 누적 457건 (요청 5764회)
[스쿨톡 2024] 1페이지까지 · 누적 457건 (요청 5765회)
[스쿨톡 2025] 1페이지까지 · 누적 457건 (요청 5766회)
[스쿨톡 2026] 1페이지까지 · 누적 457건 (요청 5767회)
[스쿨투게더 2023] 1페이지까지 · 누적 457건 (요청 5768회)
[스쿨투게더 2024] 1페이지까지 · 누적 457건 (요청 5769회)
[스쿨투게더 2025] 1페이지까지 · 누적 457건 (요청 5770회)
[스쿨투게더 2026] 1페이지까지 · 누적 457건 (요청 5771회)
[스쿨포유 2023] 1페이지까지 · 누적 457건 (요청 5772회)
[스쿨포유 2024] 1페이지까지 · 누적 457건 (요청 5773회)
[스쿨포유 2025] 1페이지까지 · 누적 457건 (요청 5774회)
[스쿨포유 2026] 1페이지까지 · 누적 457건 (요청 5775회)
[스쿨폴리오 2023] 1페이지까지 · 누적 457건 (요청 5776회)
[스쿨폴리오 2024] 1페이지까지 · 누적 457건 (요청 5777회)
[스쿨폴리오 2025] 1페이지까지 · 누적 457건 (요청 5778회)
[스쿨폴리오 2026] 1페이지까지 · 누적 457건 (요청 5779회)
[스쿨프렌즈 2023] 1페이지까지 · 누적 457건 (요청 5780회)
[스쿨프렌즈 2024] 1페이지까지 · 누적 457건 (요청 5781회)
[스쿨프렌즈 2025] 1페이지까지 · 누적 457건 (요청 5782회)
[스쿨프렌즈 2026] 1페이지까지 · 누적 457건 (요청 5783회)
[스쿨플랫 2023] 1페이지까지 · 누적 457건 (요청 5784회)
[스쿨플랫 2024] 1페이지까지 · 누적 458건 (요청 5786회)
[스쿨플랫 2025] 1페이지까지 · 누적 458건 (요청 5787회)
[스쿨플랫 2026] 1페이지까지 · 누적 460건 (요청 5790회)
[스크래치 2023] 1페이지까지 · 누적 462건 (요청 5793회)
[스크래치 2024] 1페이지까지 · 누적 465건 (요청 5797회)
[스크래치 2025] 1페이지까지 · 누적 468건 (요청 5801회)
[스크래치 2026] 1페이지까지 · 누적 468건 (요청 5802회)
[스크래치 주니어 2023] 1페이지까지 · 누적 468건 (요청 5803회)
[스크래치 주니어 2024] 1페이지까지 · 누적 468건 (요청 5804회)
[스크래치 주니어 2025] 1페이지까지 · 누적 468건 (요청 5805회)
[스크래치 주니어 2026] 1페이지까지 · 누적 468건 (요청 5806회)
[스타랜드 파닉스 2023] 1페이지까지 · 누적 468건 (요청 5807회)
[스타랜드 파닉스 2024] 1페이지까지 · 누적 468건 (요청 5808회)
[스타랜드 파닉스 2025] 1페이지까지 · 누적 468건 (요청 5809회)
[스타랜드 파닉스 2026] 1페이지까지 · 누적 468건 (요청 5810회)
[스타트업 메이커_예비창업패키지 도전기 2023] 1페이지까지 · 누적 468건 (요청 5811회)
[스타트업 메이커_예비창업패키지 도전기 2024] 1페이지까지 · 누적 468건 (요청 5812회)
[스타트업 메이커_예비창업패키지 도전기 2025] 1페이지까지 · 누적 468건 (요청 5813회)
[스타트업 메이커_예비창업패키지 도전기 2026] 1페이지까지 · 누적 468건 (요청 5814회)
[스택 for ROBOID 2023] 1페이지까지 · 누적 468건 (요청 5815회)
[스택 for ROBOID 2024] 1페이지까지 · 누적 468건 (요청 5816회)
[스택 for ROBOID 2025] 1페이지까지 · 누적 468건 (요청 5817회)
[스택 for ROBOID 2026] 1페이지까지 · 누적 468건 (요청 5818회)
[스터디365 2023] 1페이지까지 · 누적 468건 (요청 5819회)
[스터디365 2024] 1페이지까지 · 누적 468건 (요청 5820회)
[스터디365 2025] 1페이지까지 · 누적 468건 (요청 5821회)
[스터디365 2026] 1페이지까지 · 누적 468건 (요청 5822회)
[스터디에이 2023] 1페이지까지 · 누적 468건 (요청 5823회)
[스터디에이 2024] 1페이지까지 · 누적 468건 (요청 5824회)
[스터디에이 2025] 1페이지까지 · 누적 468건 (요청 5825회)
[스터디에이 2026] 1페이지까지 · 누적 468건 (요청 5826회)
[스테이지드 플러스 2023] 1페이지까지 · 누적 468건 (요청 5827회)
[스테이지드 플러스 2024] 1페이지까지 · 누적 468건 (요청 5828회)
[스테이지드 플러스 2025] 1페이지까지 · 누적 468건 (요청 5829회)
[스테이지드 플러스 2026] 1페이지까지 · 누적 468건 (요청 5830회)
[스토리로 배우는 AI탐사 로봇 바우카 2023] 1페이지까지 · 누적 468건 (요청 5831회)
[스토리로 배우는 AI탐사 로봇 바우카 2024] 1페이지까지 · 누적 468건 (요청 5832회)
[스토리로 배우는 AI탐사 로봇 바우카 2025] 1페이지까지 · 누적 468건 (요청 5833회)
[스토리로 배우는 AI탐사 로봇 바우카 2026] 1페이지까지 · 누적 468건 (요청 5834회)
[스토리룸 2023] 1페이지까지 · 누적 468건 (요청 5835회)
[스토리룸 2024] 1페이지까지 · 누적 468건 (요청 5836회)
[스토리룸 2025] 1페이지까지 · 누적 468건 (요청 5837회)
[스토리룸 2026] 1페이지까지 · 누적 468건 (요청 5838회)
[스토리셀프 2023] 1페이지까지 · 누적 468건 (요청 5839회)
[스토리셀프 2024] 1페이지까지 · 누적 468건 (요청 5840회)
[스토리셀프 2025] 1페이지까지 · 누적 468건 (요청 5841회)
[스토리셀프 2026] 1페이지까지 · 누적 468건 (요청 5842회)
[스팀업 아카데미 2023] 1페이지까지 · 누적 468건 (요청 5843회)
[스팀업 아카데미 2024] 1페이지까지 · 누적 468건 (요청 5844회)
[스팀업 아카데미 2025] 1페이지까지 · 누적 468건 (요청 5845회)
[스팀업 아카데미 2026] 1페이지까지 · 누적 468건 (요청 5846회)
[스팀컵 2023] 1페이지까지 · 누적 471건 (요청 5850회)
[스팀컵 2024] 1페이지까지 · 누적 471건 (요청 5851회)
[스팀컵 2025] 1페이지까지 · 누적 471건 (요청 5852회)
[스팀컵 2026] 1페이지까지 · 누적 471건 (요청 5853회)
[스파크뷰 2023] 1페이지까지 · 누적 471건 (요청 5854회)
[스파크뷰 2024] 1페이지까지 · 누적 471건 (요청 5855회)
[스파크뷰 2025] 1페이지까지 · 누적 471건 (요청 5856회)
[스파크뷰 2026] 1페이지까지 · 누적 471건 (요청 5857회)
[스페이스틴 AI - 미래진로 탐색 2023] 1페이지까지 · 누적 471건 (요청 5858회)
[스페이스틴 AI - 미래진로 탐색 2024] 1페이지까지 · 누적 471건 (요청 5859회)
[스페이스틴 AI - 미래진로 탐색 2025] 1페이지까지 · 누적 471건 (요청 5860회)
[스페이스틴 AI - 미래진로 탐색 2026] 1페이지까지 · 누적 471건 (요청 5861회)
[스페이스틴 M - 마인드맵 역량분석 2023] 1페이지까지 · 누적 471건 (요청 5862회)
[스페이스틴 M - 마인드맵 역량분석 2024] 1페이지까지 · 누적 471건 (요청 5863회)
[스페이스틴 M - 마인드맵 역량분석 2025] 1페이지까지 · 누적 471건 (요청 5864회)
[스페이스틴 M - 마인드맵 역량분석 2026] 1페이지까지 · 누적 471건 (요청 5865회)
[스펙트로메트리 2023] 1페이지까지 · 누적 471건 (요청 5866회)
[스펙트로메트리 2024] 1페이지까지 · 누적 471건 (요청 5867회)
[스펙트로메트리 2025] 1페이지까지 · 누적 471건 (요청 5868회)
[스펙트로메트리 2026] 1페이지까지 · 누적 471건 (요청 5869회)
[스포디 2023] 1페이지까지 · 누적 471건 (요청 5870회)
[스포디 2024] 1페이지까지 · 누적 471건 (요청 5871회)
[스포디 2025] 1페이지까지 · 누적 471건 (요청 5872회)
[스포디 2026] 1페이지까지 · 누적 471건 (요청 5873회)
[스피킹라이즈 2023] 1페이지까지 · 누적 471건 (요청 5874회)
[스피킹라이즈 2024] 1페이지까지 · 누적 471건 (요청 5875회)
[스피킹라이즈 2025] 1페이지까지 · 누적 471건 (요청 5876회)
[스피킹라이즈 2026] 1페이지까지 · 누적 471건 (요청 5877회)
[스픽마스터 2023] 1페이지까지 · 누적 471건 (요청 5878회)
[스픽마스터 2024] 1페이지까지 · 누적 471건 (요청 5879회)
[스픽마스터 2025] 1페이지까지 · 누적 471건 (요청 5880회)
[스픽마스터 2026] 1페이지까지 · 누적 471건 (요청 5881회)
[슬기로운 말글마이너: YouTube 댓글편 2023] 1페이지까지 · 누적 471건 (요청 5882회)
[슬기로운 말글마이너: YouTube 댓글편 2024] 1페이지까지 · 누적 471건 (요청 5883회)
[슬기로운 말글마이너: YouTube 댓글편 2025] 1페이지까지 · 누적 471건 (요청 5884회)
[슬기로운 말글마이너: YouTube 댓글편 2026] 1페이지까지 · 누적 471건 (요청 5885회)
[슬기로운 말글마이너: 네이버 뉴스편 2023] 1페이지까지 · 누적 471건 (요청 5886회)
[슬기로운 말글마이너: 네이버 뉴스편 2024] 1페이지까지 · 누적 471건 (요청 5887회)
[슬기로운 말글마이너: 네이버 뉴스편 2025] 1페이지까지 · 누적 471건 (요청 5888회)
[슬기로운 말글마이너: 네이버 뉴스편 2026] 1페이지까지 · 누적 471건 (요청 5889회)
[슬기로운 탐구생활 2023] 1페이지까지 · 누적 471건 (요청 5890회)
[슬기로운 탐구생활 2024] 1페이지까지 · 누적 471건 (요청 5891회)
[슬기로운 탐구생활 2025] 1페이지까지 · 누적 471건 (요청 5892회)
[슬기로운 탐구생활 2026] 1페이지까지 · 누적 471건 (요청 5893회)
[슬래시페이지 2023] 1페이지까지 · 누적 471건 (요청 5894회)
[슬래시페이지 2024] 1페이지까지 · 누적 471건 (요청 5895회)
[슬래시페이지 2025] 1페이지까지 · 누적 471건 (요청 5896회)
[슬래시페이지 2026] 1페이지까지 · 누적 471건 (요청 5897회)
[시소노트 2023] 1페이지까지 · 누적 471건 (요청 5898회)
[시소노트 2024] 1페이지까지 · 누적 471건 (요청 5899회)
[시소노트 2025] 1페이지까지 · 누적 471건 (요청 5900회)
[시소노트 2026] 1페이지까지 · 누적 471건 (요청 5901회)
[식물의 집, 다육이 화분 만들기 체험 키트 2023] 1페이지까지 · 누적 471건 (요청 5902회)
[식물의 집, 다육이 화분 만들기 체험 키트 2024] 1페이지까지 · 누적 471건 (요청 5903회)
[식물의 집, 다육이 화분 만들기 체험 키트 2025] 1페이지까지 · 누적 471건 (요청 5904회)
[식물의 집, 다육이 화분 만들기 체험 키트 2026] 1페이지까지 · 누적 471건 (요청 5905회)
[식물카드 / 미래과학 AR 2023] 1페이지까지 · 누적 471건 (요청 5906회)
[식물카드 / 미래과학 AR 2024] 1페이지까지 · 누적 471건 (요청 5907회)
[식물카드 / 미래과학 AR 2025] 1페이지까지 · 누적 471건 (요청 5908회)
[식물카드 / 미래과학 AR 2026] 1페이지까지 · 누적 471건 (요청 5909회)
[신과 영웅의 大 서사시 2023] 1페이지까지 · 누적 471건 (요청 5910회)
[신과 영웅의 大 서사시 2024] 1페이지까지 · 누적 471건 (요청 5911회)
[신과 영웅의 大 서사시 2025] 1페이지까지 · 누적 471건 (요청 5912회)
[신과 영웅의 大 서사시 2026] 1페이지까지 · 누적 471건 (요청 5913회)
[신나는 AI 렌즈 스터디 키트 2023] 1페이지까지 · 누적 471건 (요청 5914회)
[신나는 AI 렌즈 스터디 키트 2024] 1페이지까지 · 누적 471건 (요청 5915회)
[신나는 AI 렌즈 스터디 키트 2025] 1페이지까지 · 누적 471건 (요청 5916회)
[신나는 AI 렌즈 스터디 키트 2026] 1페이지까지 · 누적 471건 (요청 5917회)
[신나는 팬플룻 키트 2023] 1페이지까지 · 누적 471건 (요청 5918회)
[신나는 팬플룻 키트 2024] 1페이지까지 · 누적 471건 (요청 5919회)
[신나는 팬플룻 키트 2025] 1페이지까지 · 누적 471건 (요청 5920회)
[신나는 팬플룻 키트 2026] 1페이지까지 · 누적 471건 (요청 5921회)
[신라의 비밀 2023] 1페이지까지 · 누적 471건 (요청 5922회)
[신라의 비밀 2024] 1페이지까지 · 누적 471건 (요청 5923회)
[신라의 비밀 2025] 1페이지까지 · 누적 471건 (요청 5924회)
[신라의 비밀 2026] 1페이지까지 · 누적 471건 (요청 5925회)
[실내놀이 MX존 2023] 1페이지까지 · 누적 471건 (요청 5926회)
[실내놀이 MX존 2024] 1페이지까지 · 누적 472건 (요청 5928회)
[실내놀이 MX존 2025] 1페이지까지 · 누적 472건 (요청 5929회)
[실내놀이 MX존 2026] 1페이지까지 · 누적 472건 (요청 5930회)
[심그라운드 2023] 1페이지까지 · 누적 472건 (요청 5931회)
[심그라운드 2024] 1페이지까지 · 누적 472건 (요청 5932회)
[심그라운드 2025] 1페이지까지 · 누적 472건 (요청 5933회)
[심그라운드 2026] 1페이지까지 · 누적 472건 (요청 5934회)
[심리 검사 2023] 1페이지까지 · 누적 476건 (요청 5939회)
[심리 검사 2024] 1페이지까지 · 누적 484건 (요청 5948회)
[심리 검사 2025] 1페이지까지 · 누적 487건 (요청 5952회)
[심리 검사 2026] 1페이지까지 · 누적 490건 (요청 5956회)
[심스페이스 2023] 1페이지까지 · 누적 490건 (요청 5957회)
[심스페이스 2024] 1페이지까지 · 누적 490건 (요청 5958회)
[심스페이스 2025] 1페이지까지 · 누적 490건 (요청 5959회)
[심스페이스 2026] 1페이지까지 · 누적 490건 (요청 5960회)
[싸다보카 2023] 1페이지까지 · 누적 490건 (요청 5961회)
[싸다보카 2024] 1페이지까지 · 누적 490건 (요청 5962회)
[싸다보카 2025] 1페이지까지 · 누적 490건 (요청 5963회)
[싸다보카 2026] 1페이지까지 · 누적 490건 (요청 5964회)
[써클플라잉 키트 2023] 1페이지까지 · 누적 490건 (요청 5965회)
[써클플라잉 키트 2024] 1페이지까지 · 누적 490건 (요청 5966회)
[써클플라잉 키트 2025] 1페이지까지 · 누적 490건 (요청 5967회)
[써클플라잉 키트 2026] 1페이지까지 · 누적 490건 (요청 5968회)
[쎄듀런 2023] 1페이지까지 · 누적 490건 (요청 5969회)
[쎄듀런 2024] 1페이지까지 · 누적 490건 (요청 5970회)
[쎄듀런 2025] 1페이지까지 · 누적 490건 (요청 5971회)
[쎄듀런 2026] 1페이지까지 · 누적 490건 (요청 5972회)
[쎈 진학 나침판 2023] 1페이지까지 · 누적 490건 (요청 5973회)
[쎈 진학 나침판 2024] 1페이지까지 · 누적 490건 (요청 5974회)
[쎈 진학 나침판 2025] 1페이지까지 · 누적 490건 (요청 5975회)
[쎈 진학 나침판 2026] 1페이지까지 · 누적 490건 (요청 5976회)
[쏠브릿지 2023] 1페이지까지 · 누적 490건 (요청 5977회)
[쏠브릿지 2024] 1페이지까지 · 누적 490건 (요청 5978회)
[쏠브릿지 2025] 1페이지까지 · 누적 490건 (요청 5979회)
[쏠브릿지 2026] 1페이지까지 · 누적 490건 (요청 5980회)
[쓰다듬다 2023] 1페이지까지 · 누적 490건 (요청 5981회)
[쓰다듬다 2024] 1페이지까지 · 누적 490건 (요청 5982회)
[쓰다듬다 2025] 1페이지까지 · 누적 490건 (요청 5983회)
[쓰다듬다 2026] 1페이지까지 · 누적 490건 (요청 5984회)
[씨드깃발 & DIY 깃발 2023] 1페이지까지 · 누적 490건 (요청 5985회)
[씨드깃발 & DIY 깃발 2024] 1페이지까지 · 누적 490건 (요청 5986회)
[씨드깃발 & DIY 깃발 2025] 1페이지까지 · 누적 490건 (요청 5987회)
[씨드깃발 & DIY 깃발 2026] 1페이지까지 · 누적 490건 (요청 5988회)
[씨드볼 2023] 1페이지까지 · 누적 490건 (요청 5989회)
[씨드볼 2024] 1페이지까지 · 누적 490건 (요청 5990회)
[씨드볼 2025] 1페이지까지 · 누적 490건 (요청 5991회)
[씨드볼 2026] 1페이지까지 · 누적 490건 (요청 5992회)
[씨드볼만들기 키트 2023] 1페이지까지 · 누적 490건 (요청 5993회)
[씨드볼만들기 키트 2024] 1페이지까지 · 누적 490건 (요청 5994회)
[씨드볼만들기 키트 2025] 1페이지까지 · 누적 490건 (요청 5995회)
[씨드볼만들기 키트 2026] 1페이지까지 · 누적 490건 (요청 5996회)
[씨드스푼 2023] 1페이지까지 · 누적 490건 (요청 5997회)
[씨드스푼 2024] 1페이지까지 · 누적 490건 (요청 5998회)
[씨드스푼 2025] 1페이지까지 · 누적 490건 (요청 5999회)
[씨드스푼 2026] 1페이지까지 · 누적 490건 (요청 6000회)
[씨드쿠키 2023] 1페이지까지 · 누적 490건 (요청 6001회)
[씨드쿠키 2024] 1페이지까지 · 누적 490건 (요청 6002회)
[씨드쿠키 2025] 1페이지까지 · 누적 490건 (요청 6003회)
[씨드쿠키 2026] 1페이지까지 · 누적 490건 (요청 6004회)
[씨드택 4종 세트 2023] 1페이지까지 · 누적 490건 (요청 6005회)
[씨드택 4종 세트 2024] 1페이지까지 · 누적 490건 (요청 6006회)
[씨드택 4종 세트 2025] 1페이지까지 · 누적 490건 (요청 6007회)
[씨드택 4종 세트 2026] 1페이지까지 · 누적 490건 (요청 6008회)
[씨마스 고등 정보 AI 디지털 교육자료 2023] 1페이지까지 · 누적 490건 (요청 6009회)
[씨마스 고등 정보 AI 디지털 교육자료 2024] 1페이지까지 · 누적 490건 (요청 6010회)
[씨마스 고등 정보 AI 디지털 교육자료 2025] 1페이지까지 · 누적 490건 (요청 6011회)
[씨마스 고등 정보 AI 디지털 교육자료 2026] 1페이지까지 · 누적 490건 (요청 6012회)
[씨마스 중학 정보 AI 디지털 교육자료 2023] 1페이지까지 · 누적 490건 (요청 6013회)
[씨마스 중학 정보 AI 디지털 교육자료 2024] 1페이지까지 · 누적 490건 (요청 6014회)
[씨마스 중학 정보 AI 디지털 교육자료 2025] 1페이지까지 · 누적 490건 (요청 6015회)
[씨마스 중학 정보 AI 디지털 교육자료 2026] 1페이지까지 · 누적 490건 (요청 6016회)
[씽링크 2023] 1페이지까지 · 누적 490건 (요청 6017회)
[씽링크 2024] 1페이지까지 · 누적 490건 (요청 6018회)
[씽링크 2025] 1페이지까지 · 누적 490건 (요청 6019회)
[씽링크 2026] 1페이지까지 · 누적 490건 (요청 6020회)
[씽크로스 2023] 1페이지까지 · 누적 490건 (요청 6021회)
[씽크로스 2024] 1페이지까지 · 누적 490건 (요청 6022회)
[씽크로스 2025] 1페이지까지 · 누적 490건 (요청 6023회)
[씽크로스 2026] 1페이지까지 · 누적 490건 (요청 6024회)
[아동 청소년 행동평가척도 교사용 2023] 1페이지까지 · 누적 490건 (요청 6025회)
[아동 청소년 행동평가척도 교사용 2024] 1페이지까지 · 누적 490건 (요청 6026회)
[아동 청소년 행동평가척도 교사용 2025] 1페이지까지 · 누적 490건 (요청 6027회)
[아동 청소년 행동평가척도 교사용 2026] 1페이지까지 · 누적 490건 (요청 6028회)
[아동 청소년 행동평가척도 부모용 2023] 1페이지까지 · 누적 490건 (요청 6029회)
[아동 청소년 행동평가척도 부모용 2024] 1페이지까지 · 누적 490건 (요청 6030회)
[아동 청소년 행동평가척도 부모용 2025] 1페이지까지 · 누적 490건 (요청 6031회)
[아동 청소년 행동평가척도 부모용 2026] 1페이지까지 · 누적 490건 (요청 6032회)
[아두이노 20가지 프로젝트 키트 2023] 1페이지까지 · 누적 490건 (요청 6033회)
[아두이노 20가지 프로젝트 키트 2024] 1페이지까지 · 누적 490건 (요청 6034회)
[아두이노 20가지 프로젝트 키트 2025] 1페이지까지 · 누적 490건 (요청 6035회)
[아두이노 20가지 프로젝트 키트 2026] 1페이지까지 · 누적 490건 (요청 6036회)
[아두이노 AI 나만의 스탠드 2023] 1페이지까지 · 누적 490건 (요청 6037회)
[아두이노 AI 나만의 스탠드 2024] 1페이지까지 · 누적 490건 (요청 6038회)
[아두이노 AI 나만의 스탠드 2025] 1페이지까지 · 누적 490건 (요청 6039회)
[아두이노 AI 나만의 스탠드 2026] 1페이지까지 · 누적 490건 (요청 6040회)
[아두이노 DIY 공기청정기 만들기 키트 2023] 1페이지까지 · 누적 490건 (요청 6041회)
[아두이노 DIY 공기청정기 만들기 키트 2024] 1페이지까지 · 누적 490건 (요청 6042회)
[아두이노 DIY 공기청정기 만들기 키트 2025] 1페이지까지 · 누적 490건 (요청 6043회)
[아두이노 DIY 공기청정기 만들기 키트 2026] 1페이지까지 · 누적 490건 (요청 6044회)
[아두이노 게임기 2023] 1페이지까지 · 누적 490건 (요청 6045회)
[아두이노 게임기 2024] 1페이지까지 · 누적 490건 (요청 6046회)
[아두이노 게임기 2025] 1페이지까지 · 누적 490건 (요청 6047회)
[아두이노 게임기 2026] 1페이지까지 · 누적 490건 (요청 6048회)
[아두이노 돌고래휴지통 DIY 코딩교육키트 2023] 1페이지까지 · 누적 490건 (요청 6049회)
[아두이노 돌고래휴지통 DIY 코딩교육키트 2024] 1페이지까지 · 누적 490건 (요청 6050회)
[아두이노 돌고래휴지통 DIY 코딩교육키트 2025] 1페이지까지 · 누적 490건 (요청 6051회)
[아두이노 돌고래휴지통 DIY 코딩교육키트 2026] 1페이지까지 · 누적 490건 (요청 6052회)
[아두이노 블록코딩 게임 만들기 키트 2023] 1페이지까지 · 누적 490건 (요청 6053회)
[아두이노 블록코딩 게임 만들기 키트 2024] 1페이지까지 · 누적 490건 (요청 6054회)
[아두이노 블록코딩 게임 만들기 키트 2025] 1페이지까지 · 누적 490건 (요청 6055회)
[아두이노 블록코딩 게임 만들기 키트 2026] 1페이지까지 · 누적 490건 (요청 6056회)
[아두이노 스마트시티 만들기 키트 2023] 1페이지까지 · 누적 490건 (요청 6057회)
[아두이노 스마트시티 만들기 키트 2024] 1페이지까지 · 누적 490건 (요청 6058회)
[아두이노 스마트시티 만들기 키트 2025] 1페이지까지 · 누적 490건 (요청 6059회)
[아두이노 스마트시티 만들기 키트 2026] 1페이지까지 · 누적 490건 (요청 6060회)
[아두이노 스스로 움직이는 AI 로봇팔 키트 2023] 1페이지까지 · 누적 490건 (요청 6061회)
[아두이노 스스로 움직이는 AI 로봇팔 키트 2024] 1페이지까지 · 누적 490건 (요청 6062회)
[아두이노 스스로 움직이는 AI 로봇팔 키트 2025] 1페이지까지 · 누적 490건 (요청 6063회)
[아두이노 스스로 움직이는 AI 로봇팔 키트 2026] 1페이지까지 · 누적 490건 (요청 6064회)
[아두이노 악어룰렛 만들기 DIY 코딩교육키트 2023] 1페이지까지 · 누적 490건 (요청 6065회)
[아두이노 악어룰렛 만들기 DIY 코딩교육키트 2024] 1페이지까지 · 누적 490건 (요청 6066회)
[아두이노 악어룰렛 만들기 DIY 코딩교육키트 2025] 1페이지까지 · 누적 490건 (요청 6067회)
[아두이노 악어룰렛 만들기 DIY 코딩교육키트 2026] 1페이지까지 · 누적 490건 (요청 6068회)
[아두이노 올인원 교육용 키트 2023] 1페이지까지 · 누적 490건 (요청 6069회)
[아두이노 올인원 교육용 키트 2024] 1페이지까지 · 누적 490건 (요청 6070회)
[아두이노 올인원 교육용 키트 2025] 1페이지까지 · 누적 490건 (요청 6071회)
[아두이노 올인원 교육용 키트 2026] 1페이지까지 · 누적 490건 (요청 6072회)
[아두이노 올인원 키트 V2 2023] 1페이지까지 · 누적 490건 (요청 6073회)
[아두이노 올인원 키트 V2 2024] 1페이지까지 · 누적 490건 (요청 6074회)
[아두이노 올인원 키트 V2 2025] 1페이지까지 · 누적 490건 (요청 6075회)
[아두이노 올인원 키트 V2 2026] 1페이지까지 · 누적 490건 (요청 6076회)
[아두이노 우리집 작은 텃밭 스마트팜 키트 2023] 1페이지까지 · 누적 490건 (요청 6077회)
[아두이노 우리집 작은 텃밭 스마트팜 키트 2024] 1페이지까지 · 누적 490건 (요청 6078회)
[아두이노 우리집 작은 텃밭 스마트팜 키트 2025] 1페이지까지 · 누적 490건 (요청 6079회)
[아두이노 우리집 작은 텃밭 스마트팜 키트 2026] 1페이지까지 · 누적 490건 (요청 6080회)
[아두이노 자율주행 AI 로봇 만들기 키트 2023] 1페이지까지 · 누적 490건 (요청 6081회)
[아두이노 자율주행 AI 로봇 만들기 키트 2024] 1페이지까지 · 누적 490건 (요청 6082회)
[아두이노 자율주행 AI 로봇 만들기 키트 2025] 1페이지까지 · 누적 490건 (요청 6083회)
[아두이노 자율주행 AI 로봇 만들기 키트 2026] 1페이지까지 · 누적 490건 (요청 6084회)
[아두이노 조이스틱 2023] 1페이지까지 · 누적 490건 (요청 6085회)
[아두이노 조이스틱 2024] 1페이지까지 · 누적 490건 (요청 6086회)
[아두이노 조이스틱 2025] 1페이지까지 · 누적 490건 (요청 6087회)
[아두이노 조이스틱 2026] 1페이지까지 · 누적 490건 (요청 6088회)
[아두이노 폭탄룰렛 만들기 DIY코딩교육키트 2023] 1페이지까지 · 누적 490건 (요청 6089회)
[아두이노 폭탄룰렛 만들기 DIY코딩교육키트 2024] 1페이지까지 · 누적 490건 (요청 6090회)
[아두이노 폭탄룰렛 만들기 DIY코딩교육키트 2025] 1페이지까지 · 누적 490건 (요청 6091회)
[아두이노 폭탄룰렛 만들기 DIY코딩교육키트 2026] 1페이지까지 · 누적 490건 (요청 6092회)
[아두이노 피아노 2023] 1페이지까지 · 누적 490건 (요청 6093회)
[아두이노 피아노 2024] 1페이지까지 · 누적 490건 (요청 6094회)
[아두이노 피아노 2025] 1페이지까지 · 누적 490건 (요청 6095회)
[아두이노 피아노 2026] 1페이지까지 · 누적 490건 (요청 6096회)
[아두이노 회전룰렛 만들기 DIY 코딩교육키트 2023] 1페이지까지 · 누적 490건 (요청 6097회)
[아두이노 회전룰렛 만들기 DIY 코딩교육키트 2024] 1페이지까지 · 누적 490건 (요청 6098회)
[아두이노 회전룰렛 만들기 DIY 코딩교육키트 2025] 1페이지까지 · 누적 490건 (요청 6099회)
[아두이노 회전룰렛 만들기 DIY 코딩교육키트 2026] 1페이지까지 · 누적 490건 (요청 6100회)
[아두이노로 만드는 나만의 핀볼 머신 키트 2023] 1페이지까지 · 누적 490건 (요청 6101회)
[아두이노로 만드는 나만의 핀볼 머신 키트 2024] 1페이지까지 · 누적 490건 (요청 6102회)
[아두이노로 만드는 나만의 핀볼 머신 키트 2025] 1페이지까지 · 누적 490건 (요청 6103회)
[아두이노로 만드는 나만의 핀볼 머신 키트 2026] 1페이지까지 · 누적 490건 (요청 6104회)
[아라폼 2023] 1페이지까지 · 누적 490건 (요청 6105회)
[아라폼 2024] 1페이지까지 · 누적 490건 (요청 6106회)
[아라폼 2025] 1페이지까지 · 누적 490건 (요청 6107회)
[아라폼 2026] 1페이지까지 · 누적 490건 (요청 6108회)
[아레나 축구 2023] 1페이지까지 · 누적 490건 (요청 6109회)
[아레나 축구 2024] 1페이지까지 · 누적 490건 (요청 6110회)
[아레나 축구 2025] 1페이지까지 · 누적 490건 (요청 6111회)
[아레나 축구 2026] 1페이지까지 · 누적 490건 (요청 6112회)
[아레나 테이블축구 2023] 1페이지까지 · 누적 490건 (요청 6113회)
[아레나 테이블축구 2024] 1페이지까지 · 누적 490건 (요청 6114회)
[아레나 테이블축구 2025] 1페이지까지 · 누적 490건 (요청 6115회)
[아레나 테이블축구 2026] 1페이지까지 · 누적 490건 (요청 6116회)
[아르고스 클래스룸 2023] 1페이지까지 · 누적 490건 (요청 6117회)
[아르고스 클래스룸 2024] 1페이지까지 · 누적 490건 (요청 6118회)
[아르고스 클래스룸 2025] 1페이지까지 · 누적 490건 (요청 6119회)
[아르고스 클래스룸 2026] 1페이지까지 · 누적 490건 (요청 6120회)
[아산시립도서관 전자도서관 2023] 1페이지까지 · 누적 490건 (요청 6121회)
[아산시립도서관 전자도서관 2024] 1페이지까지 · 누적 490건 (요청 6122회)
[아산시립도서관 전자도서관 2025] 1페이지까지 · 누적 490건 (요청 6123회)
[아산시립도서관 전자도서관 2026] 1페이지까지 · 누적 490건 (요청 6124회)
[아슬아슬 중심이 키트 2023] 1페이지까지 · 누적 490건 (요청 6125회)
[아슬아슬 중심이 키트 2024] 1페이지까지 · 누적 490건 (요청 6126회)
[아슬아슬 중심이 키트 2025] 1페이지까지 · 누적 490건 (요청 6127회)
[아슬아슬 중심이 키트 2026] 1페이지까지 · 누적 490건 (요청 6128회)
[아이글 2023] 1페이지까지 · 누적 490건 (요청 6129회)
[아이글 2024] 1페이지까지 · 누적 490건 (요청 6130회)
[아이글 2025] 1페이지까지 · 누적 490건 (요청 6131회)
[아이글 2026] 1페이지까지 · 누적 491건 (요청 6133회)
[아이다 2023] 1페이지까지 · 누적 492건 (요청 6135회)
[아이다 2024] 1페이지까지 · 누적 492건 (요청 6136회)
[아이다 2025] 1페이지까지 · 누적 492건 (요청 6137회)
[아이다 2026] 1페이지까지 · 누적 492건 (요청 6138회)
[아이드리 2023] 1페이지까지 · 누적 492건 (요청 6139회)
[아이드리 2024] 1페이지까지 · 누적 492건 (요청 6140회)
[아이드리 2025] 1페이지까지 · 누적 492건 (요청 6141회)
[아이드리 2026] 1페이지까지 · 누적 492건 (요청 6142회)
[아이들이북 e러닝 2023] 1페이지까지 · 누적 492건 (요청 6143회)
[아이들이북 e러닝 2024] 1페이지까지 · 누적 492건 (요청 6144회)
[아이들이북 e러닝 2025] 1페이지까지 · 누적 492건 (요청 6145회)
[아이들이북 e러닝 2026] 1페이지까지 · 누적 492건 (요청 6146회)
[아이들이북 리딩클럽 2023] 1페이지까지 · 누적 492건 (요청 6147회)
[아이들이북 리딩클럽 2024] 1페이지까지 · 누적 492건 (요청 6148회)
[아이들이북 리딩클럽 2025] 1페이지까지 · 누적 492건 (요청 6149회)
[아이들이북 리딩클럽 2026] 1페이지까지 · 누적 492건 (요청 6150회)
[아이봄 2023] 1페이지까지 · 누적 492건 (요청 6151회)
[아이봄 2024] 1페이지까지 · 누적 492건 (요청 6152회)
[아이봄 2025] 1페이지까지 · 누적 492건 (요청 6153회)
[아이봄 2026] 1페이지까지 · 누적 492건 (요청 6154회)
[아이블 2023] 1페이지까지 · 누적 492건 (요청 6155회)
[아이블 2024] 1페이지까지 · 누적 493건 (요청 6157회)
[아이블 2025] 1페이지까지 · 누적 497건 (요청 6162회)
[아이블 2026] 1페이지까지 · 누적 497건 (요청 6163회)
[아이비책 2023] 1페이지까지 · 누적 497건 (요청 6164회)
[아이비책 2024] 1페이지까지 · 누적 497건 (요청 6165회)
[아이비책 2025] 1페이지까지 · 누적 497건 (요청 6166회)
[아이비책 2026] 1페이지까지 · 누적 497건 (요청 6167회)
[아이설렘 수학 2023] 1페이지까지 · 누적 497건 (요청 6168회)
[아이설렘 수학 2024] 1페이지까지 · 누적 497건 (요청 6169회)
[아이설렘 수학 2025] 1페이지까지 · 누적 497건 (요청 6170회)
[아이설렘 수학 2026] 1페이지까지 · 누적 497건 (요청 6171회)
[아이설렘 한글 2023] 1페이지까지 · 누적 497건 (요청 6172회)
[아이설렘 한글 2024] 1페이지까지 · 누적 497건 (요청 6173회)
[아이설렘 한글 2025] 1페이지까지 · 누적 497건 (요청 6174회)
[아이설렘 한글 2026] 1페이지까지 · 누적 497건 (요청 6175회)
[아이설렘 한글과 아이설렘 수학 2023] 1페이지까지 · 누적 497건 (요청 6176회)
[아이설렘 한글과 아이설렘 수학 2024] 1페이지까지 · 누적 497건 (요청 6177회)
[아이설렘 한글과 아이설렘 수학 2025] 1페이지까지 · 누적 497건 (요청 6178회)
[아이설렘 한글과 아이설렘 수학 2026] 1페이지까지 · 누적 497건 (요청 6179회)
[아이스크림 스쿨런 2023] 1페이지까지 · 누적 497건 (요청 6180회)
[아이스크림 스쿨런 2024] 1페이지까지 · 누적 497건 (요청 6181회)
[아이스크림 스쿨런 2025] 1페이지까지 · 누적 497건 (요청 6182회)
[아이스크림 스쿨런 2026] 1페이지까지 · 누적 497건 (요청 6183회)
[아이스크림 툴킷 2023] 1페이지까지 · 누적 497건 (요청 6184회)
[아이스크림 툴킷 2024] 1페이지까지 · 누적 497건 (요청 6185회)
[아이스크림 툴킷 2025] 1페이지까지 · 누적 497건 (요청 6186회)
[아이스크림 툴킷 2026] 1페이지까지 · 누적 497건 (요청 6187회)
[아이스크림 홈런 2023] 1페이지까지 · 누적 498건 (요청 6189회)
[아이스크림 홈런 2024] 1페이지까지 · 누적 499건 (요청 6191회)
[아이스크림 홈런 2025] 1페이지까지 · 누적 499건 (요청 6192회)
[아이스크림 홈런 2026] 1페이지까지 · 누적 499건 (요청 6193회)
[아이스크림S 2023] 1페이지까지 · 누적 499건 (요청 6194회)
[아이스크림S 2024] 1페이지까지 · 누적 499건 (요청 6195회)
[아이스크림S 2025] 1페이지까지 · 누적 499건 (요청 6196회)
[아이스크림S 2026] 1페이지까지 · 누적 499건 (요청 6197회)
[아이알리미 2023] 1페이지까지 · 누적 499건 (요청 6198회)
[아이알리미 2024] 1페이지까지 · 누적 499건 (요청 6199회)
[아이알리미 2025] 1페이지까지 · 누적 499건 (요청 6200회)
[아이알리미 2026] 1페이지까지 · 누적 499건 (요청 6201회)
[아이점프런 2023] 1페이지까지 · 누적 499건 (요청 6202회)
[아이점프런 2024] 1페이지까지 · 누적 499건 (요청 6203회)
[아이점프런 2025] 1페이지까지 · 누적 499건 (요청 6204회)
[아이점프런 2026] 1페이지까지 · 누적 499건 (요청 6205회)
[아이캔노트 2023] 1페이지까지 · 누적 499건 (요청 6206회)
[아이캔노트 2024] 1페이지까지 · 누적 499건 (요청 6207회)
[아이캔노트 2025] 1페이지까지 · 누적 499건 (요청 6208회)
[아이캔노트 2026] 1페이지까지 · 누적 499건 (요청 6209회)
[아이캔스크린 2023] 1페이지까지 · 누적 499건 (요청 6210회)
[아이캔스크린 2024] 1페이지까지 · 누적 499건 (요청 6211회)
[아이캔스크린 2025] 1페이지까지 · 누적 499건 (요청 6212회)
[아이캔스크린 2026] 1페이지까지 · 누적 499건 (요청 6213회)
[아이캔줌잇 2023] 1페이지까지 · 누적 499건 (요청 6214회)
[아이캔줌잇 2024] 1페이지까지 · 누적 499건 (요청 6215회)
[아이캔줌잇 2025] 1페이지까지 · 누적 499건 (요청 6216회)
[아이캔줌잇 2026] 1페이지까지 · 누적 499건 (요청 6217회)
[아이쿠카 2023] 1페이지까지 · 누적 499건 (요청 6218회)
[아이쿠카 2024] 1페이지까지 · 누적 499건 (요청 6219회)
[아이쿠카 2025] 1페이지까지 · 누적 499건 (요청 6220회)
[아이쿠카 2026] 1페이지까지 · 누적 499건 (요청 6221회)
[아이톡톡 2023] 1페이지까지 · 누적 499건 (요청 6222회)
[아이톡톡 2024] 1페이지까지 · 누적 499건 (요청 6223회)
[아이톡톡 2025] 1페이지까지 · 누적 499건 (요청 6224회)
[아이톡톡 2026] 1페이지까지 · 누적 499건 (요청 6225회)
[아이핏 2023] 1페이지까지 · 누적 499건 (요청 6226회)
[아이핏 2024] 1페이지까지 · 누적 499건 (요청 6227회)
[아이핏 2025] 1페이지까지 · 누적 499건 (요청 6228회)
[아이핏 2026] 1페이지까지 · 누적 499건 (요청 6229회)
[아이핏 전용 소프트웨어 2023] 1페이지까지 · 누적 499건 (요청 6230회)
[아이핏 전용 소프트웨어 2024] 1페이지까지 · 누적 499건 (요청 6231회)
[아이핏 전용 소프트웨어 2025] 1페이지까지 · 누적 499건 (요청 6232회)
[아이핏 전용 소프트웨어 2026] 1페이지까지 · 누적 499건 (요청 6233회)
[아지틴즈 2023] 1페이지까지 · 누적 499건 (요청 6234회)
[아지틴즈 2024] 1페이지까지 · 누적 499건 (요청 6235회)
[아지틴즈 2025] 1페이지까지 · 누적 499건 (요청 6236회)
[아지틴즈 2026] 1페이지까지 · 누적 499건 (요청 6237회)
[아침나라 교과서 학습자료 2023] 1페이지까지 · 누적 499건 (요청 6238회)
[아침나라 교과서 학습자료 2024] 1페이지까지 · 누적 499건 (요청 6239회)
[아침나라 교과서 학습자료 2025] 1페이지까지 · 누적 499건 (요청 6240회)
[아침나라 교과서 학습자료 2026] 1페이지까지 · 누적 499건 (요청 6241회)
[아케오 2023] 1페이지까지 · 누적 499건 (요청 6242회)
[아케오 2024] 1페이지까지 · 누적 499건 (요청 6243회)
[아케오 2025] 1페이지까지 · 누적 499건 (요청 6244회)
[아케오 2026] 1페이지까지 · 누적 499건 (요청 6245회)
[아크릴램프키트 2023] 1페이지까지 · 누적 499건 (요청 6246회)
[아크릴램프키트 2024] 1페이지까지 · 누적 500건 (요청 6248회)
[아크릴램프키트 2025] 1페이지까지 · 누적 500건 (요청 6249회)
[아크릴램프키트 2026] 1페이지까지 · 누적 500건 (요청 6250회)
[아키스케치 2023] 1페이지까지 · 누적 500건 (요청 6251회)
[아키스케치 2024] 1페이지까지 · 누적 500건 (요청 6252회)
[아키스케치 2025] 1페이지까지 · 누적 500건 (요청 6253회)
[아키스케치 2026] 1페이지까지 · 누적 500건 (요청 6254회)
[아키조블록 연필꽂이 키트 2023] 1페이지까지 · 누적 500건 (요청 6255회)
[아키조블록 연필꽂이 키트 2024] 1페이지까지 · 누적 500건 (요청 6256회)
[아키조블록 연필꽂이 키트 2025] 1페이지까지 · 누적 500건 (요청 6257회)
[아키조블록 연필꽂이 키트 2026] 1페이지까지 · 누적 500건 (요청 6258회)
[아트봇 2023] 1페이지까지 · 누적 500건 (요청 6259회)
[아트봇 2024] 1페이지까지 · 누적 500건 (요청 6260회)
[아트봇 2025] 1페이지까지 · 누적 500건 (요청 6261회)
[아트봇 2026] 1페이지까지 · 누적 500건 (요청 6262회)
[아트봉봉스쿨 2023] 1페이지까지 · 누적 500건 (요청 6263회)
[아트봉봉스쿨 2024] 1페이지까지 · 누적 500건 (요청 6264회)
[아트봉봉스쿨 2025] 1페이지까지 · 누적 500건 (요청 6265회)
[아트봉봉스쿨 2026] 1페이지까지 · 누적 501건 (요청 6267회)
[아트앤컬처 초등 미술 2023] 1페이지까지 · 누적 501건 (요청 6268회)
[아트앤컬처 초등 미술 2024] 1페이지까지 · 누적 501건 (요청 6269회)
[아트앤컬처 초등 미술 2025] 1페이지까지 · 누적 501건 (요청 6270회)
[아트앤컬처 초등 미술 2026] 1페이지까지 · 누적 501건 (요청 6271회)
[아티클러 / 타임즈코어 2023] 1페이지까지 · 누적 501건 (요청 6272회)
[아티클러 / 타임즈코어 2024] 1페이지까지 · 누적 501건 (요청 6273회)
[아티클러 / 타임즈코어 2025] 1페이지까지 · 누적 501건 (요청 6274회)
[아티클러 / 타임즈코어 2026] 1페이지까지 · 누적 501건 (요청 6275회)
[아하오호 2023] 1페이지까지 · 누적 501건 (요청 6276회)
[아하오호 2024] 1페이지까지 · 누적 501건 (요청 6277회)
[아하오호 2025] 1페이지까지 · 누적 501건 (요청 6278회)
[아하오호 2026] 1페이지까지 · 누적 501건 (요청 6279회)
[악어룰렛 2023] 1페이지까지 · 누적 501건 (요청 6280회)
[악어룰렛 2024] 1페이지까지 · 누적 501건 (요청 6281회)
[악어룰렛 2025] 1페이지까지 · 누적 501건 (요청 6282회)
[악어룰렛 2026] 1페이지까지 · 누적 501건 (요청 6283회)
[안전 룩보드 서비스 2023] 1페이지까지 · 누적 501건 (요청 6284회)
[안전 룩보드 서비스 2024] 1페이지까지 · 누적 501건 (요청 6285회)
[안전 룩보드 서비스 2025] 1페이지까지 · 누적 501건 (요청 6286회)
[안전 룩보드 서비스 2026] 1페이지까지 · 누적 501건 (요청 6287회)
[안전교육, 안전한 생활 시리즈 2023] 1페이지까지 · 누적 501건 (요청 6288회)
[안전교육, 안전한 생활 시리즈 2024] 1페이지까지 · 누적 501건 (요청 6289회)
[안전교육, 안전한 생활 시리즈 2025] 1페이지까지 · 누적 501건 (요청 6290회)
[안전교육, 안전한 생활 시리즈 2026] 1페이지까지 · 누적 501건 (요청 6291회)
[알고스쿨 2023] 1페이지까지 · 누적 501건 (요청 6292회)
[알고스쿨 2024] 1페이지까지 · 누적 501건 (요청 6293회)
[알고스쿨 2025] 1페이지까지 · 누적 501건 (요청 6294회)
[알고스쿨 2026] 1페이지까지 · 누적 501건 (요청 6295회)
[알기 쉽게 배우는 3D 프린터 2023] 1페이지까지 · 누적 501건 (요청 6296회)
[알기 쉽게 배우는 3D 프린터 2024] 1페이지까지 · 누적 501건 (요청 6297회)
[알기 쉽게 배우는 3D 프린터 2025] 1페이지까지 · 누적 501건 (요청 6298회)
[알기 쉽게 배우는 3D 프린터 2026] 1페이지까지 · 누적 501건 (요청 6299회)
[알바생 시뮬레이터! 2023] 1페이지까지 · 누적 501건 (요청 6300회)
[알바생 시뮬레이터! 2024] 1페이지까지 · 누적 501건 (요청 6301회)
[알바생 시뮬레이터! 2025] 1페이지까지 · 누적 501건 (요청 6302회)
[알바생 시뮬레이터! 2026] 1페이지까지 · 누적 501건 (요청 6303회)
[알버트 AI 2023] 1페이지까지 · 누적 502건 (요청 6305회)
[알버트 AI 2024] 1페이지까지 · 누적 502건 (요청 6306회)
[알버트 AI 2025] 1페이지까지 · 누적 502건 (요청 6307회)
[알버트 AI 2026] 1페이지까지 · 누적 502건 (요청 6308회)
[알지? 2023] 1페이지까지 · 누적 502건 (요청 6309회)
[알지? 2024] 1페이지까지 · 누적 502건 (요청 6310회)
[알지? 2025] 1페이지까지 · 누적 502건 (요청 6311회)
[알지? 2026] 1페이지까지 · 누적 502건 (요청 6312회)
[알지오매스 2023] 1페이지까지 · 누적 502건 (요청 6313회)
[알지오매스 2024] 1페이지까지 · 누적 502건 (요청 6314회)
[알지오매스 2025] 1페이지까지 · 누적 502건 (요청 6315회)
[알지오매스 2026] 1페이지까지 · 누적 502건 (요청 6316회)
[알툴즈 통합팩 2022 2023] 1페이지까지 · 누적 502건 (요청 6317회)
[알툴즈 통합팩 2022 2024] 1페이지까지 · 누적 502건 (요청 6318회)
[알툴즈 통합팩 2022 2025] 1페이지까지 · 누적 502건 (요청 6319회)
[알툴즈 통합팩 2022 2026] 1페이지까지 · 누적 502건 (요청 6320회)
[알티노 라이트 2023] 1페이지까지 · 누적 503건 (요청 6322회)
[알티노 라이트 2024] 1페이지까지 · 누적 503건 (요청 6323회)
[알티노 라이트 2025] 1페이지까지 · 누적 503건 (요청 6324회)
[알티노 라이트 2026] 1페이지까지 · 누적 505건 (요청 6327회)
[알파지니 2023] 1페이지까지 · 누적 505건 (요청 6328회)
[알파지니 2024] 1페이지까지 · 누적 505건 (요청 6329회)
[알파지니 2025] 1페이지까지 · 누적 505건 (요청 6330회)
[알파지니 2026] 1페이지까지 · 누적 505건 (요청 6331회)
[애니셋 미디어크리에이터 2023] 1페이지까지 · 누적 505건 (요청 6332회)
[애니셋 미디어크리에이터 2024] 1페이지까지 · 누적 505건 (요청 6333회)
[애니셋 미디어크리에이터 2025] 1페이지까지 · 누적 505건 (요청 6334회)
[애니셋 미디어크리에이터 2026] 1페이지까지 · 누적 505건 (요청 6335회)
[애스크매스 2023] 1페이지까지 · 누적 505건 (요청 6336회)
[애스크매스 2024] 1페이지까지 · 누적 505건 (요청 6337회)
[애스크매스 2025] 1페이지까지 · 누적 505건 (요청 6338회)
[애스크매스 2026] 1페이지까지 · 누적 505건 (요청 6339회)
[앱 인벤터 한 권으로 끝내기 2023] 1페이지까지 · 누적 505건 (요청 6340회)
[앱 인벤터 한 권으로 끝내기 2024] 1페이지까지 · 누적 505건 (요청 6341회)
[앱 인벤터 한 권으로 끝내기 2025] 1페이지까지 · 누적 505건 (요청 6342회)
[앱 인벤터 한 권으로 끝내기 2026] 1페이지까지 · 누적 505건 (요청 6343회)
[앱티핏 2023] 1페이지까지 · 누적 505건 (요청 6344회)
[앱티핏 2024] 1페이지까지 · 누적 505건 (요청 6345회)
[앱티핏 2025] 1페이지까지 · 누적 505건 (요청 6346회)
[앱티핏 2026] 1페이지까지 · 누적 505건 (요청 6347회)
[야미코딩 2023] 1페이지까지 · 누적 505건 (요청 6348회)
[야미코딩 2024] 1페이지까지 · 누적 506건 (요청 6350회)
[야미코딩 2025] 1페이지까지 · 누적 506건 (요청 6351회)
[야미코딩 2026] 1페이지까지 · 누적 507건 (요청 6353회)
[어세스타 심리검사 서비스 2023] 1페이지까지 · 누적 507건 (요청 6354회)
[어세스타 심리검사 서비스 2024] 1페이지까지 · 누적 507건 (요청 6355회)
[어세스타 심리검사 서비스 2025] 1페이지까지 · 누적 507건 (요청 6356회)
[어세스타 심리검사 서비스 2026] 1페이지까지 · 누적 507건 (요청 6357회)
[어썸봇 2023] 1페이지까지 · 누적 507건 (요청 6358회)
[어썸봇 2024] 1페이지까지 · 누적 507건 (요청 6359회)
[어썸봇 2025] 1페이지까지 · 누적 507건 (요청 6360회)
[어썸봇 2026] 1페이지까지 · 누적 507건 (요청 6361회)
[어썸월드 메이커 키트 2023] 1페이지까지 · 누적 507건 (요청 6362회)
[어썸월드 메이커 키트 2024] 1페이지까지 · 누적 507건 (요청 6363회)
[어썸월드 메이커 키트 2025] 1페이지까지 · 누적 507건 (요청 6364회)
[어썸월드 메이커 키트 2026] 1페이지까지 · 누적 507건 (요청 6365회)
[어썸코드 2023] 1페이지까지 · 누적 507건 (요청 6366회)
[어썸코드 2024] 1페이지까지 · 누적 507건 (요청 6367회)
[어썸코드 2025] 1페이지까지 · 누적 507건 (요청 6368회)
[어썸코드 2026] 1페이지까지 · 누적 507건 (요청 6369회)
[어썸키트 2023] 1페이지까지 · 누적 507건 (요청 6370회)
[어썸키트 2024] 1페이지까지 · 누적 507건 (요청 6371회)
[어썸키트 2025] 1페이지까지 · 누적 507건 (요청 6372회)
[어썸키트 2026] 1페이지까지 · 누적 507건 (요청 6373회)
[어울림 2023] 4페이지까지 · 누적 775건 (요청 6645회)
[어울림 2024] 4페이지까지 · 누적 1036건 (요청 6910회)
[어울림 2025] 3페이지까지 · 누적 1220건 (요청 7097회)
[어울림 2026] 3페이지까지 · 누적 1330건 (요청 7210회)
[어피니티버블 2023] 1페이지까지 · 누적 1330건 (요청 7211회)
[어피니티버블 2024] 1페이지까지 · 누적 1330건 (요청 7212회)
[어피니티버블 2025] 1페이지까지 · 누적 1330건 (요청 7213회)
[어피니티버블 2026] 1페이지까지 · 누적 1330건 (요청 7214회)
[에너지 환경 과학 키트 2023] 1페이지까지 · 누적 1330건 (요청 7215회)
[에너지 환경 과학 키트 2024] 1페이지까지 · 누적 1330건 (요청 7216회)
[에너지 환경 과학 키트 2025] 1페이지까지 · 누적 1330건 (요청 7217회)
[에너지 환경 과학 키트 2026] 1페이지까지 · 누적 1330건 (요청 7218회)
[에듀나비 2023] 1페이지까지 · 누적 1330건 (요청 7219회)
[에듀나비 2024] 1페이지까지 · 누적 1330건 (요청 7220회)
[에듀나비 2025] 1페이지까지 · 누적 1330건 (요청 7221회)
[에듀나비 2026] 1페이지까지 · 누적 1330건 (요청 7222회)
[에듀넷 2023] 1페이지까지 · 누적 1330건 (요청 7223회)
[에듀넷 2024] 1페이지까지 · 누적 1330건 (요청 7224회)
[에듀넷 2025] 1페이지까지 · 누적 1330건 (요청 7225회)
[에듀넷 2026] 1페이지까지 · 누적 1330건 (요청 7226회)
[에듀덱 2023] 1페이지까지 · 누적 1330건 (요청 7227회)
[에듀덱 2024] 1페이지까지 · 누적 1330건 (요청 7228회)
[에듀덱 2025] 1페이지까지 · 누적 1330건 (요청 7229회)
[에듀덱 2026] 1페이지까지 · 누적 1330건 (요청 7230회)
[에듀립 2023] 1페이지까지 · 누적 1330건 (요청 7231회)
[에듀립 2024] 1페이지까지 · 누적 1330건 (요청 7232회)
[에듀립 2025] 1페이지까지 · 누적 1330건 (요청 7233회)
[에듀립 2026] 1페이지까지 · 누적 1330건 (요청 7234회)
[에듀링커 2023] 1페이지까지 · 누적 1330건 (요청 7235회)
[에듀링커 2024] 1페이지까지 · 누적 1330건 (요청 7236회)
[에듀링커 2025] 1페이지까지 · 누적 1330건 (요청 7237회)
[에듀링커 2026] 1페이지까지 · 누적 1330건 (요청 7238회)
[에듀뱅크 2023] 1페이지까지 · 누적 1330건 (요청 7239회)
[에듀뱅크 2024] 1페이지까지 · 누적 1330건 (요청 7240회)
[에듀뱅크 2025] 1페이지까지 · 누적 1330건 (요청 7241회)
[에듀뱅크 2026] 1페이지까지 · 누적 1330건 (요청 7242회)
[에듀베이지 2023] 1페이지까지 · 누적 1330건 (요청 7243회)
[에듀베이지 2024] 1페이지까지 · 누적 1330건 (요청 7244회)
[에듀베이지 2025] 1페이지까지 · 누적 1330건 (요청 7245회)
[에듀베이지 2026] 1페이지까지 · 누적 1330건 (요청 7246회)
[에듀에이블 2023] 1페이지까지 · 누적 1330건 (요청 7247회)
[에듀에이블 2024] 1페이지까지 · 누적 1330건 (요청 7248회)
[에듀에이블 2025] 1페이지까지 · 누적 1330건 (요청 7249회)
[에듀에이블 2026] 1페이지까지 · 누적 1330건 (요청 7250회)
[에듀원엑스 2023] 1페이지까지 · 누적 1330건 (요청 7251회)
[에듀원엑스 2024] 1페이지까지 · 누적 1330건 (요청 7252회)
[에듀원엑스 2025] 1페이지까지 · 누적 1330건 (요청 7253회)
[에듀원엑스 2026] 1페이지까지 · 누적 1330건 (요청 7254회)
[에듀인애스크 원어민 화상영어 2023] 1페이지까지 · 누적 1330건 (요청 7255회)
[에듀인애스크 원어민 화상영어 2024] 1페이지까지 · 누적 1330건 (요청 7256회)
[에듀인애스크 원어민 화상영어 2025] 1페이지까지 · 누적 1330건 (요청 7257회)
[에듀인애스크 원어민 화상영어 2026] 1페이지까지 · 누적 1330건 (요청 7258회)
[에듀집 2023] 1페이지까지 · 누적 1330건 (요청 7259회)
[에듀집 2024] 1페이지까지 · 누적 1330건 (요청 7260회)
[에듀집 2025] 1페이지까지 · 누적 1330건 (요청 7261회)
[에듀집 2026] 1페이지까지 · 누적 1330건 (요청 7262회)
[에듀창고 2023] 1페이지까지 · 누적 1330건 (요청 7263회)
[에듀창고 2024] 1페이지까지 · 누적 1330건 (요청 7264회)
[에듀창고 2025] 1페이지까지 · 누적 1330건 (요청 7265회)
[에듀창고 2026] 1페이지까지 · 누적 1330건 (요청 7266회)
[에듀칩 2023] 1페이지까지 · 누적 1330건 (요청 7267회)
[에듀칩 2024] 1페이지까지 · 누적 1330건 (요청 7268회)
[에듀칩 2025] 1페이지까지 · 누적 1330건 (요청 7269회)
[에듀칩 2026] 1페이지까지 · 누적 1330건 (요청 7270회)
[에듀코디 2023] 1페이지까지 · 누적 1330건 (요청 7271회)
[에듀코디 2024] 1페이지까지 · 누적 1330건 (요청 7272회)
[에듀코디 2025] 1페이지까지 · 누적 1330건 (요청 7273회)
[에듀코디 2026] 1페이지까지 · 누적 1330건 (요청 7274회)
[에듀트리 2023] 1페이지까지 · 누적 1330건 (요청 7275회)
[에듀트리 2024] 1페이지까지 · 누적 1330건 (요청 7276회)
[에듀트리 2025] 1페이지까지 · 누적 1330건 (요청 7277회)
[에듀트리 2026] 1페이지까지 · 누적 1330건 (요청 7278회)
[에듀플로우 2023] 1페이지까지 · 누적 1330건 (요청 7279회)
[에듀플로우 2024] 1페이지까지 · 누적 1330건 (요청 7280회)
[에듀플로우 2025] 1페이지까지 · 누적 1330건 (요청 7281회)
[에듀플로우 2026] 1페이지까지 · 누적 1330건 (요청 7282회)
[에듀픽 2023] 1페이지까지 · 누적 1330건 (요청 7283회)
[에듀픽 2024] 1페이지까지 · 누적 1330건 (요청 7284회)
[에듀픽 2025] 1페이지까지 · 누적 1330건 (요청 7285회)
[에듀픽 2026] 1페이지까지 · 누적 1330건 (요청 7286회)
[에듀핏 2023] 1페이지까지 · 누적 1330건 (요청 7287회)
[에듀핏 2024] 1페이지까지 · 누적 1330건 (요청 7288회)
[에듀핏 2025] 1페이지까지 · 누적 1330건 (요청 7289회)
[에듀핏 2026] 1페이지까지 · 누적 1330건 (요청 7290회)
[에듀헬퍼 2023] 1페이지까지 · 누적 1330건 (요청 7291회)
[에듀헬퍼 2024] 1페이지까지 · 누적 1330건 (요청 7292회)
[에듀헬퍼 2025] 1페이지까지 · 누적 1330건 (요청 7293회)
[에듀헬퍼 2026] 1페이지까지 · 누적 1330건 (요청 7294회)
[에드퍼즐 2023] 1페이지까지 · 누적 1330건 (요청 7295회)
[에드퍼즐 2024] 1페이지까지 · 누적 1330건 (요청 7296회)
[에드퍼즐 2025] 1페이지까지 · 누적 1330건 (요청 7297회)
[에드퍼즐 2026] 1페이지까지 · 누적 1330건 (요청 7298회)
[에디트AI 2023] 1페이지까지 · 누적 1330건 (요청 7299회)
[에디트AI 2024] 1페이지까지 · 누적 1330건 (요청 7300회)
[에디트AI 2025] 1페이지까지 · 누적 1330건 (요청 7301회)
[에디트AI 2026] 1페이지까지 · 누적 1330건 (요청 7302회)
[에스덕 과학 코스웨어 2023] 1페이지까지 · 누적 1330건 (요청 7303회)
[에스덕 과학 코스웨어 2024] 1페이지까지 · 누적 1330건 (요청 7304회)
[에스덕 과학 코스웨어 2025] 1페이지까지 · 누적 1330건 (요청 7305회)
[에스덕 과학 코스웨어 2026] 1페이지까지 · 누적 1330건 (요청 7306회)
[에스에이치코드 2023] 1페이지까지 · 누적 1330건 (요청 7307회)
[에스에이치코드 2024] 1페이지까지 · 누적 1330건 (요청 7308회)
[에스에이치코드 2025] 1페이지까지 · 누적 1330건 (요청 7309회)
[에스에이치코드 2026] 1페이지까지 · 누적 1330건 (요청 7310회)
[에스엠 라이브스케치 2023] 1페이지까지 · 누적 1330건 (요청 7311회)
[에스엠 라이브스케치 2024] 1페이지까지 · 누적 1330건 (요청 7312회)
[에스엠 라이브스케치 2025] 1페이지까지 · 누적 1330건 (요청 7313회)
[에스엠 라이브스케치 2026] 1페이지까지 · 누적 1330건 (요청 7314회)
[에어페인트 2023] 1페이지까지 · 누적 1330건 (요청 7315회)
[에어페인트 2024] 1페이지까지 · 누적 1330건 (요청 7316회)
[에어페인트 2025] 1페이지까지 · 누적 1330건 (요청 7317회)
[에어페인트 2026] 1페이지까지 · 누적 1330건 (요청 7318회)
[에이블드 핑퐁로봇 2023] 1페이지까지 · 누적 1330건 (요청 7319회)
[에이블드 핑퐁로봇 2024] 1페이지까지 · 누적 1330건 (요청 7320회)
[에이블드 핑퐁로봇 2025] 1페이지까지 · 누적 1330건 (요청 7321회)
[에이블드 핑퐁로봇 2026] 1페이지까지 · 누적 1330건 (요청 7322회)
[에이아이런 2023] 1페이지까지 · 누적 1330건 (요청 7323회)
[에이아이런 2024] 1페이지까지 · 누적 1330건 (요청 7324회)
[에이아이런 2025] 1페이지까지 · 누적 1330건 (요청 7325회)
[에이아이런 2026] 1페이지까지 · 누적 1330건 (요청 7326회)
[에이탐스 2023] 1페이지까지 · 누적 1330건 (요청 7327회)
[에이탐스 2024] 1페이지까지 · 누적 1330건 (요청 7328회)
[에이탐스 2025] 1페이지까지 · 누적 1330건 (요청 7329회)
[에이탐스 2026] 1페이지까지 · 누적 1330건 (요청 7330회)
[에이탐스 AI기반 탐구·진로 플랫폼 2023] 1페이지까지 · 누적 1330건 (요청 7331회)
[에이탐스 AI기반 탐구·진로 플랫폼 2024] 1페이지까지 · 누적 1330건 (요청 7332회)
[에이탐스 AI기반 탐구·진로 플랫폼 2025] 1페이지까지 · 누적 1330건 (요청 7333회)
[에이탐스 AI기반 탐구·진로 플랫폼 2026] 1페이지까지 · 누적 1330건 (요청 7334회)
[에코백 만들기 키트 2023] 1페이지까지 · 누적 1330건 (요청 7335회)
[에코백 만들기 키트 2024] 1페이지까지 · 누적 1330건 (요청 7336회)
[에코백 만들기 키트 2025] 1페이지까지 · 누적 1330건 (요청 7337회)
[에코백 만들기 키트 2026] 1페이지까지 · 누적 1330건 (요청 7338회)
[에코빌리지 2023] 1페이지까지 · 누적 1330건 (요청 7339회)
[에코빌리지 2024] 1페이지까지 · 누적 1330건 (요청 7340회)
[에코빌리지 2025] 1페이지까지 · 누적 1330건 (요청 7341회)
[에코빌리지 2026] 1페이지까지 · 누적 1330건 (요청 7342회)
[에코서클 2023] 1페이지까지 · 누적 1330건 (요청 7343회)
[에코서클 2024] 1페이지까지 · 누적 1330건 (요청 7344회)
[에코서클 2025] 1페이지까지 · 누적 1330건 (요청 7345회)
[에코서클 2026] 1페이지까지 · 누적 1330건 (요청 7346회)
[에코스토리2 2023] 1페이지까지 · 누적 1330건 (요청 7347회)
[에코스토리2 2024] 1페이지까지 · 누적 1330건 (요청 7348회)
[에코스토리2 2025] 1페이지까지 · 누적 1330건 (요청 7349회)
[에코스토리2 2026] 1페이지까지 · 누적 1330건 (요청 7350회)
[에코조이 2023] 1페이지까지 · 누적 1330건 (요청 7351회)
[에코조이 2024] 1페이지까지 · 누적 1330건 (요청 7352회)
[에코조이 2025] 1페이지까지 · 누적 1330건 (요청 7353회)
[에코조이 2026] 1페이지까지 · 누적 1330건 (요청 7354회)
[에코컵가든 2023] 1페이지까지 · 누적 1330건 (요청 7355회)
[에코컵가든 2024] 1페이지까지 · 누적 1330건 (요청 7356회)
[에코컵가든 2025] 1페이지까지 · 누적 1330건 (요청 7357회)
[에코컵가든 2026] 1페이지까지 · 누적 1330건 (요청 7358회)
[엔그램 2023] 1페이지까지 · 누적 1330건 (요청 7359회)
[엔그램 2024] 1페이지까지 · 누적 1330건 (요청 7360회)
[엔그램 2025] 1페이지까지 · 누적 1330건 (요청 7361회)
[엔그램 2026] 1페이지까지 · 누적 1330건 (요청 7362회)
[엔그램 클래스 2023] 1페이지까지 · 누적 1330건 (요청 7363회)
[엔그램 클래스 2024] 1페이지까지 · 누적 1330건 (요청 7364회)
[엔그램 클래스 2025] 1페이지까지 · 누적 1330건 (요청 7365회)
[엔그램 클래스 2026] 1페이지까지 · 누적 1330건 (요청 7366회)
[엔닷캐드 2023] 1페이지까지 · 누적 1330건 (요청 7367회)
[엔닷캐드 2024] 1페이지까지 · 누적 1330건 (요청 7368회)
[엔닷캐드 2025] 1페이지까지 · 누적 1330건 (요청 7369회)
[엔닷캐드 2026] 1페이지까지 · 누적 1330건 (요청 7370회)
[엔스케이프, 브이레이 외 기타 2023] 1페이지까지 · 누적 1330건 (요청 7371회)
[엔스케이프, 브이레이 외 기타 2024] 1페이지까지 · 누적 1330건 (요청 7372회)
[엔스케이프, 브이레이 외 기타 2025] 1페이지까지 · 누적 1330건 (요청 7373회)
[엔스케이프, 브이레이 외 기타 2026] 1페이지까지 · 누적 1330건 (요청 7374회)
[엔이능률 AIDT 교육자료 2023] 1페이지까지 · 누적 1330건 (요청 7375회)
[엔이능률 AIDT 교육자료 2024] 1페이지까지 · 누적 1330건 (요청 7376회)
[엔이능률 AIDT 교육자료 2025] 1페이지까지 · 누적 1330건 (요청 7377회)
[엔이능률 AIDT 교육자료 2026] 1페이지까지 · 누적 1330건 (요청 7378회)
[엔이능률 AIDT 교육자료 ) 2023] 1페이지까지 · 누적 1330건 (요청 7379회)
[엔이능률 AIDT 교육자료 ) 2024] 1페이지까지 · 누적 1330건 (요청 7380회)
[엔이능률 AIDT 교육자료 ) 2025] 1페이지까지 · 누적 1330건 (요청 7381회)
[엔이능률 AIDT 교육자료 ) 2026] 1페이지까지 · 누적 1330건 (요청 7382회)
[엔이타임즈 영자신문 코스웨어 2023] 1페이지까지 · 누적 1330건 (요청 7383회)
[엔이타임즈 영자신문 코스웨어 2024] 1페이지까지 · 누적 1330건 (요청 7384회)
[엔이타임즈 영자신문 코스웨어 2025] 1페이지까지 · 누적 1330건 (요청 7385회)
[엔이타임즈 영자신문 코스웨어 2026] 1페이지까지 · 누적 1330건 (요청 7386회)
[엔이티처 2023] 1페이지까지 · 누적 1330건 (요청 7387회)
[엔이티처 2024] 1페이지까지 · 누적 1330건 (요청 7388회)
[엔이티처 2025] 1페이지까지 · 누적 1330건 (요청 7389회)
[엔이티처 2026] 1페이지까지 · 누적 1330건 (요청 7390회)
[엔트리 2023] 1페이지까지 · 누적 1332건 (요청 7393회)
[엔트리 2024] 1페이지까지 · 누적 1332건 (요청 7394회)
[엔트리 2025] 1페이지까지 · 누적 1333건 (요청 7396회)
[엔트리 2026] 1페이지까지 · 누적 1334건 (요청 7398회)
[엔트리 인공지능과 함께하는 토리드론 2023] 1페이지까지 · 누적 1334건 (요청 7399회)
[엔트리 인공지능과 함께하는 토리드론 2024] 1페이지까지 · 누적 1334건 (요청 7400회)
[엔트리 인공지능과 함께하는 토리드론 2025] 1페이지까지 · 누적 1334건 (요청 7401회)
[엔트리 인공지능과 함께하는 토리드론 2026] 1페이지까지 · 누적 1334건 (요청 7402회)
[엔트리 코딩교육 전자 글로켄슈필 키트 2023] 1페이지까지 · 누적 1334건 (요청 7403회)
[엔트리 코딩교육 전자 글로켄슈필 키트 2024] 1페이지까지 · 누적 1334건 (요청 7404회)
[엔트리 코딩교육 전자 글로켄슈필 키트 2025] 1페이지까지 · 누적 1334건 (요청 7405회)
[엔트리 코딩교육 전자 글로켄슈필 키트 2026] 1페이지까지 · 누적 1334건 (요청 7406회)
[엔트리 코딩교육 전자드럼 고급형 키트 2023] 1페이지까지 · 누적 1334건 (요청 7407회)
[엔트리 코딩교육 전자드럼 고급형 키트 2024] 1페이지까지 · 누적 1334건 (요청 7408회)
[엔트리 코딩교육 전자드럼 고급형 키트 2025] 1페이지까지 · 누적 1334건 (요청 7409회)
[엔트리 코딩교육 전자드럼 고급형 키트 2026] 1페이지까지 · 누적 1334건 (요청 7410회)
[엔트리 코딩교육 전자드럼 기본형 키트 2023] 1페이지까지 · 누적 1334건 (요청 7411회)
[엔트리 코딩교육 전자드럼 기본형 키트 2024] 1페이지까지 · 누적 1334건 (요청 7412회)
[엔트리 코딩교육 전자드럼 기본형 키트 2025] 1페이지까지 · 누적 1334건 (요청 7413회)
[엔트리 코딩교육 전자드럼 기본형 키트 2026] 1페이지까지 · 누적 1334건 (요청 7414회)
[엔트리 코딩교육 전자피아노 고급형 키트 2023] 1페이지까지 · 누적 1334건 (요청 7415회)
[엔트리 코딩교육 전자피아노 고급형 키트 2024] 1페이지까지 · 누적 1334건 (요청 7416회)
[엔트리 코딩교육 전자피아노 고급형 키트 2025] 1페이지까지 · 누적 1334건 (요청 7417회)
[엔트리 코딩교육 전자피아노 고급형 키트 2026] 1페이지까지 · 누적 1334건 (요청 7418회)
[엔트리 코딩교육 전자피아노 기본형 키트 2023] 1페이지까지 · 누적 1334건 (요청 7419회)
[엔트리 코딩교육 전자피아노 기본형 키트 2024] 1페이지까지 · 누적 1334건 (요청 7420회)
[엔트리 코딩교육 전자피아노 기본형 키트 2025] 1페이지까지 · 누적 1334건 (요청 7421회)
[엔트리 코딩교육 전자피아노 기본형 키트 2026] 1페이지까지 · 누적 1334건 (요청 7422회)
[엔트리AI와 함께하는 사회정서학습 2023] 1페이지까지 · 누적 1334건 (요청 7423회)
[엔트리AI와 함께하는 사회정서학습 2024] 1페이지까지 · 누적 1334건 (요청 7424회)
[엔트리AI와 함께하는 사회정서학습 2025] 1페이지까지 · 누적 1334건 (요청 7425회)
[엔트리AI와 함께하는 사회정서학습 2026] 1페이지까지 · 누적 1334건 (요청 7426회)
[엘라스쿨 2023] 1페이지까지 · 누적 1334건 (요청 7427회)
[엘라스쿨 2024] 1페이지까지 · 누적 1334건 (요청 7428회)
[엘라스쿨 2025] 1페이지까지 · 누적 1334건 (요청 7429회)
[엘라스쿨 2026] 1페이지까지 · 누적 1334건 (요청 7430회)
[엘리스 AI·디지털 교육자료 2023] 1페이지까지 · 누적 1334건 (요청 7431회)
[엘리스 AI·디지털 교육자료 2024] 1페이지까지 · 누적 1334건 (요청 7432회)
[엘리스 AI·디지털 교육자료 2025] 1페이지까지 · 누적 1334건 (요청 7433회)
[엘리스 AI·디지털 교육자료 2026] 1페이지까지 · 누적 1334건 (요청 7434회)
[엘리스LXP 2023] 1페이지까지 · 누적 1334건 (요청 7435회)
[엘리스LXP 2024] 1페이지까지 · 누적 1334건 (요청 7436회)
[엘리스LXP 2025] 1페이지까지 · 누적 1334건 (요청 7437회)
[엘리스LXP 2026] 1페이지까지 · 누적 1334건 (요청 7438회)
[엘리프 2023] 1페이지까지 · 누적 1334건 (요청 7439회)
[엘리프 2024] 1페이지까지 · 누적 1334건 (요청 7440회)
[엘리프 2025] 1페이지까지 · 누적 1334건 (요청 7441회)
[엘리프 2026] 1페이지까지 · 누적 1334건 (요청 7442회)
[엘사스픽 2023] 1페이지까지 · 누적 1334건 (요청 7443회)
[엘사스픽 2024] 1페이지까지 · 누적 1334건 (요청 7444회)
[엘사스픽 2025] 1페이지까지 · 누적 1334건 (요청 7445회)
[엘사스픽 2026] 1페이지까지 · 누적 1334건 (요청 7446회)
[엠봇2 2023] 1페이지까지 · 누적 1334건 (요청 7447회)
[엠봇2 2024] 1페이지까지 · 누적 1334건 (요청 7448회)
[엠봇2 2025] 1페이지까지 · 누적 1334건 (요청 7449회)
[엠봇2 2026] 1페이지까지 · 누적 1334건 (요청 7450회)
[엠타이니 디스커버 키트 2023] 1페이지까지 · 누적 1334건 (요청 7451회)
[엠타이니 디스커버 키트 2024] 1페이지까지 · 누적 1334건 (요청 7452회)
[엠타이니 디스커버 키트 2025] 1페이지까지 · 누적 1335건 (요청 7454회)
[엠타이니 디스커버 키트 2026] 1페이지까지 · 누적 1335건 (요청 7455회)
[연산왕 2023] 1페이지까지 · 누적 1336건 (요청 7457회)
[연산왕 2024] 1페이지까지 · 누적 1336건 (요청 7458회)
[연산왕 2025] 1페이지까지 · 누적 1336건 (요청 7459회)
[연산왕 2026] 1페이지까지 · 누적 1336건 (요청 7460회)
[열린교문 사이트 내 교수학습 자료 2023] 1페이지까지 · 누적 1336건 (요청 7461회)
[열린교문 사이트 내 교수학습 자료 2024] 1페이지까지 · 누적 1336건 (요청 7462회)
[열린교문 사이트 내 교수학습 자료 2025] 1페이지까지 · 누적 1336건 (요청 7463회)
[열린교문 사이트 내 교수학습 자료 2026] 1페이지까지 · 누적 1336건 (요청 7464회)
[열품타 2023] 1페이지까지 · 누적 1336건 (요청 7465회)
[열품타 2024] 1페이지까지 · 누적 1336건 (요청 7466회)
[열품타 2025] 1페이지까지 · 누적 1336건 (요청 7467회)
[열품타 2026] 1페이지까지 · 누적 1336건 (요청 7468회)
[영어 독학러를 위한 왕초보 탈출 2023] 1페이지까지 · 누적 1336건 (요청 7469회)
[영어 독학러를 위한 왕초보 탈출 2024] 1페이지까지 · 누적 1336건 (요청 7470회)
[영어 독학러를 위한 왕초보 탈출 2025] 1페이지까지 · 누적 1336건 (요청 7471회)
[영어 독학러를 위한 왕초보 탈출 2026] 1페이지까지 · 누적 1336건 (요청 7472회)
[영웅문S#, 영웅문4 2023] 1페이지까지 · 누적 1336건 (요청 7473회)
[영웅문S#, 영웅문4 2024] 1페이지까지 · 누적 1336건 (요청 7474회)
[영웅문S#, 영웅문4 2025] 1페이지까지 · 누적 1336건 (요청 7475회)
[영웅문S#, 영웅문4 2026] 1페이지까지 · 누적 1336건 (요청 7476회)
[예스이십사 소장형 전자도서관 2023] 1페이지까지 · 누적 1336건 (요청 7477회)
[예스이십사 소장형 전자도서관 2024] 1페이지까지 · 누적 1336건 (요청 7478회)
[예스이십사 소장형 전자도서관 2025] 1페이지까지 · 누적 1336건 (요청 7479회)
[예스이십사 소장형 전자도서관 2026] 1페이지까지 · 누적 1336건 (요청 7480회)
[오늘도 디지털 게시판 2023] 1페이지까지 · 누적 1336건 (요청 7481회)
[오늘도 디지털 게시판 2024] 1페이지까지 · 누적 1336건 (요청 7482회)
[오늘도 디지털 게시판 2025] 1페이지까지 · 누적 1336건 (요청 7483회)
[오늘도 디지털 게시판 2026] 1페이지까지 · 누적 1336건 (요청 7484회)
[오늘의 영단어로 실력 Up 2023] 1페이지까지 · 누적 1336건 (요청 7485회)
[오늘의 영단어로 실력 Up 2024] 1페이지까지 · 누적 1336건 (요청 7486회)
[오늘의 영단어로 실력 Up 2025] 1페이지까지 · 누적 1336건 (요청 7487회)
[오늘의 영단어로 실력 Up 2026] 1페이지까지 · 누적 1336건 (요청 7488회)
[오늘의 일기 2023] 1페이지까지 · 누적 1336건 (요청 7489회)
[오늘의 일기 2024] 1페이지까지 · 누적 1336건 (요청 7490회)
[오늘의 일기 2025] 1페이지까지 · 누적 1336건 (요청 7491회)
[오늘의 일기 2026] 1페이지까지 · 누적 1336건 (요청 7492회)
[오늘의 행복 2023] 1페이지까지 · 누적 1336건 (요청 7493회)
[오늘의 행복 2024] 1페이지까지 · 누적 1336건 (요청 7494회)
[오늘의 행복 2025] 1페이지까지 · 누적 1336건 (요청 7495회)
[오늘의 행복 2026] 1페이지까지 · 누적 1336건 (요청 7496회)
[오디언 오디오북 2023] 1페이지까지 · 누적 1336건 (요청 7497회)
[오디언 오디오북 2024] 1페이지까지 · 누적 1336건 (요청 7498회)
[오디언 오디오북 2025] 1페이지까지 · 누적 1336건 (요청 7499회)
[오디언 오디오북 2026] 1페이지까지 · 누적 1336건 (요청 7500회)
[오딩가 잉글리시 2023] 1페이지까지 · 누적 1336건 (요청 7501회)
[오딩가 잉글리시 2024] 1페이지까지 · 누적 1336건 (요청 7502회)
[오딩가 잉글리시 2025] 1페이지까지 · 누적 1336건 (요청 7503회)
[오딩가 잉글리시 2026] 1페이지까지 · 누적 1336건 (요청 7504회)
[오래영어 2023] 1페이지까지 · 누적 1336건 (요청 7505회)
[오래영어 2024] 1페이지까지 · 누적 1336건 (요청 7506회)
[오래영어 2025] 1페이지까지 · 누적 1336건 (요청 7507회)
[오래영어 2026] 1페이지까지 · 누적 1336건 (요청 7508회)
[오르골 만들기 DIY 코딩 교육 키트 2023] 1페이지까지 · 누적 1336건 (요청 7509회)
[오르골 만들기 DIY 코딩 교육 키트 2024] 1페이지까지 · 누적 1336건 (요청 7510회)
[오르골 만들기 DIY 코딩 교육 키트 2025] 1페이지까지 · 누적 1336건 (요청 7511회)
[오르골 만들기 DIY 코딩 교육 키트 2026] 1페이지까지 · 누적 1336건 (요청 7512회)
[오르조 클래스 2023] 1페이지까지 · 누적 1336건 (요청 7513회)
[오르조 클래스 2024] 1페이지까지 · 누적 1336건 (요청 7514회)
[오르조 클래스 2025] 1페이지까지 · 누적 1336건 (요청 7515회)
[오르조 클래스 2026] 1페이지까지 · 누적 1336건 (요청 7516회)
[오비스 2023] 1페이지까지 · 누적 1336건 (요청 7517회)
[오비스 2024] 1페이지까지 · 누적 1336건 (요청 7518회)
[오비스 2025] 1페이지까지 · 누적 1336건 (요청 7519회)
[오비스 2026] 1페이지까지 · 누적 1336건 (요청 7520회)
[오색버나 만들기 키트 2023] 1페이지까지 · 누적 1336건 (요청 7521회)
[오색버나 만들기 키트 2024] 1페이지까지 · 누적 1336건 (요청 7522회)
[오색버나 만들기 키트 2025] 1페이지까지 · 누적 1336건 (요청 7523회)
[오색버나 만들기 키트 2026] 1페이지까지 · 누적 1336건 (요청 7524회)
[오엠알스캔 프로 2023] 1페이지까지 · 누적 1336건 (요청 7525회)
[오엠알스캔 프로 2024] 1페이지까지 · 누적 1336건 (요청 7526회)
[오엠알스캔 프로 2025] 1페이지까지 · 누적 1336건 (요청 7527회)
[오엠알스캔 프로 2026] 1페이지까지 · 누적 1336건 (요청 7528회)
[오엠알커리어넷 2023] 1페이지까지 · 누적 1336건 (요청 7529회)
[오엠알커리어넷 2024] 1페이지까지 · 누적 1336건 (요청 7530회)
[오엠알커리어넷 2025] 1페이지까지 · 누적 1336건 (요청 7531회)
[오엠알커리어넷 2026] 1페이지까지 · 누적 1336건 (요청 7532회)
[오즈아이 2023] 1페이지까지 · 누적 1336건 (요청 7533회)
[오즈아이 2024] 1페이지까지 · 누적 1336건 (요청 7534회)
[오즈아이 2025] 1페이지까지 · 누적 1336건 (요청 7535회)
[오즈아이 2026] 1페이지까지 · 누적 1336건 (요청 7536회)
[오케스트라2 2023] 1페이지까지 · 누적 1336건 (요청 7537회)
[오케스트라2 2024] 1페이지까지 · 누적 1336건 (요청 7538회)
[오케스트라2 2025] 1페이지까지 · 누적 1336건 (요청 7539회)
[오케스트라2 2026] 1페이지까지 · 누적 1336건 (요청 7540회)
[오토아이 2023] 1페이지까지 · 누적 1336건 (요청 7541회)
[오토아이 2024] 1페이지까지 · 누적 1336건 (요청 7542회)
[오토아이 2025] 1페이지까지 · 누적 1336건 (요청 7543회)
[오토아이 2026] 1페이지까지 · 누적 1336건 (요청 7544회)
[오페라 망원경 키트 2023] 1페이지까지 · 누적 1336건 (요청 7545회)
[오페라 망원경 키트 2024] 1페이지까지 · 누적 1336건 (요청 7546회)
[오페라 망원경 키트 2025] 1페이지까지 · 누적 1336건 (요청 7547회)
[오페라 망원경 키트 2026] 1페이지까지 · 누적 1336건 (요청 7548회)
[오픈배지 2023] 1페이지까지 · 누적 1336건 (요청 7549회)
[오픈배지 2024] 1페이지까지 · 누적 1336건 (요청 7550회)
[오픈배지 2025] 1페이지까지 · 누적 1336건 (요청 7551회)
[오픈배지 2026] 1페이지까지 · 누적 1336건 (요청 7552회)
[옥수수 2023] 1페이지까지 · 누적 1339건 (요청 7556회)
[옥수수 2024] 1페이지까지 · 누적 1340건 (요청 7558회)
[옥수수 2025] 1페이지까지 · 누적 1340건 (요청 7559회)
[옥수수 2026] 1페이지까지 · 누적 1340건 (요청 7560회)
[옥토스튜디오 2023] 1페이지까지 · 누적 1340건 (요청 7561회)
[옥토스튜디오 2024] 1페이지까지 · 누적 1340건 (요청 7562회)
[옥토스튜디오 2025] 1페이지까지 · 누적 1340건 (요청 7563회)
[옥토스튜디오 2026] 1페이지까지 · 누적 1340건 (요청 7564회)
[온더바이트 2023] 1페이지까지 · 누적 1340건 (요청 7565회)
[온더바이트 2024] 1페이지까지 · 누적 1340건 (요청 7566회)
[온더바이트 2025] 1페이지까지 · 누적 1340건 (요청 7567회)
[온더바이트 2026] 1페이지까지 · 누적 1340건 (요청 7568회)
[온디딤 2023] 1페이지까지 · 누적 1340건 (요청 7569회)
[온디딤 2024] 1페이지까지 · 누적 1340건 (요청 7570회)
[온디딤 2025] 1페이지까지 · 누적 1340건 (요청 7571회)
[온디딤 2026] 1페이지까지 · 누적 1340건 (요청 7572회)
[온디바이스 AI키트 파이브레인 2023] 1페이지까지 · 누적 1340건 (요청 7573회)
[온디바이스 AI키트 파이브레인 2024] 1페이지까지 · 누적 1340건 (요청 7574회)
[온디바이스 AI키트 파이브레인 2025] 1페이지까지 · 누적 1340건 (요청 7575회)
[온디바이스 AI키트 파이브레인 2026] 1페이지까지 · 누적 1340건 (요청 7576회)
[온리원 2023] 1페이지까지 · 누적 1340건 (요청 7577회)
[온리원 2024] 1페이지까지 · 누적 1340건 (요청 7578회)
[온리원 2025] 1페이지까지 · 누적 1340건 (요청 7579회)
[온리원 2026] 1페이지까지 · 누적 1340건 (요청 7580회)
[온마음 성장펫 2023] 1페이지까지 · 누적 1340건 (요청 7581회)
[온마음 성장펫 2024] 1페이지까지 · 누적 1340건 (요청 7582회)
[온마음 성장펫 2025] 1페이지까지 · 누적 1340건 (요청 7583회)
[온마음 성장펫 2026] 1페이지까지 · 누적 1340건 (요청 7584회)
[온맘_국립특수교육원 2023] 1페이지까지 · 누적 1340건 (요청 7585회)
[온맘_국립특수교육원 2024] 1페이지까지 · 누적 1340건 (요청 7586회)
[온맘_국립특수교육원 2025] 1페이지까지 · 누적 1340건 (요청 7587회)
[온맘_국립특수교육원 2026] 1페이지까지 · 누적 1340건 (요청 7588회)
[온생각 시스템 2023] 1페이지까지 · 누적 1340건 (요청 7589회)
[온생각 시스템 2024] 1페이지까지 · 누적 1340건 (요청 7590회)
[온생각 시스템 2025] 1페이지까지 · 누적 1340건 (요청 7591회)
[온생각 시스템 2026] 1페이지까지 · 누적 1340건 (요청 7592회)
[온웨이에듀 / 종합관리시스템 2023] 1페이지까지 · 누적 1340건 (요청 7593회)
[온웨이에듀 / 종합관리시스템 2024] 1페이지까지 · 누적 1340건 (요청 7594회)
[온웨이에듀 / 종합관리시스템 2025] 1페이지까지 · 누적 1340건 (요청 7595회)
[온웨이에듀 / 종합관리시스템 2026] 1페이지까지 · 누적 1340건 (요청 7596회)
[온한글 한글해득 지원 시스템 2023] 1페이지까지 · 누적 1340건 (요청 7597회)
[온한글 한글해득 지원 시스템 2024] 1페이지까지 · 누적 1340건 (요청 7598회)
[온한글 한글해득 지원 시스템 2025] 1페이지까지 · 누적 1340건 (요청 7599회)
[온한글 한글해득 지원 시스템 2026] 1페이지까지 · 누적 1340건 (요청 7600회)
[올리브AI 2023] 1페이지까지 · 누적 1340건 (요청 7601회)
[올리브AI 2024] 1페이지까지 · 누적 1340건 (요청 7602회)
[올리브AI 2025] 1페이지까지 · 누적 1340건 (요청 7603회)
[올리브AI 2026] 1페이지까지 · 누적 1340건 (요청 7604회)
[올리에듀 2023] 1페이지까지 · 누적 1340건 (요청 7605회)
[올리에듀 2024] 1페이지까지 · 누적 1340건 (요청 7606회)
[올리에듀 2025] 1페이지까지 · 누적 1340건 (요청 7607회)
[올리에듀 2026] 1페이지까지 · 누적 1340건 (요청 7608회)
[올바디 2023] 1페이지까지 · 누적 1340건 (요청 7609회)
[올바디 2024] 1페이지까지 · 누적 1340건 (요청 7610회)
[올바디 2025] 1페이지까지 · 누적 1340건 (요청 7611회)
[올바디 2026] 1페이지까지 · 누적 1340건 (요청 7612회)
[올바른 책 읽기 2023] 1페이지까지 · 누적 1340건 (요청 7613회)
[올바른 책 읽기 2024] 1페이지까지 · 누적 1340건 (요청 7614회)
[올바른 책 읽기 2025] 1페이지까지 · 누적 1340건 (요청 7615회)
[올바른 책 읽기 2026] 1페이지까지 · 누적 1340건 (요청 7616회)
[올인북 교양/문화 지식인 32권 2023] 1페이지까지 · 누적 1340건 (요청 7617회)
[올인북 교양/문화 지식인 32권 2024] 1페이지까지 · 누적 1340건 (요청 7618회)
[올인북 교양/문화 지식인 32권 2025] 1페이지까지 · 누적 1340건 (요청 7619회)
[올인북 교양/문화 지식인 32권 2026] 1페이지까지 · 누적 1340건 (요청 7620회)
[올인북 문해력 특공대 56권 2023] 1페이지까지 · 누적 1340건 (요청 7621회)
[올인북 문해력 특공대 56권 2024] 1페이지까지 · 누적 1340건 (요청 7622회)
[올인북 문해력 특공대 56권 2025] 1페이지까지 · 누적 1340건 (요청 7623회)
[올인북 문해력 특공대 56권 2026] 1페이지까지 · 누적 1340건 (요청 7624회)
[올인북 자연과학 특공대 77권 2023] 1페이지까지 · 누적 1340건 (요청 7625회)
[올인북 자연과학 특공대 77권 2024] 1페이지까지 · 누적 1340건 (요청 7626회)
[올인북 자연과학 특공대 77권 2025] 1페이지까지 · 누적 1340건 (요청 7627회)
[올인북 자연과학 특공대 77권 2026] 1페이지까지 · 누적 1340건 (요청 7628회)
[올인북 천년의 지혜 31권 2023] 1페이지까지 · 누적 1340건 (요청 7629회)
[올인북 천년의 지혜 31권 2024] 1페이지까지 · 누적 1340건 (요청 7630회)
[올인북 천년의 지혜 31권 2025] 1페이지까지 · 누적 1340건 (요청 7631회)
[올인북 천년의 지혜 31권 2026] 1페이지까지 · 누적 1340건 (요청 7632회)
[옴니핏 마인드케어 2023] 1페이지까지 · 누적 1340건 (요청 7633회)
[옴니핏 마인드케어 2024] 1페이지까지 · 누적 1340건 (요청 7634회)
[옴니핏 마인드케어 2025] 1페이지까지 · 누적 1340건 (요청 7635회)
[옴니핏 마인드케어 2026] 1페이지까지 · 누적 1340건 (요청 7636회)
[옴니핏 브레인 2023] 1페이지까지 · 누적 1340건 (요청 7637회)
[옴니핏 브레인 2024] 1페이지까지 · 누적 1340건 (요청 7638회)
[옴니핏 브레인 2025] 1페이지까지 · 누적 1340건 (요청 7639회)
[옴니핏 브레인 2026] 1페이지까지 · 누적 1340건 (요청 7640회)
[옴니핏브레인트레이닝 2023] 1페이지까지 · 누적 1340건 (요청 7641회)
[옴니핏브레인트레이닝 2024] 1페이지까지 · 누적 1340건 (요청 7642회)
[옴니핏브레인트레이닝 2025] 1페이지까지 · 누적 1340건 (요청 7643회)
[옴니핏브레인트레이닝 2026] 1페이지까지 · 누적 1340건 (요청 7644회)
[와사비 2023] 1페이지까지 · 누적 1340건 (요청 7645회)
[와사비 2024] 1페이지까지 · 누적 1340건 (요청 7646회)
[와사비 2025] 1페이지까지 · 누적 1340건 (요청 7647회)
[와사비 2026] 1페이지까지 · 누적 1340건 (요청 7648회)
[와우아이디어스 2023] 1페이지까지 · 누적 1340건 (요청 7649회)
[와우아이디어스 2024] 1페이지까지 · 누적 1340건 (요청 7650회)
[와우아이디어스 2025] 1페이지까지 · 누적 1340건 (요청 7651회)
[와우아이디어스 2026] 1페이지까지 · 누적 1340건 (요청 7652회)
[와캠퍼스 2023] 1페이지까지 · 누적 1340건 (요청 7653회)
[와캠퍼스 2024] 1페이지까지 · 누적 1340건 (요청 7654회)
[와캠퍼스 2025] 1페이지까지 · 누적 1340건 (요청 7655회)
[와캠퍼스 2026] 1페이지까지 · 누적 1340건 (요청 7656회)
[완주 학교자율시간 디지털 교육학습자료 2023] 1페이지까지 · 누적 1340건 (요청 7657회)
[완주 학교자율시간 디지털 교육학습자료 2024] 1페이지까지 · 누적 1340건 (요청 7658회)
[완주 학교자율시간 디지털 교육학습자료 2025] 1페이지까지 · 누적 1340건 (요청 7659회)
[완주 학교자율시간 디지털 교육학습자료 2026] 1페이지까지 · 누적 1340건 (요청 7660회)
[왓퀴즈 2023] 1페이지까지 · 누적 1340건 (요청 7661회)
[왓퀴즈 2024] 1페이지까지 · 누적 1340건 (요청 7662회)
[왓퀴즈 2025] 1페이지까지 · 누적 1340건 (요청 7663회)
[왓퀴즈 2026] 1페이지까지 · 누적 1340건 (요청 7664회)
[외솔한국 2023] 1페이지까지 · 누적 1340건 (요청 7665회)
[외솔한국 2024] 1페이지까지 · 누적 1340건 (요청 7666회)
[외솔한국 2025] 1페이지까지 · 누적 1340건 (요청 7667회)
[외솔한국 2026] 1페이지까지 · 누적 1340건 (요청 7668회)
[용산e 2023] 1페이지까지 · 누적 1340건 (요청 7669회)
[용산e 2024] 1페이지까지 · 누적 1340건 (요청 7670회)
[용산e 2025] 1페이지까지 · 누적 1340건 (요청 7671회)
[용산e 2026] 1페이지까지 · 누적 1340건 (요청 7672회)
[용코바코 2023] 1페이지까지 · 누적 1340건 (요청 7673회)
[용코바코 2024] 1페이지까지 · 누적 1340건 (요청 7674회)
[용코바코 2025] 1페이지까지 · 누적 1340건 (요청 7675회)
[용코바코 2026] 1페이지까지 · 누적 1340건 (요청 7676회)
[우리가 만드는 인공지능 2023] 1페이지까지 · 누적 1340건 (요청 7677회)
[우리가 만드는 인공지능 2024] 1페이지까지 · 누적 1340건 (요청 7678회)
[우리가 만드는 인공지능 2025] 1페이지까지 · 누적 1340건 (요청 7679회)
[우리가 만드는 인공지능 2026] 1페이지까지 · 누적 1340건 (요청 7680회)
[우리반 2023] 1페이지까지 · 누적 1345건 (요청 7686회)
[우리반 2024] 1페이지까지 · 누적 1346건 (요청 7688회)
[우리반 2025] 1페이지까지 · 누적 1348건 (요청 7691회)
[우리반 2026] 1페이지까지 · 누적 1348건 (요청 7692회)
[우리반 T셀파 2023] 1페이지까지 · 누적 1348건 (요청 7693회)
[우리반 T셀파 2024] 1페이지까지 · 누적 1348건 (요청 7694회)
[우리반 T셀파 2025] 1페이지까지 · 누적 1348건 (요청 7695회)
[우리반 T셀파 2026] 1페이지까지 · 누적 1348건 (요청 7696회)
[우리반클루 2023] 1페이지까지 · 누적 1348건 (요청 7697회)
[우리반클루 2024] 1페이지까지 · 누적 1348건 (요청 7698회)
[우리반클루 2025] 1페이지까지 · 누적 1348건 (요청 7699회)
[우리반클루 2026] 1페이지까지 · 누적 1348건 (요청 7700회)
[우리아이 교수학습 플랫폼 2023] 1페이지까지 · 누적 1348건 (요청 7701회)
[우리아이 교수학습 플랫폼 2024] 1페이지까지 · 누적 1348건 (요청 7702회)
[우리아이 교수학습 플랫폼 2025] 1페이지까지 · 누적 1348건 (요청 7703회)
[우리아이 교수학습 플랫폼 2026] 1페이지까지 · 누적 1348건 (요청 7704회)
[우리아이AI 질문나눔터 2023] 1페이지까지 · 누적 1348건 (요청 7705회)
[우리아이AI 질문나눔터 2024] 1페이지까지 · 누적 1348건 (요청 7706회)
[우리아이AI 질문나눔터 2025] 1페이지까지 · 누적 1348건 (요청 7707회)
[우리아이AI 질문나눔터 2026] 1페이지까지 · 누적 1348건 (요청 7708회)
[우주산업 진로탐험 2023] 1페이지까지 · 누적 1348건 (요청 7709회)
[우주산업 진로탐험 2024] 1페이지까지 · 누적 1348건 (요청 7710회)
[우주산업 진로탐험 2025] 1페이지까지 · 누적 1348건 (요청 7711회)
[우주산업 진로탐험 2026] 1페이지까지 · 누적 1348건 (요청 7712회)
[운동능력 분석 AI 시스템 2023] 1페이지까지 · 누적 1348건 (요청 7713회)
[운동능력 분석 AI 시스템 2024] 1페이지까지 · 누적 1348건 (요청 7714회)
[운동능력 분석 AI 시스템 2025] 1페이지까지 · 누적 1348건 (요청 7715회)
[운동능력 분석 AI 시스템 2026] 1페이지까지 · 누적 1348건 (요청 7716회)
[울산 인공지능 맞춤형 교수학습 플랫폼 2023] 1페이지까지 · 누적 1348건 (요청 7717회)
[울산 인공지능 맞춤형 교수학습 플랫폼 2024] 1페이지까지 · 누적 1348건 (요청 7718회)
[울산 인공지능 맞춤형 교수학습 플랫폼 2025] 1페이지까지 · 누적 1348건 (요청 7719회)
[울산 인공지능 맞춤형 교수학습 플랫폼 2026] 1페이지까지 · 누적 1348건 (요청 7720회)
[울산아이꿈터 2023] 1페이지까지 · 누적 1348건 (요청 7721회)
[울산아이꿈터 2024] 1페이지까지 · 누적 1348건 (요청 7722회)
[울산아이꿈터 2025] 1페이지까지 · 누적 1348건 (요청 7723회)
[울산아이꿈터 2026] 1페이지까지 · 누적 1348건 (요청 7724회)
[울산전자도서관 2023] 1페이지까지 · 누적 1348건 (요청 7725회)
[울산전자도서관 2024] 1페이지까지 · 누적 1348건 (요청 7726회)
[울산전자도서관 2025] 1페이지까지 · 누적 1348건 (요청 7727회)
[울산전자도서관 2026] 1페이지까지 · 누적 1348건 (요청 7728회)
[울주통합도서관 전자도서관 2023] 1페이지까지 · 누적 1348건 (요청 7729회)
[울주통합도서관 전자도서관 2024] 1페이지까지 · 누적 1348건 (요청 7730회)
[울주통합도서관 전자도서관 2025] 1페이지까지 · 누적 1348건 (요청 7731회)
[울주통합도서관 전자도서관 2026] 1페이지까지 · 누적 1348건 (요청 7732회)
[워드월 2023] 1페이지까지 · 누적 1348건 (요청 7733회)
[워드월 2024] 1페이지까지 · 누적 1348건 (요청 7734회)
[워드월 2025] 1페이지까지 · 누적 1348건 (요청 7735회)
[워드월 2026] 1페이지까지 · 누적 1349건 (요청 7737회)
[워드클라우드 생성기 2023] 1페이지까지 · 누적 1349건 (요청 7738회)
[워드클라우드 생성기 2024] 1페이지까지 · 누적 1349건 (요청 7739회)
[워드클라우드 생성기 2025] 1페이지까지 · 누적 1349건 (요청 7740회)
[워드클라우드 생성기 2026] 1페이지까지 · 누적 1349건 (요청 7741회)
[워드킹덤 2023] 1페이지까지 · 누적 1349건 (요청 7742회)
[워드킹덤 2024] 1페이지까지 · 누적 1349건 (요청 7743회)
[워드킹덤 2025] 1페이지까지 · 누적 1349건 (요청 7744회)
[워드킹덤 2026] 1페이지까지 · 누적 1349건 (요청 7745회)
[워크온 2023] 1페이지까지 · 누적 1349건 (요청 7746회)
[워크온 2024] 1페이지까지 · 누적 1349건 (요청 7747회)
[워크온 2025] 1페이지까지 · 누적 1349건 (요청 7748회)
[워크온 2026] 1페이지까지 · 누적 1349건 (요청 7749회)
[워킹 로봇 키트 2023] 1페이지까지 · 누적 1349건 (요청 7750회)
[워킹 로봇 키트 2024] 1페이지까지 · 누적 1349건 (요청 7751회)
[워킹 로봇 키트 2025] 1페이지까지 · 누적 1349건 (요청 7752회)
[워킹 로봇 키트 2026] 1페이지까지 · 누적 1349건 (요청 7753회)
[워킹로봇 2023] 1페이지까지 · 누적 1349건 (요청 7754회)
[워킹로봇 2024] 1페이지까지 · 누적 1349건 (요청 7755회)
[워킹로봇 2025] 1페이지까지 · 누적 1349건 (요청 7756회)
[워킹로봇 2026] 1페이지까지 · 누적 1349건 (요청 7757회)
[웍스AI 2023] 1페이지까지 · 누적 1349건 (요청 7758회)
[웍스AI 2024] 1페이지까지 · 누적 1349건 (요청 7759회)
[웍스AI 2025] 1페이지까지 · 누적 1349건 (요청 7760회)
[웍스AI 2026] 1페이지까지 · 누적 1349건 (요청 7761회)
[원격 조종기 for ROBOID 2023] 1페이지까지 · 누적 1349건 (요청 7762회)
[원격 조종기 for ROBOID 2024] 1페이지까지 · 누적 1349건 (요청 7763회)
[원격 조종기 for ROBOID 2025] 1페이지까지 · 누적 1349건 (요청 7764회)
[원격 조종기 for ROBOID 2026] 1페이지까지 · 누적 1349건 (요청 7765회)
[원격영상 진로멘토링 2023] 1페이지까지 · 누적 1349건 (요청 7766회)
[원격영상 진로멘토링 2024] 1페이지까지 · 누적 1349건 (요청 7767회)
[원격영상 진로멘토링 2025] 1페이지까지 · 누적 1349건 (요청 7768회)
[원격영상 진로멘토링 2026] 1페이지까지 · 누적 1349건 (요청 7769회)
[원더클래스 2023] 1페이지까지 · 누적 1349건 (요청 7770회)
[원더클래스 2024] 1페이지까지 · 누적 1349건 (요청 7771회)
[원더클래스 2025] 1페이지까지 · 누적 1349건 (요청 7772회)
[원더클래스 2026] 1페이지까지 · 누적 1349건 (요청 7773회)
[원아워 2023] 1페이지까지 · 누적 1352건 (요청 7777회)
[원아워 2024] 1페이지까지 · 누적 1358건 (요청 7784회)
[원아워 2025] 1페이지까지 · 누적 1360건 (요청 7787회)
[원아워 2026] 1페이지까지 · 누적 1360건 (요청 7788회)
[원어민 화상영어 2023] 1페이지까지 · 누적 1363건 (요청 7792회)
[원어민 화상영어 2024] 1페이지까지 · 누적 1366건 (요청 7796회)
[원어민 화상영어 2025] 1페이지까지 · 누적 1369건 (요청 7800회)
[원어민 화상영어 2026] 1페이지까지 · 누적 1371건 (요청 7803회)
[원형나무 벽시계 키트 2023] 1페이지까지 · 누적 1371건 (요청 7804회)
[원형나무 벽시계 키트 2024] 1페이지까지 · 누적 1371건 (요청 7805회)
[원형나무 벽시계 키트 2025] 1페이지까지 · 누적 1371건 (요청 7806회)
[원형나무 벽시계 키트 2026] 1페이지까지 · 누적 1371건 (요청 7807회)
[웨이그라운드 2023] 1페이지까지 · 누적 1371건 (요청 7808회)
[웨이그라운드 2024] 1페이지까지 · 누적 1371건 (요청 7809회)
[웨이그라운드 2025] 1페이지까지 · 누적 1371건 (요청 7810회)
[웨이그라운드 2026] 1페이지까지 · 누적 1371건 (요청 7811회)
[웨이메이커 마블런 2023] 1페이지까지 · 누적 1371건 (요청 7812회)
[웨이메이커 마블런 2024] 1페이지까지 · 누적 1371건 (요청 7813회)
[웨이메이커 마블런 2025] 1페이지까지 · 누적 1371건 (요청 7814회)
[웨이메이커 마블런 2026] 1페이지까지 · 누적 1371건 (요청 7815회)
[웨일 스페이스 2023] 1페이지까지 · 누적 1371건 (요청 7816회)
[웨일 스페이스 2024] 1페이지까지 · 누적 1371건 (요청 7817회)
[웨일 스페이스 2025] 1페이지까지 · 누적 1371건 (요청 7818회)
[웨일 스페이스 2026] 1페이지까지 · 누적 1371건 (요청 7819회)
[웰라이트 2023] 1페이지까지 · 누적 1371건 (요청 7820회)
[웰라이트 2024] 1페이지까지 · 누적 1371건 (요청 7821회)
[웰라이트 2025] 1페이지까지 · 누적 1371건 (요청 7822회)
[웰라이트 2026] 1페이지까지 · 누적 1371건 (요청 7823회)
[웰리미 한글 진단 검사 2023] 1페이지까지 · 누적 1371건 (요청 7824회)
[웰리미 한글 진단 검사 2024] 1페이지까지 · 누적 1371건 (요청 7825회)
[웰리미 한글 진단 검사 2025] 1페이지까지 · 누적 1371건 (요청 7826회)
[웰리미 한글 진단 검사 2026] 1페이지까지 · 누적 1371건 (요청 7827회)
[웹용 디지털 마인드맵 ThinkWise 2023] 1페이지까지 · 누적 1371건 (요청 7828회)
[웹용 디지털 마인드맵 ThinkWise 2024] 1페이지까지 · 누적 1371건 (요청 7829회)
  재시도(<urlopen error [Errno 60] Operation timed out>) → 5초
[웹용 디지털 마인드맵 ThinkWise 2025] 1페이지까지 · 누적 1371건 (요청 7830회)
[웹용 디지털 마인드맵 ThinkWise 2026] 1페이지까지 · 누적 1371건 (요청 7831회)
[위두랑 2023] 1페이지까지 · 누적 1371건 (요청 7832회)
[위두랑 2024] 1페이지까지 · 누적 1371건 (요청 7833회)
[위두랑 2025] 1페이지까지 · 누적 1371건 (요청 7834회)
[위두랑 2026] 1페이지까지 · 누적 1371건 (요청 7835회)
[위로그 2023] 1페이지까지 · 누적 1371건 (요청 7836회)
[위로그 2024] 1페이지까지 · 누적 1371건 (요청 7837회)
[위로그 2025] 1페이지까지 · 누적 1371건 (요청 7838회)
[위로그 2026] 1페이지까지 · 누적 1371건 (요청 7839회)
[위비디오 2023] 1페이지까지 · 누적 1371건 (요청 7840회)
[위비디오 2024] 1페이지까지 · 누적 1371건 (요청 7841회)
[위비디오 2025] 1페이지까지 · 누적 1371건 (요청 7842회)
[위비디오 2026] 1페이지까지 · 누적 1371건 (요청 7843회)
[위스토리 2023] 1페이지까지 · 누적 1371건 (요청 7844회)
[위스토리 2024] 1페이지까지 · 누적 1371건 (요청 7845회)
[위스토리 2025] 1페이지까지 · 누적 1371건 (요청 7846회)
[위스토리 2026] 1페이지까지 · 누적 1371건 (요청 7847회)
[위즈AI 2023] 1페이지까지 · 누적 1371건 (요청 7848회)
[위즈AI 2024] 1페이지까지 · 누적 1371건 (요청 7849회)
[위즈AI 2025] 1페이지까지 · 누적 1371건 (요청 7850회)
[위즈AI 2026] 1페이지까지 · 누적 1371건 (요청 7851회)
[위즈덤박스 2023] 1페이지까지 · 누적 1371건 (요청 7852회)
[위즈덤박스 2024] 1페이지까지 · 누적 1371건 (요청 7853회)
[위즈덤박스 2025] 1페이지까지 · 누적 1371건 (요청 7854회)
[위즈덤박스 2026] 1페이지까지 · 누적 1371건 (요청 7855회)
[위즈밴드 2023] 1페이지까지 · 누적 1371건 (요청 7856회)
[위즈밴드 2024] 1페이지까지 · 누적 1371건 (요청 7857회)
[위즈밴드 2025] 1페이지까지 · 누적 1371건 (요청 7858회)
[위즈밴드 2026] 1페이지까지 · 누적 1371건 (요청 7859회)
[위즈윙에듀 2023] 1페이지까지 · 누적 1371건 (요청 7860회)
[위즈윙에듀 2024] 1페이지까지 · 누적 1371건 (요청 7861회)
[위즈윙에듀 2025] 1페이지까지 · 누적 1371건 (요청 7862회)
[위즈윙에듀 2026] 1페이지까지 · 누적 1371건 (요청 7863회)
[위즈컨트롤러 2023] 1페이지까지 · 누적 1371건 (요청 7864회)
[위즈컨트롤러 2024] 1페이지까지 · 누적 1371건 (요청 7865회)
[위즈컨트롤러 2025] 1페이지까지 · 누적 1371건 (요청 7866회)
[위즈컨트롤러 2026] 1페이지까지 · 누적 1371건 (요청 7867회)
[위티버스 늘봄학교용 2023] 1페이지까지 · 누적 1371건 (요청 7868회)
[위티버스 늘봄학교용 2024] 1페이지까지 · 누적 1371건 (요청 7869회)
[위티버스 늘봄학교용 2025] 1페이지까지 · 누적 1371건 (요청 7870회)
[위티버스 늘봄학교용 2026] 1페이지까지 · 누적 1371건 (요청 7871회)
[위티버스 유아기관용 2023] 1페이지까지 · 누적 1371건 (요청 7872회)
[위티버스 유아기관용 2024] 1페이지까지 · 누적 1371건 (요청 7873회)
[위티버스 유아기관용 2025] 1페이지까지 · 누적 1371건 (요청 7874회)
[위티버스 유아기관용 2026] 1페이지까지 · 누적 1371건 (요청 7875회)
[유네스코 세계유산 6종, 18종 2023] 1페이지까지 · 누적 1371건 (요청 7876회)
[유네스코 세계유산 6종, 18종 2024] 1페이지까지 · 누적 1371건 (요청 7877회)
[유네스코 세계유산 6종, 18종 2025] 1페이지까지 · 누적 1371건 (요청 7878회)
[유네스코 세계유산 6종, 18종 2026] 1페이지까지 · 누적 1371건 (요청 7879회)
[유레카 통계와 분석 2023] 1페이지까지 · 누적 1371건 (요청 7880회)
[유레카 통계와 분석 2024] 1페이지까지 · 누적 1371건 (요청 7881회)
[유레카 통계와 분석 2025] 1페이지까지 · 누적 1371건 (요청 7882회)
[유레카 통계와 분석 2026] 1페이지까지 · 누적 1371건 (요청 7883회)
[유클래스 2023] 1페이지까지 · 누적 1372건 (요청 7885회)
[유클래스 2024] 1페이지까지 · 누적 1373건 (요청 7887회)
[유클래스 2025] 1페이지까지 · 누적 1373건 (요청 7888회)
[유클래스 2026] 1페이지까지 · 누적 1374건 (요청 7890회)
[윤소프트 보건일지 2023] 1페이지까지 · 누적 1374건 (요청 7891회)
[윤소프트 보건일지 2024] 1페이지까지 · 누적 1374건 (요청 7892회)
[윤소프트 보건일지 2025] 1페이지까지 · 누적 1374건 (요청 7893회)
[윤소프트 보건일지 2026] 1페이지까지 · 누적 1374건 (요청 7894회)
[음악과생활 2023] 1페이지까지 · 누적 1374건 (요청 7895회)
[음악과생활 2024] 1페이지까지 · 누적 1374건 (요청 7896회)
[음악과생활 2025] 1페이지까지 · 누적 1374건 (요청 7897회)
[음악과생활 2026] 1페이지까지 · 누적 1374건 (요청 7898회)
[의사랑 2023] 1페이지까지 · 누적 1374건 (요청 7899회)
[의사랑 2024] 1페이지까지 · 누적 1374건 (요청 7900회)
[의사랑 2025] 1페이지까지 · 누적 1374건 (요청 7901회)
[의사랑 2026] 1페이지까지 · 누적 1374건 (요청 7902회)
[이대로티처스 2023] 1페이지까지 · 누적 1374건 (요청 7903회)
[이대로티처스 2024] 1페이지까지 · 누적 1374건 (요청 7904회)
[이대로티처스 2025] 1페이지까지 · 누적 1374건 (요청 7905회)
[이대로티처스 2026] 1페이지까지 · 누적 1374건 (요청 7906회)
[이동식 전동 높낮이 스탠드 2023] 1페이지까지 · 누적 1374건 (요청 7907회)
[이동식 전동 높낮이 스탠드 2024] 1페이지까지 · 누적 1374건 (요청 7908회)
[이동식 전동 높낮이 스탠드 2025] 1페이지까지 · 누적 1374건 (요청 7909회)
[이동식 전동 높낮이 스탠드 2026] 1페이지까지 · 누적 1374건 (요청 7910회)
[이로진학 2023] 1페이지까지 · 누적 1374건 (요청 7911회)
[이로진학 2024] 1페이지까지 · 누적 1374건 (요청 7912회)
[이로진학 2025] 1페이지까지 · 누적 1374건 (요청 7913회)
[이로진학 2026] 1페이지까지 · 누적 1374건 (요청 7914회)
[이미지 기반 학내망 스마트 채점 2023] 1페이지까지 · 누적 1374건 (요청 7915회)
[이미지 기반 학내망 스마트 채점 2024] 1페이지까지 · 누적 1374건 (요청 7916회)
[이미지 기반 학내망 스마트 채점 2025] 1페이지까지 · 누적 1374건 (요청 7917회)
[이미지 기반 학내망 스마트 채점 2026] 1페이지까지 · 누적 1374건 (요청 7918회)
[이브스의 위기생명 상담소 2023] 1페이지까지 · 누적 1374건 (요청 7919회)
[이브스의 위기생명 상담소 2024] 1페이지까지 · 누적 1374건 (요청 7920회)
[이브스의 위기생명 상담소 2025] 1페이지까지 · 누적 1374건 (요청 7921회)
[이브스의 위기생명 상담소 2026] 1페이지까지 · 누적 1374건 (요청 7922회)
[이석찬 2023] 1페이지까지 · 누적 1374건 (요청 7923회)
[이석찬 2024] 1페이지까지 · 누적 1374건 (요청 7924회)
[이석찬 2025] 1페이지까지 · 누적 1374건 (요청 7925회)
[이석찬 2026] 1페이지까지 · 누적 1374건 (요청 7926회)
[이엠클래스 2023] 1페이지까지 · 누적 1374건 (요청 7927회)
[이엠클래스 2024] 1페이지까지 · 누적 1374건 (요청 7928회)
[이엠클래스 2025] 1페이지까지 · 누적 1374건 (요청 7929회)
[이엠클래스 2026] 1페이지까지 · 누적 1374건 (요청 7930회)
[이우코드업 2023] 1페이지까지 · 누적 1374건 (요청 7931회)
[이우코드업 2024] 1페이지까지 · 누적 1374건 (요청 7932회)
[이우코드업 2025] 1페이지까지 · 누적 1374건 (요청 7933회)
[이우코드업 2026] 1페이지까지 · 누적 1374건 (요청 7934회)
[이음AI 2023] 1페이지까지 · 누적 1374건 (요청 7935회)
[이음AI 2024] 1페이지까지 · 누적 1374건 (요청 7936회)
[이음AI 2025] 1페이지까지 · 누적 1374건 (요청 7937회)
[이음AI 2026] 1페이지까지 · 누적 1374건 (요청 7938회)
[이음클래스 2023] 1페이지까지 · 누적 1374건 (요청 7939회)
[이음클래스 2024] 1페이지까지 · 누적 1374건 (요청 7940회)
[이음클래스 2025] 1페이지까지 · 누적 1374건 (요청 7941회)
[이음클래스 2026] 1페이지까지 · 누적 1374건 (요청 7942회)
[이젠교육 2023] 1페이지까지 · 누적 1374건 (요청 7943회)
[이젠교육 2024] 1페이지까지 · 누적 1374건 (요청 7944회)
[이젠교육 2025] 1페이지까지 · 누적 1374건 (요청 7945회)
[이젠교육 2026] 1페이지까지 · 누적 1374건 (요청 7946회)
[이주배경학생 리드포스쿨 2023] 1페이지까지 · 누적 1374건 (요청 7947회)
[이주배경학생 리드포스쿨 2024] 1페이지까지 · 누적 1374건 (요청 7948회)
[이주배경학생 리드포스쿨 2025] 1페이지까지 · 누적 1374건 (요청 7949회)
[이주배경학생 리드포스쿨 2026] 1페이지까지 · 누적 1374건 (요청 7950회)
[이지메이커 2023] 1페이지까지 · 누적 1376건 (요청 7953회)
[이지메이커 2024] 1페이지까지 · 누적 1377건 (요청 7955회)
[이지메이커 2025] 1페이지까지 · 누적 1377건 (요청 7956회)
[이지메이커 2026] 1페이지까지 · 누적 1377건 (요청 7957회)
[이지블록스 2023] 1페이지까지 · 누적 1377건 (요청 7958회)
[이지블록스 2024] 1페이지까지 · 누적 1377건 (요청 7959회)
[이지블록스 2025] 1페이지까지 · 누적 1377건 (요청 7960회)
[이지블록스 2026] 1페이지까지 · 누적 1377건 (요청 7961회)
[이지스트 2023] 1페이지까지 · 누적 1377건 (요청 7962회)
[이지스트 2024] 1페이지까지 · 누적 1377건 (요청 7963회)
[이지스트 2025] 1페이지까지 · 누적 1377건 (요청 7964회)
[이지스트 2026] 1페이지까지 · 누적 1377건 (요청 7965회)
[이지에듀 2023] 1페이지까지 · 누적 1377건 (요청 7966회)
[이지에듀 2024] 1페이지까지 · 누적 1377건 (요청 7967회)
[이지에듀 2025] 1페이지까지 · 누적 1377건 (요청 7968회)
[이지에듀 2026] 1페이지까지 · 누적 1377건 (요청 7969회)
[이지에듀 투게더 2023] 1페이지까지 · 누적 1377건 (요청 7970회)
[이지에듀 투게더 2024] 1페이지까지 · 누적 1377건 (요청 7971회)
[이지에듀 투게더 2025] 1페이지까지 · 누적 1377건 (요청 7972회)
[이지에듀 투게더 2026] 1페이지까지 · 누적 1377건 (요청 7973회)
[이지온 2023] 1페이지까지 · 누적 1377건 (요청 7974회)
[이지온 2024] 1페이지까지 · 누적 1377건 (요청 7975회)
[이지온 2025] 1페이지까지 · 누적 1377건 (요청 7976회)
[이지온 2026] 1페이지까지 · 누적 1377건 (요청 7977회)
[이지캠퍼스 2023] 1페이지까지 · 누적 1377건 (요청 7978회)
[이지캠퍼스 2024] 1페이지까지 · 누적 1377건 (요청 7979회)
[이지캠퍼스 2025] 1페이지까지 · 누적 1377건 (요청 7980회)
[이지캠퍼스 2026] 1페이지까지 · 누적 1377건 (요청 7981회)
[이지투표기 100 2023] 1페이지까지 · 누적 1377건 (요청 7982회)
[이지투표기 100 2024] 1페이지까지 · 누적 1377건 (요청 7983회)
[이지투표기 100 2025] 1페이지까지 · 누적 1377건 (요청 7984회)
[이지투표기 100 2026] 1페이지까지 · 누적 1377건 (요청 7985회)
[이지파이썬 2023] 1페이지까지 · 누적 1377건 (요청 7986회)
[이지파이썬 2024] 1페이지까지 · 누적 1377건 (요청 7987회)
[이지파이썬 2025] 1페이지까지 · 누적 1377건 (요청 7988회)
[이지파이썬 2026] 1페이지까지 · 누적 1377건 (요청 7989회)
[이지펜 2023] 1페이지까지 · 누적 1377건 (요청 7990회)
[이지펜 2024] 1페이지까지 · 누적 1377건 (요청 7991회)
[이지펜 2025] 1페이지까지 · 누적 1377건 (요청 7992회)
[이지펜 2026] 1페이지까지 · 누적 1377건 (요청 7993회)
[이집트 2023] 1페이지까지 · 누적 1377건 (요청 7994회)
[이집트 2024] 1페이지까지 · 누적 1377건 (요청 7995회)
[이집트 2025] 1페이지까지 · 누적 1377건 (요청 7996회)
[이집트 2026] 1페이지까지 · 누적 1377건 (요청 7997회)
[이타시티 2023] 1페이지까지 · 누적 1377건 (요청 7998회)
[이타시티 2024] 1페이지까지 · 누적 1377건 (요청 7999회)
[이타시티 2025] 1페이지까지 · 누적 1377건 (요청 8000회)
[이타시티 2026] 1페이지까지 · 누적 1377건 (요청 8001회)
[이티보드 스마트 코딩 키트 2023] 1페이지까지 · 누적 1377건 (요청 8002회)
[이티보드 스마트 코딩 키트 2024] 1페이지까지 · 누적 1377건 (요청 8003회)
[이티보드 스마트 코딩 키트 2025] 1페이지까지 · 누적 1377건 (요청 8004회)
[이티보드 스마트 코딩 키트 2026] 1페이지까지 · 누적 1377건 (요청 8005회)
[이퓨쳐 영어전자도서관 2023] 1페이지까지 · 누적 1377건 (요청 8006회)
[이퓨쳐 영어전자도서관 2024] 1페이지까지 · 누적 1377건 (요청 8007회)
[이퓨쳐 영어전자도서관 2025] 1페이지까지 · 누적 1377건 (요청 8008회)
[이퓨쳐 영어전자도서관 2026] 1페이지까지 · 누적 1377건 (요청 8009회)
[이프CH 2023] 1페이지까지 · 누적 1377건 (요청 8010회)
[이프CH 2024] 1페이지까지 · 누적 1377건 (요청 8011회)
[이프CH 2025] 1페이지까지 · 누적 1377건 (요청 8012회)
[이프CH 2026] 1페이지까지 · 누적 1377건 (요청 8013회)
[인공지능 AI 윤리 메모리게임 기초편 2023] 1페이지까지 · 누적 1377건 (요청 8014회)
[인공지능 AI 윤리 메모리게임 기초편 2024] 1페이지까지 · 누적 1377건 (요청 8015회)
[인공지능 AI 윤리 메모리게임 기초편 2025] 1페이지까지 · 누적 1377건 (요청 8016회)
[인공지능 AI 윤리 메모리게임 기초편 2026] 1페이지까지 · 누적 1377건 (요청 8017회)
[인공지능 AI 윤리 메모리게임 심화편 2023] 1페이지까지 · 누적 1377건 (요청 8018회)
[인공지능 AI 윤리 메모리게임 심화편 2024] 1페이지까지 · 누적 1377건 (요청 8019회)
[인공지능 AI 윤리 메모리게임 심화편 2025] 1페이지까지 · 누적 1377건 (요청 8020회)
[인공지능 AI 윤리 메모리게임 심화편 2026] 1페이지까지 · 누적 1377건 (요청 8021회)
[인공지능 AI 윤리 질문카드 게임 기초심화편 2023] 1페이지까지 · 누적 1377건 (요청 8022회)
[인공지능 AI 윤리 질문카드 게임 기초심화편 2024] 1페이지까지 · 누적 1377건 (요청 8023회)
[인공지능 AI 윤리 질문카드 게임 기초심화편 2025] 1페이지까지 · 누적 1377건 (요청 8024회)
[인공지능 AI 윤리 질문카드 게임 기초심화편 2026] 1페이지까지 · 누적 1377건 (요청 8025회)
[인공지능 AI 윤리 탐험대 보드게임 기초편 2023] 1페이지까지 · 누적 1377건 (요청 8026회)
[인공지능 AI 윤리 탐험대 보드게임 기초편 2024] 1페이지까지 · 누적 1377건 (요청 8027회)
[인공지능 AI 윤리 탐험대 보드게임 기초편 2025] 1페이지까지 · 누적 1377건 (요청 8028회)
[인공지능 AI 윤리 탐험대 보드게임 기초편 2026] 1페이지까지 · 누적 1377건 (요청 8029회)
[인공지능 AI 윤리 탐험대 보드게임 심화편 2023] 1페이지까지 · 누적 1377건 (요청 8030회)
[인공지능 AI 윤리 탐험대 보드게임 심화편 2024] 1페이지까지 · 누적 1377건 (요청 8031회)
[인공지능 AI 윤리 탐험대 보드게임 심화편 2025] 1페이지까지 · 누적 1377건 (요청 8032회)
[인공지능 AI 윤리 탐험대 보드게임 심화편 2026] 1페이지까지 · 누적 1377건 (요청 8033회)
[인공지능 기반 진로 컨설팅 2023] 1페이지까지 · 누적 1377건 (요청 8034회)
[인공지능 기반 진로 컨설팅 2024] 1페이지까지 · 누적 1377건 (요청 8035회)
[인공지능 기반 진로 컨설팅 2025] 1페이지까지 · 누적 1377건 (요청 8036회)
[인공지능 기반 진로 컨설팅 2026] 1페이지까지 · 누적 1377건 (요청 8037회)
[인공지능 맞춤형 교수학습 플랫폼 2023] 1페이지까지 · 누적 1377건 (요청 8038회)
[인공지능 맞춤형 교수학습 플랫폼 2024] 1페이지까지 · 누적 1377건 (요청 8039회)
[인공지능 맞춤형 교수학습 플랫폼 2025] 1페이지까지 · 누적 1377건 (요청 8040회)
[인공지능 맞춤형 교수학습 플랫폼 2026] 1페이지까지 · 누적 1377건 (요청 8041회)
[인공지능 맞춤형 교수학습 플랫폼 AIEP 2023] 1페이지까지 · 누적 1377건 (요청 8042회)
[인공지능 맞춤형 교수학습 플랫폼 AIEP 2024] 1페이지까지 · 누적 1377건 (요청 8043회)
[인공지능 맞춤형 교수학습 플랫폼 AIEP 2025] 1페이지까지 · 누적 1377건 (요청 8044회)
[인공지능 맞춤형 교수학습 플랫폼 AIEP 2026] 1페이지까지 · 누적 1377건 (요청 8045회)
[인공지능 맞춤형 교수학습 플랫폼 바당 2023] 1페이지까지 · 누적 1377건 (요청 8046회)
[인공지능 맞춤형 교수학습 플랫폼 바당 2024] 1페이지까지 · 누적 1377건 (요청 8047회)
[인공지능 맞춤형 교수학습 플랫폼 바당 2025] 1페이지까지 · 누적 1377건 (요청 8048회)
[인공지능 맞춤형 교수학습 플랫폼 바당 2026] 1페이지까지 · 누적 1377건 (요청 8049회)
[인공지능 선풍기 2023] 1페이지까지 · 누적 1377건 (요청 8050회)
[인공지능 선풍기 2024] 1페이지까지 · 누적 1377건 (요청 8051회)
[인공지능 선풍기 2025] 1페이지까지 · 누적 1377건 (요청 8052회)
[인공지능 선풍기 2026] 1페이지까지 · 누적 1377건 (요청 8053회)
[인공지능 제작소 2023] 1페이지까지 · 누적 1377건 (요청 8054회)
[인공지능 제작소 2024] 1페이지까지 · 누적 1377건 (요청 8055회)
[인공지능 제작소 2025] 1페이지까지 · 누적 1377건 (요청 8056회)
[인공지능 제작소 2026] 1페이지까지 · 누적 1377건 (요청 8057회)
[인공지능 현관문 2023] 1페이지까지 · 누적 1377건 (요청 8058회)
[인공지능 현관문 2024] 1페이지까지 · 누적 1377건 (요청 8059회)
[인공지능 현관문 2025] 1페이지까지 · 누적 1377건 (요청 8060회)
[인공지능 현관문 2026] 1페이지까지 · 누적 1377건 (요청 8061회)
[인공지능대입면접시스템 2023] 1페이지까지 · 누적 1377건 (요청 8062회)
[인공지능대입면접시스템 2024] 1페이지까지 · 누적 1377건 (요청 8063회)
[인공지능대입면접시스템 2025] 1페이지까지 · 누적 1377건 (요청 8064회)
[인공지능대입면접시스템 2026] 1페이지까지 · 누적 1377건 (요청 8065회)
[인공지능면접시스템 2023] 1페이지까지 · 누적 1378건 (요청 8067회)
[인공지능면접시스템 2024] 1페이지까지 · 누적 1378건 (요청 8068회)
[인공지능면접시스템 2025] 1페이지까지 · 누적 1378건 (요청 8069회)
[인공지능면접시스템 2026] 1페이지까지 · 누적 1378건 (요청 8070회)
[인공지능자격증 2023] 1페이지까지 · 누적 1378건 (요청 8071회)
[인공지능자격증 2024] 1페이지까지 · 누적 1378건 (요청 8072회)
[인공지능자격증 2025] 1페이지까지 · 누적 1378건 (요청 8073회)
[인공지능자격증 2026] 1페이지까지 · 누적 1378건 (요청 8074회)
[인마인드 2023] 1페이지까지 · 누적 1378건 (요청 8075회)
[인마인드 2024] 1페이지까지 · 누적 1378건 (요청 8076회)
[인마인드 2025] 1페이지까지 · 누적 1378건 (요청 8077회)
[인마인드 2026] 1페이지까지 · 누적 1378건 (요청 8078회)
[인벤처 AI 2023] 1페이지까지 · 누적 1378건 (요청 8079회)
[인벤처 AI 2024] 1페이지까지 · 누적 1378건 (요청 8080회)
[인벤처 AI 2025] 1페이지까지 · 누적 1378건 (요청 8081회)
[인벤처 AI 2026] 1페이지까지 · 누적 1378건 (요청 8082회)
[인천e지 2023] 1페이지까지 · 누적 1378건 (요청 8083회)
[인천e지 2024] 1페이지까지 · 누적 1378건 (요청 8084회)
[인천e지 2025] 1페이지까지 · 누적 1378건 (요청 8085회)
[인천e지 2026] 1페이지까지 · 누적 1378건 (요청 8086회)
[인천e지 앱 2023] 1페이지까지 · 누적 1378건 (요청 8087회)
[인천e지 앱 2024] 1페이지까지 · 누적 1378건 (요청 8088회)
[인천e지 앱 2025] 1페이지까지 · 누적 1378건 (요청 8089회)
[인천e지 앱 2026] 1페이지까지 · 누적 1378건 (요청 8090회)
[인천광역시교육청통합전자도서관 2023] 1페이지까지 · 누적 1378건 (요청 8091회)
[인천광역시교육청통합전자도서관 2024] 1페이지까지 · 누적 1378건 (요청 8092회)
[인천광역시교육청통합전자도서관 2025] 1페이지까지 · 누적 1378건 (요청 8093회)
[인천광역시교육청통합전자도서관 2026] 1페이지까지 · 누적 1378건 (요청 8094회)
[인천무크 2023] 1페이지까지 · 누적 1378건 (요청 8095회)
[인천무크 2024] 1페이지까지 · 누적 1378건 (요청 8096회)
[인천무크 2025] 1페이지까지 · 누적 1378건 (요청 8097회)
[인천무크 2026] 1페이지까지 · 누적 1378건 (요청 8098회)
[인천바로알기 앱 2023] 1페이지까지 · 누적 1378건 (요청 8099회)
[인천바로알기 앱 2024] 1페이지까지 · 누적 1378건 (요청 8100회)
[인천바로알기 앱 2025] 1페이지까지 · 누적 1378건 (요청 8101회)
[인천바로알기 앱 2026] 1페이지까지 · 누적 1378건 (요청 8102회)
[인천사이버진로교육원 2023] 1페이지까지 · 누적 1378건 (요청 8103회)
[인천사이버진로교육원 2024] 1페이지까지 · 누적 1378건 (요청 8104회)
[인천사이버진로교육원 2025] 1페이지까지 · 누적 1378건 (요청 8105회)
[인천사이버진로교육원 2026] 1페이지까지 · 누적 1378건 (요청 8106회)
[인천직업계고.kr 2023] 1페이지까지 · 누적 1378건 (요청 8107회)
[인천직업계고.kr 2024] 1페이지까지 · 누적 1378건 (요청 8108회)
[인천직업계고.kr 2025] 1페이지까지 · 누적 1378건 (요청 8109회)
[인천직업계고.kr 2026] 1페이지까지 · 누적 1378건 (요청 8110회)
[인터렉티브 화이트보드 2023] 1페이지까지 · 누적 1382건 (요청 8115회)
[인터렉티브 화이트보드 2024] 1페이지까지 · 누적 1383건 (요청 8117회)
[인터렉티브 화이트보드 2025] 1페이지까지 · 누적 1383건 (요청 8118회)
[인터렉티브 화이트보드 2026] 1페이지까지 · 누적 1383건 (요청 8119회)
[인파이니 키즈 2023] 1페이지까지 · 누적 1383건 (요청 8120회)
[인파이니 키즈 2024] 1페이지까지 · 누적 1383건 (요청 8121회)
[인파이니 키즈 2025] 1페이지까지 · 누적 1383건 (요청 8122회)
[인파이니 키즈 2026] 1페이지까지 · 누적 1383건 (요청 8123회)
[인프런 2023] 1페이지까지 · 누적 1383건 (요청 8124회)
[인프런 2024] 1페이지까지 · 누적 1383건 (요청 8125회)
[인프런 2025] 1페이지까지 · 누적 1383건 (요청 8126회)
[인프런 2026] 1페이지까지 · 누적 1383건 (요청 8127회)
[일단어 던전 2023] 1페이지까지 · 누적 1383건 (요청 8128회)
[일단어 던전 2024] 1페이지까지 · 누적 1383건 (요청 8129회)
[일단어 던전 2025] 1페이지까지 · 누적 1383건 (요청 8130회)
[일단어 던전 2026] 1페이지까지 · 누적 1383건 (요청 8131회)
[일본왕개미관찰키트 2023] 1페이지까지 · 누적 1383건 (요청 8132회)
[일본왕개미관찰키트 2024] 1페이지까지 · 누적 1383건 (요청 8133회)
[일본왕개미관찰키트 2025] 1페이지까지 · 누적 1383건 (요청 8134회)
[일본왕개미관찰키트 2026] 1페이지까지 · 누적 1383건 (요청 8135회)
[일프로연산 2023] 1페이지까지 · 누적 1383건 (요청 8136회)
[일프로연산 2024] 1페이지까지 · 누적 1383건 (요청 8137회)
[일프로연산 2025] 1페이지까지 · 누적 1385건 (요청 8140회)
[일프로연산 2026] 1페이지까지 · 누적 1385건 (요청 8141회)
[읽기와 쓰기 모두, <이지펜> 2023] 1페이지까지 · 누적 1385건 (요청 8142회)
[읽기와 쓰기 모두, <이지펜> 2024] 1페이지까지 · 누적 1385건 (요청 8143회)
[읽기와 쓰기 모두, <이지펜> 2025] 1페이지까지 · 누적 1385건 (요청 8144회)
[읽기와 쓰기 모두, <이지펜> 2026] 1페이지까지 · 누적 1385건 (요청 8145회)
[임팩트 스페이스 2023] 1페이지까지 · 누적 1385건 (요청 8146회)
[임팩트 스페이스 2024] 1페이지까지 · 누적 1385건 (요청 8147회)
[임팩트 스페이스 2025] 1페이지까지 · 누적 1385건 (요청 8148회)
[임팩트 스페이스 2026] 1페이지까지 · 누적 1385건 (요청 8149회)
[입시SPACE 2023] 1페이지까지 · 누적 1385건 (요청 8150회)
[입시SPACE 2024] 1페이지까지 · 누적 1385건 (요청 8151회)
[입시SPACE 2025] 1페이지까지 · 누적 1385건 (요청 8152회)
[입시SPACE 2026] 1페이지까지 · 누적 1385건 (요청 8153회)
[입시내비 2023] 1페이지까지 · 누적 1385건 (요청 8154회)
[입시내비 2024] 1페이지까지 · 누적 1385건 (요청 8155회)
[입시내비 2025] 1페이지까지 · 누적 1385건 (요청 8156회)
[입시내비 2026] 1페이지까지 · 누적 1385건 (요청 8157회)
[잉글리쉬캐슬 2023] 1페이지까지 · 누적 1385건 (요청 8158회)
[잉글리쉬캐슬 2024] 1페이지까지 · 누적 1385건 (요청 8159회)
[잉글리쉬캐슬 2025] 1페이지까지 · 누적 1385건 (요청 8160회)
[잉글리쉬캐슬 2026] 1페이지까지 · 누적 1385건 (요청 8161회)
[잉글리쉬캐슬 AI:영어 2023] 1페이지까지 · 누적 1385건 (요청 8162회)
[잉글리쉬캐슬 AI:영어 2024] 1페이지까지 · 누적 1385건 (요청 8163회)
[잉글리쉬캐슬 AI:영어 2025] 1페이지까지 · 누적 1385건 (요청 8164회)
[잉글리쉬캐슬 AI:영어 2026] 1페이지까지 · 누적 1385건 (요청 8165회)
[자동채점 체크바다 2023] 1페이지까지 · 누적 1385건 (요청 8166회)
[자동채점 체크바다 2024] 1페이지까지 · 누적 1385건 (요청 8167회)
[자동채점 체크바다 2025] 1페이지까지 · 누적 1385건 (요청 8168회)
[자동채점 체크바다 2026] 1페이지까지 · 누적 1385건 (요청 8169회)
[자바실험실 2023] 1페이지까지 · 누적 1385건 (요청 8170회)
[자바실험실 2024] 1페이지까지 · 누적 1385건 (요청 8171회)
[자바실험실 2025] 1페이지까지 · 누적 1385건 (요청 8172회)
[자바실험실 2026] 1페이지까지 · 누적 1385건 (요청 8173회)
[자원그물맵 2023] 1페이지까지 · 누적 1385건 (요청 8174회)
[자원그물맵 2024] 1페이지까지 · 누적 1385건 (요청 8175회)
[자원그물맵 2025] 1페이지까지 · 누적 1385건 (요청 8176회)
[자원그물맵 2026] 1페이지까지 · 누적 1385건 (요청 8177회)
[자율주행로봇 만들기 DIY 코딩 교육 키트 2023] 1페이지까지 · 누적 1385건 (요청 8178회)
[자율주행로봇 만들기 DIY 코딩 교육 키트 2024] 1페이지까지 · 누적 1385건 (요청 8179회)
[자율주행로봇 만들기 DIY 코딩 교육 키트 2025] 1페이지까지 · 누적 1385건 (요청 8180회)
[자율주행로봇 만들기 DIY 코딩 교육 키트 2026] 1페이지까지 · 누적 1385건 (요청 8181회)
[자작자작 2023] 1페이지까지 · 누적 1387건 (요청 8184회)
[자작자작 2024] 1페이지까지 · 누적 1389건 (요청 8187회)
[자작자작 2025] 1페이지까지 · 누적 1389건 (요청 8188회)
[자작자작 2026] 1페이지까지 · 누적 1391건 (요청 8191회)
[잡에이블_국립특수교육원 2023] 1페이지까지 · 누적 1391건 (요청 8192회)
[잡에이블_국립특수교육원 2024] 1페이지까지 · 누적 1391건 (요청 8193회)
[잡에이블_국립특수교육원 2025] 1페이지까지 · 누적 1391건 (요청 8194회)
[잡에이블_국립특수교육원 2026] 1페이지까지 · 누적 1391건 (요청 8195회)
[장영실의 디지털 트윈: 하늘·비·시간을 읽다 2023] 1페이지까지 · 누적 1391건 (요청 8196회)
[장영실의 디지털 트윈: 하늘·비·시간을 읽다 2024] 1페이지까지 · 누적 1391건 (요청 8197회)
[장영실의 디지털 트윈: 하늘·비·시간을 읽다 2025] 1페이지까지 · 누적 1391건 (요청 8198회)
[장영실의 디지털 트윈: 하늘·비·시간을 읽다 2026] 1페이지까지 · 누적 1391건 (요청 8199회)
[장평 포털 2023] 1페이지까지 · 누적 1391건 (요청 8200회)
[장평 포털 2024] 1페이지까지 · 누적 1391건 (요청 8201회)
[장평 포털 2025] 1페이지까지 · 누적 1391건 (요청 8202회)
[장평 포털 2026] 1페이지까지 · 누적 1391건 (요청 8203회)
[장학퀴즈세트 2023] 1페이지까지 · 누적 1391건 (요청 8204회)
[장학퀴즈세트 2024] 1페이지까지 · 누적 1391건 (요청 8205회)
[장학퀴즈세트 2025] 1페이지까지 · 누적 1391건 (요청 8206회)
[장학퀴즈세트 2026] 1페이지까지 · 누적 1391건 (요청 8207회)
[재무빅데이터분석사 자격시험 2023] 1페이지까지 · 누적 1391건 (요청 8208회)
[재무빅데이터분석사 자격시험 2024] 1페이지까지 · 누적 1391건 (요청 8209회)
[재무빅데이터분석사 자격시험 2025] 1페이지까지 · 누적 1391건 (요청 8210회)
[재무빅데이터분석사 자격시험 2026] 1페이지까지 · 누적 1391건 (요청 8211회)
[잼S 학교공용형 2023] 1페이지까지 · 누적 1391건 (요청 8212회)
[잼S 학교공용형 2024] 1페이지까지 · 누적 1391건 (요청 8213회)
[잼S 학교공용형 2025] 1페이지까지 · 누적 1391건 (요청 8214회)
[잼S 학교공용형 2026] 1페이지까지 · 누적 1391건 (요청 8215회)
[잼S 학생개별형 2023] 1페이지까지 · 누적 1391건 (요청 8216회)
[잼S 학생개별형 2024] 1페이지까지 · 누적 1391건 (요청 8217회)
[잼S 학생개별형 2025] 1페이지까지 · 누적 1391건 (요청 8218회)
[잼S 학생개별형 2026] 1페이지까지 · 누적 1391건 (요청 8219회)
[잼잼400 2023] 1페이지까지 · 누적 1391건 (요청 8220회)
[잼잼400 2024] 1페이지까지 · 누적 1391건 (요청 8221회)
[잼잼400 2025] 1페이지까지 · 누적 1391건 (요청 8222회)
[잼잼400 2026] 1페이지까지 · 누적 1391건 (요청 8223회)
[저스트 온 스터디 2023] 1페이지까지 · 누적 1391건 (요청 8224회)
[저스트 온 스터디 2024] 1페이지까지 · 누적 1391건 (요청 8225회)
[저스트 온 스터디 2025] 1페이지까지 · 누적 1391건 (요청 8226회)
[저스트 온 스터디 2026] 1페이지까지 · 누적 1391건 (요청 8227회)
[전기전문가 2 2023] 1페이지까지 · 누적 1391건 (요청 8228회)
[전기전문가 2 2024] 1페이지까지 · 누적 1391건 (요청 8229회)
[전기전문가 2 2025] 1페이지까지 · 누적 1391건 (요청 8230회)
[전기전문가 2 2026] 1페이지까지 · 누적 1391건 (요청 8231회)
[전기전문가1 2023] 1페이지까지 · 누적 1391건 (요청 8232회)
[전기전문가1 2024] 1페이지까지 · 누적 1391건 (요청 8233회)
[전기전문가1 2025] 1페이지까지 · 누적 1391건 (요청 8234회)
[전기전문가1 2026] 1페이지까지 · 누적 1391건 (요청 8235회)
[전남광주 게이미피케이션 연구회 2023] 1페이지까지 · 누적 1391건 (요청 8236회)
[전남광주 게이미피케이션 연구회 2024] 1페이지까지 · 누적 1391건 (요청 8237회)
[전남광주 게이미피케이션 연구회 2025] 1페이지까지 · 누적 1391건 (요청 8238회)
[전남광주 게이미피케이션 연구회 2026] 1페이지까지 · 누적 1391건 (요청 8239회)
[전남광주통합특별시 광주도서관 2023] 1페이지까지 · 누적 1391건 (요청 8240회)
[전남광주통합특별시 광주도서관 2024] 1페이지까지 · 누적 1391건 (요청 8241회)
[전남광주통합특별시 광주도서관 2025] 1페이지까지 · 누적 1391건 (요청 8242회)
[전남광주통합특별시 광주도서관 2026] 1페이지까지 · 누적 1391건 (요청 8243회)
[전남광주통합특별시교육청 광주통합도서관 2023] 1페이지까지 · 누적 1391건 (요청 8244회)
[전남광주통합특별시교육청 광주통합도서관 2024] 1페이지까지 · 누적 1391건 (요청 8245회)
[전남광주통합특별시교육청 광주통합도서관 2025] 1페이지까지 · 누적 1391건 (요청 8246회)
[전남광주통합특별시교육청 광주통합도서관 2026] 1페이지까지 · 누적 1391건 (요청 8247회)
[전남도서관 2023] 1페이지까지 · 누적 1391건 (요청 8248회)
[전남도서관 2024] 1페이지까지 · 누적 1391건 (요청 8249회)
[전남도서관 2025] 1페이지까지 · 누적 1391건 (요청 8250회)
[전남도서관 2026] 1페이지까지 · 누적 1391건 (요청 8251회)
[전남메타스쿨 2023] 1페이지까지 · 누적 1391건 (요청 8252회)
[전남메타스쿨 2024] 1페이지까지 · 누적 1391건 (요청 8253회)
[전남메타스쿨 2025] 1페이지까지 · 누적 1391건 (요청 8254회)
[전남메타스쿨 2026] 1페이지까지 · 누적 1391건 (요청 8255회)
[전라남도교육청 전자도서관 2023] 1페이지까지 · 누적 1391건 (요청 8256회)
[전라남도교육청 전자도서관 2024] 1페이지까지 · 누적 1391건 (요청 8257회)
[전라남도교육청 전자도서관 2025] 1페이지까지 · 누적 1391건 (요청 8258회)
[전라남도교육청 전자도서관 2026] 1페이지까지 · 누적 1391건 (요청 8259회)
[전문가용 대입상담프로그램 2023] 1페이지까지 · 누적 1391건 (요청 8260회)
[전문가용 대입상담프로그램 2024] 1페이지까지 · 누적 1391건 (요청 8261회)
[전문가용 대입상담프로그램 2025] 1페이지까지 · 누적 1391건 (요청 8262회)
[전문가용 대입상담프로그램 2026] 1페이지까지 · 누적 1391건 (요청 8263회)
[전북 인공지능 맞춤형 교수학습 플랫폼 2023] 1페이지까지 · 누적 1391건 (요청 8264회)
[전북 인공지능 맞춤형 교수학습 플랫폼 2024] 1페이지까지 · 누적 1391건 (요청 8265회)
[전북 인공지능 맞춤형 교수학습 플랫폼 2025] 1페이지까지 · 누적 1391건 (요청 8266회)
[전북 인공지능 맞춤형 교수학습 플랫폼 2026] 1페이지까지 · 누적 1391건 (요청 8267회)
[전북특별자치도교육청 전자도서관 2023] 1페이지까지 · 누적 1391건 (요청 8268회)
[전북특별자치도교육청 전자도서관 2024] 1페이지까지 · 누적 1391건 (요청 8269회)
[전북특별자치도교육청 전자도서관 2025] 1페이지까지 · 누적 1391건 (요청 8270회)
[전북특별자치도교육청 전자도서관 2026] 1페이지까지 · 누적 1391건 (요청 8271회)
[전자계약/싸인오케이 2023] 1페이지까지 · 누적 1391건 (요청 8272회)
[전자계약/싸인오케이 2024] 1페이지까지 · 누적 1391건 (요청 8273회)
[전자계약/싸인오케이 2025] 1페이지까지 · 누적 1391건 (요청 8274회)
[전자계약/싸인오케이 2026] 1페이지까지 · 누적 1391건 (요청 8275회)
[전자연구노트 구노 2023] 1페이지까지 · 누적 1391건 (요청 8276회)
[전자연구노트 구노 2024] 1페이지까지 · 누적 1391건 (요청 8277회)
[전자연구노트 구노 2025] 1페이지까지 · 누적 1391건 (요청 8278회)
[전자연구노트 구노 2026] 1페이지까지 · 누적 1391건 (요청 8279회)
[점프잇나우 2023] 1페이지까지 · 누적 1391건 (요청 8280회)
[점프잇나우 2024] 1페이지까지 · 누적 1391건 (요청 8281회)
[점프잇나우 2025] 1페이지까지 · 누적 1391건 (요청 8282회)
[점프잇나우 2026] 1페이지까지 · 누적 1391건 (요청 8283회)
[점프투게더 2023] 1페이지까지 · 누적 1391건 (요청 8284회)
[점프투게더 2024] 1페이지까지 · 누적 1391건 (요청 8285회)
[점프투게더 2025] 1페이지까지 · 누적 1391건 (요청 8286회)
[점프투게더 2026] 1페이지까지 · 누적 1391건 (요청 8287회)
[정보과 교육 이론과 실제 2023] 1페이지까지 · 누적 1391건 (요청 8288회)
[정보과 교육 이론과 실제 2024] 1페이지까지 · 누적 1391건 (요청 8289회)
[정보과 교육 이론과 실제 2025] 1페이지까지 · 누적 1391건 (요청 8290회)
[정보과 교육 이론과 실제 2026] 1페이지까지 · 누적 1391건 (요청 8291회)
[정서행동특성검사 AMPQ-3-1 2023] 1페이지까지 · 누적 1391건 (요청 8292회)
[정서행동특성검사 AMPQ-3-1 2024] 1페이지까지 · 누적 1391건 (요청 8293회)
[정서행동특성검사 AMPQ-3-1 2025] 1페이지까지 · 누적 1391건 (요청 8294회)
[정서행동특성검사 AMPQ-3-1 2026] 1페이지까지 · 누적 1391건 (요청 8295회)
[제니코그 AI 2023] 1페이지까지 · 누적 1391건 (요청 8296회)
[제니코그 AI 2024] 1페이지까지 · 누적 1391건 (요청 8297회)
[제니코그 AI 2025] 1페이지까지 · 누적 1391건 (요청 8298회)
[제니코그 AI 2026] 1페이지까지 · 누적 1391건 (요청 8299회)
[제이씨블록 2023] 1페이지까지 · 누적 1391건 (요청 8300회)
[제이씨블록 2024] 1페이지까지 · 누적 1391건 (요청 8301회)
[제이씨블록 2025] 1페이지까지 · 누적 1391건 (요청 8302회)
[제이씨블록 2026] 1페이지까지 · 누적 1391건 (요청 8303회)
[제주 세계자연유산 가상여행 체험학습 KIT 2023] 1페이지까지 · 누적 1391건 (요청 8304회)
[제주 세계자연유산 가상여행 체험학습 KIT 2024] 1페이지까지 · 누적 1391건 (요청 8305회)
[제주 세계자연유산 가상여행 체험학습 KIT 2025] 1페이지까지 · 누적 1391건 (요청 8306회)
[제주 세계자연유산 가상여행 체험학습 KIT 2026] 1페이지까지 · 누적 1391건 (요청 8307회)
[젠디아 2023] 1페이지까지 · 누적 1391건 (요청 8308회)
[젠디아 2024] 1페이지까지 · 누적 1391건 (요청 8309회)
[젠디아 2025] 1페이지까지 · 누적 1391건 (요청 8310회)
[젠디아 2026] 1페이지까지 · 누적 1391건 (요청 8311회)
[젭 스쿨 2023] 1페이지까지 · 누적 1391건 (요청 8312회)
[젭 스쿨 2024] 1페이지까지 · 누적 1391건 (요청 8313회)
[젭 스쿨 2025] 1페이지까지 · 누적 1391건 (요청 8314회)
[젭 스쿨 2026] 1페이지까지 · 누적 1391건 (요청 8315회)
[젭 퀴즈 2023] 1페이지까지 · 누적 1391건 (요청 8316회)
[젭 퀴즈 2024] 1페이지까지 · 누적 1391건 (요청 8317회)
[젭 퀴즈 2025] 1페이지까지 · 누적 1391건 (요청 8318회)
[젭 퀴즈 2026] 1페이지까지 · 누적 1391건 (요청 8319회)
[조이듀 2023] 1페이지까지 · 누적 1391건 (요청 8320회)
[조이듀 2024] 1페이지까지 · 누적 1391건 (요청 8321회)
[조이듀 2025] 1페이지까지 · 누적 1391건 (요청 8322회)
[조이듀 2026] 1페이지까지 · 누적 1391건 (요청 8323회)
[조이코그 2023] 1페이지까지 · 누적 1391건 (요청 8324회)
[조이코그 2024] 1페이지까지 · 누적 1391건 (요청 8325회)
[조이코그 2025] 1페이지까지 · 누적 1391건 (요청 8326회)
[조이코그 2026] 1페이지까지 · 누적 1391건 (요청 8327회)
[주니어 타임즈 + 온라인 학습관 2023] 1페이지까지 · 누적 1391건 (요청 8328회)
[주니어 타임즈 + 온라인 학습관 2024] 1페이지까지 · 누적 1391건 (요청 8329회)
[주니어 타임즈 + 온라인 학습관 2025] 1페이지까지 · 누적 1391건 (요청 8330회)
[주니어 타임즈 + 온라인 학습관 2026] 1페이지까지 · 누적 1391건 (요청 8331회)
[주미 AI 2023] 1페이지까지 · 누적 1391건 (요청 8332회)
[주미 AI 2024] 1페이지까지 · 누적 1391건 (요청 8333회)
[주미 AI 2025] 1페이지까지 · 누적 1391건 (요청 8334회)
[주미 AI 2026] 1페이지까지 · 누적 1391건 (요청 8335회)
[주미 AI / 주미 AI 스크래치 2023] 1페이지까지 · 누적 1391건 (요청 8336회)
[주미 AI / 주미 AI 스크래치 2024] 1페이지까지 · 누적 1391건 (요청 8337회)
[주미 AI / 주미 AI 스크래치 2025] 1페이지까지 · 누적 1391건 (요청 8338회)
[주미 AI / 주미 AI 스크래치 2026] 1페이지까지 · 누적 1391건 (요청 8339회)
[주미 AI / 주미 AI 앱 2023] 1페이지까지 · 누적 1391건 (요청 8340회)
[주미 AI / 주미 AI 앱 2024] 1페이지까지 · 누적 1391건 (요청 8341회)
[주미 AI / 주미 AI 앱 2025] 1페이지까지 · 누적 1391건 (요청 8342회)
[주미 AI / 주미 AI 앱 2026] 1페이지까지 · 누적 1391건 (요청 8343회)
[주미 미니 2023] 1페이지까지 · 누적 1391건 (요청 8344회)
[주미 미니 2024] 1페이지까지 · 누적 1391건 (요청 8345회)
[주미 미니 2025] 1페이지까지 · 누적 1391건 (요청 8346회)
[주미 미니 2026] 1페이지까지 · 누적 1391건 (요청 8347회)
[주미 미니 / 주미 미니 앱 2023] 1페이지까지 · 누적 1391건 (요청 8348회)
[주미 미니 / 주미 미니 앱 2024] 1페이지까지 · 누적 1391건 (요청 8349회)
[주미 미니 / 주미 미니 앱 2025] 1페이지까지 · 누적 1391건 (요청 8350회)
[주미 미니 / 주미 미니 앱 2026] 1페이지까지 · 누적 1391건 (요청 8351회)
[주이즈 2023] 1페이지까지 · 누적 1391건 (요청 8352회)
[주이즈 2024] 1페이지까지 · 누적 1391건 (요청 8353회)
[주이즈 2025] 1페이지까지 · 누적 1391건 (요청 8354회)
[주이즈 2026] 1페이지까지 · 누적 1391건 (요청 8355회)
[중•고등 Reading 2023] 1페이지까지 · 누적 1391건 (요청 8356회)
[중•고등 Reading 2024] 1페이지까지 · 누적 1391건 (요청 8357회)
[중•고등 Reading 2025] 1페이지까지 · 누적 1391건 (요청 8358회)
[중•고등 Reading 2026] 1페이지까지 · 누적 1391건 (요청 8359회)
[중•고등 Reading&Writing 2023] 1페이지까지 · 누적 1391건 (요청 8360회)
[중•고등 Reading&Writing 2024] 1페이지까지 · 누적 1391건 (요청 8361회)
[중•고등 Reading&Writing 2025] 1페이지까지 · 누적 1391건 (요청 8362회)
[중•고등 Reading&Writing 2026] 1페이지까지 · 누적 1391건 (요청 8363회)
[중고등 비바샘 2023] 1페이지까지 · 누적 1391건 (요청 8364회)
[중고등 비바샘 2024] 1페이지까지 · 누적 1391건 (요청 8365회)
[중고등 비바샘 2025] 1페이지까지 · 누적 1391건 (요청 8366회)
[중고등 비바샘 2026] 1페이지까지 · 누적 1391건 (요청 8367회)
[중고등한문 학습영상 및 자료 2023] 1페이지까지 · 누적 1391건 (요청 8368회)
[중고등한문 학습영상 및 자료 2024] 1페이지까지 · 누적 1391건 (요청 8369회)
[중고등한문 학습영상 및 자료 2025] 1페이지까지 · 누적 1391건 (요청 8370회)
[중고등한문 학습영상 및 자료 2026] 1페이지까지 · 누적 1391건 (요청 8371회)
[중등 기초학력 온채움 시스템 2023] 1페이지까지 · 누적 1391건 (요청 8372회)
[중등 기초학력 온채움 시스템 2024] 1페이지까지 · 누적 1391건 (요청 8373회)
[중등 기초학력 온채움 시스템 2025] 1페이지까지 · 누적 1391건 (요청 8374회)
[중등 기초학력 온채움 시스템 2026] 1페이지까지 · 누적 1391건 (요청 8375회)
[중등 온평가 시스템 2023] 1페이지까지 · 누적 1391건 (요청 8376회)
[중등 온평가 시스템 2024] 1페이지까지 · 누적 1391건 (요청 8377회)
[중등 온평가 시스템 2025] 1페이지까지 · 누적 1391건 (요청 8378회)
[중등 온평가 시스템 2026] 1페이지까지 · 누적 1391건 (요청 8379회)
[중등 정보 AI 디지털 교육자료 2023] 1페이지까지 · 누적 1391건 (요청 8380회)
[중등 정보 AI 디지털 교육자료 2024] 1페이지까지 · 누적 1391건 (요청 8381회)
[중등 정보 AI 디지털 교육자료 2025] 1페이지까지 · 누적 1391건 (요청 8382회)
[중등 정보 AI 디지털 교육자료 2026] 1페이지까지 · 누적 1391건 (요청 8383회)
[중량형 버나 만들기 키트 2023] 1페이지까지 · 누적 1391건 (요청 8384회)
[중량형 버나 만들기 키트 2024] 1페이지까지 · 누적 1391건 (요청 8385회)
[중량형 버나 만들기 키트 2025] 1페이지까지 · 누적 1391건 (요청 8386회)
[중량형 버나 만들기 키트 2026] 1페이지까지 · 누적 1391건 (요청 8387회)
[중학 수학 1 김동재 AI 디지털 교육자료 2023] 1페이지까지 · 누적 1391건 (요청 8388회)
[중학 수학 1 김동재 AI 디지털 교육자료 2024] 1페이지까지 · 누적 1391건 (요청 8389회)
[중학 수학 1 김동재 AI 디지털 교육자료 2025] 1페이지까지 · 누적 1391건 (요청 8390회)
[중학 수학 1 김동재 AI 디지털 교육자료 2026] 1페이지까지 · 누적 1391건 (요청 8391회)
[중학 수학 1 김화경 AI 디지털 교육자료 2023] 1페이지까지 · 누적 1391건 (요청 8392회)
[중학 수학 1 김화경 AI 디지털 교육자료 2024] 1페이지까지 · 누적 1391건 (요청 8393회)
[중학 수학 1 김화경 AI 디지털 교육자료 2025] 1페이지까지 · 누적 1391건 (요청 8394회)
[중학 수학 1 김화경 AI 디지털 교육자료 2026] 1페이지까지 · 누적 1391건 (요청 8395회)
[중학 수학 2 김동재 AI 디지털 교육자료 2023] 1페이지까지 · 누적 1391건 (요청 8396회)
[중학 수학 2 김동재 AI 디지털 교육자료 2024] 1페이지까지 · 누적 1391건 (요청 8397회)
[중학 수학 2 김동재 AI 디지털 교육자료 2025] 1페이지까지 · 누적 1391건 (요청 8398회)
[중학 수학 2 김동재 AI 디지털 교육자료 2026] 1페이지까지 · 누적 1391건 (요청 8399회)
[중학 수학 2 김화경 AI 디지털 교육자료 2023] 1페이지까지 · 누적 1391건 (요청 8400회)
[중학 수학 2 김화경 AI 디지털 교육자료 2024] 1페이지까지 · 누적 1391건 (요청 8401회)
[중학 수학 2 김화경 AI 디지털 교육자료 2025] 1페이지까지 · 누적 1391건 (요청 8402회)
[중학 수학 2 김화경 AI 디지털 교육자료 2026] 1페이지까지 · 누적 1391건 (요청 8403회)
[중학 영어 1 소영순 AI 디지털 교육자료 2023] 1페이지까지 · 누적 1391건 (요청 8404회)
[중학 영어 1 소영순 AI 디지털 교육자료 2024] 1페이지까지 · 누적 1391건 (요청 8405회)
[중학 영어 1 소영순 AI 디지털 교육자료 2025] 1페이지까지 · 누적 1391건 (요청 8406회)
[중학 영어 1 소영순 AI 디지털 교육자료 2026] 1페이지까지 · 누적 1391건 (요청 8407회)
[중학 영어 1 이상기 AI 디지털 교육자료 2023] 1페이지까지 · 누적 1391건 (요청 8408회)
[중학 영어 1 이상기 AI 디지털 교육자료 2024] 1페이지까지 · 누적 1391건 (요청 8409회)
[중학 영어 1 이상기 AI 디지털 교육자료 2025] 1페이지까지 · 누적 1391건 (요청 8410회)
[중학 영어 1 이상기 AI 디지털 교육자료 2026] 1페이지까지 · 누적 1391건 (요청 8411회)
[중학 영어 2 소영순 AI 디지털 교육자료 2023] 1페이지까지 · 누적 1391건 (요청 8412회)
[중학 영어 2 소영순 AI 디지털 교육자료 2024] 1페이지까지 · 누적 1391건 (요청 8413회)
[중학 영어 2 소영순 AI 디지털 교육자료 2025] 1페이지까지 · 누적 1391건 (요청 8414회)
[중학 영어 2 소영순 AI 디지털 교육자료 2026] 1페이지까지 · 누적 1391건 (요청 8415회)
[중학 영어 2 이상기 AI 디지털 교육자료 2023] 1페이지까지 · 누적 1391건 (요청 8416회)
[중학 영어 2 이상기 AI 디지털 교육자료 2024] 1페이지까지 · 누적 1391건 (요청 8417회)
[중학 영어 2 이상기 AI 디지털 교육자료 2025] 1페이지까지 · 누적 1391건 (요청 8418회)
[중학 영어 2 이상기 AI 디지털 교육자료 2026] 1페이지까지 · 누적 1391건 (요청 8419회)
[중학 정보 김현철 AI 디지털 교육자료 2023] 1페이지까지 · 누적 1391건 (요청 8420회)
[중학 정보 김현철 AI 디지털 교육자료 2024] 1페이지까지 · 누적 1391건 (요청 8421회)
[중학 정보 김현철 AI 디지털 교육자료 2025] 1페이지까지 · 누적 1391건 (요청 8422회)
[중학 정보 김현철 AI 디지털 교육자료 2026] 1페이지까지 · 누적 1391건 (요청 8423회)
[중학교 생활 중국어 교과서 - 전자저작물 2023] 1페이지까지 · 누적 1391건 (요청 8424회)
[중학교 생활 중국어 교과서 - 전자저작물 2024] 1페이지까지 · 누적 1391건 (요청 8425회)
[중학교 생활 중국어 교과서 - 전자저작물 2025] 1페이지까지 · 누적 1391건 (요청 8426회)
[중학교 생활 중국어 교과서 - 전자저작물 2026] 1페이지까지 · 누적 1391건 (요청 8427회)
[중학교 수학 1 AI 디지털 교육자료 2023] 1페이지까지 · 누적 1391건 (요청 8428회)
[중학교 수학 1 AI 디지털 교육자료 2024] 1페이지까지 · 누적 1391건 (요청 8429회)
[중학교 수학 1 AI 디지털 교육자료 2025] 1페이지까지 · 누적 1391건 (요청 8430회)
[중학교 수학 1 AI 디지털 교육자료 2026] 1페이지까지 · 누적 1391건 (요청 8431회)
[중학교 수학 2 AI 디지털 교육자료 2023] 1페이지까지 · 누적 1391건 (요청 8432회)
[중학교 수학 2 AI 디지털 교육자료 2024] 1페이지까지 · 누적 1391건 (요청 8433회)
[중학교 수학 2 AI 디지털 교육자료 2025] 1페이지까지 · 누적 1391건 (요청 8434회)
[중학교 수학 2 AI 디지털 교육자료 2026] 1페이지까지 · 누적 1391건 (요청 8435회)
[중학교 영어 1 AI 디지털 교육자료 2023] 1페이지까지 · 누적 1391건 (요청 8436회)
[중학교 영어 1 AI 디지털 교육자료 2024] 1페이지까지 · 누적 1391건 (요청 8437회)
[중학교 영어 1 AI 디지털 교육자료 2025] 1페이지까지 · 누적 1391건 (요청 8438회)
[중학교 영어 1 AI 디지털 교육자료 2026] 1페이지까지 · 누적 1391건 (요청 8439회)
[중학교 영어 2 AI 디지털 교육자료 2023] 1페이지까지 · 누적 1391건 (요청 8440회)
[중학교 영어 2 AI 디지털 교육자료 2024] 1페이지까지 · 누적 1391건 (요청 8441회)
[중학교 영어 2 AI 디지털 교육자료 2025] 1페이지까지 · 누적 1391건 (요청 8442회)
[중학교 영어 2 AI 디지털 교육자료 2026] 1페이지까지 · 누적 1391건 (요청 8443회)
[지게차 조작훈련 시뮬레이터 2023] 1페이지까지 · 누적 1391건 (요청 8444회)
[지게차 조작훈련 시뮬레이터 2024] 1페이지까지 · 누적 1391건 (요청 8445회)
[지게차 조작훈련 시뮬레이터 2025] 1페이지까지 · 누적 1391건 (요청 8446회)
[지게차 조작훈련 시뮬레이터 2026] 1페이지까지 · 누적 1391건 (요청 8447회)
[지구보호 환경 액자 2023] 1페이지까지 · 누적 1391건 (요청 8448회)
[지구보호 환경 액자 2024] 1페이지까지 · 누적 1391건 (요청 8449회)
[지구보호 환경 액자 2025] 1페이지까지 · 누적 1391건 (요청 8450회)
[지구보호 환경 액자 2026] 1페이지까지 · 누적 1391건 (요청 8451회)
[지난지난이 2023] 1페이지까지 · 누적 1391건 (요청 8452회)
[지난지난이 2024] 1페이지까지 · 누적 1391건 (요청 8453회)
[지난지난이 2025] 1페이지까지 · 누적 1391건 (요청 8454회)
[지난지난이 2026] 1페이지까지 · 누적 1391건 (요청 8455회)
[지능형 과학실 ON 2023] 1페이지까지 · 누적 1391건 (요청 8456회)
[지능형 과학실 ON 2024] 1페이지까지 · 누적 1391건 (요청 8457회)
[지능형 과학실 ON 2025] 1페이지까지 · 누적 1391건 (요청 8458회)
[지능형 과학실 ON 2026] 1페이지까지 · 누적 1391건 (요청 8459회)
[지능형과학실 키트 2023] 1페이지까지 · 누적 1391건 (요청 8460회)
[지능형과학실 키트 2024] 1페이지까지 · 누적 1391건 (요청 8461회)
[지능형과학실 키트 2025] 1페이지까지 · 누적 1391건 (요청 8462회)
[지능형과학실 키트 2026] 1페이지까지 · 누적 1391건 (요청 8463회)
[지능형과학실 포톤 과학 VR 2023] 1페이지까지 · 누적 1391건 (요청 8464회)
[지능형과학실 포톤 과학 VR 2024] 1페이지까지 · 누적 1391건 (요청 8465회)
[지능형과학실 포톤 과학 VR 2025] 1페이지까지 · 누적 1391건 (요청 8466회)
[지능형과학실 포톤 과학 VR 2026] 1페이지까지 · 누적 1391건 (요청 8467회)
[지니스쿨 2023] 1페이지까지 · 누적 1391건 (요청 8468회)
[지니스쿨 2024] 1페이지까지 · 누적 1391건 (요청 8469회)
[지니스쿨 2025] 1페이지까지 · 누적 1391건 (요청 8470회)
[지니스쿨 2026] 1페이지까지 · 누적 1391건 (요청 8471회)
[지니아튜터 2023] 1페이지까지 · 누적 1391건 (요청 8472회)
[지니아튜터 2024] 1페이지까지 · 누적 1391건 (요청 8473회)
[지니아튜터 2025] 1페이지까지 · 누적 1391건 (요청 8474회)
[지니아튜터 2026] 1페이지까지 · 누적 1391건 (요청 8475회)
[지니어스키트 블록 2023] 1페이지까지 · 누적 1391건 (요청 8476회)
[지니어스키트 블록 2024] 1페이지까지 · 누적 1391건 (요청 8477회)
[지니어스키트 블록 2025] 1페이지까지 · 누적 1391건 (요청 8478회)
[지니어스키트 블록 2026] 1페이지까지 · 누적 1391건 (요청 8479회)
[지니어스키트 스타터팩 2023] 1페이지까지 · 누적 1391건 (요청 8480회)
[지니어스키트 스타터팩 2024] 1페이지까지 · 누적 1391건 (요청 8481회)
[지니어스키트 스타터팩 2025] 1페이지까지 · 누적 1391건 (요청 8482회)
[지니어스키트 스타터팩 2026] 1페이지까지 · 누적 1391건 (요청 8483회)
[지니와 2023] 1페이지까지 · 누적 1391건 (요청 8484회)
[지니와 2024] 1페이지까지 · 누적 1391건 (요청 8485회)
[지니와 2025] 1페이지까지 · 누적 1391건 (요청 8486회)
[지니와 2026] 1페이지까지 · 누적 1391건 (요청 8487회)
[지니키즈 2023] 1페이지까지 · 누적 1391건 (요청 8488회)
[지니키즈 2024] 1페이지까지 · 누적 1391건 (요청 8489회)
[지니키즈 2025] 1페이지까지 · 누적 1391건 (요청 8490회)
[지니키즈 2026] 1페이지까지 · 누적 1391건 (요청 8491회)
[지스타캐드 2023] 1페이지까지 · 누적 1391건 (요청 8492회)
[지스타캐드 2024] 1페이지까지 · 누적 1391건 (요청 8493회)
[지스타캐드 2025] 1페이지까지 · 누적 1391건 (요청 8494회)
[지스타캐드 2026] 1페이지까지 · 누적 1391건 (요청 8495회)
[지스타캐드 GstarCAD 2023] 1페이지까지 · 누적 1391건 (요청 8496회)
[지스타캐드 GstarCAD 2024] 1페이지까지 · 누적 1391건 (요청 8497회)
[지스타캐드 GstarCAD 2025] 1페이지까지 · 누적 1391건 (요청 8498회)
[지스타캐드 GstarCAD 2026] 1페이지까지 · 누적 1391건 (요청 8499회)
[지식재산정보검색서비스 2023] 1페이지까지 · 누적 1391건 (요청 8500회)
[지식재산정보검색서비스 2024] 1페이지까지 · 누적 1391건 (요청 8501회)
[지식재산정보검색서비스 2025] 1페이지까지 · 누적 1391건 (요청 8502회)
[지식재산정보검색서비스 2026] 1페이지까지 · 누적 1391건 (요청 8503회)
[지오체인지 2023] 1페이지까지 · 누적 1391건 (요청 8504회)
[지오체인지 2024] 1페이지까지 · 누적 1391건 (요청 8505회)
[지오체인지 2025] 1페이지까지 · 누적 1391건 (요청 8506회)
[지오체인지 2026] 1페이지까지 · 누적 1391건 (요청 8507회)
[지피톡 2023] 1페이지까지 · 누적 1391건 (요청 8508회)
[지피톡 2024] 1페이지까지 · 누적 1391건 (요청 8509회)
[지피톡 2025] 1페이지까지 · 누적 1391건 (요청 8510회)
[지피톡 2026] 1페이지까지 · 누적 1391건 (요청 8511회)
[지학사 고등 공통수학1 AIDT 교육자료 2023] 1페이지까지 · 누적 1391건 (요청 8512회)
[지학사 고등 공통수학1 AIDT 교육자료 2024] 1페이지까지 · 누적 1391건 (요청 8513회)
[지학사 고등 공통수학1 AIDT 교육자료 2025] 1페이지까지 · 누적 1391건 (요청 8514회)
[지학사 고등 공통수학1 AIDT 교육자료 2026] 1페이지까지 · 누적 1391건 (요청 8515회)
[지학사 고등 공통수학2 AIDT 교육자료 2023] 1페이지까지 · 누적 1391건 (요청 8516회)
[지학사 고등 공통수학2 AIDT 교육자료 2024] 1페이지까지 · 누적 1391건 (요청 8517회)
[지학사 고등 공통수학2 AIDT 교육자료 2025] 1페이지까지 · 누적 1391건 (요청 8518회)
[지학사 고등 공통수학2 AIDT 교육자료 2026] 1페이지까지 · 누적 1391건 (요청 8519회)
[지학사 고등 공통영어1 AIDT 교육자료 2023] 1페이지까지 · 누적 1391건 (요청 8520회)
[지학사 고등 공통영어1 AIDT 교육자료 2024] 1페이지까지 · 누적 1391건 (요청 8521회)
[지학사 고등 공통영어1 AIDT 교육자료 2025] 1페이지까지 · 누적 1391건 (요청 8522회)
[지학사 고등 공통영어1 AIDT 교육자료 2026] 1페이지까지 · 누적 1391건 (요청 8523회)
[지학사 고등 공통영어2 AIDT 교육자료 2023] 1페이지까지 · 누적 1391건 (요청 8524회)
[지학사 고등 공통영어2 AIDT 교육자료 2024] 1페이지까지 · 누적 1391건 (요청 8525회)
[지학사 고등 공통영어2 AIDT 교육자료 2025] 1페이지까지 · 누적 1391건 (요청 8526회)
[지학사 고등 공통영어2 AIDT 교육자료 2026] 1페이지까지 · 누적 1391건 (요청 8527회)
[지학사 중학 수학 1 AIDT 교육자료 2023] 1페이지까지 · 누적 1391건 (요청 8528회)
[지학사 중학 수학 1 AIDT 교육자료 2024] 1페이지까지 · 누적 1391건 (요청 8529회)
[지학사 중학 수학 1 AIDT 교육자료 2025] 1페이지까지 · 누적 1391건 (요청 8530회)
[지학사 중학 수학 1 AIDT 교육자료 2026] 1페이지까지 · 누적 1391건 (요청 8531회)
[지학사 중학 수학 2 AIDT 교육자료 2023] 1페이지까지 · 누적 1391건 (요청 8532회)
[지학사 중학 수학 2 AIDT 교육자료 2024] 1페이지까지 · 누적 1391건 (요청 8533회)
[지학사 중학 수학 2 AIDT 교육자료 2025] 1페이지까지 · 누적 1391건 (요청 8534회)
[지학사 중학 수학 2 AIDT 교육자료 2026] 1페이지까지 · 누적 1391건 (요청 8535회)
[지학사 중학 영어 1 AIDT 교육자료 2023] 1페이지까지 · 누적 1391건 (요청 8536회)
[지학사 중학 영어 1 AIDT 교육자료 2024] 1페이지까지 · 누적 1391건 (요청 8537회)
[지학사 중학 영어 1 AIDT 교육자료 2025] 1페이지까지 · 누적 1391건 (요청 8538회)
[지학사 중학 영어 1 AIDT 교육자료 2026] 1페이지까지 · 누적 1391건 (요청 8539회)
[지학사 중학 영어 2 AIDT 교육자료 2023] 1페이지까지 · 누적 1391건 (요청 8540회)
[지학사 중학 영어 2 AIDT 교육자료 2024] 1페이지까지 · 누적 1391건 (요청 8541회)
[지학사 중학 영어 2 AIDT 교육자료 2025] 1페이지까지 · 누적 1391건 (요청 8542회)
[지학사 중학 영어 2 AIDT 교육자료 2026] 1페이지까지 · 누적 1391건 (요청 8543회)
[직스캐드 AX 2023] 1페이지까지 · 누적 1391건 (요청 8544회)
[직스캐드 AX 2024] 1페이지까지 · 누적 1391건 (요청 8545회)
[직스캐드 AX 2025] 1페이지까지 · 누적 1391건 (요청 8546회)
[직스캐드 AX 2026] 1페이지까지 · 누적 1391건 (요청 8547회)
[직업계고 채움119 2023] 1페이지까지 · 누적 1394건 (요청 8551회)
[직업계고 채움119 2024] 1페이지까지 · 누적 1395건 (요청 8553회)
[직업계고 채움119 2025] 1페이지까지 · 누적 1398건 (요청 8557회)
[직업계고 채움119 2026] 1페이지까지 · 누적 1398건 (요청 8558회)
[직업학과사전 2023] 1페이지까지 · 누적 1398건 (요청 8559회)
[직업학과사전 2024] 1페이지까지 · 누적 1398건 (요청 8560회)
[직업학과사전 2025] 1페이지까지 · 누적 1398건 (요청 8561회)
[직업학과사전 2026] 1페이지까지 · 누적 1398건 (요청 8562회)
[직코 2축 로봇팔 2023] 1페이지까지 · 누적 1398건 (요청 8563회)
[직코 2축 로봇팔 2024] 1페이지까지 · 누적 1398건 (요청 8564회)
[직코 2축 로봇팔 2025] 1페이지까지 · 누적 1398건 (요청 8565회)
[직코 2축 로봇팔 2026] 1페이지까지 · 누적 1398건 (요청 8566회)
[직코 AI 카메라 2023] 1페이지까지 · 누적 1398건 (요청 8567회)
[직코 AI 카메라 2024] 1페이지까지 · 누적 1398건 (요청 8568회)
[직코 AI 카메라 2025] 1페이지까지 · 누적 1398건 (요청 8569회)
[직코 AI 카메라 2026] 1페이지까지 · 누적 1398건 (요청 8570회)
[직코 RC카 2023] 1페이지까지 · 누적 1398건 (요청 8571회)
[직코 RC카 2024] 1페이지까지 · 누적 1398건 (요청 8572회)
[직코 RC카 2025] 1페이지까지 · 누적 1398건 (요청 8573회)
[직코 RC카 2026] 1페이지까지 · 누적 1398건 (요청 8574회)
[직코 드론 2023] 1페이지까지 · 누적 1398건 (요청 8575회)
[직코 드론 2024] 1페이지까지 · 누적 1398건 (요청 8576회)
[직코 드론 2025] 1페이지까지 · 누적 1398건 (요청 8577회)
[직코 드론 2026] 1페이지까지 · 누적 1398건 (요청 8578회)
[직코 모빌리티 2023] 1페이지까지 · 누적 1398건 (요청 8579회)
[직코 모빌리티 2024] 1페이지까지 · 누적 1398건 (요청 8580회)
[직코 모빌리티 2025] 1페이지까지 · 누적 1398건 (요청 8581회)
[직코 모빌리티 2026] 1페이지까지 · 누적 1398건 (요청 8582회)
[직코 스마트팜 2023] 1페이지까지 · 누적 1398건 (요청 8583회)
[직코 스마트팜 2024] 1페이지까지 · 누적 1398건 (요청 8584회)
[직코 스마트팜 2025] 1페이지까지 · 누적 1398건 (요청 8585회)
[직코 스마트팜 2026] 1페이지까지 · 누적 1398건 (요청 8586회)
[직코 애니멀키링 2023] 1페이지까지 · 누적 1398건 (요청 8587회)
[직코 애니멀키링 2024] 1페이지까지 · 누적 1398건 (요청 8588회)
[직코 애니멀키링 2025] 1페이지까지 · 누적 1398건 (요청 8589회)
[직코 애니멀키링 2026] 1페이지까지 · 누적 1398건 (요청 8590회)
[직코베이직 2023] 1페이지까지 · 누적 1398건 (요청 8591회)
[직코베이직 2024] 1페이지까지 · 누적 1398건 (요청 8592회)
[직코베이직 2025] 1페이지까지 · 누적 1398건 (요청 8593회)
[직코베이직 2026] 1페이지까지 · 누적 1398건 (요청 8594회)
[진단수학 2023] 1페이지까지 · 누적 1398건 (요청 8595회)
[진단수학 2024] 1페이지까지 · 누적 1398건 (요청 8596회)
[진단수학 2025] 1페이지까지 · 누적 1398건 (요청 8597회)
[진단수학 2026] 1페이지까지 · 누적 1398건 (요청 8598회)
[진로교육, 나의 성장나무 만들기 2023] 1페이지까지 · 누적 1398건 (요청 8599회)
[진로교육, 나의 성장나무 만들기 2024] 1페이지까지 · 누적 1398건 (요청 8600회)
[진로교육, 나의 성장나무 만들기 2025] 1페이지까지 · 누적 1398건 (요청 8601회)
[진로교육, 나의 성장나무 만들기 2026] 1페이지까지 · 누적 1398건 (요청 8602회)
[진로교육, 다양한 직업 세상 2023] 1페이지까지 · 누적 1398건 (요청 8603회)
[진로교육, 다양한 직업 세상 2024] 1페이지까지 · 누적 1398건 (요청 8604회)
[진로교육, 다양한 직업 세상 2025] 1페이지까지 · 누적 1398건 (요청 8605회)
[진로교육, 다양한 직업 세상 2026] 1페이지까지 · 누적 1398건 (요청 8606회)
[진로교육, 미래의 나의 모습 그리기 2023] 1페이지까지 · 누적 1398건 (요청 8607회)
[진로교육, 미래의 나의 모습 그리기 2024] 1페이지까지 · 누적 1398건 (요청 8608회)
[진로교육, 미래의 나의 모습 그리기 2025] 1페이지까지 · 누적 1398건 (요청 8609회)
[진로교육, 미래의 나의 모습 그리기 2026] 1페이지까지 · 누적 1398건 (요청 8610회)
[진로이음 2023] 1페이지까지 · 누적 1398건 (요청 8611회)
[진로이음 2024] 1페이지까지 · 누적 1398건 (요청 8612회)
[진로이음 2025] 1페이지까지 · 누적 1398건 (요청 8613회)
[진로이음 2026] 1페이지까지 · 누적 1398건 (요청 8614회)
[진로정보망 커리어넷 2023] 1페이지까지 · 누적 1398건 (요청 8615회)
[진로정보망 커리어넷 2024] 1페이지까지 · 누적 1398건 (요청 8616회)
[진로정보망 커리어넷 2025] 1페이지까지 · 누적 1398건 (요청 8617회)
[진로정보망 커리어넷 2026] 1페이지까지 · 누적 1398건 (요청 8618회)
[진로종합검사 / 올리닻 2023] 1페이지까지 · 누적 1398건 (요청 8619회)
[진로종합검사 / 올리닻 2024] 1페이지까지 · 누적 1398건 (요청 8620회)
[진로종합검사 / 올리닻 2025] 1페이지까지 · 누적 1398건 (요청 8621회)
[진로종합검사 / 올리닻 2026] 1페이지까지 · 누적 1398건 (요청 8622회)
[진로진학 솔루션/웨이메이커 2023] 1페이지까지 · 누적 1398건 (요청 8623회)
[진로진학 솔루션/웨이메이커 2024] 1페이지까지 · 누적 1398건 (요청 8624회)
[진로진학 솔루션/웨이메이커 2025] 1페이지까지 · 누적 1398건 (요청 8625회)
[진로진학 솔루션/웨이메이커 2026] 1페이지까지 · 누적 1398건 (요청 8626회)
[진로진학웹플랫폼 '오늘도' 2023] 1페이지까지 · 누적 1398건 (요청 8627회)
[진로진학웹플랫폼 '오늘도' 2024] 1페이지까지 · 누적 1398건 (요청 8628회)
[진로진학웹플랫폼 '오늘도' 2025] 1페이지까지 · 누적 1398건 (요청 8629회)
[진로진학웹플랫폼 '오늘도' 2026] 1페이지까지 · 누적 1398건 (요청 8630회)
[진로추천 플랫폼 메이저맵 2023] 1페이지까지 · 누적 1398건 (요청 8631회)
[진로추천 플랫폼 메이저맵 2024] 1페이지까지 · 누적 1398건 (요청 8632회)
[진로추천 플랫폼 메이저맵 2025] 1페이지까지 · 누적 1398건 (요청 8633회)
[진로추천 플랫폼 메이저맵 2026] 1페이지까지 · 누적 1398건 (요청 8634회)
[진진리서치 학사지원 원스톱 솔루션 2023] 1페이지까지 · 누적 1398건 (요청 8635회)
[진진리서치 학사지원 원스톱 솔루션 2024] 1페이지까지 · 누적 1398건 (요청 8636회)
[진진리서치 학사지원 원스톱 솔루션 2025] 1페이지까지 · 누적 1398건 (요청 8637회)
[진진리서치 학사지원 원스톱 솔루션 2026] 1페이지까지 · 누적 1398건 (요청 8638회)
[진학 PEN AI 2023] 1페이지까지 · 누적 1398건 (요청 8639회)
[진학 PEN AI 2024] 1페이지까지 · 누적 1398건 (요청 8640회)
[진학 PEN AI 2025] 1페이지까지 · 누적 1398건 (요청 8641회)
[진학 PEN AI 2026] 1페이지까지 · 누적 1398건 (요청 8642회)
[진학관리프로그램 2023] 1페이지까지 · 누적 1398건 (요청 8643회)
[진학관리프로그램 2024] 1페이지까지 · 누적 1398건 (요청 8644회)
[진학관리프로그램 2025] 1페이지까지 · 누적 1398건 (요청 8645회)
[진학관리프로그램 2026] 1페이지까지 · 누적 1398건 (요청 8646회)
[진학통/진학사 학생관리프로그램 2023] 1페이지까지 · 누적 1398건 (요청 8647회)
[진학통/진학사 학생관리프로그램 2024] 1페이지까지 · 누적 1398건 (요청 8648회)
[진학통/진학사 학생관리프로그램 2025] 1페이지까지 · 누적 1398건 (요청 8649회)
[진학통/진학사 학생관리프로그램 2026] 1페이지까지 · 누적 1398건 (요청 8650회)
[질문의 계단 2023] 1페이지까지 · 누적 1398건 (요청 8651회)
[질문의 계단 2024] 1페이지까지 · 누적 1398건 (요청 8652회)
[질문의 계단 2025] 1페이지까지 · 누적 1398건 (요청 8653회)
[질문의 계단 2026] 1페이지까지 · 누적 1398건 (요청 8654회)
[질문이 POP하는 AI 질문나눔터 2023] 1페이지까지 · 누적 1398건 (요청 8655회)
[질문이 POP하는 AI 질문나눔터 2024] 1페이지까지 · 누적 1398건 (요청 8656회)
[질문이 POP하는 AI 질문나눔터 2025] 1페이지까지 · 누적 1398건 (요청 8657회)
[질문이 POP하는 AI 질문나눔터 2026] 1페이지까지 · 누적 1398건 (요청 8658회)
[질문하마 2023] 1페이지까지 · 누적 1398건 (요청 8659회)
[질문하마 2024] 1페이지까지 · 누적 1398건 (요청 8660회)
[질문하마 2025] 1페이지까지 · 누적 1398건 (요청 8661회)
[질문하마 2026] 1페이지까지 · 누적 1398건 (요청 8662회)
[짱구개미관찰키트 2023] 1페이지까지 · 누적 1398건 (요청 8663회)
[짱구개미관찰키트 2024] 1페이지까지 · 누적 1398건 (요청 8664회)
[짱구개미관찰키트 2025] 1페이지까지 · 누적 1398건 (요청 8665회)
[짱구개미관찰키트 2026] 1페이지까지 · 누적 1398건 (요청 8666회)
[쪼물락 코딩블록 2023] 1페이지까지 · 누적 1398건 (요청 8667회)
[쪼물락 코딩블록 2024] 1페이지까지 · 누적 1398건 (요청 8668회)
[쪼물락 코딩블록 2025] 1페이지까지 · 누적 1398건 (요청 8669회)
[쪼물락 코딩블록 2026] 1페이지까지 · 누적 1398건 (요청 8670회)
[쪽지 - 교실 내 공유 플랫폼 2023] 1페이지까지 · 누적 1398건 (요청 8671회)
[쪽지 - 교실 내 공유 플랫폼 2024] 1페이지까지 · 누적 1398건 (요청 8672회)
[쪽지 - 교실 내 공유 플랫폼 2025] 1페이지까지 · 누적 1398건 (요청 8673회)
[쪽지 - 교실 내 공유 플랫폼 2026] 1페이지까지 · 누적 1398건 (요청 8674회)
[차곡차곡 2023] 1페이지까지 · 누적 1398건 (요청 8675회)
[차곡차곡 2024] 1페이지까지 · 누적 1398건 (요청 8676회)
[차곡차곡 2025] 1페이지까지 · 누적 1398건 (요청 8677회)
[차곡차곡 2026] 1페이지까지 · 누적 1398건 (요청 8678회)
[차별화된 영어단어 프로그램 보카트레인 2023] 1페이지까지 · 누적 1398건 (요청 8679회)
[차별화된 영어단어 프로그램 보카트레인 2024] 1페이지까지 · 누적 1398건 (요청 8680회)
[차별화된 영어단어 프로그램 보카트레인 2025] 1페이지까지 · 누적 1398건 (요청 8681회)
[차별화된 영어단어 프로그램 보카트레인 2026] 1페이지까지 · 누적 1398건 (요청 8682회)
[차이의 놀이 2023] 1페이지까지 · 누적 1398건 (요청 8683회)
[차이의 놀이 2024] 1페이지까지 · 누적 1398건 (요청 8684회)
[차이의 놀이 2025] 1페이지까지 · 누적 1398건 (요청 8685회)
[차이의 놀이 2026] 1페이지까지 · 누적 1398건 (요청 8686회)
[차이팡 수학 2023] 1페이지까지 · 누적 1398건 (요청 8687회)
[차이팡 수학 2024] 1페이지까지 · 누적 1398건 (요청 8688회)
[차이팡 수학 2025] 1페이지까지 · 누적 1398건 (요청 8689회)
[차이팡 수학 2026] 1페이지까지 · 누적 1398건 (요청 8690회)
[차이팡 영어 2023] 1페이지까지 · 누적 1398건 (요청 8691회)
[차이팡 영어 2024] 1페이지까지 · 누적 1398건 (요청 8692회)
[차이팡 영어 2025] 1페이지까지 · 누적 1398건 (요청 8693회)
[차이팡 영어 2026] 1페이지까지 · 누적 1398건 (요청 8694회)
[차이팡 중국어 2023] 1페이지까지 · 누적 1398건 (요청 8695회)
[차이팡 중국어 2024] 1페이지까지 · 누적 1398건 (요청 8696회)
[차이팡 중국어 2025] 1페이지까지 · 누적 1398건 (요청 8697회)
[차이팡 중국어 2026] 1페이지까지 · 누적 1398건 (요청 8698회)
[차이팡 한글 2023] 1페이지까지 · 누적 1398건 (요청 8699회)
[차이팡 한글 2024] 1페이지까지 · 누적 1398건 (요청 8700회)
[차이팡 한글 2025] 1페이지까지 · 누적 1398건 (요청 8701회)
[차이팡 한글 2026] 1페이지까지 · 누적 1398건 (요청 8702회)
[차이팡키즈 색칠놀이 2023] 1페이지까지 · 누적 1398건 (요청 8703회)
[차이팡키즈 색칠놀이 2024] 1페이지까지 · 누적 1398건 (요청 8704회)
[차이팡키즈 색칠놀이 2025] 1페이지까지 · 누적 1398건 (요청 8705회)
[차이팡키즈 색칠놀이 2026] 1페이지까지 · 누적 1398건 (요청 8706회)
[차이팡키즈 안전교육 2023] 1페이지까지 · 누적 1398건 (요청 8707회)
[차이팡키즈 안전교육 2024] 1페이지까지 · 누적 1398건 (요청 8708회)
[차이팡키즈 안전교육 2025] 1페이지까지 · 누적 1398건 (요청 8709회)
[차이팡키즈 안전교육 2026] 1페이지까지 · 누적 1398건 (요청 8710회)
[참잘했어요 프린트학습지 2023] 1페이지까지 · 누적 1398건 (요청 8711회)
[참잘했어요 프린트학습지 2024] 1페이지까지 · 누적 1398건 (요청 8712회)
[참잘했어요 프린트학습지 2025] 1페이지까지 · 누적 1398건 (요청 8713회)
[참잘했어요 프린트학습지 2026] 1페이지까지 · 누적 1398건 (요청 8714회)
[창의력 두뇌개발 OTE블록 2023] 1페이지까지 · 누적 1398건 (요청 8715회)
[창의력 두뇌개발 OTE블록 2024] 1페이지까지 · 누적 1398건 (요청 8716회)
[창의력 두뇌개발 OTE블록 2025] 1페이지까지 · 누적 1398건 (요청 8717회)
[창의력 두뇌개발 OTE블록 2026] 1페이지까지 · 누적 1398건 (요청 8718회)
[창작진동카 만들기 키트 2023] 1페이지까지 · 누적 1398건 (요청 8719회)
[창작진동카 만들기 키트 2024] 1페이지까지 · 누적 1398건 (요청 8720회)
[창작진동카 만들기 키트 2025] 1페이지까지 · 누적 1398건 (요청 8721회)
[창작진동카 만들기 키트 2026] 1페이지까지 · 누적 1398건 (요청 8722회)
[찾아가는 AI 체험학습 2023] 1페이지까지 · 누적 1398건 (요청 8723회)
[찾아가는 AI 체험학습 2024] 1페이지까지 · 누적 1398건 (요청 8724회)
[찾아가는 AI 체험학습 2025] 1페이지까지 · 누적 1398건 (요청 8725회)
[찾아가는 AI 체험학습 2026] 1페이지까지 · 누적 1398건 (요청 8726회)
[책걸음 2023] 1페이지까지 · 누적 1398건 (요청 8727회)
[책걸음 2024] 1페이지까지 · 누적 1398건 (요청 8728회)
[책걸음 2025] 1페이지까지 · 누적 1398건 (요청 8729회)
[책걸음 2026] 1페이지까지 · 누적 1398건 (요청 8730회)
[책스책 2023] 1페이지까지 · 누적 1398건 (요청 8731회)
[책스책 2024] 1페이지까지 · 누적 1398건 (요청 8732회)
[책스책 2025] 1페이지까지 · 누적 1398건 (요청 8733회)
[책스책 2026] 1페이지까지 · 누적 1398건 (요청 8734회)
[책열매 2023] 1페이지까지 · 누적 1398건 (요청 8735회)
[책열매 2024] 1페이지까지 · 누적 1398건 (요청 8736회)
[책열매 2025] 1페이지까지 · 누적 1398건 (요청 8737회)
[책열매 2026] 1페이지까지 · 누적 1398건 (요청 8738회)
[챗메이트 2023] 1페이지까지 · 누적 1398건 (요청 8739회)
[챗메이트 2024] 1페이지까지 · 누적 1398건 (요청 8740회)
[챗메이트 2025] 1페이지까지 · 누적 1398건 (요청 8741회)
[챗메이트 2026] 1페이지까지 · 누적 1398건 (요청 8742회)
[처음 한글책 2023] 1페이지까지 · 누적 1398건 (요청 8743회)
[처음 한글책 2024] 1페이지까지 · 누적 1398건 (요청 8744회)
[처음 한글책 2025] 1페이지까지 · 누적 1398건 (요청 8745회)
[처음 한글책 2026] 1페이지까지 · 누적 1398건 (요청 8746회)
[천사일지 2023] 1페이지까지 · 누적 1398건 (요청 8747회)
[천사일지 2024] 1페이지까지 · 누적 1398건 (요청 8748회)
[천사일지 2025] 1페이지까지 · 누적 1398건 (요청 8749회)
[천사일지 2026] 1페이지까지 · 누적 1398건 (요청 8750회)
[천안시 전자도서관 2023] 1페이지까지 · 누적 1398건 (요청 8751회)
[천안시 전자도서관 2024] 1페이지까지 · 누적 1398건 (요청 8752회)
[천안시 전자도서관 2025] 1페이지까지 · 누적 1398건 (요청 8753회)
[천안시 전자도서관 2026] 1페이지까지 · 누적 1398건 (요청 8754회)
[청소년 행동평가척도 자기보고용 2023] 1페이지까지 · 누적 1398건 (요청 8755회)
[청소년 행동평가척도 자기보고용 2024] 1페이지까지 · 누적 1398건 (요청 8756회)
[청소년 행동평가척도 자기보고용 2025] 1페이지까지 · 누적 1398건 (요청 8757회)
[청소년 행동평가척도 자기보고용 2026] 1페이지까지 · 누적 1398건 (요청 8758회)
[체리 스쿨 2023] 1페이지까지 · 누적 1398건 (요청 8759회)
[체리 스쿨 2024] 1페이지까지 · 누적 1398건 (요청 8760회)
[체리 스쿨 2025] 1페이지까지 · 누적 1398건 (요청 8761회)
[체리 스쿨 2026] 1페이지까지 · 누적 1398건 (요청 8762회)
[체리팟 2023] 1페이지까지 · 누적 1398건 (요청 8763회)
[체리팟 2024] 1페이지까지 · 누적 1398건 (요청 8764회)
[체리팟 2025] 1페이지까지 · 누적 1398건 (요청 8765회)
[체리팟 2026] 1페이지까지 · 누적 1398건 (요청 8766회)
[체육과건강 2023] 1페이지까지 · 누적 1398건 (요청 8767회)
[체육과건강 2024] 1페이지까지 · 누적 1398건 (요청 8768회)
[체육과건강 2025] 1페이지까지 · 누적 1398건 (요청 8769회)
[체육과건강 2026] 1페이지까지 · 누적 1398건 (요청 8770회)
[체육볶음 2023] 1페이지까지 · 누적 1398건 (요청 8771회)
[체육볶음 2024] 1페이지까지 · 누적 1398건 (요청 8772회)
[체육볶음 2025] 1페이지까지 · 누적 1398건 (요청 8773회)
[체육볶음 2026] 1페이지까지 · 누적 1398건 (요청 8774회)
[첵스쿨 2023] 1페이지까지 · 누적 1398건 (요청 8775회)
[첵스쿨 2024] 1페이지까지 · 누적 1398건 (요청 8776회)
[첵스쿨 2025] 1페이지까지 · 누적 1398건 (요청 8777회)
[첵스쿨 2026] 1페이지까지 · 누적 1398건 (요청 8778회)
[초등 AI 체험 놀이터 아이노우 2023] 1페이지까지 · 누적 1398건 (요청 8779회)
[초등 AI 체험 놀이터 아이노우 2024] 1페이지까지 · 누적 1398건 (요청 8780회)
[초등 AI 체험 놀이터 아이노우 2025] 1페이지까지 · 누적 1398건 (요청 8781회)
[초등 AI 체험 놀이터 아이노우 2026] 1페이지까지 · 누적 1398건 (요청 8782회)
[초등 글쓰기 매주 3단어 - 표현력 키우기 1단계 2023] 1페이지까지 · 누적 1398건 (요청 8783회)
[초등 글쓰기 매주 3단어 - 표현력 키우기 1단계 2024] 1페이지까지 · 누적 1398건 (요청 8784회)
[초등 글쓰기 매주 3단어 - 표현력 키우기 1단계 2025] 1페이지까지 · 누적 1398건 (요청 8785회)
[초등 글쓰기 매주 3단어 - 표현력 키우기 1단계 2026] 1페이지까지 · 누적 1398건 (요청 8786회)
[초등 기초학력 온채움 시스템 2023] 1페이지까지 · 누적 1398건 (요청 8787회)
[초등 기초학력 온채움 시스템 2024] 1페이지까지 · 누적 1398건 (요청 8788회)
[초등 기초학력 온채움 시스템 2025] 1페이지까지 · 누적 1398건 (요청 8789회)
[초등 기초학력 온채움 시스템 2026] 1페이지까지 · 누적 1398건 (요청 8790회)
[초등 비바샘 2023] 1페이지까지 · 누적 1398건 (요청 8791회)
[초등 비바샘 2024] 1페이지까지 · 누적 1398건 (요청 8792회)
[초등 비바샘 2025] 1페이지까지 · 누적 1398건 (요청 8793회)
[초등 비바샘 2026] 1페이지까지 · 누적 1398건 (요청 8794회)
[초등 수학 3-1 2023] 1페이지까지 · 누적 1398건 (요청 8795회)
[초등 수학 3-1 2024] 1페이지까지 · 누적 1398건 (요청 8796회)
[초등 수학 3-1 2025] 1페이지까지 · 누적 1398건 (요청 8797회)
[초등 수학 3-1 2026] 1페이지까지 · 누적 1398건 (요청 8798회)
[초등 수학 3-1 박만구 AI 디지털 교육자료 2023] 1페이지까지 · 누적 1398건 (요청 8799회)
[초등 수학 3-1 박만구 AI 디지털 교육자료 2024] 1페이지까지 · 누적 1398건 (요청 8800회)
[초등 수학 3-1 박만구 AI 디지털 교육자료 2025] 1페이지까지 · 누적 1398건 (요청 8801회)
[초등 수학 3-1 박만구 AI 디지털 교육자료 2026] 1페이지까지 · 누적 1398건 (요청 8802회)
[초등 수학 3-1 한대희 AI 디지털 교육자료 2023] 1페이지까지 · 누적 1398건 (요청 8803회)
[초등 수학 3-1 한대희 AI 디지털 교육자료 2024] 1페이지까지 · 누적 1398건 (요청 8804회)
[초등 수학 3-1 한대희 AI 디지털 교육자료 2025] 1페이지까지 · 누적 1398건 (요청 8805회)
[초등 수학 3-1 한대희 AI 디지털 교육자료 2026] 1페이지까지 · 누적 1398건 (요청 8806회)
[초등 수학 3-2 2023] 1페이지까지 · 누적 1398건 (요청 8807회)
[초등 수학 3-2 2024] 1페이지까지 · 누적 1398건 (요청 8808회)
[초등 수학 3-2 2025] 1페이지까지 · 누적 1398건 (요청 8809회)
[초등 수학 3-2 2026] 1페이지까지 · 누적 1398건 (요청 8810회)
[초등 수학 3-2 박만구 AI 디지털 교육자료 2023] 1페이지까지 · 누적 1398건 (요청 8811회)
[초등 수학 3-2 박만구 AI 디지털 교육자료 2024] 1페이지까지 · 누적 1398건 (요청 8812회)
[초등 수학 3-2 박만구 AI 디지털 교육자료 2025] 1페이지까지 · 누적 1398건 (요청 8813회)
[초등 수학 3-2 박만구 AI 디지털 교육자료 2026] 1페이지까지 · 누적 1398건 (요청 8814회)
[초등 수학 3-2 한대희 AI 디지털 교육자료 2023] 1페이지까지 · 누적 1398건 (요청 8815회)
[초등 수학 3-2 한대희 AI 디지털 교육자료 2024] 1페이지까지 · 누적 1398건 (요청 8816회)
[초등 수학 3-2 한대희 AI 디지털 교육자료 2025] 1페이지까지 · 누적 1398건 (요청 8817회)
[초등 수학 3-2 한대희 AI 디지털 교육자료 2026] 1페이지까지 · 누적 1398건 (요청 8818회)
[초등 수학 4-1 2023] 1페이지까지 · 누적 1398건 (요청 8819회)
[초등 수학 4-1 2024] 1페이지까지 · 누적 1398건 (요청 8820회)
[초등 수학 4-1 2025] 1페이지까지 · 누적 1398건 (요청 8821회)
[초등 수학 4-1 2026] 1페이지까지 · 누적 1398건 (요청 8822회)
[초등 수학 4-1 박만구 AI 디지털 교육자료 2023] 1페이지까지 · 누적 1398건 (요청 8823회)
[초등 수학 4-1 박만구 AI 디지털 교육자료 2024] 1페이지까지 · 누적 1398건 (요청 8824회)
[초등 수학 4-1 박만구 AI 디지털 교육자료 2025] 1페이지까지 · 누적 1398건 (요청 8825회)
[초등 수학 4-1 박만구 AI 디지털 교육자료 2026] 1페이지까지 · 누적 1398건 (요청 8826회)
[초등 수학 4-1 한대희 AI 디지털 교육자료 2023] 1페이지까지 · 누적 1398건 (요청 8827회)
[초등 수학 4-1 한대희 AI 디지털 교육자료 2024] 1페이지까지 · 누적 1398건 (요청 8828회)
[초등 수학 4-1 한대희 AI 디지털 교육자료 2025] 1페이지까지 · 누적 1398건 (요청 8829회)
[초등 수학 4-1 한대희 AI 디지털 교육자료 2026] 1페이지까지 · 누적 1398건 (요청 8830회)
[초등 수학 4-2 2023] 1페이지까지 · 누적 1398건 (요청 8831회)
[초등 수학 4-2 2024] 1페이지까지 · 누적 1398건 (요청 8832회)
[초등 수학 4-2 2025] 1페이지까지 · 누적 1398건 (요청 8833회)
[초등 수학 4-2 2026] 1페이지까지 · 누적 1398건 (요청 8834회)
[초등 수학 4-2 박만구 AI 디지털 교육자료 2023] 1페이지까지 · 누적 1398건 (요청 8835회)
[초등 수학 4-2 박만구 AI 디지털 교육자료 2024] 1페이지까지 · 누적 1398건 (요청 8836회)
[초등 수학 4-2 박만구 AI 디지털 교육자료 2025] 1페이지까지 · 누적 1398건 (요청 8837회)
[초등 수학 4-2 박만구 AI 디지털 교육자료 2026] 1페이지까지 · 누적 1398건 (요청 8838회)
[초등 수학 4-2 한대희 AI 디지털 교육자료 2023] 1페이지까지 · 누적 1398건 (요청 8839회)
[초등 수학 4-2 한대희 AI 디지털 교육자료 2024] 1페이지까지 · 누적 1398건 (요청 8840회)
[초등 수학 4-2 한대희 AI 디지털 교육자료 2025] 1페이지까지 · 누적 1398건 (요청 8841회)
[초등 수학 4-2 한대희 AI 디지털 교육자료 2026] 1페이지까지 · 누적 1398건 (요청 8842회)
[초등 수학 5-1 2023] 1페이지까지 · 누적 1398건 (요청 8843회)
[초등 수학 5-1 2024] 1페이지까지 · 누적 1398건 (요청 8844회)
[초등 수학 5-1 2025] 1페이지까지 · 누적 1398건 (요청 8845회)
[초등 수학 5-1 2026] 1페이지까지 · 누적 1398건 (요청 8846회)
[초등 수학 5-1 박만구 AI 디지털 교육자료 2023] 1페이지까지 · 누적 1398건 (요청 8847회)
[초등 수학 5-1 박만구 AI 디지털 교육자료 2024] 1페이지까지 · 누적 1398건 (요청 8848회)
[초등 수학 5-1 박만구 AI 디지털 교육자료 2025] 1페이지까지 · 누적 1398건 (요청 8849회)
[초등 수학 5-1 박만구 AI 디지털 교육자료 2026] 1페이지까지 · 누적 1398건 (요청 8850회)
[초등 수학 5-1 한대희 AI 디지털 교육자료 2023] 1페이지까지 · 누적 1398건 (요청 8851회)
[초등 수학 5-1 한대희 AI 디지털 교육자료 2024] 1페이지까지 · 누적 1398건 (요청 8852회)
[초등 수학 5-1 한대희 AI 디지털 교육자료 2025] 1페이지까지 · 누적 1398건 (요청 8853회)
[초등 수학 5-1 한대희 AI 디지털 교육자료 2026] 1페이지까지 · 누적 1398건 (요청 8854회)
[초등 수학 5-2 2023] 1페이지까지 · 누적 1398건 (요청 8855회)
[초등 수학 5-2 2024] 1페이지까지 · 누적 1398건 (요청 8856회)
[초등 수학 5-2 2025] 1페이지까지 · 누적 1398건 (요청 8857회)
[초등 수학 5-2 2026] 1페이지까지 · 누적 1398건 (요청 8858회)
[초등 수학 5-2 박만구 AI 디지털 교육자료 2023] 1페이지까지 · 누적 1398건 (요청 8859회)
[초등 수학 5-2 박만구 AI 디지털 교육자료 2024] 1페이지까지 · 누적 1398건 (요청 8860회)
[초등 수학 5-2 박만구 AI 디지털 교육자료 2025] 1페이지까지 · 누적 1398건 (요청 8861회)
[초등 수학 5-2 박만구 AI 디지털 교육자료 2026] 1페이지까지 · 누적 1398건 (요청 8862회)
[초등 수학 5-2 한대희 AI 디지털 교육자료 2023] 1페이지까지 · 누적 1398건 (요청 8863회)
[초등 수학 5-2 한대희 AI 디지털 교육자료 2024] 1페이지까지 · 누적 1398건 (요청 8864회)
[초등 수학 5-2 한대희 AI 디지털 교육자료 2025] 1페이지까지 · 누적 1398건 (요청 8865회)
[초등 수학 5-2 한대희 AI 디지털 교육자료 2026] 1페이지까지 · 누적 1398건 (요청 8866회)
[초등 수학 6-1 2023] 1페이지까지 · 누적 1398건 (요청 8867회)
[초등 수학 6-1 2024] 1페이지까지 · 누적 1398건 (요청 8868회)
[초등 수학 6-1 2025] 1페이지까지 · 누적 1398건 (요청 8869회)
[초등 수학 6-1 2026] 1페이지까지 · 누적 1398건 (요청 8870회)
[초등 수학 6-1 박만구 AI 디지털 교육자료 2023] 1페이지까지 · 누적 1398건 (요청 8871회)
[초등 수학 6-1 박만구 AI 디지털 교육자료 2024] 1페이지까지 · 누적 1398건 (요청 8872회)
[초등 수학 6-1 박만구 AI 디지털 교육자료 2025] 1페이지까지 · 누적 1398건 (요청 8873회)
[초등 수학 6-1 박만구 AI 디지털 교육자료 2026] 1페이지까지 · 누적 1398건 (요청 8874회)
[초등 수학 6-1 한대희 AI 디지털 교육자료 2023] 1페이지까지 · 누적 1398건 (요청 8875회)
[초등 수학 6-1 한대희 AI 디지털 교육자료 2024] 1페이지까지 · 누적 1398건 (요청 8876회)
[초등 수학 6-1 한대희 AI 디지털 교육자료 2025] 1페이지까지 · 누적 1398건 (요청 8877회)
[초등 수학 6-1 한대희 AI 디지털 교육자료 2026] 1페이지까지 · 누적 1398건 (요청 8878회)
[초등 수학 6-2 2023] 1페이지까지 · 누적 1398건 (요청 8879회)
[초등 수학 6-2 2024] 1페이지까지 · 누적 1398건 (요청 8880회)
[초등 수학 6-2 2025] 1페이지까지 · 누적 1398건 (요청 8881회)
[초등 수학 6-2 2026] 1페이지까지 · 누적 1398건 (요청 8882회)
[초등 수학 6-2 박만구 AI 디지털 교육자료 2023] 1페이지까지 · 누적 1398건 (요청 8883회)
[초등 수학 6-2 박만구 AI 디지털 교육자료 2024] 1페이지까지 · 누적 1398건 (요청 8884회)
[초등 수학 6-2 박만구 AI 디지털 교육자료 2025] 1페이지까지 · 누적 1398건 (요청 8885회)
[초등 수학 6-2 박만구 AI 디지털 교육자료 2026] 1페이지까지 · 누적 1398건 (요청 8886회)
[초등 수학 6-2 한대희 AI 디지털 교육자료 2023] 1페이지까지 · 누적 1398건 (요청 8887회)
[초등 수학 6-2 한대희 AI 디지털 교육자료 2024] 1페이지까지 · 누적 1398건 (요청 8888회)
[초등 수학 6-2 한대희 AI 디지털 교육자료 2025] 1페이지까지 · 누적 1398건 (요청 8889회)
[초등 수학 6-2 한대희 AI 디지털 교육자료 2026] 1페이지까지 · 누적 1398건 (요청 8890회)
[초등 영어 3 2023] 1페이지까지 · 누적 1398건 (요청 8891회)
[초등 영어 3 2024] 1페이지까지 · 누적 1398건 (요청 8892회)
[초등 영어 3 2025] 1페이지까지 · 누적 1398건 (요청 8893회)
[초등 영어 3 2026] 1페이지까지 · 누적 1398건 (요청 8894회)
[초등 영어 3 김태은 AI 디지털 교육자료 2023] 1페이지까지 · 누적 1398건 (요청 8895회)
[초등 영어 3 김태은 AI 디지털 교육자료 2024] 1페이지까지 · 누적 1398건 (요청 8896회)
[초등 영어 3 김태은 AI 디지털 교육자료 2025] 1페이지까지 · 누적 1398건 (요청 8897회)
[초등 영어 3 김태은 AI 디지털 교육자료 2026] 1페이지까지 · 누적 1398건 (요청 8898회)
[초등 영어 3 이동환 AI 디지털 교육자료 2023] 1페이지까지 · 누적 1398건 (요청 8899회)
[초등 영어 3 이동환 AI 디지털 교육자료 2024] 1페이지까지 · 누적 1398건 (요청 8900회)
[초등 영어 3 이동환 AI 디지털 교육자료 2025] 1페이지까지 · 누적 1398건 (요청 8901회)
[초등 영어 3 이동환 AI 디지털 교육자료 2026] 1페이지까지 · 누적 1398건 (요청 8902회)
[초등 영어 3 함순애 AI 디지털 교육자료 2023] 1페이지까지 · 누적 1398건 (요청 8903회)
[초등 영어 3 함순애 AI 디지털 교육자료 2024] 1페이지까지 · 누적 1398건 (요청 8904회)
[초등 영어 3 함순애 AI 디지털 교육자료 2025] 1페이지까지 · 누적 1398건 (요청 8905회)
[초등 영어 3 함순애 AI 디지털 교육자료 2026] 1페이지까지 · 누적 1398건 (요청 8906회)
[초등 영어 4 2023] 1페이지까지 · 누적 1398건 (요청 8907회)
[초등 영어 4 2024] 1페이지까지 · 누적 1398건 (요청 8908회)
[초등 영어 4 2025] 1페이지까지 · 누적 1398건 (요청 8909회)
[초등 영어 4 2026] 1페이지까지 · 누적 1398건 (요청 8910회)
[초등 영어 4 김태은 AI 디지털 교육자료 2023] 1페이지까지 · 누적 1398건 (요청 8911회)
[초등 영어 4 김태은 AI 디지털 교육자료 2024] 1페이지까지 · 누적 1398건 (요청 8912회)
[초등 영어 4 김태은 AI 디지털 교육자료 2025] 1페이지까지 · 누적 1398건 (요청 8913회)
[초등 영어 4 김태은 AI 디지털 교육자료 2026] 1페이지까지 · 누적 1398건 (요청 8914회)
[초등 영어 4 이동환 AI 디지털 교육자료 2023] 1페이지까지 · 누적 1398건 (요청 8915회)
[초등 영어 4 이동환 AI 디지털 교육자료 2024] 1페이지까지 · 누적 1398건 (요청 8916회)
[초등 영어 4 이동환 AI 디지털 교육자료 2025] 1페이지까지 · 누적 1398건 (요청 8917회)
[초등 영어 4 이동환 AI 디지털 교육자료 2026] 1페이지까지 · 누적 1398건 (요청 8918회)
[초등 영어 4 함순애 AI 디지털 교육자료 2023] 1페이지까지 · 누적 1398건 (요청 8919회)
[초등 영어 4 함순애 AI 디지털 교육자료 2024] 1페이지까지 · 누적 1398건 (요청 8920회)
[초등 영어 4 함순애 AI 디지털 교육자료 2025] 1페이지까지 · 누적 1398건 (요청 8921회)
[초등 영어 4 함순애 AI 디지털 교육자료 2026] 1페이지까지 · 누적 1398건 (요청 8922회)
[초등 영어 5 2023] 1페이지까지 · 누적 1398건 (요청 8923회)
[초등 영어 5 2024] 1페이지까지 · 누적 1398건 (요청 8924회)
[초등 영어 5 2025] 1페이지까지 · 누적 1398건 (요청 8925회)
[초등 영어 5 2026] 1페이지까지 · 누적 1398건 (요청 8926회)
[초등 영어 5 김태은 AI 디지털 교육자료 2023] 1페이지까지 · 누적 1398건 (요청 8927회)
[초등 영어 5 김태은 AI 디지털 교육자료 2024] 1페이지까지 · 누적 1398건 (요청 8928회)
[초등 영어 5 김태은 AI 디지털 교육자료 2025] 1페이지까지 · 누적 1398건 (요청 8929회)
[초등 영어 5 김태은 AI 디지털 교육자료 2026] 1페이지까지 · 누적 1398건 (요청 8930회)
[초등 영어 5 이동환 AI 디지털 교육자료 2023] 1페이지까지 · 누적 1398건 (요청 8931회)
[초등 영어 5 이동환 AI 디지털 교육자료 2024] 1페이지까지 · 누적 1398건 (요청 8932회)
[초등 영어 5 이동환 AI 디지털 교육자료 2025] 1페이지까지 · 누적 1398건 (요청 8933회)
[초등 영어 5 이동환 AI 디지털 교육자료 2026] 1페이지까지 · 누적 1398건 (요청 8934회)
[초등 영어 5 함순애 AI 디지털 교육자료 2023] 1페이지까지 · 누적 1398건 (요청 8935회)
[초등 영어 5 함순애 AI 디지털 교육자료 2024] 1페이지까지 · 누적 1398건 (요청 8936회)
[초등 영어 5 함순애 AI 디지털 교육자료 2025] 1페이지까지 · 누적 1398건 (요청 8937회)
[초등 영어 5 함순애 AI 디지털 교육자료 2026] 1페이지까지 · 누적 1398건 (요청 8938회)
[초등 영어 6 2023] 1페이지까지 · 누적 1398건 (요청 8939회)
[초등 영어 6 2024] 1페이지까지 · 누적 1398건 (요청 8940회)
[초등 영어 6 2025] 1페이지까지 · 누적 1398건 (요청 8941회)
[초등 영어 6 2026] 1페이지까지 · 누적 1398건 (요청 8942회)
[초등 영어 6 김태은 AI 디지털 교육자료 2023] 1페이지까지 · 누적 1398건 (요청 8943회)
[초등 영어 6 김태은 AI 디지털 교육자료 2024] 1페이지까지 · 누적 1398건 (요청 8944회)
[초등 영어 6 김태은 AI 디지털 교육자료 2025] 1페이지까지 · 누적 1398건 (요청 8945회)
[초등 영어 6 김태은 AI 디지털 교육자료 2026] 1페이지까지 · 누적 1398건 (요청 8946회)
[초등 영어 6 이동환 AI 디지털 교육자료 2023] 1페이지까지 · 누적 1398건 (요청 8947회)
[초등 영어 6 이동환 AI 디지털 교육자료 2024] 1페이지까지 · 누적 1398건 (요청 8948회)
[초등 영어 6 이동환 AI 디지털 교육자료 2025] 1페이지까지 · 누적 1398건 (요청 8949회)
[초등 영어 6 이동환 AI 디지털 교육자료 2026] 1페이지까지 · 누적 1398건 (요청 8950회)
[초등 영어 6 함순애 AI 디지털 교육자료 2023] 1페이지까지 · 누적 1398건 (요청 8951회)
[초등 영어 6 함순애 AI 디지털 교육자료 2024] 1페이지까지 · 누적 1398건 (요청 8952회)
[초등 영어 6 함순애 AI 디지털 교육자료 2025] 1페이지까지 · 누적 1398건 (요청 8953회)
[초등 영어 6 함순애 AI 디지털 교육자료 2026] 1페이지까지 · 누적 1398건 (요청 8954회)
[초등 온라인 영어 콘텐츠 2023] 1페이지까지 · 누적 1398건 (요청 8955회)
[초등 온라인 영어 콘텐츠 2024] 1페이지까지 · 누적 1398건 (요청 8956회)
[초등 온라인 영어 콘텐츠 2025] 1페이지까지 · 누적 1398건 (요청 8957회)
[초등 온라인 영어 콘텐츠 2026] 1페이지까지 · 누적 1398건 (요청 8958회)
[초등 온평가 시스템 2023] 1페이지까지 · 누적 1398건 (요청 8959회)
[초등 온평가 시스템 2024] 1페이지까지 · 누적 1398건 (요청 8960회)
[초등 온평가 시스템 2025] 1페이지까지 · 누적 1398건 (요청 8961회)
[초등 온평가 시스템 2026] 1페이지까지 · 누적 1398건 (요청 8962회)
[초등연구학교상설전시관 2023] 1페이지까지 · 누적 1398건 (요청 8963회)
[초등연구학교상설전시관 2024] 1페이지까지 · 누적 1398건 (요청 8964회)
[초등연구학교상설전시관 2025] 1페이지까지 · 누적 1398건 (요청 8965회)
[초등연구학교상설전시관 2026] 1페이지까지 · 누적 1398건 (요청 8966회)
[초등영어활용노트 어휘 2023] 1페이지까지 · 누적 1398건 (요청 8967회)
[초등영어활용노트 어휘 2024] 1페이지까지 · 누적 1398건 (요청 8968회)
[초등영어활용노트 어휘 2025] 1페이지까지 · 누적 1398건 (요청 8969회)
[초등영어활용노트 어휘 2026] 1페이지까지 · 누적 1398건 (요청 8970회)
[초등학교 정보여행 2023] 1페이지까지 · 누적 1398건 (요청 8971회)
[초등학교 정보여행 2024] 1페이지까지 · 누적 1398건 (요청 8972회)
[초등학교 정보여행 2025] 1페이지까지 · 누적 1398건 (요청 8973회)
[초등학교 정보여행 2026] 1페이지까지 · 누적 1398건 (요청 8974회)
[초록발자국 2023] 1페이지까지 · 누적 1405건 (요청 8982회)
[초록발자국 2024] 1페이지까지 · 누적 1407건 (요청 8985회)
[초록발자국 2025] 1페이지까지 · 누적 1408건 (요청 8987회)
[초록발자국 2026] 1페이지까지 · 누적 1408건 (요청 8988회)
[초록지도 2023] 1페이지까지 · 누적 1408건 (요청 8989회)
[초록지도 2024] 1페이지까지 · 누적 1408건 (요청 8990회)
[초록지도 2025] 1페이지까지 · 누적 1408건 (요청 8991회)
[초록지도 2026] 1페이지까지 · 누적 1408건 (요청 8992회)
[초코마에 2023] 1페이지까지 · 누적 1408건 (요청 8993회)
[초코마에 2024] 1페이지까지 · 누적 1408건 (요청 8994회)
[초코마에 2025] 1페이지까지 · 누적 1408건 (요청 8995회)
[초코마에 2026] 1페이지까지 · 누적 1408건 (요청 8996회)
[초코클래스 2023] 1페이지까지 · 누적 1408건 (요청 8997회)
[초코클래스 2024] 1페이지까지 · 누적 1409건 (요청 8999회)
[초코클래스 2025] 1페이지까지 · 누적 1410건 (요청 9001회)
[초코클래스 2026] 1페이지까지 · 누적 1411건 (요청 9003회)
[초코파이썬 2023] 1페이지까지 · 누적 1411건 (요청 9004회)
[초코파이썬 2024] 1페이지까지 · 누적 1411건 (요청 9005회)
[초코파이썬 2025] 1페이지까지 · 누적 1411건 (요청 9006회)
[초코파이썬 2026] 1페이지까지 · 누적 1411건 (요청 9007회)
[초코파이썬 AI SW 2023] 1페이지까지 · 누적 1411건 (요청 9008회)
[초코파이썬 AI SW 2024] 1페이지까지 · 누적 1411건 (요청 9009회)
[초코파이썬 AI SW 2025] 1페이지까지 · 누적 1411건 (요청 9010회)
[초코파이썬 AI SW 2026] 1페이지까지 · 누적 1411건 (요청 9011회)
[최소성취수준보장 예방지도 출석부 2023] 1페이지까지 · 누적 1411건 (요청 9012회)
[최소성취수준보장 예방지도 출석부 2024] 1페이지까지 · 누적 1411건 (요청 9013회)
[최소성취수준보장 예방지도 출석부 2025] 1페이지까지 · 누적 1411건 (요청 9014회)
[최소성취수준보장 예방지도 출석부 2026] 1페이지까지 · 누적 1411건 (요청 9015회)
[추리추리춤추리 2023] 1페이지까지 · 누적 1411건 (요청 9016회)
[추리추리춤추리 2024] 1페이지까지 · 누적 1411건 (요청 9017회)
[추리추리춤추리 2025] 1페이지까지 · 누적 1411건 (요청 9018회)
[추리추리춤추리 2026] 1페이지까지 · 누적 1411건 (요청 9019회)
[출결관리 시스템 2023] 1페이지까지 · 누적 1411건 (요청 9020회)
[출결관리 시스템 2024] 1페이지까지 · 누적 1411건 (요청 9021회)
[출결관리 시스템 2025] 1페이지까지 · 누적 1411건 (요청 9022회)
[출결관리 시스템 2026] 1페이지까지 · 누적 1411건 (요청 9023회)
[출동! 멸종위기 동물 구조 작전 몬스터카 2023] 1페이지까지 · 누적 1411건 (요청 9024회)
[출동! 멸종위기 동물 구조 작전 몬스터카 2024] 1페이지까지 · 누적 1411건 (요청 9025회)
[출동! 멸종위기 동물 구조 작전 몬스터카 2025] 1페이지까지 · 누적 1411건 (요청 9026회)
[출동! 멸종위기 동물 구조 작전 몬스터카 2026] 1페이지까지 · 누적 1411건 (요청 9027회)
[충남진로이력관리시스템 2023] 1페이지까지 · 누적 1411건 (요청 9028회)
[충남진로이력관리시스템 2024] 1페이지까지 · 누적 1411건 (요청 9029회)
[충남진로이력관리시스템 2025] 1페이지까지 · 누적 1411건 (요청 9030회)
[충남진로이력관리시스템 2026] 1페이지까지 · 누적 1411건 (요청 9031회)
[충북 학생 체인지 플랫폼 2023] 1페이지까지 · 누적 1411건 (요청 9032회)
[충북 학생 체인지 플랫폼 2024] 1페이지까지 · 누적 1411건 (요청 9033회)
[충북 학생 체인지 플랫폼 2025] 1페이지까지 · 누적 1411건 (요청 9034회)
[충북 학생 체인지 플랫폼 2026] 1페이지까지 · 누적 1411건 (요청 9035회)
[충북온라인학교 수업 관리 시스템 2023] 1페이지까지 · 누적 1411건 (요청 9036회)
[충북온라인학교 수업 관리 시스템 2024] 1페이지까지 · 누적 1411건 (요청 9037회)
[충북온라인학교 수업 관리 시스템 2025] 1페이지까지 · 누적 1411건 (요청 9038회)
[충북온라인학교 수업 관리 시스템 2026] 1페이지까지 · 누적 1411건 (요청 9039회)
[충청남도교육청 통합도서관 2023] 1페이지까지 · 누적 1411건 (요청 9040회)
[충청남도교육청 통합도서관 2024] 1페이지까지 · 누적 1411건 (요청 9041회)
[충청남도교육청 통합도서관 2025] 1페이지까지 · 누적 1411건 (요청 9042회)
[충청남도교육청 통합도서관 2026] 1페이지까지 · 누적 1411건 (요청 9043회)
[치즈스틱 2023] 1페이지까지 · 누적 1411건 (요청 9044회)
[치즈스틱 2024] 1페이지까지 · 누적 1411건 (요청 9045회)
[치즈스틱 2025] 1페이지까지 · 누적 1413건 (요청 9048회)
[치즈스틱 2026] 1페이지까지 · 누적 1413건 (요청 9049회)
[친환경 STEAM 융합 교구 '아트봇 ' 2023] 1페이지까지 · 누적 1413건 (요청 9050회)
[친환경 STEAM 융합 교구 '아트봇 ' 2024] 1페이지까지 · 누적 1413건 (요청 9051회)
[친환경 STEAM 융합 교구 '아트봇 ' 2025] 1페이지까지 · 누적 1413건 (요청 9052회)
[친환경 STEAM 융합 교구 '아트봇 ' 2026] 1페이지까지 · 누적 1413건 (요청 9053회)
[친환경 전기자동차 2023] 1페이지까지 · 누적 1413건 (요청 9054회)
[친환경 전기자동차 2024] 1페이지까지 · 누적 1413건 (요청 9055회)
[친환경 전기자동차 2025] 1페이지까지 · 누적 1413건 (요청 9056회)
[친환경 전기자동차 2026] 1페이지까지 · 누적 1413건 (요청 9057회)
[칭찬모아 2023] 1페이지까지 · 누적 1413건 (요청 9058회)
[칭찬모아 2024] 1페이지까지 · 누적 1413건 (요청 9059회)
[칭찬모아 2025] 1페이지까지 · 누적 1413건 (요청 9060회)
[칭찬모아 2026] 1페이지까지 · 누적 1413건 (요청 9061회)
[카그모테스트 2023] 1페이지까지 · 누적 1413건 (요청 9062회)
[카그모테스트 2024] 1페이지까지 · 누적 1413건 (요청 9063회)
[카그모테스트 2025] 1페이지까지 · 누적 1413건 (요청 9064회)
[카그모테스트 2026] 1페이지까지 · 누적 1413건 (요청 9065회)
[카디오링크 2023] 1페이지까지 · 누적 1413건 (요청 9066회)
[카디오링크 2024] 1페이지까지 · 누적 1413건 (요청 9067회)
[카디오링크 2025] 1페이지까지 · 누적 1413건 (요청 9068회)
[카디오링크 2026] 1페이지까지 · 누적 1413건 (요청 9069회)
[카미봇파이AI 2023] 1페이지까지 · 누적 1414건 (요청 9071회)
[카미봇파이AI 2024] 1페이지까지 · 누적 1415건 (요청 9073회)
[카미봇파이AI 2025] 1페이지까지 · 누적 1415건 (요청 9074회)
[카미봇파이AI 2026] 1페이지까지 · 누적 1415건 (요청 9075회)
[카카오톡 및 톡채널, 카카오맵, 카카오메일 2023] 1페이지까지 · 누적 1415건 (요청 9076회)
[카카오톡 및 톡채널, 카카오맵, 카카오메일 2024] 1페이지까지 · 누적 1415건 (요청 9077회)
[카카오톡 및 톡채널, 카카오맵, 카카오메일 2025] 1페이지까지 · 누적 1415건 (요청 9078회)
[카카오톡 및 톡채널, 카카오맵, 카카오메일 2026] 1페이지까지 · 누적 1415건 (요청 9079회)
[카피킬러 2023] 1페이지까지 · 누적 1415건 (요청 9080회)
[카피킬러 2024] 1페이지까지 · 누적 1415건 (요청 9081회)
[카피킬러 2025] 1페이지까지 · 누적 1415건 (요청 9082회)
[카피킬러 2026] 1페이지까지 · 누적 1416건 (요청 9084회)
[카피킬러스쿨 2023] 1페이지까지 · 누적 1416건 (요청 9085회)
[카피킬러스쿨 2024] 1페이지까지 · 누적 1416건 (요청 9086회)
[카피킬러스쿨 2025] 1페이지까지 · 누적 1416건 (요청 9087회)
[카피킬러스쿨 2026] 1페이지까지 · 누적 1416건 (요청 9088회)
[카훗 화이트보드 2023] 1페이지까지 · 누적 1416건 (요청 9089회)
[카훗 화이트보드 2024] 1페이지까지 · 누적 1416건 (요청 9090회)
[카훗 화이트보드 2025] 1페이지까지 · 누적 1416건 (요청 9091회)
[카훗 화이트보드 2026] 1페이지까지 · 누적 1416건 (요청 9092회)
[칼리지스 2023] 1페이지까지 · 누적 1416건 (요청 9093회)
[칼리지스 2024] 1페이지까지 · 누적 1416건 (요청 9094회)
[칼리지스 2025] 1페이지까지 · 누적 1416건 (요청 9095회)
[칼리지스 2026] 1페이지까지 · 누적 1416건 (요청 9096회)
[캐럿AI 2023] 1페이지까지 · 누적 1416건 (요청 9097회)
[캐럿AI 2024] 1페이지까지 · 누적 1416건 (요청 9098회)
[캐럿AI 2025] 1페이지까지 · 누적 1416건 (요청 9099회)
[캐럿AI 2026] 1페이지까지 · 누적 1416건 (요청 9100회)
[캘리그라퍼 키트 2023] 1페이지까지 · 누적 1416건 (요청 9101회)
[캘리그라퍼 키트 2024] 1페이지까지 · 누적 1416건 (요청 9102회)
[캘리그라퍼 키트 2025] 1페이지까지 · 누적 1416건 (요청 9103회)
[캘리그라퍼 키트 2026] 1페이지까지 · 누적 1416건 (요청 9104회)
[캠스몬 2023] 1페이지까지 · 누적 1416건 (요청 9105회)
[캠스몬 2024] 1페이지까지 · 누적 1416건 (요청 9106회)
[캠스몬 2025] 1페이지까지 · 누적 1416건 (요청 9107회)
[캠스몬 2026] 1페이지까지 · 누적 1416건 (요청 9108회)
[캣그라스 & 리필 2023] 1페이지까지 · 누적 1416건 (요청 9109회)
[캣그라스 & 리필 2024] 1페이지까지 · 누적 1416건 (요청 9110회)
[캣그라스 & 리필 2025] 1페이지까지 · 누적 1416건 (요청 9111회)
[캣그라스 & 리필 2026] 1페이지까지 · 누적 1416건 (요청 9112회)
[커넥트 2023] 1페이지까지 · 누적 1417건 (요청 9114회)
[커넥트 2024] 1페이지까지 · 누적 1418건 (요청 9116회)
[커넥트 2025] 1페이지까지 · 누적 1418건 (요청 9117회)
[커넥트 2026] 1페이지까지 · 누적 1419건 (요청 9119회)
[커리어킷 2023] 1페이지까지 · 누적 1419건 (요청 9120회)
[커리어킷 2024] 1페이지까지 · 누적 1419건 (요청 9121회)
[커리어킷 2025] 1페이지까지 · 누적 1419건 (요청 9122회)
[커리어킷 2026] 1페이지까지 · 누적 1419건 (요청 9123회)
[커리즌 2023] 1페이지까지 · 누적 1419건 (요청 9124회)
[커리즌 2024] 1페이지까지 · 누적 1419건 (요청 9125회)
[커리즌 2025] 1페이지까지 · 누적 1419건 (요청 9126회)
[커리즌 2026] 1페이지까지 · 누적 1419건 (요청 9127회)
[커뮤니샷 2023] 1페이지까지 · 누적 1419건 (요청 9128회)
[커뮤니샷 2024] 1페이지까지 · 누적 1419건 (요청 9129회)
[커뮤니샷 2025] 1페이지까지 · 누적 1419건 (요청 9130회)
[커뮤니샷 2026] 1페이지까지 · 누적 1419건 (요청 9131회)
[컵 글라이더 키트 2023] 1페이지까지 · 누적 1419건 (요청 9132회)
[컵 글라이더 키트 2024] 1페이지까지 · 누적 1419건 (요청 9133회)
[컵 글라이더 키트 2025] 1페이지까지 · 누적 1419건 (요청 9134회)
[컵 글라이더 키트 2026] 1페이지까지 · 누적 1419건 (요청 9135회)
[컵가든 2023] 1페이지까지 · 누적 1419건 (요청 9136회)
[컵가든 2024] 1페이지까지 · 누적 1419건 (요청 9137회)
[컵가든 2025] 1페이지까지 · 누적 1419건 (요청 9138회)
[컵가든 2026] 1페이지까지 · 누적 1419건 (요청 9139회)
[케이닷아이그림 2023] 1페이지까지 · 누적 1419건 (요청 9140회)
[케이닷아이그림 2024] 1페이지까지 · 누적 1419건 (요청 9141회)
[케이닷아이그림 2025] 1페이지까지 · 누적 1419건 (요청 9142회)
[케이닷아이그림 2026] 1페이지까지 · 누적 1419건 (요청 9143회)
[케이렙 2023] 1페이지까지 · 누적 1419건 (요청 9144회)
[케이렙 2024] 1페이지까지 · 누적 1419건 (요청 9145회)
[케이렙 2025] 1페이지까지 · 누적 1419건 (요청 9146회)
[케이렙 2026] 1페이지까지 · 누적 1419건 (요청 9147회)
[케이파닉스한글 2023] 1페이지까지 · 누적 1419건 (요청 9148회)
[케이파닉스한글 2024] 1페이지까지 · 누적 1419건 (요청 9149회)
[케이파닉스한글 2025] 1페이지까지 · 누적 1419건 (요청 9150회)
[케이파닉스한글 2026] 1페이지까지 · 누적 1419건 (요청 9151회)
[케이핌즈 2023] 1페이지까지 · 누적 1419건 (요청 9152회)
[케이핌즈 2024] 1페이지까지 · 누적 1419건 (요청 9153회)
[케이핌즈 2025] 1페이지까지 · 누적 1419건 (요청 9154회)
[케이핌즈 2026] 1페이지까지 · 누적 1419건 (요청 9155회)
[코그업플레이 2023] 1페이지까지 · 누적 1419건 (요청 9156회)
[코그업플레이 2024] 1페이지까지 · 누적 1419건 (요청 9157회)
[코그업플레이 2025] 1페이지까지 · 누적 1419건 (요청 9158회)
[코그업플레이 2026] 1페이지까지 · 누적 1419건 (요청 9159회)
[코드닷오알지 2023] 1페이지까지 · 누적 1419건 (요청 9160회)
[코드닷오알지 2024] 1페이지까지 · 누적 1419건 (요청 9161회)
[코드닷오알지 2025] 1페이지까지 · 누적 1419건 (요청 9162회)
[코드닷오알지 2026] 1페이지까지 · 누적 1419건 (요청 9163회)
[코드닷오알지 스튜디오 2023] 1페이지까지 · 누적 1419건 (요청 9164회)
[코드닷오알지 스튜디오 2024] 1페이지까지 · 누적 1419건 (요청 9165회)
[코드닷오알지 스튜디오 2025] 1페이지까지 · 누적 1419건 (요청 9166회)
[코드닷오알지 스튜디오 2026] 1페이지까지 · 누적 1419건 (요청 9167회)
[코드론 / 로킷 브릭 2023] 1페이지까지 · 누적 1419건 (요청 9168회)
[코드론 / 로킷 브릭 2024] 1페이지까지 · 누적 1419건 (요청 9169회)
[코드론 / 로킷 브릭 2025] 1페이지까지 · 누적 1419건 (요청 9170회)
[코드론 / 로킷 브릭 2026] 1페이지까지 · 누적 1419건 (요청 9171회)
[코드론 / 블록클리 2023] 1페이지까지 · 누적 1419건 (요청 9172회)
[코드론 / 블록클리 2024] 1페이지까지 · 누적 1419건 (요청 9173회)
[코드론 / 블록클리 2025] 1페이지까지 · 누적 1419건 (요청 9174회)
[코드론 / 블록클리 2026] 1페이지까지 · 누적 1419건 (요청 9175회)
[코드론 EDU 2023] 1페이지까지 · 누적 1419건 (요청 9176회)
[코드론 EDU 2024] 1페이지까지 · 누적 1419건 (요청 9177회)
[코드론 EDU 2025] 1페이지까지 · 누적 1419건 (요청 9178회)
[코드론 EDU 2026] 1페이지까지 · 누적 1419건 (요청 9179회)
[코드론 미니 2023] 1페이지까지 · 누적 1419건 (요청 9180회)
[코드론 미니 2024] 1페이지까지 · 누적 1419건 (요청 9181회)
[코드론 미니 2025] 1페이지까지 · 누적 1419건 (요청 9182회)
[코드론 미니 2026] 1페이지까지 · 누적 1419건 (요청 9183회)
[코드마에스트로 2023] 1페이지까지 · 누적 1419건 (요청 9184회)
[코드마에스트로 2024] 1페이지까지 · 누적 1419건 (요청 9185회)
[코드마에스트로 2025] 1페이지까지 · 누적 1419건 (요청 9186회)
[코드마에스트로 2026] 1페이지까지 · 누적 1419건 (요청 9187회)
[코드모스 2023] 2페이지까지 · 누적 1429건 (요청 9199회)
[코드모스 2024] 2페이지까지 · 누적 1442건 (요청 9214회)
[코드모스 2025] 1페이지까지 · 누적 1444건 (요청 9217회)
[코드모스 2026] 2페이지까지 · 누적 1456건 (요청 9231회)
[코드몽키 2023] 1페이지까지 · 누적 1456건 (요청 9232회)
[코드몽키 2024] 1페이지까지 · 누적 1456건 (요청 9233회)
[코드몽키 2025] 1페이지까지 · 누적 1456건 (요청 9234회)
[코드몽키 2026] 1페이지까지 · 누적 1456건 (요청 9235회)
[코드스타트 2023] 1페이지까지 · 누적 1456건 (요청 9236회)
[코드스타트 2024] 1페이지까지 · 누적 1456건 (요청 9237회)
[코드스타트 2025] 1페이지까지 · 누적 1456건 (요청 9238회)
[코드스타트 2026] 1페이지까지 · 누적 1456건 (요청 9239회)
[코드쌤봇 2023] 1페이지까지 · 누적 1456건 (요청 9240회)
[코드쌤봇 2024] 1페이지까지 · 누적 1456건 (요청 9241회)
[코드쌤봇 2025] 1페이지까지 · 누적 1456건 (요청 9242회)
[코드쌤봇 2026] 1페이지까지 · 누적 1456건 (요청 9243회)
[코드온 2023] 1페이지까지 · 누적 1456건 (요청 9244회)
[코드온 2024] 1페이지까지 · 누적 1456건 (요청 9245회)
[코드온 2025] 1페이지까지 · 누적 1456건 (요청 9246회)
[코드온 2026] 1페이지까지 · 누적 1456건 (요청 9247회)
[코드위즈 2023] 1페이지까지 · 누적 1461건 (요청 9253회)
[코드위즈 2024] 1페이지까지 · 누적 1464건 (요청 9257회)
[코드위즈 2025] 1페이지까지 · 누적 1464건 (요청 9258회)
[코드위즈 2026] 1페이지까지 · 누적 1464건 (요청 9259회)
[코드이썬 2023] 1페이지까지 · 누적 1464건 (요청 9260회)
[코드이썬 2024] 1페이지까지 · 누적 1464건 (요청 9261회)
[코드이썬 2025] 1페이지까지 · 누적 1464건 (요청 9262회)
[코드이썬 2026] 1페이지까지 · 누적 1464건 (요청 9263회)
[코드잇 2023] 1페이지까지 · 누적 1464건 (요청 9264회)
[코드잇 2024] 1페이지까지 · 누적 1464건 (요청 9265회)
[코드잇 2025] 1페이지까지 · 누적 1464건 (요청 9266회)
[코드잇 2026] 1페이지까지 · 누적 1464건 (요청 9267회)
[코드코렉트 2023] 1페이지까지 · 누적 1464건 (요청 9268회)
[코드코렉트 2024] 1페이지까지 · 누적 1464건 (요청 9269회)
[코드코렉트 2025] 1페이지까지 · 누적 1464건 (요청 9270회)
[코드코렉트 2026] 1페이지까지 · 누적 1464건 (요청 9271회)
[코드트리 2023] 1페이지까지 · 누적 1464건 (요청 9272회)
[코드트리 2024] 1페이지까지 · 누적 1464건 (요청 9273회)
[코드트리 2025] 1페이지까지 · 누적 1464건 (요청 9274회)
[코드트리 2026] 1페이지까지 · 누적 1464건 (요청 9275회)
[코드프렌즈 2023] 1페이지까지 · 누적 1464건 (요청 9276회)
[코드프렌즈 2024] 1페이지까지 · 누적 1464건 (요청 9277회)
[코드프렌즈 2025] 1페이지까지 · 누적 1464건 (요청 9278회)
[코드프렌즈 2026] 1페이지까지 · 누적 1464건 (요청 9279회)
[코들 AI 클래스룸 2023] 1페이지까지 · 누적 1464건 (요청 9280회)
[코들 AI 클래스룸 2024] 1페이지까지 · 누적 1464건 (요청 9281회)
[코들 AI 클래스룸 2025] 1페이지까지 · 누적 1464건 (요청 9282회)
[코들 AI 클래스룸 2026] 1페이지까지 · 누적 1464건 (요청 9283회)
[코들리 2023] 1페이지까지 · 누적 1464건 (요청 9284회)
[코들리 2024] 1페이지까지 · 누적 1464건 (요청 9285회)
[코들리 2025] 1페이지까지 · 누적 1464건 (요청 9286회)
[코들리 2026] 1페이지까지 · 누적 1464건 (요청 9287회)
[코디로키 2023] 1페이지까지 · 누적 1464건 (요청 9288회)
[코디로키 2024] 1페이지까지 · 누적 1464건 (요청 9289회)
[코디로키 2025] 1페이지까지 · 누적 1464건 (요청 9290회)
[코디로키 2026] 1페이지까지 · 누적 1464건 (요청 9291회)
[코디마스터 NFC출석체크 2023] 1페이지까지 · 누적 1464건 (요청 9292회)
[코디마스터 NFC출석체크 2024] 1페이지까지 · 누적 1464건 (요청 9293회)
[코디마스터 NFC출석체크 2025] 1페이지까지 · 누적 1464건 (요청 9294회)
[코디마스터 NFC출석체크 2026] 1페이지까지 · 누적 1464건 (요청 9295회)
[코디마스터 방과후관리시스템 2023] 1페이지까지 · 누적 1464건 (요청 9296회)
[코디마스터 방과후관리시스템 2024] 1페이지까지 · 누적 1464건 (요청 9297회)
[코디마스터 방과후관리시스템 2025] 1페이지까지 · 누적 1464건 (요청 9298회)
[코디마스터 방과후관리시스템 2026] 1페이지까지 · 누적 1464건 (요청 9299회)
[코디마스터 자유학기제관리시스템 2023] 1페이지까지 · 누적 1464건 (요청 9300회)
[코디마스터 자유학기제관리시스템 2024] 1페이지까지 · 누적 1464건 (요청 9301회)
[코디마스터 자유학기제관리시스템 2025] 1페이지까지 · 누적 1464건 (요청 9302회)
[코디마스터 자유학기제관리시스템 2026] 1페이지까지 · 누적 1464건 (요청 9303회)
[코디마스터-방과후관리플랫폼 2023] 1페이지까지 · 누적 1464건 (요청 9304회)
[코디마스터-방과후관리플랫폼 2024] 1페이지까지 · 누적 1464건 (요청 9305회)
[코디마스터-방과후관리플랫폼 2025] 1페이지까지 · 누적 1464건 (요청 9306회)
[코디마스터-방과후관리플랫폼 2026] 1페이지까지 · 누적 1464건 (요청 9307회)
[코디플레이 2023] 1페이지까지 · 누적 1464건 (요청 9308회)
[코디플레이 2024] 1페이지까지 · 누적 1464건 (요청 9309회)
[코디플레이 2025] 1페이지까지 · 누적 1464건 (요청 9310회)
[코디플레이 2026] 1페이지까지 · 누적 1464건 (요청 9311회)
[코딩로봇 네오스파이더 2023] 1페이지까지 · 누적 1464건 (요청 9312회)
[코딩로봇 네오스파이더 2024] 1페이지까지 · 누적 1464건 (요청 9313회)
[코딩로봇 네오스파이더 2025] 1페이지까지 · 누적 1464건 (요청 9314회)
[코딩로봇 네오스파이더 2026] 1페이지까지 · 누적 1464건 (요청 9315회)
[코딩로봇 로이 2023] 1페이지까지 · 누적 1464건 (요청 9316회)
[코딩로봇 로이 2024] 1페이지까지 · 누적 1464건 (요청 9317회)
[코딩로봇 로이 2025] 1페이지까지 · 누적 1464건 (요청 9318회)
[코딩로봇 로이 2026] 1페이지까지 · 누적 1464건 (요청 9319회)
[코딩스쿨 2023] 1페이지까지 · 누적 1464건 (요청 9320회)
[코딩스쿨 2024] 1페이지까지 · 누적 1464건 (요청 9321회)
[코딩스쿨 2025] 1페이지까지 · 누적 1464건 (요청 9322회)
[코딩스쿨 2026] 1페이지까지 · 누적 1464건 (요청 9323회)
[코딩판다 2023] 1페이지까지 · 누적 1464건 (요청 9324회)
[코딩판다 2024] 1페이지까지 · 누적 1464건 (요청 9325회)
[코딩판다 2025] 1페이지까지 · 누적 1464건 (요청 9326회)
[코딩판다 2026] 1페이지까지 · 누적 1464건 (요청 9327회)
[코비하우스VR 2023] 1페이지까지 · 누적 1464건 (요청 9328회)
[코비하우스VR 2024] 1페이지까지 · 누적 1464건 (요청 9329회)
[코비하우스VR 2025] 1페이지까지 · 누적 1464건 (요청 9330회)
[코비하우스VR 2026] 1페이지까지 · 누적 1464건 (요청 9331회)
[코스모스 AI 2023] 1페이지까지 · 누적 1464건 (요청 9332회)
[코스모스 AI 2024] 1페이지까지 · 누적 1464건 (요청 9333회)
[코스모스 AI 2025] 1페이지까지 · 누적 1464건 (요청 9334회)
[코스모스 AI 2026] 1페이지까지 · 누적 1464건 (요청 9335회)
[코알라보드 2023] 1페이지까지 · 누적 1464건 (요청 9336회)
[코알라보드 2024] 1페이지까지 · 누적 1464건 (요청 9337회)
[코알라보드 2025] 1페이지까지 · 누적 1464건 (요청 9338회)
[코알라보드 2026] 1페이지까지 · 누적 1464건 (요청 9339회)
[코에듀 2023] 1페이지까지 · 누적 1464건 (요청 9340회)
[코에듀 2024] 1페이지까지 · 누적 1464건 (요청 9341회)
[코에듀 2025] 1페이지까지 · 누적 1464건 (요청 9342회)
[코에듀 2026] 1페이지까지 · 누적 1464건 (요청 9343회)
[코코보드 2023] 1페이지까지 · 누적 1464건 (요청 9344회)
[코코보드 2024] 1페이지까지 · 누적 1464건 (요청 9345회)
[코코보드 2025] 1페이지까지 · 누적 1464건 (요청 9346회)
[코코보드 2026] 1페이지까지 · 누적 1464건 (요청 9347회)
[코코봇 2023] 1페이지까지 · 누적 1464건 (요청 9348회)
[코코봇 2024] 1페이지까지 · 누적 1464건 (요청 9349회)
[코코봇 2025] 1페이지까지 · 누적 1464건 (요청 9350회)
[코코봇 2026] 1페이지까지 · 누적 1464건 (요청 9351회)
[콘텐츠 플러스 2023] 1페이지까지 · 누적 1464건 (요청 9352회)
[콘텐츠 플러스 2024] 1페이지까지 · 누적 1464건 (요청 9353회)
[콘텐츠 플러스 2025] 1페이지까지 · 누적 1464건 (요청 9354회)
[콘텐츠 플러스 2026] 1페이지까지 · 누적 1464건 (요청 9355회)
[콘텐츠플러스 2023] 1페이지까지 · 누적 1464건 (요청 9356회)
[콘텐츠플러스 2024] 1페이지까지 · 누적 1464건 (요청 9357회)
[콘텐츠플러스 2025] 1페이지까지 · 누적 1464건 (요청 9358회)
[콘텐츠플러스 2026] 1페이지까지 · 누적 1465건 (요청 9360회)
[쿠링 VR AI 코딩어드벤처 2023] 1페이지까지 · 누적 1465건 (요청 9361회)
[쿠링 VR AI 코딩어드벤처 2024] 1페이지까지 · 누적 1465건 (요청 9362회)
[쿠링 VR AI 코딩어드벤처 2025] 1페이지까지 · 누적 1465건 (요청 9363회)
[쿠링 VR AI 코딩어드벤처 2026] 1페이지까지 · 누적 1465건 (요청 9364회)
[쿨메신저 2023] 1페이지까지 · 누적 1466건 (요청 9366회)
[쿨메신저 2024] 1페이지까지 · 누적 1466건 (요청 9367회)
[쿨메신저 2025] 1페이지까지 · 누적 1466건 (요청 9368회)
[쿨메신저 2026] 1페이지까지 · 누적 1466건 (요청 9369회)
[퀘스트북 2023] 1페이지까지 · 누적 1466건 (요청 9370회)
[퀘스트북 2024] 1페이지까지 · 누적 1466건 (요청 9371회)
[퀘스트북 2025] 1페이지까지 · 누적 1466건 (요청 9372회)
[퀘스트북 2026] 1페이지까지 · 누적 1466건 (요청 9373회)
[퀘스트스쿨 2023] 1페이지까지 · 누적 1466건 (요청 9374회)
[퀘스트스쿨 2024] 1페이지까지 · 누적 1466건 (요청 9375회)
[퀘스트스쿨 2025] 1페이지까지 · 누적 1466건 (요청 9376회)
[퀘스트스쿨 2026] 1페이지까지 · 누적 1466건 (요청 9377회)
[퀴즈마블 2023] 1페이지까지 · 누적 1466건 (요청 9378회)
[퀴즈마블 2024] 1페이지까지 · 누적 1466건 (요청 9379회)
[퀴즈마블 2025] 1페이지까지 · 누적 1466건 (요청 9380회)
[퀴즈마블 2026] 1페이지까지 · 누적 1466건 (요청 9381회)
[퀴즈볼 2023] 1페이지까지 · 누적 1466건 (요청 9382회)
[퀴즈볼 2024] 1페이지까지 · 누적 1466건 (요청 9383회)
[퀴즈볼 2025] 1페이지까지 · 누적 1466건 (요청 9384회)
[퀴즈볼 2026] 1페이지까지 · 누적 1466건 (요청 9385회)
[퀴즈앤 2023] 1페이지까지 · 누적 1466건 (요청 9386회)
[퀴즈앤 2024] 1페이지까지 · 누적 1466건 (요청 9387회)
[퀴즈앤 2025] 1페이지까지 · 누적 1466건 (요청 9388회)
[퀴즈앤 2026] 1페이지까지 · 누적 1466건 (요청 9389회)
[퀴즈올 온라인 퀴즈 SW 2023] 1페이지까지 · 누적 1466건 (요청 9390회)
[퀴즈올 온라인 퀴즈 SW 2024] 1페이지까지 · 누적 1466건 (요청 9391회)
[퀴즈올 온라인 퀴즈 SW 2025] 1페이지까지 · 누적 1466건 (요청 9392회)
[퀴즈올 온라인 퀴즈 SW 2026] 1페이지까지 · 누적 1466건 (요청 9393회)
[큐로AI 2023] 1페이지까지 · 누적 1468건 (요청 9396회)
[큐로AI 2024] 1페이지까지 · 누적 1468건 (요청 9397회)
[큐로AI 2025] 1페이지까지 · 누적 1470건 (요청 9400회)
[큐로AI 2026] 1페이지까지 · 누적 1470건 (요청 9401회)
[큐리오 매쓰매쓰 2023] 1페이지까지 · 누적 1470건 (요청 9402회)
[큐리오 매쓰매쓰 2024] 1페이지까지 · 누적 1470건 (요청 9403회)
[큐리오 매쓰매쓰 2025] 1페이지까지 · 누적 1470건 (요청 9404회)
[큐리오 매쓰매쓰 2026] 1페이지까지 · 누적 1470건 (요청 9405회)
[큐리오 사파리 2023] 1페이지까지 · 누적 1470건 (요청 9406회)
[큐리오 사파리 2024] 1페이지까지 · 누적 1470건 (요청 9407회)
[큐리오 사파리 2025] 1페이지까지 · 누적 1470건 (요청 9408회)
[큐리오 사파리 2026] 1페이지까지 · 누적 1470건 (요청 9409회)
[큐리오 월드맵 2023] 1페이지까지 · 누적 1470건 (요청 9410회)
[큐리오 월드맵 2024] 1페이지까지 · 누적 1470건 (요청 9411회)
[큐리오 월드맵 2025] 1페이지까지 · 누적 1470건 (요청 9412회)
[큐리오 월드맵 2026] 1페이지까지 · 누적 1470건 (요청 9413회)
[큐리팟 2023] 1페이지까지 · 누적 1470건 (요청 9414회)
[큐리팟 2024] 1페이지까지 · 누적 1470건 (요청 9415회)
[큐리팟 2025] 1페이지까지 · 누적 1470건 (요청 9416회)
[큐리팟 2026] 1페이지까지 · 누적 1470건 (요청 9417회)
[큐밋 포토폴리오 2023] 1페이지까지 · 누적 1470건 (요청 9418회)
[큐밋 포토폴리오 2024] 1페이지까지 · 누적 1470건 (요청 9419회)
[큐밋 포토폴리오 2025] 1페이지까지 · 누적 1470건 (요청 9420회)
[큐밋 포토폴리오 2026] 1페이지까지 · 누적 1470건 (요청 9421회)
[큐밋 포트폴리오 2023] 1페이지까지 · 누적 1470건 (요청 9422회)
[큐밋 포트폴리오 2024] 1페이지까지 · 누적 1470건 (요청 9423회)
[큐밋 포트폴리오 2025] 1페이지까지 · 누적 1470건 (요청 9424회)
[큐밋 포트폴리오 2026] 1페이지까지 · 누적 1470건 (요청 9425회)
[큐파일럿 2023] 1페이지까지 · 누적 1470건 (요청 9426회)
[큐파일럿 2024] 1페이지까지 · 누적 1470건 (요청 9427회)
[큐파일럿 2025] 1페이지까지 · 누적 1470건 (요청 9428회)
[큐파일럿 2026] 1페이지까지 · 누적 1470건 (요청 9429회)
[크래프트쉐어 2023] 1페이지까지 · 누적 1470건 (요청 9430회)
[크래프트쉐어 2024] 1페이지까지 · 누적 1470건 (요청 9431회)
[크래프트쉐어 2025] 1페이지까지 · 누적 1470건 (요청 9432회)
[크래프트쉐어 2026] 1페이지까지 · 누적 1470건 (요청 9433회)
[크리모 STEAM 교육 프로그램 2023] 1페이지까지 · 누적 1470건 (요청 9434회)
[크리모 STEAM 교육 프로그램 2024] 1페이지까지 · 누적 1470건 (요청 9435회)
[크리모 STEAM 교육 프로그램 2025] 1페이지까지 · 누적 1470건 (요청 9436회)
[크리모 STEAM 교육 프로그램 2026] 1페이지까지 · 누적 1470건 (요청 9437회)
[크리에이터링크 2023] 1페이지까지 · 누적 1470건 (요청 9438회)
[크리에이터링크 2024] 1페이지까지 · 누적 1470건 (요청 9439회)
[크리에이터링크 2025] 1페이지까지 · 누적 1470건 (요청 9440회)
[크리에이터링크 2026] 1페이지까지 · 누적 1470건 (요청 9441회)
[크리티컬 2023] 1페이지까지 · 누적 1470건 (요청 9442회)
[크리티컬 2024] 1페이지까지 · 누적 1470건 (요청 9443회)
[크리티컬 2025] 1페이지까지 · 누적 1470건 (요청 9444회)
[크리티컬 2026] 1페이지까지 · 누적 1470건 (요청 9445회)
[크립톤 2023] 1페이지까지 · 누적 1470건 (요청 9446회)
[크립톤 2024] 1페이지까지 · 누적 1470건 (요청 9447회)
[크립톤 2025] 1페이지까지 · 누적 1470건 (요청 9448회)
[크립톤 2026] 1페이지까지 · 누적 1470건 (요청 9449회)
[클라비 2023] 1페이지까지 · 누적 1470건 (요청 9450회)
[클라비 2024] 1페이지까지 · 누적 1470건 (요청 9451회)
[클라비 2025] 1페이지까지 · 누적 1470건 (요청 9452회)
[클라비 2026] 1페이지까지 · 누적 1470건 (요청 9453회)
[클래스 사티 2023] 1페이지까지 · 누적 1470건 (요청 9454회)
[클래스 사티 2024] 1페이지까지 · 누적 1470건 (요청 9455회)
[클래스 사티 2025] 1페이지까지 · 누적 1470건 (요청 9456회)
[클래스 사티 2026] 1페이지까지 · 누적 1470건 (요청 9457회)
[클래스1234&클래스페이 2023] 1페이지까지 · 누적 1470건 (요청 9458회)
[클래스1234&클래스페이 2024] 1페이지까지 · 누적 1470건 (요청 9459회)
[클래스1234&클래스페이 2025] 1페이지까지 · 누적 1470건 (요청 9460회)
[클래스1234&클래스페이 2026] 1페이지까지 · 누적 1470건 (요청 9461회)
[클래스5 2023] 1페이지까지 · 누적 1470건 (요청 9462회)
[클래스5 2024] 1페이지까지 · 누적 1470건 (요청 9463회)
[클래스5 2025] 1페이지까지 · 누적 1470건 (요청 9464회)
[클래스5 2026] 1페이지까지 · 누적 1470건 (요청 9465회)
[클래스M 2023] 1페이지까지 · 누적 1472건 (요청 9468회)
[클래스M 2024] 1페이지까지 · 누적 1475건 (요청 9472회)
[클래스M 2025] 1페이지까지 · 누적 1482건 (요청 9480회)
[클래스M 2026] 1페이지까지 · 누적 1484건 (요청 9483회)
[클래스노트 2023] 1페이지까지 · 누적 1484건 (요청 9484회)
[클래스노트 2024] 1페이지까지 · 누적 1484건 (요청 9485회)
[클래스노트 2025] 1페이지까지 · 누적 1484건 (요청 9486회)
[클래스노트 2026] 1페이지까지 · 누적 1484건 (요청 9487회)
[클래스룸.클라우드 2023] 1페이지까지 · 누적 1484건 (요청 9488회)
[클래스룸.클라우드 2024] 1페이지까지 · 누적 1484건 (요청 9489회)
[클래스룸.클라우드 2025] 1페이지까지 · 누적 1484건 (요청 9490회)
[클래스룸.클라우드 2026] 1페이지까지 · 누적 1485건 (요청 9492회)
[클래스링크 2023] 1페이지까지 · 누적 1485건 (요청 9493회)
[클래스링크 2024] 1페이지까지 · 누적 1485건 (요청 9494회)
[클래스링크 2025] 1페이지까지 · 누적 1485건 (요청 9495회)
[클래스링크 2026] 1페이지까지 · 누적 1485건 (요청 9496회)
[클래스링크 M VR다중 AI미러링솔루션 2023] 1페이지까지 · 누적 1485건 (요청 9497회)
[클래스링크 M VR다중 AI미러링솔루션 2024] 1페이지까지 · 누적 1485건 (요청 9498회)
[클래스링크 M VR다중 AI미러링솔루션 2025] 1페이지까지 · 누적 1485건 (요청 9499회)
[클래스링크 M VR다중 AI미러링솔루션 2026] 1페이지까지 · 누적 1485건 (요청 9500회)
[클래스맵 2023] 1페이지까지 · 누적 1485건 (요청 9501회)
[클래스맵 2024] 1페이지까지 · 누적 1485건 (요청 9502회)
[클래스맵 2025] 1페이지까지 · 누적 1485건 (요청 9503회)
[클래스맵 2026] 1페이지까지 · 누적 1485건 (요청 9504회)
[클래스메이트 2023] 1페이지까지 · 누적 1485건 (요청 9505회)
[클래스메이트 2024] 1페이지까지 · 누적 1485건 (요청 9506회)
[클래스메이트 2025] 1페이지까지 · 누적 1485건 (요청 9507회)
[클래스메이트 2026] 1페이지까지 · 누적 1485건 (요청 9508회)
[클래스몬 2023] 1페이지까지 · 누적 1485건 (요청 9509회)
[클래스몬 2024] 1페이지까지 · 누적 1485건 (요청 9510회)
[클래스몬 2025] 1페이지까지 · 누적 1485건 (요청 9511회)
[클래스몬 2026] 1페이지까지 · 누적 1485건 (요청 9512회)
[클래스뱅크 2023] 1페이지까지 · 누적 1485건 (요청 9513회)
[클래스뱅크 2024] 1페이지까지 · 누적 1485건 (요청 9514회)
[클래스뱅크 2025] 1페이지까지 · 누적 1485건 (요청 9515회)
[클래스뱅크 2026] 1페이지까지 · 누적 1485건 (요청 9516회)
[클래스보드 2023] 1페이지까지 · 누적 1485건 (요청 9517회)
[클래스보드 2024] 1페이지까지 · 누적 1485건 (요청 9518회)
[클래스보드 2025] 1페이지까지 · 누적 1485건 (요청 9519회)
[클래스보드 2026] 1페이지까지 · 누적 1485건 (요청 9520회)
[클래스뷰 2023] 1페이지까지 · 누적 1485건 (요청 9521회)
[클래스뷰 2024] 1페이지까지 · 누적 1485건 (요청 9522회)
[클래스뷰 2025] 1페이지까지 · 누적 1485건 (요청 9523회)
[클래스뷰 2026] 1페이지까지 · 누적 1485건 (요청 9524회)
[클래스싱크 2023] 1페이지까지 · 누적 1485건 (요청 9525회)
[클래스싱크 2024] 1페이지까지 · 누적 1485건 (요청 9526회)
[클래스싱크 2025] 1페이지까지 · 누적 1485건 (요청 9527회)
[클래스싱크 2026] 1페이지까지 · 누적 1485건 (요청 9528회)
[클래스아이 수업관리 솔루션 2023] 1페이지까지 · 누적 1485건 (요청 9529회)
[클래스아이 수업관리 솔루션 2024] 1페이지까지 · 누적 1485건 (요청 9530회)
[클래스아이 수업관리 솔루션 2025] 1페이지까지 · 누적 1485건 (요청 9531회)
[클래스아이 수업관리 솔루션 2026] 1페이지까지 · 누적 1485건 (요청 9532회)
[클래스카드 2023] 1페이지까지 · 누적 1487건 (요청 9535회)
[클래스카드 2024] 1페이지까지 · 누적 1490건 (요청 9539회)
[클래스카드 2025] 1페이지까지 · 누적 1492건 (요청 9542회)
[클래스카드 2026] 1페이지까지 · 누적 1495건 (요청 9546회)
[클래스코인 2023] 1페이지까지 · 누적 1495건 (요청 9547회)
[클래스코인 2024] 1페이지까지 · 누적 1495건 (요청 9548회)
[클래스코인 2025] 1페이지까지 · 누적 1495건 (요청 9549회)
[클래스코인 2026] 1페이지까지 · 누적 1495건 (요청 9550회)
[클래스툴 2023] 1페이지까지 · 누적 1495건 (요청 9551회)
[클래스툴 2024] 1페이지까지 · 누적 1495건 (요청 9552회)
[클래스툴 2025] 1페이지까지 · 누적 1495건 (요청 9553회)
[클래스툴 2026] 1페이지까지 · 누적 1495건 (요청 9554회)
[클래스팅 AI 2023] 1페이지까지 · 누적 1501건 (요청 9561회)
[클래스팅 AI 2024] 1페이지까지 · 누적 1506건 (요청 9567회)
[클래스팅 AI 2025] 1페이지까지 · 누적 1509건 (요청 9571회)
[클래스팅 AI 2026] 1페이지까지 · 누적 1514건 (요청 9577회)
[클래스팅 클래스 2023] 1페이지까지 · 누적 1514건 (요청 9578회)
[클래스팅 클래스 2024] 1페이지까지 · 누적 1514건 (요청 9579회)
[클래스팅 클래스 2025] 1페이지까지 · 누적 1514건 (요청 9580회)
[클래스팅 클래스 2026] 1페이지까지 · 누적 1514건 (요청 9581회)
[클래스핑퐁 2023] 1페이지까지 · 누적 1514건 (요청 9582회)
[클래스핑퐁 2024] 1페이지까지 · 누적 1514건 (요청 9583회)
[클래스핑퐁 2025] 1페이지까지 · 누적 1514건 (요청 9584회)
[클래스핑퐁 2026] 1페이지까지 · 누적 1514건 (요청 9585회)
[클래시파이 2023] 1페이지까지 · 누적 1514건 (요청 9586회)
[클래시파이 2024] 1페이지까지 · 누적 1514건 (요청 9587회)
[클래시파이 2025] 1페이지까지 · 누적 1514건 (요청 9588회)
[클래시파이 2026] 1페이지까지 · 누적 1514건 (요청 9589회)
[클랙스 2023] 1페이지까지 · 누적 1514건 (요청 9590회)
[클랙스 2024] 1페이지까지 · 누적 1514건 (요청 9591회)
[클랙스 2025] 1페이지까지 · 누적 1514건 (요청 9592회)
[클랙스 2026] 1페이지까지 · 누적 1514건 (요청 9593회)
[클레버블록 2023] 1페이지까지 · 누적 1514건 (요청 9594회)
[클레버블록 2024] 1페이지까지 · 누적 1514건 (요청 9595회)
[클레버블록 2025] 1페이지까지 · 누적 1514건 (요청 9596회)
[클레버블록 2026] 1페이지까지 · 누적 1514건 (요청 9597회)
[클레이 탁상시계 키트 2023] 1페이지까지 · 누적 1514건 (요청 9598회)
[클레이 탁상시계 키트 2024] 1페이지까지 · 누적 1514건 (요청 9599회)
[클레이 탁상시계 키트 2025] 1페이지까지 · 누적 1514건 (요청 9600회)
[클레이 탁상시계 키트 2026] 1페이지까지 · 누적 1514건 (요청 9601회)
[클리포 2023] 1페이지까지 · 누적 1514건 (요청 9602회)
[클리포 2024] 1페이지까지 · 누적 1514건 (요청 9603회)
[클리포 2025] 1페이지까지 · 누적 1514건 (요청 9604회)
[클리포 2026] 1페이지까지 · 누적 1514건 (요청 9605회)
[키네마스터 2023] 1페이지까지 · 누적 1514건 (요청 9606회)
[키네마스터 2024] 1페이지까지 · 누적 1514건 (요청 9607회)
[키네마스터 2025] 1페이지까지 · 누적 1514건 (요청 9608회)
[키네마스터 2026] 1페이지까지 · 누적 1514건 (요청 9609회)
[키드키즈 2023] 1페이지까지 · 누적 1518건 (요청 9614회)
[키드키즈 2024] 1페이지까지 · 누적 1520건 (요청 9617회)
[키드키즈 2025] 1페이지까지 · 누적 1526건 (요청 9624회)
[키드키즈 2026] 1페이지까지 · 누적 1529건 (요청 9628회)
[키샷 스튜디오 2023] 1페이지까지 · 누적 1529건 (요청 9629회)
[키샷 스튜디오 2024] 1페이지까지 · 누적 1529건 (요청 9630회)
[키샷 스튜디오 2025] 1페이지까지 · 누적 1529건 (요청 9631회)
[키샷 스튜디오 2026] 1페이지까지 · 누적 1529건 (요청 9632회)
[키위티-키위런 2023] 1페이지까지 · 누적 1529건 (요청 9633회)
[키위티-키위런 2024] 1페이지까지 · 누적 1529건 (요청 9634회)
[키위티-키위런 2025] 1페이지까지 · 누적 1529건 (요청 9635회)
[키위티-키위런 2026] 1페이지까지 · 누적 1530건 (요청 9637회)
[키즈 타임즈 + 온라인 학습관 2023] 1페이지까지 · 누적 1530건 (요청 9638회)
[키즈 타임즈 + 온라인 학습관 2024] 1페이지까지 · 누적 1530건 (요청 9639회)
[키즈 타임즈 + 온라인 학습관 2025] 1페이지까지 · 누적 1530건 (요청 9640회)
[키즈 타임즈 + 온라인 학습관 2026] 1페이지까지 · 누적 1530건 (요청 9641회)
[키즈노트 2023] 1페이지까지 · 누적 1530건 (요청 9642회)
[키즈노트 2024] 1페이지까지 · 누적 1530건 (요청 9643회)
[키즈노트 2025] 1페이지까지 · 누적 1530건 (요청 9644회)
[키즈노트 2026] 1페이지까지 · 누적 1530건 (요청 9645회)
[키즈독서통장 2023] 1페이지까지 · 누적 1530건 (요청 9646회)
[키즈독서통장 2024] 1페이지까지 · 누적 1530건 (요청 9647회)
[키즈독서통장 2025] 1페이지까지 · 누적 1530건 (요청 9648회)
[키즈독서통장 2026] 1페이지까지 · 누적 1530건 (요청 9649회)
[키즈보드 2023] 1페이지까지 · 누적 1530건 (요청 9650회)
[키즈보드 2024] 1페이지까지 · 누적 1530건 (요청 9651회)
[키즈보드 2025] 1페이지까지 · 누적 1530건 (요청 9652회)
[키즈보드 2026] 1페이지까지 · 누적 1530건 (요청 9653회)
[키즈사랑 / 어린이통학버스 승하차알림서비스 2023] 1페이지까지 · 누적 1530건 (요청 9654회)
[키즈사랑 / 어린이통학버스 승하차알림서비스 2024] 1페이지까지 · 누적 1530건 (요청 9655회)
[키즈사랑 / 어린이통학버스 승하차알림서비스 2025] 1페이지까지 · 누적 1530건 (요청 9656회)
[키즈사랑 / 어린이통학버스 승하차알림서비스 2026] 1페이지까지 · 누적 1530건 (요청 9657회)
[키즐링 2023] 1페이지까지 · 누적 1530건 (요청 9658회)
[키즐링 2024] 1페이지까지 · 누적 1530건 (요청 9659회)
[키즐링 2025] 1페이지까지 · 누적 1530건 (요청 9660회)
[키즐링 2026] 1페이지까지 · 누적 1530건 (요청 9661회)
[킨더 타임즈 + 온라인 학습관 2023] 1페이지까지 · 누적 1530건 (요청 9662회)
[킨더 타임즈 + 온라인 학습관 2024] 1페이지까지 · 누적 1530건 (요청 9663회)
[킨더 타임즈 + 온라인 학습관 2025] 1페이지까지 · 누적 1530건 (요청 9664회)
[킨더 타임즈 + 온라인 학습관 2026] 1페이지까지 · 누적 1530건 (요청 9665회)
[킨더박스 2023] 1페이지까지 · 누적 1530건 (요청 9666회)
[킨더박스 2024] 1페이지까지 · 누적 1530건 (요청 9667회)
[킨더박스 2025] 1페이지까지 · 누적 1530건 (요청 9668회)
[킨더박스 2026] 1페이지까지 · 누적 1530건 (요청 9669회)
[킨더보드 2023] 1페이지까지 · 누적 1530건 (요청 9670회)
[킨더보드 2024] 1페이지까지 · 누적 1530건 (요청 9671회)
[킨더보드 2025] 1페이지까지 · 누적 1530건 (요청 9672회)
[킨더보드 2026] 1페이지까지 · 누적 1530건 (요청 9673회)
[킹수학 2023] 1페이지까지 · 누적 1530건 (요청 9674회)
[킹수학 2024] 1페이지까지 · 누적 1530건 (요청 9675회)
[킹수학 2025] 1페이지까지 · 누적 1530건 (요청 9676회)
[킹수학 2026] 1페이지까지 · 누적 1530건 (요청 9677회)
[타임리GPT 2023] 1페이지까지 · 누적 1530건 (요청 9678회)
[타임리GPT 2024] 1페이지까지 · 누적 1530건 (요청 9679회)
[타임리GPT 2025] 1페이지까지 · 누적 1530건 (요청 9680회)
[타임리GPT 2026] 1페이지까지 · 누적 1530건 (요청 9681회)
[타입캐스트 2023] 1페이지까지 · 누적 1530건 (요청 9682회)
[타입캐스트 2024] 1페이지까지 · 누적 1530건 (요청 9683회)
[타입캐스트 2025] 1페이지까지 · 누적 1530건 (요청 9684회)
[타입캐스트 2026] 1페이지까지 · 누적 1530건 (요청 9685회)
[타자연습 2023] 1페이지까지 · 누적 1530건 (요청 9686회)
[타자연습 2024] 1페이지까지 · 누적 1530건 (요청 9687회)
[타자연습 2025] 1페이지까지 · 누적 1530건 (요청 9688회)
[타자연습 2026] 1페이지까지 · 누적 1530건 (요청 9689회)
[탄성레이싱카 만들기 키트 2023] 1페이지까지 · 누적 1530건 (요청 9690회)
[탄성레이싱카 만들기 키트 2024] 1페이지까지 · 누적 1530건 (요청 9691회)
[탄성레이싱카 만들기 키트 2025] 1페이지까지 · 누적 1530건 (요청 9692회)
[탄성레이싱카 만들기 키트 2026] 1페이지까지 · 누적 1530건 (요청 9693회)
[태양광 LED 하우스 2023] 1페이지까지 · 누적 1530건 (요청 9694회)
[태양광 LED 하우스 2024] 1페이지까지 · 누적 1530건 (요청 9695회)
[태양광 LED 하우스 2025] 1페이지까지 · 누적 1530건 (요청 9696회)
[태양광 LED 하우스 2026] 1페이지까지 · 누적 1530건 (요청 9697회)
[태양광 그리 & 바오 키트 2023] 1페이지까지 · 누적 1530건 (요청 9698회)
[태양광 그리 & 바오 키트 2024] 1페이지까지 · 누적 1530건 (요청 9699회)
[태양광 그리 & 바오 키트 2025] 1페이지까지 · 누적 1530건 (요청 9700회)
[태양광 그리 & 바오 키트 2026] 1페이지까지 · 누적 1530건 (요청 9701회)
[터치터치 고고! for ROBOID 2023] 1페이지까지 · 누적 1530건 (요청 9702회)
[터치터치 고고! for ROBOID 2024] 1페이지까지 · 누적 1530건 (요청 9703회)
[터치터치 고고! for ROBOID 2025] 1페이지까지 · 누적 1530건 (요청 9704회)
[터치터치 고고! for ROBOID 2026] 1페이지까지 · 누적 1530건 (요청 9705회)
[테일봇 2023] 1페이지까지 · 누적 1533건 (요청 9709회)
[테일봇 2024] 1페이지까지 · 누적 1533건 (요청 9710회)
[테일봇 2025] 1페이지까지 · 누적 1534건 (요청 9712회)
[테일봇 2026] 1페이지까지 · 누적 1534건 (요청 9713회)
[테일트리코리아 2023] 1페이지까지 · 누적 1534건 (요청 9714회)
[테일트리코리아 2024] 1페이지까지 · 누적 1534건 (요청 9715회)
[테일트리코리아 2025] 1페이지까지 · 누적 1534건 (요청 9716회)
[테일트리코리아 2026] 1페이지까지 · 누적 1534건 (요청 9717회)
[테크닉 2023] 1페이지까지 · 누적 1534건 (요청 9718회)
[테크닉 2024] 1페이지까지 · 누적 1535건 (요청 9720회)
[테크닉 2025] 1페이지까지 · 누적 1537건 (요청 9723회)
[테크닉 2026] 1페이지까지 · 누적 1538건 (요청 9725회)
[토도수학 2023] 1페이지까지 · 누적 1538건 (요청 9726회)
[토도수학 2024] 1페이지까지 · 누적 1538건 (요청 9727회)
[토도수학 2025] 1페이지까지 · 누적 1538건 (요청 9728회)
[토도수학 2026] 1페이지까지 · 누적 1538건 (요청 9729회)
[토도영어 2023] 1페이지까지 · 누적 1538건 (요청 9730회)
[토도영어 2024] 1페이지까지 · 누적 1538건 (요청 9731회)
[토도영어 2025] 1페이지까지 · 누적 1538건 (요청 9732회)
[토도영어 2026] 1페이지까지 · 누적 1538건 (요청 9733회)
[토도한글 2023] 1페이지까지 · 누적 1538건 (요청 9734회)
[토도한글 2024] 1페이지까지 · 누적 1538건 (요청 9735회)
[토도한글 2025] 1페이지까지 · 누적 1538건 (요청 9736회)
[토도한글 2026] 1페이지까지 · 누적 1541건 (요청 9740회)
[토키랜드 2023] 1페이지까지 · 누적 1541건 (요청 9741회)
[토키랜드 2024] 1페이지까지 · 누적 1541건 (요청 9742회)
[토키랜드 2025] 1페이지까지 · 누적 1541건 (요청 9743회)
[토키랜드 2026] 1페이지까지 · 누적 1541건 (요청 9744회)
[토파스 셀커넥트 교육용 시스템 2023] 1페이지까지 · 누적 1541건 (요청 9745회)
[토파스 셀커넥트 교육용 시스템 2024] 1페이지까지 · 누적 1541건 (요청 9746회)
[토파스 셀커넥트 교육용 시스템 2025] 1페이지까지 · 누적 1541건 (요청 9747회)
[토파스 셀커넥트 교육용 시스템 2026] 1페이지까지 · 누적 1541건 (요청 9748회)
[토핑 AI 온라인 독서학습 서비스 2023] 1페이지까지 · 누적 1541건 (요청 9749회)
[토핑 AI 온라인 독서학습 서비스 2024] 1페이지까지 · 누적 1541건 (요청 9750회)
[토핑 AI 온라인 독서학습 서비스 2025] 1페이지까지 · 누적 1541건 (요청 9751회)
[토핑 AI 온라인 독서학습 서비스 2026] 1페이지까지 · 누적 1541건 (요청 9752회)
[톡이즈스쿨 2023] 1페이지까지 · 누적 1541건 (요청 9753회)
[톡이즈스쿨 2024] 1페이지까지 · 누적 1541건 (요청 9754회)
[톡이즈스쿨 2025] 1페이지까지 · 누적 1541건 (요청 9755회)
[톡이즈스쿨 2026] 1페이지까지 · 누적 1541건 (요청 9756회)
[톡톡박스 2023] 1페이지까지 · 누적 1541건 (요청 9757회)
[톡톡박스 2024] 1페이지까지 · 누적 1541건 (요청 9758회)
[톡톡박스 2025] 1페이지까지 · 누적 1541건 (요청 9759회)
[톡톡박스 2026] 1페이지까지 · 누적 1541건 (요청 9760회)
[톡톡스쿨 2023] 1페이지까지 · 누적 1541건 (요청 9761회)
[톡톡스쿨 2024] 1페이지까지 · 누적 1541건 (요청 9762회)
[톡톡스쿨 2025] 1페이지까지 · 누적 1541건 (요청 9763회)
[톡톡스쿨 2026] 1페이지까지 · 누적 1541건 (요청 9764회)
[통그라미 2023] 1페이지까지 · 누적 1541건 (요청 9765회)
[통그라미 2024] 1페이지까지 · 누적 1541건 (요청 9766회)
[통그라미 2025] 1페이지까지 · 누적 1541건 (요청 9767회)
[통그라미 2026] 1페이지까지 · 누적 1541건 (요청 9768회)
[통합생활관리시스템 2023] 1페이지까지 · 누적 1541건 (요청 9769회)
[통합생활관리시스템 2024] 1페이지까지 · 누적 1541건 (요청 9770회)
[통합생활관리시스템 2025] 1페이지까지 · 누적 1541건 (요청 9771회)
[통합생활관리시스템 2026] 1페이지까지 · 누적 1541건 (요청 9772회)
[통합시스템 2023] 1페이지까지 · 누적 1541건 (요청 9773회)
[통합시스템 2024] 1페이지까지 · 누적 1541건 (요청 9774회)
[통합시스템 2025] 1페이지까지 · 누적 1541건 (요청 9775회)
[통합시스템 2026] 1페이지까지 · 누적 1541건 (요청 9776회)
[투게더알리미 2023] 1페이지까지 · 누적 1541건 (요청 9777회)
[투게더알리미 2024] 1페이지까지 · 누적 1541건 (요청 9778회)
[투게더알리미 2025] 1페이지까지 · 누적 1541건 (요청 9779회)
[투게더알리미 2026] 1페이지까지 · 누적 1541건 (요청 9780회)
[투덥 클래스 2023] 1페이지까지 · 누적 1541건 (요청 9781회)
[투덥 클래스 2024] 1페이지까지 · 누적 1541건 (요청 9782회)
[투덥 클래스 2025] 1페이지까지 · 누적 1541건 (요청 9783회)
[투덥 클래스 2026] 1페이지까지 · 누적 1541건 (요청 9784회)
[튜브런 2023] 1페이지까지 · 누적 1541건 (요청 9785회)
[튜브런 2024] 1페이지까지 · 누적 1541건 (요청 9786회)
[튜브런 2025] 1페이지까지 · 누적 1541건 (요청 9787회)
[튜브런 2026] 1페이지까지 · 누적 1541건 (요청 9788회)
[튜터플로우 2023] 1페이지까지 · 누적 1541건 (요청 9789회)
[튜터플로우 2024] 1페이지까지 · 누적 1541건 (요청 9790회)
[튜터플로우 2025] 1페이지까지 · 누적 1541건 (요청 9791회)
[튜터플로우 2026] 1페이지까지 · 누적 1541건 (요청 9792회)
[트라이디스 2023] 1페이지까지 · 누적 1541건 (요청 9793회)
[트라이디스 2024] 1페이지까지 · 누적 1541건 (요청 9794회)
[트라이디스 2025] 1페이지까지 · 누적 1541건 (요청 9795회)
[트라이디스 2026] 1페이지까지 · 누적 1541건 (요청 9796회)
[트리오 스포츠 플랫폼 앱 2023] 1페이지까지 · 누적 1541건 (요청 9797회)
[트리오 스포츠 플랫폼 앱 2024] 1페이지까지 · 누적 1541건 (요청 9798회)
[트리오 스포츠 플랫폼 앱 2025] 1페이지까지 · 누적 1541건 (요청 9799회)
[트리오 스포츠 플랫폼 앱 2026] 1페이지까지 · 누적 1541건 (요청 9800회)
[특수교육 AI・디지털 교육 자료 2023] 1페이지까지 · 누적 1541건 (요청 9801회)
[특수교육 AI・디지털 교육 자료 2024] 1페이지까지 · 누적 1541건 (요청 9802회)
[특수교육 AI・디지털 교육 자료 2025] 1페이지까지 · 누적 1541건 (요청 9803회)
[특수교육 AI・디지털 교육 자료 2026] 1페이지까지 · 누적 1541건 (요청 9804회)
[티솔루션 2023] 1페이지까지 · 누적 1541건 (요청 9805회)
[티솔루션 2024] 1페이지까지 · 누적 1541건 (요청 9806회)
[티솔루션 2025] 1페이지까지 · 누적 1541건 (요청 9807회)
[티솔루션 2026] 1페이지까지 · 누적 1541건 (요청 9808회)
[티처메이트 2023] 1페이지까지 · 누적 1541건 (요청 9809회)
[티처메이트 2024] 1페이지까지 · 누적 1541건 (요청 9810회)
[티처메이트 2025] 1페이지까지 · 누적 1541건 (요청 9811회)
[티처메이트 2026] 1페이지까지 · 누적 1541건 (요청 9812회)
[티처블에이전트 2023] 1페이지까지 · 누적 1541건 (요청 9813회)
[티처블에이전트 2024] 1페이지까지 · 누적 1541건 (요청 9814회)
[티처블에이전트 2025] 1페이지까지 · 누적 1541건 (요청 9815회)
[티처블에이전트 2026] 1페이지까지 · 누적 1541건 (요청 9816회)
[티처콜 교원안심번호 2023] 1페이지까지 · 누적 1541건 (요청 9817회)
[티처콜 교원안심번호 2024] 1페이지까지 · 누적 1541건 (요청 9818회)
[티처콜 교원안심번호 2025] 1페이지까지 · 누적 1541건 (요청 9819회)
[티처콜 교원안심번호 2026] 1페이지까지 · 누적 1541건 (요청 9820회)
[티처툴스 2023] 1페이지까지 · 누적 1541건 (요청 9821회)
[티처툴스 2024] 1페이지까지 · 누적 1541건 (요청 9822회)
[티처툴스 2025] 1페이지까지 · 누적 1541건 (요청 9823회)
[티처툴스 2026] 1페이지까지 · 누적 1541건 (요청 9824회)
[티쳐캔 2023] 1페이지까지 · 누적 1541건 (요청 9825회)
[티쳐캔 2024] 1페이지까지 · 누적 1541건 (요청 9826회)
[티쳐캔 2025] 1페이지까지 · 누적 1541건 (요청 9827회)
[티쳐캔 2026] 1페이지까지 · 누적 1541건 (요청 9828회)
[티칭샘, 클래스링크 랩 2023] 1페이지까지 · 누적 1541건 (요청 9829회)
[티칭샘, 클래스링크 랩 2024] 1페이지까지 · 누적 1541건 (요청 9830회)
[티칭샘, 클래스링크 랩 2025] 1페이지까지 · 누적 1541건 (요청 9831회)
[티칭샘, 클래스링크 랩 2026] 1페이지까지 · 누적 1541건 (요청 9832회)
[티칭허브 2023] 1페이지까지 · 누적 1541건 (요청 9833회)
[티칭허브 2024] 1페이지까지 · 누적 1541건 (요청 9834회)
[티칭허브 2025] 1페이지까지 · 누적 1541건 (요청 9835회)
[티칭허브 2026] 1페이지까지 · 누적 1541건 (요청 9836회)
[티코치 2023] 1페이지까지 · 누적 1541건 (요청 9837회)
[티코치 2024] 1페이지까지 · 누적 1541건 (요청 9838회)
[티코치 2025] 1페이지까지 · 누적 1542건 (요청 9840회)
[티코치 2026] 1페이지까지 · 누적 1542건 (요청 9841회)
[티클래스 2023] 1페이지까지 · 누적 1543건 (요청 9843회)
[티클래스 2024] 1페이지까지 · 누적 1545건 (요청 9846회)
[티클래스 2025] 1페이지까지 · 누적 1545건 (요청 9847회)
[티클래스 2026] 1페이지까지 · 누적 1545건 (요청 9848회)
[티키타모바일 2023] 1페이지까지 · 누적 1545건 (요청 9849회)
[티키타모바일 2024] 1페이지까지 · 누적 1545건 (요청 9850회)
[티키타모바일 2025] 1페이지까지 · 누적 1545건 (요청 9851회)
[티키타모바일 2026] 1페이지까지 · 누적 1545건 (요청 9852회)
[티키타미트 2023] 1페이지까지 · 누적 1545건 (요청 9853회)
[티키타미트 2024] 1페이지까지 · 누적 1545건 (요청 9854회)
[티키타미트 2025] 1페이지까지 · 누적 1545건 (요청 9855회)
[티키타미트 2026] 1페이지까지 · 누적 1545건 (요청 9856회)
[티키타캡션 2023] 1페이지까지 · 누적 1545건 (요청 9857회)
[티키타캡션 2024] 1페이지까지 · 누적 1545건 (요청 9858회)
[티키타캡션 2025] 1페이지까지 · 누적 1545건 (요청 9859회)
[티키타캡션 2026] 1페이지까지 · 누적 1545건 (요청 9860회)
[티키타톡 2023] 1페이지까지 · 누적 1545건 (요청 9861회)
[티키타톡 2024] 1페이지까지 · 누적 1545건 (요청 9862회)
[티키타톡 2025] 1페이지까지 · 누적 1545건 (요청 9863회)
[티키타톡 2026] 1페이지까지 · 누적 1545건 (요청 9864회)
[티키티키 2023] 1페이지까지 · 누적 1545건 (요청 9865회)
[티키티키 2024] 1페이지까지 · 누적 1545건 (요청 9866회)
[티키티키 2025] 1페이지까지 · 누적 1545건 (요청 9867회)
[티키티키 2026] 1페이지까지 · 누적 1545건 (요청 9868회)
[틴커리어 내진로를 찾아줘~! - 베트남편 2023] 1페이지까지 · 누적 1545건 (요청 9869회)
[틴커리어 내진로를 찾아줘~! - 베트남편 2024] 1페이지까지 · 누적 1545건 (요청 9870회)
[틴커리어 내진로를 찾아줘~! - 베트남편 2025] 1페이지까지 · 누적 1545건 (요청 9871회)
[틴커리어 내진로를 찾아줘~! - 베트남편 2026] 1페이지까지 · 누적 1545건 (요청 9872회)
[틴커리어 내진로를 찾아줘~! - 중국편 2023] 1페이지까지 · 누적 1545건 (요청 9873회)
[틴커리어 내진로를 찾아줘~! - 중국편 2024] 1페이지까지 · 누적 1545건 (요청 9874회)
[틴커리어 내진로를 찾아줘~! - 중국편 2025] 1페이지까지 · 누적 1545건 (요청 9875회)
[틴커리어 내진로를 찾아줘~! - 중국편 2026] 1페이지까지 · 누적 1545건 (요청 9876회)
[틴타임즈 + 온라인학습관 2023] 1페이지까지 · 누적 1545건 (요청 9877회)
[틴타임즈 + 온라인학습관 2024] 1페이지까지 · 누적 1545건 (요청 9878회)
[틴타임즈 + 온라인학습관 2025] 1페이지까지 · 누적 1545건 (요청 9879회)
[틴타임즈 + 온라인학습관 2026] 1페이지까지 · 누적 1545건 (요청 9880회)
[파닉스팝 2023] 1페이지까지 · 누적 1545건 (요청 9881회)
[파닉스팝 2024] 1페이지까지 · 누적 1545건 (요청 9882회)
[파닉스팝 2025] 1페이지까지 · 누적 1545건 (요청 9883회)
[파닉스팝 2026] 1페이지까지 · 누적 1545건 (요청 9884회)
[파스코 ON 2023] 1페이지까지 · 누적 1545건 (요청 9885회)
[파스코 ON 2024] 1페이지까지 · 누적 1545건 (요청 9886회)
[파스코 ON 2025] 1페이지까지 · 누적 1545건 (요청 9887회)
[파스코 ON 2026] 1페이지까지 · 누적 1545건 (요청 9888회)
[파이보츠 코딩로봇 2023] 1페이지까지 · 누적 1545건 (요청 9889회)
[파이보츠 코딩로봇 2024] 1페이지까지 · 누적 1545건 (요청 9890회)
[파이보츠 코딩로봇 2025] 1페이지까지 · 누적 1545건 (요청 9891회)
[파이보츠 코딩로봇 2026] 1페이지까지 · 누적 1545건 (요청 9892회)
[파이썬 마이크로비트 실전 프로젝트 키트 2023] 1페이지까지 · 누적 1545건 (요청 9893회)
[파이썬 마이크로비트 실전 프로젝트 키트 2024] 1페이지까지 · 누적 1545건 (요청 9894회)
[파이썬 마이크로비트 실전 프로젝트 키트 2025] 1페이지까지 · 누적 1545건 (요청 9895회)
[파이썬 마이크로비트 실전 프로젝트 키트 2026] 1페이지까지 · 누적 1545건 (요청 9896회)
[파이썬 인공지능과 함께하는 토리드론 2023] 1페이지까지 · 누적 1545건 (요청 9897회)
[파이썬 인공지능과 함께하는 토리드론 2024] 1페이지까지 · 누적 1545건 (요청 9898회)
[파이썬 인공지능과 함께하는 토리드론 2025] 1페이지까지 · 누적 1545건 (요청 9899회)
[파이썬 인공지능과 함께하는 토리드론 2026] 1페이지까지 · 누적 1545건 (요청 9900회)
[파이온 2023] 1페이지까지 · 누적 1545건 (요청 9901회)
[파이온 2024] 1페이지까지 · 누적 1545건 (요청 9902회)
[파이온 2025] 1페이지까지 · 누적 1545건 (요청 9903회)
[파이온 2026] 1페이지까지 · 누적 1545건 (요청 9904회)
[파이파이키트 2023] 1페이지까지 · 누적 1545건 (요청 9905회)
[파이파이키트 2024] 1페이지까지 · 누적 1545건 (요청 9906회)
[파이파이키트 2025] 1페이지까지 · 누적 1545건 (요청 9907회)
[파이파이키트 2026] 1페이지까지 · 누적 1545건 (요청 9908회)
[팜팜농장 2023] 1페이지까지 · 누적 1545건 (요청 9909회)
[팜팜농장 2024] 1페이지까지 · 누적 1545건 (요청 9910회)
[팜팜농장 2025] 1페이지까지 · 누적 1545건 (요청 9911회)
[팜팜농장 2026] 1페이지까지 · 누적 1545건 (요청 9912회)
[팝스링크 2023] 1페이지까지 · 누적 1545건 (요청 9913회)
[팝스링크 2024] 1페이지까지 · 누적 1545건 (요청 9914회)
[팝스링크 2025] 1페이지까지 · 누적 1545건 (요청 9915회)
[팝스링크 2026] 1페이지까지 · 누적 1545건 (요청 9916회)
[팝스매니저 2023] 1페이지까지 · 누적 1545건 (요청 9917회)
[팝스매니저 2024] 1페이지까지 · 누적 1545건 (요청 9918회)
[팝스매니저 2025] 1페이지까지 · 누적 1545건 (요청 9919회)
[팝스매니저 2026] 1페이지까지 · 누적 1545건 (요청 9920회)
[팝스쿨 2023] 1페이지까지 · 누적 1545건 (요청 9921회)
[팝스쿨 2024] 1페이지까지 · 누적 1545건 (요청 9922회)
[팝스쿨 2025] 1페이지까지 · 누적 1545건 (요청 9923회)
[팝스쿨 2026] 1페이지까지 · 누적 1545건 (요청 9924회)
[팡팡텃밭 모종키트 2023] 1페이지까지 · 누적 1545건 (요청 9925회)
[팡팡텃밭 모종키트 2024] 1페이지까지 · 누적 1545건 (요청 9926회)
[팡팡텃밭 모종키트 2025] 1페이지까지 · 누적 1545건 (요청 9927회)
[팡팡텃밭 모종키트 2026] 1페이지까지 · 누적 1545건 (요청 9928회)
[팩트챗 2023] 1페이지까지 · 누적 1545건 (요청 9929회)
[팩트챗 2024] 1페이지까지 · 누적 1545건 (요청 9930회)
[팩트챗 2025] 1페이지까지 · 누적 1545건 (요청 9931회)
[팩트챗 2026] 1페이지까지 · 누적 1545건 (요청 9932회)
[팩트체크 학습 플랫폼 2023] 1페이지까지 · 누적 1545건 (요청 9933회)
[팩트체크 학습 플랫폼 2024] 1페이지까지 · 누적 1545건 (요청 9934회)
[팩트체크 학습 플랫폼 2025] 1페이지까지 · 누적 1545건 (요청 9935회)
[팩트체크 학습 플랫폼 2026] 1페이지까지 · 누적 1545건 (요청 9936회)
[페다민트 2023] 1페이지까지 · 누적 1545건 (요청 9937회)
[페다민트 2024] 1페이지까지 · 누적 1545건 (요청 9938회)
[페다민트 2025] 1페이지까지 · 누적 1545건 (요청 9939회)
[페다민트 2026] 1페이지까지 · 누적 1545건 (요청 9940회)
[페더 에듀 2023] 1페이지까지 · 누적 1545건 (요청 9941회)
[페더 에듀 2024] 1페이지까지 · 누적 1545건 (요청 9942회)
[페더 에듀 2025] 1페이지까지 · 누적 1545건 (요청 9943회)
[페더 에듀 2026] 1페이지까지 · 누적 1545건 (요청 9944회)
[페직스 유료 실험 회원 구독 2023] 1페이지까지 · 누적 1545건 (요청 9945회)
[페직스 유료 실험 회원 구독 2024] 1페이지까지 · 누적 1545건 (요청 9946회)
[페직스 유료 실험 회원 구독 2025] 1페이지까지 · 누적 1545건 (요청 9947회)
[페직스 유료 실험 회원 구독 2026] 1페이지까지 · 누적 1545건 (요청 9948회)
[펜슬스페이스 2023] 1페이지까지 · 누적 1545건 (요청 9949회)
[펜슬스페이스 2024] 1페이지까지 · 누적 1545건 (요청 9950회)
[펜슬스페이스 2025] 1페이지까지 · 누적 1545건 (요청 9951회)
[펜슬스페이스 2026] 1페이지까지 · 누적 1545건 (요청 9952회)
[평생배움세상_국립특수교육원 2023] 1페이지까지 · 누적 1545건 (요청 9953회)
[평생배움세상_국립특수교육원 2024] 1페이지까지 · 누적 1545건 (요청 9954회)
[평생배움세상_국립특수교육원 2025] 1페이지까지 · 누적 1545건 (요청 9955회)
[평생배움세상_국립특수교육원 2026] 1페이지까지 · 누적 1545건 (요청 9956회)
[포디메카트로닉스 2023] 1페이지까지 · 누적 1545건 (요청 9957회)
[포디메카트로닉스 2024] 1페이지까지 · 누적 1545건 (요청 9958회)
[포디메카트로닉스 2025] 1페이지까지 · 누적 1545건 (요청 9959회)
[포디메카트로닉스 2026] 1페이지까지 · 누적 1545건 (요청 9960회)
[포레스트 베이직 심리 검사 2023] 1페이지까지 · 누적 1545건 (요청 9961회)
[포레스트 베이직 심리 검사 2024] 1페이지까지 · 누적 1545건 (요청 9962회)
[포레스트 베이직 심리 검사 2025] 1페이지까지 · 누적 1545건 (요청 9963회)
[포레스트 베이직 심리 검사 2026] 1페이지까지 · 누적 1545건 (요청 9964회)
[포레스트 어드밴스트 심리검사 2023] 1페이지까지 · 누적 1545건 (요청 9965회)
[포레스트 어드밴스트 심리검사 2024] 1페이지까지 · 누적 1545건 (요청 9966회)
[포레스트 어드밴스트 심리검사 2025] 1페이지까지 · 누적 1545건 (요청 9967회)
[포레스트 어드밴스트 심리검사 2026] 1페이지까지 · 누적 1545건 (요청 9968회)
[포인캠퍼스 2023] 1페이지까지 · 누적 1545건 (요청 9969회)
[포인캠퍼스 2024] 1페이지까지 · 누적 1545건 (요청 9970회)
[포인캠퍼스 2025] 1페이지까지 · 누적 1545건 (요청 9971회)
[포인캠퍼스 2026] 1페이지까지 · 누적 1545건 (요청 9972회)
[포인투 크롬북 플러스 14 2023] 1페이지까지 · 누적 1545건 (요청 9973회)
[포인투 크롬북 플러스 14 2024] 1페이지까지 · 누적 1545건 (요청 9974회)
[포인투 크롬북 플러스 14 2025] 1페이지까지 · 누적 1545건 (요청 9975회)
[포인투 크롬북 플러스 14 2026] 1페이지까지 · 누적 1545건 (요청 9976회)
[포커스팡 AI 2023] 1페이지까지 · 누적 1545건 (요청 9977회)
[포커스팡 AI 2024] 1페이지까지 · 누적 1545건 (요청 9978회)
[포커스팡 AI 2025] 1페이지까지 · 누적 1545건 (요청 9979회)
[포커스팡 AI 2026] 1페이지까지 · 누적 1545건 (요청 9980회)
[포켓랩-보이저 2023] 1페이지까지 · 누적 1545건 (요청 9981회)
[포켓랩-보이저 2024] 1페이지까지 · 누적 1545건 (요청 9982회)
[포켓랩-보이저 2025] 1페이지까지 · 누적 1545건 (요청 9983회)
[포켓랩-보이저 2026] 1페이지까지 · 누적 1545건 (요청 9984회)
[포켓터틀 2023] 1페이지까지 · 누적 1545건 (요청 9985회)
[포켓터틀 2024] 1페이지까지 · 누적 1545건 (요청 9986회)
[포켓터틀 2025] 1페이지까지 · 누적 1545건 (요청 9987회)
[포켓터틀 2026] 1페이지까지 · 누적 1545건 (요청 9988회)
[포켓터틀+ 음악코딩 BLE 2023] 1페이지까지 · 누적 1545건 (요청 9989회)
[포켓터틀+ 음악코딩 BLE 2024] 1페이지까지 · 누적 1545건 (요청 9990회)
[포켓터틀+ 음악코딩 BLE 2025] 1페이지까지 · 누적 1545건 (요청 9991회)
[포켓터틀+ 음악코딩 BLE 2026] 1페이지까지 · 누적 1545건 (요청 9992회)
[포켓터틀+ 카드코딩 BLE 2023] 1페이지까지 · 누적 1545건 (요청 9993회)
[포켓터틀+ 카드코딩 BLE 2024] 1페이지까지 · 누적 1545건 (요청 9994회)
[포켓터틀+ 카드코딩 BLE 2025] 1페이지까지 · 누적 1545건 (요청 9995회)
[포켓터틀+ 카드코딩 BLE 2026] 1페이지까지 · 누적 1545건 (요청 9996회)
[포코로 2023] 1페이지까지 · 누적 1545건 (요청 9997회)
[포코로 2024] 1페이지까지 · 누적 1545건 (요청 9998회)
[포코로 2025] 1페이지까지 · 누적 1545건 (요청 9999회)
[포코로 2026] 1페이지까지 · 누적 1545건 (요청 10000회)
[포트리스 로봇 네오캐논 2023] 1페이지까지 · 누적 1545건 (요청 10001회)
[포트리스 로봇 네오캐논 2024] 1페이지까지 · 누적 1545건 (요청 10002회)
[포트리스 로봇 네오캐논 2025] 1페이지까지 · 누적 1545건 (요청 10003회)
[포트리스 로봇 네오캐논 2026] 1페이지까지 · 누적 1545건 (요청 10004회)
[폴리곤에이드 2023] 1페이지까지 · 누적 1545건 (요청 10005회)
[폴리곤에이드 2024] 1페이지까지 · 누적 1545건 (요청 10006회)
[폴리곤에이드 2025] 1페이지까지 · 누적 1545건 (요청 10007회)
[폴리곤에이드 2026] 1페이지까지 · 누적 1545건 (요청 10008회)
[폼메이트 2023] 1페이지까지 · 누적 1545건 (요청 10009회)
[폼메이트 2024] 1페이지까지 · 누적 1545건 (요청 10010회)
[폼메이트 2025] 1페이지까지 · 누적 1545건 (요청 10011회)
[폼메이트 2026] 1페이지까지 · 누적 1545건 (요청 10012회)
[퐁당넷/단체및 공공기관 문자메시지 솔루션 2023] 1페이지까지 · 누적 1545건 (요청 10013회)
[퐁당넷/단체및 공공기관 문자메시지 솔루션 2024] 1페이지까지 · 누적 1545건 (요청 10014회)
[퐁당넷/단체및 공공기관 문자메시지 솔루션 2025] 1페이지까지 · 누적 1545건 (요청 10015회)
[퐁당넷/단체및 공공기관 문자메시지 솔루션 2026] 1페이지까지 · 누적 1545건 (요청 10016회)
[표쌤코딩 늘봄키트 과학탐험대 1단계 1호 2023] 1페이지까지 · 누적 1545건 (요청 10017회)
[표쌤코딩 늘봄키트 과학탐험대 1단계 1호 2024] 1페이지까지 · 누적 1545건 (요청 10018회)
[표쌤코딩 늘봄키트 과학탐험대 1단계 1호 2025] 1페이지까지 · 누적 1545건 (요청 10019회)
[표쌤코딩 늘봄키트 과학탐험대 1단계 1호 2026] 1페이지까지 · 누적 1545건 (요청 10020회)
[표쌤코딩 늘봄키트 과학탐험대 1단계 2호 2023] 1페이지까지 · 누적 1545건 (요청 10021회)
[표쌤코딩 늘봄키트 과학탐험대 1단계 2호 2024] 1페이지까지 · 누적 1545건 (요청 10022회)
[표쌤코딩 늘봄키트 과학탐험대 1단계 2호 2025] 1페이지까지 · 누적 1545건 (요청 10023회)
[표쌤코딩 늘봄키트 과학탐험대 1단계 2호 2026] 1페이지까지 · 누적 1545건 (요청 10024회)
[표쌤코딩 늘봄키트 과학탐험대 1단계 3호 2023] 1페이지까지 · 누적 1545건 (요청 10025회)
[표쌤코딩 늘봄키트 과학탐험대 1단계 3호 2024] 1페이지까지 · 누적 1545건 (요청 10026회)
[표쌤코딩 늘봄키트 과학탐험대 1단계 3호 2025] 1페이지까지 · 누적 1545건 (요청 10027회)
[표쌤코딩 늘봄키트 과학탐험대 1단계 3호 2026] 1페이지까지 · 누적 1545건 (요청 10028회)
[표쌤코딩 늘봄키트 과학탐험대 1단계 4호 2023] 1페이지까지 · 누적 1545건 (요청 10029회)
[표쌤코딩 늘봄키트 과학탐험대 1단계 4호 2024] 1페이지까지 · 누적 1545건 (요청 10030회)
[표쌤코딩 늘봄키트 과학탐험대 1단계 4호 2025] 1페이지까지 · 누적 1545건 (요청 10031회)
[표쌤코딩 늘봄키트 과학탐험대 1단계 4호 2026] 1페이지까지 · 누적 1545건 (요청 10032회)
[표쌤코딩 늘봄키트 과학탐험대 1단계 5호 2023] 1페이지까지 · 누적 1545건 (요청 10033회)
[표쌤코딩 늘봄키트 과학탐험대 1단계 5호 2024] 1페이지까지 · 누적 1545건 (요청 10034회)
[표쌤코딩 늘봄키트 과학탐험대 1단계 5호 2025] 1페이지까지 · 누적 1545건 (요청 10035회)
[표쌤코딩 늘봄키트 과학탐험대 1단계 5호 2026] 1페이지까지 · 누적 1545건 (요청 10036회)
[표쌤코딩 늘봄키트 과학탐험대 1단계 6호 2023] 1페이지까지 · 누적 1545건 (요청 10037회)
[표쌤코딩 늘봄키트 과학탐험대 1단계 6호 2024] 1페이지까지 · 누적 1545건 (요청 10038회)
[표쌤코딩 늘봄키트 과학탐험대 1단계 6호 2025] 1페이지까지 · 누적 1545건 (요청 10039회)
[표쌤코딩 늘봄키트 과학탐험대 1단계 6호 2026] 1페이지까지 · 누적 1545건 (요청 10040회)
[표쌤코딩 늘봄키트 디자인공방 1호 2023] 1페이지까지 · 누적 1545건 (요청 10041회)
[표쌤코딩 늘봄키트 디자인공방 1호 2024] 1페이지까지 · 누적 1545건 (요청 10042회)
[표쌤코딩 늘봄키트 디자인공방 1호 2025] 1페이지까지 · 누적 1545건 (요청 10043회)
[표쌤코딩 늘봄키트 디자인공방 1호 2026] 1페이지까지 · 누적 1545건 (요청 10044회)
[표쌤코딩 늘봄키트 디자인공방 2호 2023] 1페이지까지 · 누적 1545건 (요청 10045회)
[표쌤코딩 늘봄키트 디자인공방 2호 2024] 1페이지까지 · 누적 1545건 (요청 10046회)
[표쌤코딩 늘봄키트 디자인공방 2호 2025] 1페이지까지 · 누적 1545건 (요청 10047회)
[표쌤코딩 늘봄키트 디자인공방 2호 2026] 1페이지까지 · 누적 1545건 (요청 10048회)
[표쌤코딩 늘봄키트 디자인공방 3호 2023] 1페이지까지 · 누적 1545건 (요청 10049회)
[표쌤코딩 늘봄키트 디자인공방 3호 2024] 1페이지까지 · 누적 1545건 (요청 10050회)
[표쌤코딩 늘봄키트 디자인공방 3호 2025] 1페이지까지 · 누적 1545건 (요청 10051회)
[표쌤코딩 늘봄키트 디자인공방 3호 2026] 1페이지까지 · 누적 1545건 (요청 10052회)
[표쌤코딩 늘봄키트 디자인공방 4호 2023] 1페이지까지 · 누적 1545건 (요청 10053회)
[표쌤코딩 늘봄키트 디자인공방 4호 2024] 1페이지까지 · 누적 1545건 (요청 10054회)
[표쌤코딩 늘봄키트 디자인공방 4호 2025] 1페이지까지 · 누적 1545건 (요청 10055회)
[표쌤코딩 늘봄키트 디자인공방 4호 2026] 1페이지까지 · 누적 1545건 (요청 10056회)
[표쌤코딩 늘봄키트 디자인공방 5호 2023] 1페이지까지 · 누적 1545건 (요청 10057회)
[표쌤코딩 늘봄키트 디자인공방 5호 2024] 1페이지까지 · 누적 1545건 (요청 10058회)
[표쌤코딩 늘봄키트 디자인공방 5호 2025] 1페이지까지 · 누적 1545건 (요청 10059회)
[표쌤코딩 늘봄키트 디자인공방 5호 2026] 1페이지까지 · 누적 1545건 (요청 10060회)
[표준화 성격진단검사-198문항 2023] 1페이지까지 · 누적 1545건 (요청 10061회)
[표준화 성격진단검사-198문항 2024] 1페이지까지 · 누적 1545건 (요청 10062회)
[표준화 성격진단검사-198문항 2025] 1페이지까지 · 누적 1545건 (요청 10063회)
[표준화 성격진단검사-198문항 2026] 1페이지까지 · 누적 1545건 (요청 10064회)
[표준화 성격진단검사-350문항 2023] 1페이지까지 · 누적 1545건 (요청 10065회)
[표준화 성격진단검사-350문항 2024] 1페이지까지 · 누적 1545건 (요청 10066회)
[표준화 성격진단검사-350문항 2025] 1페이지까지 · 누적 1545건 (요청 10067회)
[표준화 성격진단검사-350문항 2026] 1페이지까지 · 누적 1545건 (요청 10068회)
[표준화 심리 검사 2023] 1페이지까지 · 누적 1545건 (요청 10069회)
[표준화 심리 검사 2024] 1페이지까지 · 누적 1545건 (요청 10070회)
[표준화 심리 검사 2025] 1페이지까지 · 누적 1545건 (요청 10071회)
[표준화 심리 검사 2026] 1페이지까지 · 누적 1545건 (요청 10072회)
[표준화 심리검사 2023] 2페이지까지 · 누적 1565건 (요청 10094회)
[표준화 심리검사 2024] 2페이지까지 · 누적 1577건 (요청 10108회)
[표준화 심리검사 2025] 2페이지까지 · 누적 1591건 (요청 10124회)
[표준화 심리검사 2026] 2페이지까지 · 누적 1605건 (요청 10140회)
[풀리스쿨 2023] 1페이지까지 · 누적 1605건 (요청 10141회)
[풀리스쿨 2024] 1페이지까지 · 누적 1605건 (요청 10142회)
[풀리스쿨 2025] 1페이지까지 · 누적 1605건 (요청 10143회)
[풀리스쿨 2026] 1페이지까지 · 누적 1605건 (요청 10144회)
[퓨처뱅크 with 삐뽀 2023] 1페이지까지 · 누적 1605건 (요청 10145회)
[퓨처뱅크 with 삐뽀 2024] 1페이지까지 · 누적 1605건 (요청 10146회)
[퓨처뱅크 with 삐뽀 2025] 1페이지까지 · 누적 1605건 (요청 10147회)
[퓨처뱅크 with 삐뽀 2026] 1페이지까지 · 누적 1605건 (요청 10148회)
[프라페 2023] 1페이지까지 · 누적 1605건 (요청 10149회)
[프라페 2024] 1페이지까지 · 누적 1605건 (요청 10150회)
[프라페 2025] 1페이지까지 · 누적 1605건 (요청 10151회)
[프라페 2026] 1페이지까지 · 누적 1605건 (요청 10152회)
[프랙토피아 2023] 1페이지까지 · 누적 1605건 (요청 10153회)
[프랙토피아 2024] 1페이지까지 · 누적 1605건 (요청 10154회)
[프랙토피아 2025] 1페이지까지 · 누적 1605건 (요청 10155회)
[프랙토피아 2026] 1페이지까지 · 누적 1605건 (요청 10156회)
[프로젝트 아키펠라고 2023] 1페이지까지 · 누적 1605건 (요청 10157회)
[프로젝트 아키펠라고 2024] 1페이지까지 · 누적 1605건 (요청 10158회)
[프로젝트 아키펠라고 2025] 1페이지까지 · 누적 1605건 (요청 10159회)
[프로젝트 아키펠라고 2026] 1페이지까지 · 누적 1605건 (요청 10160회)
[프로토파이 2023] 1페이지까지 · 누적 1605건 (요청 10161회)
[프로토파이 2024] 1페이지까지 · 누적 1605건 (요청 10162회)
[프로토파이 2025] 1페이지까지 · 누적 1605건 (요청 10163회)
[프로토파이 2026] 1페이지까지 · 누적 1605건 (요청 10164회)
[프록토매틱 2023] 1페이지까지 · 누적 1605건 (요청 10165회)
[프록토매틱 2024] 1페이지까지 · 누적 1605건 (요청 10166회)
[프록토매틱 2025] 1페이지까지 · 누적 1605건 (요청 10167회)
[프록토매틱 2026] 1페이지까지 · 누적 1605건 (요청 10168회)
[플랜투이노 2023] 1페이지까지 · 누적 1605건 (요청 10169회)
[플랜투이노 2024] 1페이지까지 · 누적 1605건 (요청 10170회)
[플랜투이노 2025] 1페이지까지 · 누적 1605건 (요청 10171회)
[플랜투이노 2026] 1페이지까지 · 누적 1605건 (요청 10172회)
[플랫코 2023] 1페이지까지 · 누적 1605건 (요청 10173회)
[플랫코 2024] 1페이지까지 · 누적 1605건 (요청 10174회)
[플랫코 2025] 1페이지까지 · 누적 1605건 (요청 10175회)
[플랫코 2026] 1페이지까지 · 누적 1605건 (요청 10176회)
[플랭스쿨 2023] 1페이지까지 · 누적 1605건 (요청 10177회)
[플랭스쿨 2024] 1페이지까지 · 누적 1605건 (요청 10178회)
[플랭스쿨 2025] 1페이지까지 · 누적 1605건 (요청 10179회)
[플랭스쿨 2026] 1페이지까지 · 누적 1605건 (요청 10180회)
[플레이 더 포스 2023] 1페이지까지 · 누적 1605건 (요청 10181회)
[플레이 더 포스 2024] 1페이지까지 · 누적 1605건 (요청 10182회)
[플레이 더 포스 2025] 1페이지까지 · 누적 1605건 (요청 10183회)
[플레이 더 포스 2026] 1페이지까지 · 누적 1605건 (요청 10184회)
[플레이 파닉스&사이트워드 2023] 1페이지까지 · 누적 1605건 (요청 10185회)
[플레이 파닉스&사이트워드 2024] 1페이지까지 · 누적 1605건 (요청 10186회)
[플레이 파닉스&사이트워드 2025] 1페이지까지 · 누적 1605건 (요청 10187회)
[플레이 파닉스&사이트워드 2026] 1페이지까지 · 누적 1605건 (요청 10188회)
[플레이SQL 2023] 1페이지까지 · 누적 1605건 (요청 10189회)
[플레이SQL 2024] 1페이지까지 · 누적 1605건 (요청 10190회)
[플레이SQL 2025] 1페이지까지 · 누적 1605건 (요청 10191회)
[플레이SQL 2026] 1페이지까지 · 누적 1605건 (요청 10192회)
[플레이봇 2023] 1페이지까지 · 누적 1605건 (요청 10193회)
[플레이봇 2024] 1페이지까지 · 누적 1605건 (요청 10194회)
[플레이봇 2025] 1페이지까지 · 누적 1605건 (요청 10195회)
[플레이봇 2026] 1페이지까지 · 누적 1605건 (요청 10196회)
[플레이스타트업 2023] 1페이지까지 · 누적 1605건 (요청 10197회)
[플레이스타트업 2024] 1페이지까지 · 누적 1605건 (요청 10198회)
[플레이스타트업 2025] 1페이지까지 · 누적 1605건 (요청 10199회)
[플레이스타트업 2026] 1페이지까지 · 누적 1605건 (요청 10200회)
[플레이스타트업 키즈 2023] 1페이지까지 · 누적 1605건 (요청 10201회)
[플레이스타트업 키즈 2024] 1페이지까지 · 누적 1605건 (요청 10202회)
[플레이스타트업 키즈 2025] 1페이지까지 · 누적 1605건 (요청 10203회)
[플레이스타트업 키즈 2026] 1페이지까지 · 누적 1605건 (요청 10204회)
[플레이파이썬 2023] 1페이지까지 · 누적 1605건 (요청 10205회)
[플레이파이썬 2024] 1페이지까지 · 누적 1605건 (요청 10206회)
[플레이파이썬 2025] 1페이지까지 · 누적 1605건 (요청 10207회)
[플레이파이썬 2026] 1페이지까지 · 누적 1605건 (요청 10208회)
[플렉슬 - PDF 필기, 메모 2023] 1페이지까지 · 누적 1605건 (요청 10209회)
[플렉슬 - PDF 필기, 메모 2024] 1페이지까지 · 누적 1605건 (요청 10210회)
[플렉슬 - PDF 필기, 메모 2025] 1페이지까지 · 누적 1605건 (요청 10211회)
[플렉슬 - PDF 필기, 메모 2026] 1페이지까지 · 누적 1605건 (요청 10212회)
[플로어픽 2023] 1페이지까지 · 누적 1605건 (요청 10213회)
[플로어픽 2024] 1페이지까지 · 누적 1605건 (요청 10214회)
[플로어픽 2025] 1페이지까지 · 누적 1605건 (요청 10215회)
[플로어픽 2026] 1페이지까지 · 누적 1605건 (요청 10216회)
[피어링 2023] 1페이지까지 · 누적 1605건 (요청 10217회)
[피어링 2024] 1페이지까지 · 누적 1605건 (요청 10218회)
[피어링 2025] 1페이지까지 · 누적 1605건 (요청 10219회)
[피어링 2026] 1페이지까지 · 누적 1605건 (요청 10220회)
[피지카 에이아이 2023] 1페이지까지 · 누적 1605건 (요청 10221회)
[피지카 에이아이 2024] 1페이지까지 · 누적 1605건 (요청 10222회)
[피지카 에이아이 2025] 1페이지까지 · 누적 1605건 (요청 10223회)
[피지카 에이아이 2026] 1페이지까지 · 누적 1605건 (요청 10224회)
[피치서가 2023] 1페이지까지 · 누적 1605건 (요청 10225회)
[피치서가 2024] 1페이지까지 · 누적 1605건 (요청 10226회)
[피치서가 2025] 1페이지까지 · 누적 1605건 (요청 10227회)
[피치서가 2026] 1페이지까지 · 누적 1605건 (요청 10228회)
[피치서가ai 2023] 1페이지까지 · 누적 1605건 (요청 10229회)
[피치서가ai 2024] 1페이지까지 · 누적 1605건 (요청 10230회)
[피치서가ai 2025] 1페이지까지 · 누적 1605건 (요청 10231회)
[피치서가ai 2026] 1페이지까지 · 누적 1605건 (요청 10232회)
[피클 PICL 2023] 1페이지까지 · 누적 1605건 (요청 10233회)
[피클 PICL 2024] 1페이지까지 · 누적 1605건 (요청 10234회)
[피클 PICL 2025] 1페이지까지 · 누적 1605건 (요청 10235회)
[피클 PICL 2026] 1페이지까지 · 누적 1605건 (요청 10236회)
[피타고라스의 초대 2023] 1페이지까지 · 누적 1605건 (요청 10237회)
[피타고라스의 초대 2024] 1페이지까지 · 누적 1605건 (요청 10238회)
[피타고라스의 초대 2025] 1페이지까지 · 누적 1605건 (요청 10239회)
[피타고라스의 초대 2026] 1페이지까지 · 누적 1605건 (요청 10240회)
[픽시노트 2023] 1페이지까지 · 누적 1605건 (요청 10241회)
[픽시노트 2024] 1페이지까지 · 누적 1605건 (요청 10242회)
[픽시노트 2025] 1페이지까지 · 누적 1605건 (요청 10243회)
[픽시노트 2026] 1페이지까지 · 누적 1605건 (요청 10244회)
[핀캔버스 2023] 1페이지까지 · 누적 1605건 (요청 10245회)
[핀캔버스 2024] 1페이지까지 · 누적 1605건 (요청 10246회)
[핀캔버스 2025] 1페이지까지 · 누적 1605건 (요청 10247회)
[핀캔버스 2026] 1페이지까지 · 누적 1605건 (요청 10248회)
[핏데이 2023] 1페이지까지 · 누적 1605건 (요청 10249회)
[핏데이 2024] 1페이지까지 · 누적 1605건 (요청 10250회)
[핏데이 2025] 1페이지까지 · 누적 1605건 (요청 10251회)
[핏데이 2026] 1페이지까지 · 누적 1605건 (요청 10252회)
[핑거픽 2023] 1페이지까지 · 누적 1605건 (요청 10253회)
[핑거픽 2024] 1페이지까지 · 누적 1605건 (요청 10254회)
[핑거픽 2025] 1페이지까지 · 누적 1605건 (요청 10255회)
[핑거픽 2026] 1페이지까지 · 누적 1605건 (요청 10256회)
[핑크퐁플러스 2023] 1페이지까지 · 누적 1605건 (요청 10257회)
[핑크퐁플러스 2024] 1페이지까지 · 누적 1605건 (요청 10258회)
[핑크퐁플러스 2025] 1페이지까지 · 누적 1605건 (요청 10259회)
[핑크퐁플러스 2026] 1페이지까지 · 누적 1605건 (요청 10260회)
[핑퐁로봇 Abled pingpong 앱 2023] 1페이지까지 · 누적 1605건 (요청 10261회)
[핑퐁로봇 Abled pingpong 앱 2024] 1페이지까지 · 누적 1605건 (요청 10262회)
[핑퐁로봇 Abled pingpong 앱 2025] 1페이지까지 · 누적 1605건 (요청 10263회)
[핑퐁로봇 Abled pingpong 앱 2026] 1페이지까지 · 누적 1605건 (요청 10264회)
[핑퐁로봇 M코딩 앱 2023] 1페이지까지 · 누적 1605건 (요청 10265회)
[핑퐁로봇 M코딩 앱 2024] 1페이지까지 · 누적 1605건 (요청 10266회)
[핑퐁로봇 M코딩 앱 2025] 1페이지까지 · 누적 1605건 (요청 10267회)
[핑퐁로봇 M코딩 앱 2026] 1페이지까지 · 누적 1605건 (요청 10268회)
[핑퐁로봇 M코딩앱 2023] 1페이지까지 · 누적 1605건 (요청 10269회)
[핑퐁로봇 M코딩앱 2024] 1페이지까지 · 누적 1605건 (요청 10270회)
[핑퐁로봇 M코딩앱 2025] 1페이지까지 · 누적 1605건 (요청 10271회)
[핑퐁로봇 M코딩앱 2026] 1페이지까지 · 누적 1605건 (요청 10272회)
[핑퐁로봇 V코딩 앱 2023] 1페이지까지 · 누적 1605건 (요청 10273회)
[핑퐁로봇 V코딩 앱 2024] 1페이지까지 · 누적 1605건 (요청 10274회)
[핑퐁로봇 V코딩 앱 2025] 1페이지까지 · 누적 1605건 (요청 10275회)
[핑퐁로봇 V코딩 앱 2026] 1페이지까지 · 누적 1605건 (요청 10276회)
[핑퐁로봇 V코딩앱 2023] 1페이지까지 · 누적 1605건 (요청 10277회)
[핑퐁로봇 V코딩앱 2024] 1페이지까지 · 누적 1605건 (요청 10278회)
[핑퐁로봇 V코딩앱 2025] 1페이지까지 · 누적 1605건 (요청 10279회)
[핑퐁로봇 V코딩앱 2026] 1페이지까지 · 누적 1605건 (요청 10280회)
[핑퐁로봇 그룹위저드 앱 2023] 1페이지까지 · 누적 1605건 (요청 10281회)
[핑퐁로봇 그룹위저드 앱 2024] 1페이지까지 · 누적 1605건 (요청 10282회)
[핑퐁로봇 그룹위저드 앱 2025] 1페이지까지 · 누적 1605건 (요청 10283회)
[핑퐁로봇 그룹위저드 앱 2026] 1페이지까지 · 누적 1605건 (요청 10284회)
[핑퐁로봇 그룹위저드앱 2023] 1페이지까지 · 누적 1605건 (요청 10285회)
[핑퐁로봇 그룹위저드앱 2024] 1페이지까지 · 누적 1605건 (요청 10286회)
[핑퐁로봇 그룹위저드앱 2025] 1페이지까지 · 누적 1605건 (요청 10287회)
[핑퐁로봇 그룹위저드앱 2026] 1페이지까지 · 누적 1605건 (요청 10288회)
[핑퐁로봇 스크래치 2023] 1페이지까지 · 누적 1605건 (요청 10289회)
[핑퐁로봇 스크래치 2024] 1페이지까지 · 누적 1605건 (요청 10290회)
[핑퐁로봇 스크래치 2025] 1페이지까지 · 누적 1605건 (요청 10291회)
[핑퐁로봇 스크래치 2026] 1페이지까지 · 누적 1605건 (요청 10292회)
[핑퐁로봇 스크래치 3.0 2023] 1페이지까지 · 누적 1605건 (요청 10293회)
[핑퐁로봇 스크래치 3.0 2024] 1페이지까지 · 누적 1605건 (요청 10294회)
[핑퐁로봇 스크래치 3.0 2025] 1페이지까지 · 누적 1605건 (요청 10295회)
[핑퐁로봇 스크래치 3.0 2026] 1페이지까지 · 누적 1605건 (요청 10296회)
[핑퐁로봇 스크래치 앱 2023] 1페이지까지 · 누적 1605건 (요청 10297회)
[핑퐁로봇 스크래치 앱 2024] 1페이지까지 · 누적 1605건 (요청 10298회)
[핑퐁로봇 스크래치 앱 2025] 1페이지까지 · 누적 1605건 (요청 10299회)
[핑퐁로봇 스크래치 앱 2026] 1페이지까지 · 누적 1605건 (요청 10300회)
[핑퐁로봇 스크래치앱 2023] 1페이지까지 · 누적 1605건 (요청 10301회)
[핑퐁로봇 스크래치앱 2024] 1페이지까지 · 누적 1605건 (요청 10302회)
[핑퐁로봇 스크래치앱 2025] 1페이지까지 · 누적 1605건 (요청 10303회)
[핑퐁로봇 스크래치앱 2026] 1페이지까지 · 누적 1605건 (요청 10304회)
[핑퐁로봇 앱 2023] 1페이지까지 · 누적 1605건 (요청 10305회)
[핑퐁로봇 앱 2024] 1페이지까지 · 누적 1605건 (요청 10306회)
[핑퐁로봇 앱 2025] 1페이지까지 · 누적 1605건 (요청 10307회)
[핑퐁로봇 앱 2026] 1페이지까지 · 누적 1605건 (요청 10308회)
[하드보안관 2023] 1페이지까지 · 누적 1612건 (요청 10316회)
[하드보안관 2024] 2페이지까지 · 누적 1621건 (요청 10327회)
[하드보안관 2025] 1페이지까지 · 누적 1628건 (요청 10335회)
[하드보안관 2026] 1페이지까지 · 누적 1631건 (요청 10339회)
[하루북 2023] 1페이지까지 · 누적 1631건 (요청 10340회)
[하루북 2024] 1페이지까지 · 누적 1631건 (요청 10341회)
[하루북 2025] 1페이지까지 · 누적 1631건 (요청 10342회)
[하루북 2026] 1페이지까지 · 누적 1631건 (요청 10343회)
[하루콩 2023] 1페이지까지 · 누적 1631건 (요청 10344회)
[하루콩 2024] 1페이지까지 · 누적 1631건 (요청 10345회)
[하루콩 2025] 1페이지까지 · 누적 1631건 (요청 10346회)
[하루콩 2026] 1페이지까지 · 누적 1631건 (요청 10347회)
[하마룸 2023] 1페이지까지 · 누적 1631건 (요청 10348회)
[하마룸 2024] 1페이지까지 · 누적 1631건 (요청 10349회)
[하마룸 2025] 1페이지까지 · 누적 1631건 (요청 10350회)
[하마룸 2026] 1페이지까지 · 누적 1631건 (요청 10351회)
[하마오 2023] 1페이지까지 · 누적 1631건 (요청 10352회)
[하마오 2024] 1페이지까지 · 누적 1631건 (요청 10353회)
[하마오 2025] 1페이지까지 · 누적 1631건 (요청 10354회)
[하마오 2026] 1페이지까지 · 누적 1631건 (요청 10355회)
[하이동동 2023] 1페이지까지 · 누적 1631건 (요청 10356회)
[하이동동 2024] 1페이지까지 · 누적 1631건 (요청 10357회)
[하이동동 2025] 1페이지까지 · 누적 1631건 (요청 10358회)
[하이동동 2026] 1페이지까지 · 누적 1631건 (요청 10359회)
[하이랜드_경기도교육청 2023] 1페이지까지 · 누적 1631건 (요청 10360회)
[하이랜드_경기도교육청 2024] 1페이지까지 · 누적 1631건 (요청 10361회)
[하이랜드_경기도교육청 2025] 1페이지까지 · 누적 1631건 (요청 10362회)
[하이랜드_경기도교육청 2026] 1페이지까지 · 누적 1631건 (요청 10363회)
[하이러닝 스마트리영어 2023] 1페이지까지 · 누적 1631건 (요청 10364회)
[하이러닝 스마트리영어 2024] 1페이지까지 · 누적 1631건 (요청 10365회)
[하이러닝 스마트리영어 2025] 1페이지까지 · 누적 1631건 (요청 10366회)
[하이러닝 스마트리영어 2026] 1페이지까지 · 누적 1631건 (요청 10367회)
[하이러닝 스마트리영어_경기도교육청 2023] 1페이지까지 · 누적 1631건 (요청 10368회)
[하이러닝 스마트리영어_경기도교육청 2024] 1페이지까지 · 누적 1631건 (요청 10369회)
[하이러닝 스마트리영어_경기도교육청 2025] 1페이지까지 · 누적 1631건 (요청 10370회)
[하이러닝 스마트리영어_경기도교육청 2026] 1페이지까지 · 누적 1631건 (요청 10371회)
[하이러닝_경기도교육청 2023] 1페이지까지 · 누적 1631건 (요청 10372회)
[하이러닝_경기도교육청 2024] 1페이지까지 · 누적 1631건 (요청 10373회)
[하이러닝_경기도교육청 2025] 1페이지까지 · 누적 1631건 (요청 10374회)
[하이러닝_경기도교육청 2026] 1페이지까지 · 누적 1631건 (요청 10375회)
[하이러닝_미리캔버스_경기도교육청 2023] 1페이지까지 · 누적 1631건 (요청 10376회)
[하이러닝_미리캔버스_경기도교육청 2024] 1페이지까지 · 누적 1631건 (요청 10377회)
[하이러닝_미리캔버스_경기도교육청 2025] 1페이지까지 · 누적 1631건 (요청 10378회)
[하이러닝_미리캔버스_경기도교육청 2026] 1페이지까지 · 누적 1631건 (요청 10379회)
[하이러닝_아티클러 _ 경기도교육청 2023] 1페이지까지 · 누적 1631건 (요청 10380회)
[하이러닝_아티클러 _ 경기도교육청 2024] 1페이지까지 · 누적 1631건 (요청 10381회)
[하이러닝_아티클러 _ 경기도교육청 2025] 1페이지까지 · 누적 1631건 (요청 10382회)
[하이러닝_아티클러 _ 경기도교육청 2026] 1페이지까지 · 누적 1631건 (요청 10383회)
[하이브레디 2023] 1페이지까지 · 누적 1631건 (요청 10384회)
[하이브레디 2024] 1페이지까지 · 누적 1631건 (요청 10385회)
[하이브레디 2025] 1페이지까지 · 누적 1631건 (요청 10386회)
[하이브레디 2026] 1페이지까지 · 누적 1631건 (요청 10387회)
[하이에듀 2023] 1페이지까지 · 누적 1631건 (요청 10388회)
[하이에듀 2024] 1페이지까지 · 누적 1631건 (요청 10389회)
[하이에듀 2025] 1페이지까지 · 누적 1631건 (요청 10390회)
[하이에듀 2026] 1페이지까지 · 누적 1631건 (요청 10391회)
[하이에듀 Hiedu 2023] 1페이지까지 · 누적 1631건 (요청 10392회)
[하이에듀 Hiedu 2024] 1페이지까지 · 누적 1631건 (요청 10393회)
[하이에듀 Hiedu 2025] 1페이지까지 · 누적 1631건 (요청 10394회)
[하이에듀 Hiedu 2026] 1페이지까지 · 누적 1631건 (요청 10395회)
[하이에듀 Highedu 2023] 1페이지까지 · 누적 1631건 (요청 10396회)
[하이에듀 Highedu 2024] 1페이지까지 · 누적 1631건 (요청 10397회)
[하이에듀 Highedu 2025] 1페이지까지 · 누적 1631건 (요청 10398회)
[하이에듀 Highedu 2026] 1페이지까지 · 누적 1631건 (요청 10399회)
[하이코드 2023] 1페이지까지 · 누적 1631건 (요청 10400회)
[하이코드 2024] 1페이지까지 · 누적 1631건 (요청 10401회)
[하이코드 2025] 1페이지까지 · 누적 1631건 (요청 10402회)
[하이코드 2026] 1페이지까지 · 누적 1631건 (요청 10403회)
[하이클래스 2023] 1페이지까지 · 누적 1631건 (요청 10404회)
[하이클래스 2024] 1페이지까지 · 누적 1631건 (요청 10405회)
[하이클래스 2025] 1페이지까지 · 누적 1631건 (요청 10406회)
[하이클래스 2026] 1페이지까지 · 누적 1631건 (요청 10407회)
[학과계열선정검사 2023] 1페이지까지 · 누적 1632건 (요청 10409회)
[학과계열선정검사 2024] 1페이지까지 · 누적 1632건 (요청 10410회)
[학과계열선정검사 2025] 1페이지까지 · 누적 1632건 (요청 10411회)
[학과계열선정검사 2026] 1페이지까지 · 누적 1632건 (요청 10412회)
[학급 경영 올인원 웹 앱 2023] 1페이지까지 · 누적 1632건 (요청 10413회)
[학급 경영 올인원 웹 앱 2024] 1페이지까지 · 누적 1632건 (요청 10414회)
[학급 경영 올인원 웹 앱 2025] 1페이지까지 · 누적 1632건 (요청 10415회)
[학급 경영 올인원 웹 앱 2026] 1페이지까지 · 누적 1632건 (요청 10416회)
[학내망 스마트 채점 2023] 1페이지까지 · 누적 1632건 (요청 10417회)
[학내망 스마트 채점 2024] 1페이지까지 · 누적 1632건 (요청 10418회)
[학내망 스마트 채점 2025] 1페이지까지 · 누적 1632건 (요청 10419회)
[학내망 스마트 채점 2026] 1페이지까지 · 누적 1632건 (요청 10420회)
[학생관리프로그램_진학통 2023] 1페이지까지 · 누적 1632건 (요청 10421회)
[학생관리프로그램_진학통 2024] 1페이지까지 · 누적 1632건 (요청 10422회)
[학생관리프로그램_진학통 2025] 1페이지까지 · 누적 1632건 (요청 10423회)
[학생관리프로그램_진학통 2026] 1페이지까지 · 누적 1632건 (요청 10424회)
[학생역량강화 솔루션 2023] 1페이지까지 · 누적 1632건 (요청 10425회)
[학생역량강화 솔루션 2024] 1페이지까지 · 누적 1632건 (요청 10426회)
[학생역량강화 솔루션 2025] 1페이지까지 · 누적 1632건 (요청 10427회)
[학생역량강화 솔루션 2026] 1페이지까지 · 누적 1632건 (요청 10428회)
[학생참여중심수업 2023] 1페이지까지 · 누적 1632건 (요청 10429회)
[학생참여중심수업 2024] 1페이지까지 · 누적 1632건 (요청 10430회)
[학생참여중심수업 2025] 1페이지까지 · 누적 1632건 (요청 10431회)
[학생참여중심수업 2026] 1페이지까지 · 누적 1632건 (요청 10432회)
[학생평가지원포털 2023] 1페이지까지 · 누적 1632건 (요청 10433회)
[학생평가지원포털 2024] 1페이지까지 · 누적 1632건 (요청 10434회)
[학생평가지원포털 2025] 1페이지까지 · 누적 1632건 (요청 10435회)
[학생평가지원포털 2026] 1페이지까지 · 누적 1632건 (요청 10436회)
[학술연구정보서비스 2023] 1페이지까지 · 누적 1632건 (요청 10437회)
[학술연구정보서비스 2024] 1페이지까지 · 누적 1632건 (요청 10438회)
[학술연구정보서비스 2025] 1페이지까지 · 누적 1632건 (요청 10439회)
[학술연구정보서비스 2026] 1페이지까지 · 누적 1632건 (요청 10440회)
[학습동기 및 기술검사 2023] 1페이지까지 · 누적 1632건 (요청 10441회)
[학습동기 및 기술검사 2024] 1페이지까지 · 누적 1632건 (요청 10442회)
[학습동기 및 기술검사 2025] 1페이지까지 · 누적 1632건 (요청 10443회)
[학습동기 및 기술검사 2026] 1페이지까지 · 누적 1632건 (요청 10444회)
[학습역량 진단검사 온라인 시스템 2023] 1페이지까지 · 누적 1632건 (요청 10445회)
[학습역량 진단검사 온라인 시스템 2024] 1페이지까지 · 누적 1632건 (요청 10446회)
[학습역량 진단검사 온라인 시스템 2025] 1페이지까지 · 누적 1632건 (요청 10447회)
[학습역량 진단검사 온라인 시스템 2026] 1페이지까지 · 누적 1632건 (요청 10448회)
[학습이력카드 2023] 1페이지까지 · 누적 1632건 (요청 10449회)
[학습이력카드 2024] 1페이지까지 · 누적 1632건 (요청 10450회)
[학습이력카드 2025] 1페이지까지 · 누적 1632건 (요청 10451회)
[학습이력카드 2026] 1페이지까지 · 누적 1632건 (요청 10452회)
[한곽알고리즘저지 2023] 1페이지까지 · 누적 1632건 (요청 10453회)
[한곽알고리즘저지 2024] 1페이지까지 · 누적 1632건 (요청 10454회)
[한곽알고리즘저지 2025] 1페이지까지 · 누적 1632건 (요청 10455회)
[한곽알고리즘저지 2026] 1페이지까지 · 누적 1632건 (요청 10456회)
[한국공인회계사회 AT자격시험 2023] 1페이지까지 · 누적 1632건 (요청 10457회)
[한국공인회계사회 AT자격시험 2024] 1페이지까지 · 누적 1632건 (요청 10458회)
[한국공인회계사회 AT자격시험 2025] 1페이지까지 · 누적 1632건 (요청 10459회)
[한국공인회계사회 AT자격시험 2026] 1페이지까지 · 누적 1632건 (요청 10460회)
[한국비버챌린지 2023] 1페이지까지 · 누적 1632건 (요청 10461회)
[한국비버챌린지 2024] 1페이지까지 · 누적 1632건 (요청 10462회)
[한국비버챌린지 2025] 1페이지까지 · 누적 1632건 (요청 10463회)
[한국비버챌린지 2026] 1페이지까지 · 누적 1632건 (요청 10464회)
[한국어 레벨테스트 2023] 1페이지까지 · 누적 1632건 (요청 10465회)
[한국어 레벨테스트 2024] 1페이지까지 · 누적 1632건 (요청 10466회)
[한국어 레벨테스트 2025] 1페이지까지 · 누적 1632건 (요청 10467회)
[한국어 레벨테스트 2026] 1페이지까지 · 누적 1632건 (요청 10468회)
[한국어 속뜻사전 2023] 1페이지까지 · 누적 1632건 (요청 10469회)
[한국어 속뜻사전 2024] 1페이지까지 · 누적 1632건 (요청 10470회)
[한국어 속뜻사전 2025] 1페이지까지 · 누적 1632건 (요청 10471회)
[한국어 속뜻사전 2026] 1페이지까지 · 누적 1632건 (요청 10472회)
[한국어 중심 언어교환 앱 코리안쌤 2023] 1페이지까지 · 누적 1632건 (요청 10473회)
[한국어 중심 언어교환 앱 코리안쌤 2024] 1페이지까지 · 누적 1632건 (요청 10474회)
[한국어 중심 언어교환 앱 코리안쌤 2025] 1페이지까지 · 누적 1632건 (요청 10475회)
[한국어 중심 언어교환 앱 코리안쌤 2026] 1페이지까지 · 누적 1632건 (요청 10476회)
[한권으로 아두이노 메이킹 날로먹기 2023] 1페이지까지 · 누적 1632건 (요청 10477회)
[한권으로 아두이노 메이킹 날로먹기 2024] 1페이지까지 · 누적 1632건 (요청 10478회)
[한권으로 아두이노 메이킹 날로먹기 2025] 1페이지까지 · 누적 1632건 (요청 10479회)
[한권으로 아두이노 메이킹 날로먹기 2026] 1페이지까지 · 누적 1632건 (요청 10480회)
[한글 또박또박 2023] 1페이지까지 · 누적 1632건 (요청 10481회)
[한글 또박또박 2024] 1페이지까지 · 누적 1632건 (요청 10482회)
[한글 또박또박 2025] 1페이지까지 · 누적 1632건 (요청 10483회)
[한글 또박또박 2026] 1페이지까지 · 누적 1632건 (요청 10484회)
[한글 배움책 2023] 1페이지까지 · 누적 1632건 (요청 10485회)
[한글 배움책 2024] 1페이지까지 · 누적 1632건 (요청 10486회)
[한글 배움책 2025] 1페이지까지 · 누적 1632건 (요청 10487회)
[한글 배움책 2026] 1페이지까지 · 누적 1632건 (요청 10488회)
[한글과컴퓨터 계정서비스 2023] 1페이지까지 · 누적 1632건 (요청 10489회)
[한글과컴퓨터 계정서비스 2024] 1페이지까지 · 누적 1632건 (요청 10490회)
[한글과컴퓨터 계정서비스 2025] 1페이지까지 · 누적 1632건 (요청 10491회)
[한글과컴퓨터 계정서비스 2026] 1페이지까지 · 누적 1632건 (요청 10492회)
[한글링 2023] 1페이지까지 · 누적 1632건 (요청 10493회)
[한글링 2024] 1페이지까지 · 누적 1632건 (요청 10494회)
[한글링 2025] 1페이지까지 · 누적 1632건 (요청 10495회)
[한글링 2026] 1페이지까지 · 누적 1632건 (요청 10496회)
[한글판 GSP 5.0 2023] 1페이지까지 · 누적 1632건 (요청 10497회)
[한글판 GSP 5.0 2024] 1페이지까지 · 누적 1632건 (요청 10498회)
[한글판 GSP 5.0 2025] 1페이지까지 · 누적 1632건 (요청 10499회)
[한글판 GSP 5.0 2026] 1페이지까지 · 누적 1632건 (요청 10500회)
[한글판 GrafEq 2023] 1페이지까지 · 누적 1632건 (요청 10501회)
[한글판 GrafEq 2024] 1페이지까지 · 누적 1632건 (요청 10502회)
[한글판 GrafEq 2025] 1페이지까지 · 누적 1632건 (요청 10503회)
[한글판 GrafEq 2026] 1페이지까지 · 누적 1632건 (요청 10504회)
[한글판 Tess 2023] 1페이지까지 · 누적 1632건 (요청 10505회)
[한글판 Tess 2024] 1페이지까지 · 누적 1632건 (요청 10506회)
[한글판 Tess 2025] 1페이지까지 · 누적 1632건 (요청 10507회)
[한글판 Tess 2026] 1페이지까지 · 누적 1632건 (요청 10508회)
[한뼘코딩 2023] 1페이지까지 · 누적 1632건 (요청 10509회)
[한뼘코딩 2024] 1페이지까지 · 누적 1632건 (요청 10510회)
[한뼘코딩 2025] 1페이지까지 · 누적 1632건 (요청 10511회)
[한뼘코딩 2026] 1페이지까지 · 누적 1632건 (요청 10512회)
[한뼘텃밭 모종키트 2023] 1페이지까지 · 누적 1632건 (요청 10513회)
[한뼘텃밭 모종키트 2024] 1페이지까지 · 누적 1632건 (요청 10514회)
[한뼘텃밭 모종키트 2025] 1페이지까지 · 누적 1632건 (요청 10515회)
[한뼘텃밭 모종키트 2026] 1페이지까지 · 누적 1632건 (요청 10516회)
[한지쌤 교수평기 일체화 2023] 1페이지까지 · 누적 1632건 (요청 10517회)
[한지쌤 교수평기 일체화 2024] 1페이지까지 · 누적 1632건 (요청 10518회)
[한지쌤 교수평기 일체화 2025] 1페이지까지 · 누적 1632건 (요청 10519회)
[한지쌤 교수평기 일체화 2026] 1페이지까지 · 누적 1632건 (요청 10520회)
[한컵새싹농장 2023] 1페이지까지 · 누적 1632건 (요청 10521회)
[한컵새싹농장 2024] 1페이지까지 · 누적 1632건 (요청 10522회)
[한컵새싹농장 2025] 1페이지까지 · 누적 1632건 (요청 10523회)
[한컵새싹농장 2026] 1페이지까지 · 누적 1632건 (요청 10524회)
[한컵쑥쑥 콩나물키우기 2023] 1페이지까지 · 누적 1632건 (요청 10525회)
[한컵쑥쑥 콩나물키우기 2024] 1페이지까지 · 누적 1632건 (요청 10526회)
[한컵쑥쑥 콩나물키우기 2025] 1페이지까지 · 누적 1632건 (요청 10527회)
[한컵쑥쑥 콩나물키우기 2026] 1페이지까지 · 누적 1632건 (요청 10528회)
[할로코드 2023] 1페이지까지 · 누적 1632건 (요청 10529회)
[할로코드 2024] 1페이지까지 · 누적 1632건 (요청 10530회)
[할로코드 2025] 1페이지까지 · 누적 1632건 (요청 10531회)
[할로코드 2026] 1페이지까지 · 누적 1632건 (요청 10532회)
[함께학교 2023] 1페이지까지 · 누적 1632건 (요청 10533회)
[함께학교 2024] 1페이지까지 · 누적 1632건 (요청 10534회)
[함께학교 2025] 1페이지까지 · 누적 1632건 (요청 10535회)
[함께학교 2026] 1페이지까지 · 누적 1632건 (요청 10536회)
[합시다 2023] 1페이지까지 · 누적 1632건 (요청 10537회)
[합시다 2024] 1페이지까지 · 누적 1632건 (요청 10538회)
[합시다 2025] 1페이지까지 · 누적 1632건 (요청 10539회)
[합시다 2026] 1페이지까지 · 누적 1633건 (요청 10541회)
[해냄에듀 2023] 1페이지까지 · 누적 1633건 (요청 10542회)
[해냄에듀 2024] 1페이지까지 · 누적 1633건 (요청 10543회)
[해냄에듀 2025] 1페이지까지 · 누적 1633건 (요청 10544회)
[해냄에듀 2026] 1페이지까지 · 누적 1633건 (요청 10545회)
[해바라기 DIY 아두이노 코딩교육 키트 2023] 1페이지까지 · 누적 1633건 (요청 10546회)
[해바라기 DIY 아두이노 코딩교육 키트 2024] 1페이지까지 · 누적 1633건 (요청 10547회)
[해바라기 DIY 아두이노 코딩교육 키트 2025] 1페이지까지 · 누적 1633건 (요청 10548회)
[해바라기 DIY 아두이노 코딩교육 키트 2026] 1페이지까지 · 누적 1633건 (요청 10549회)
[해바라기 키트 2023] 1페이지까지 · 누적 1633건 (요청 10550회)
[해바라기 키트 2024] 1페이지까지 · 누적 1633건 (요청 10551회)
[해바라기 키트 2025] 1페이지까지 · 누적 1633건 (요청 10552회)
[해바라기 키트 2026] 1페이지까지 · 누적 1633건 (요청 10553회)
[해시계 만들기 DIY 코딩 교육 키트 2023] 1페이지까지 · 누적 1633건 (요청 10554회)
[해시계 만들기 DIY 코딩 교육 키트 2024] 1페이지까지 · 누적 1633건 (요청 10555회)
[해시계 만들기 DIY 코딩 교육 키트 2025] 1페이지까지 · 누적 1633건 (요청 10556회)
[해시계 만들기 DIY 코딩 교육 키트 2026] 1페이지까지 · 누적 1633건 (요청 10557회)
[핸드팔로잉 자동차 2023] 1페이지까지 · 누적 1633건 (요청 10558회)
[핸드팔로잉 자동차 2024] 1페이지까지 · 누적 1633건 (요청 10559회)
[핸드팔로잉 자동차 2025] 1페이지까지 · 누적 1633건 (요청 10560회)
[핸드팔로잉 자동차 2026] 1페이지까지 · 누적 1633건 (요청 10561회)
[햄스터 축구 조종기 2023] 1페이지까지 · 누적 1633건 (요청 10562회)
[햄스터 축구 조종기 2024] 1페이지까지 · 누적 1633건 (요청 10563회)
[햄스터 축구 조종기 2025] 1페이지까지 · 누적 1633건 (요청 10564회)
[햄스터 축구 조종기 2026] 1페이지까지 · 누적 1633건 (요청 10565회)
[햄스터 폭탄 대작전 2023] 1페이지까지 · 누적 1633건 (요청 10566회)
[햄스터 폭탄 대작전 2024] 1페이지까지 · 누적 1633건 (요청 10567회)
[햄스터 폭탄 대작전 2025] 1페이지까지 · 누적 1633건 (요청 10568회)
[햄스터 폭탄 대작전 2026] 1페이지까지 · 누적 1633건 (요청 10569회)
[햄스터S 2023] 1페이지까지 · 누적 1634건 (요청 10571회)
[햄스터S 2024] 1페이지까지 · 누적 1635건 (요청 10573회)
[햄스터S 2025] 1페이지까지 · 누적 1635건 (요청 10574회)
[햄스터S 2026] 1페이지까지 · 누적 1635건 (요청 10575회)
[허밍고 2023] 1페이지까지 · 누적 1635건 (요청 10576회)
[허밍고 2024] 1페이지까지 · 누적 1635건 (요청 10577회)
[허밍고 2025] 1페이지까지 · 누적 1635건 (요청 10578회)
[허밍고 2026] 1페이지까지 · 누적 1635건 (요청 10579회)
[허밍블럭스 2023] 1페이지까지 · 누적 1635건 (요청 10580회)
[허밍블럭스 2024] 1페이지까지 · 누적 1636건 (요청 10582회)
[허밍블럭스 2025] 1페이지까지 · 누적 1636건 (요청 10583회)
[허밍블럭스 2026] 1페이지까지 · 누적 1637건 (요청 10585회)
[허브메이트 2023] 1페이지까지 · 누적 1637건 (요청 10586회)
[허브메이트 2024] 1페이지까지 · 누적 1637건 (요청 10587회)
[허브메이트 2025] 1페이지까지 · 누적 1637건 (요청 10588회)
[허브메이트 2026] 1페이지까지 · 누적 1637건 (요청 10589회)
[헥사보드 2023] 1페이지까지 · 누적 1637건 (요청 10590회)
[헥사보드 2024] 1페이지까지 · 누적 1637건 (요청 10591회)
[헥사보드 2025] 1페이지까지 · 누적 1637건 (요청 10592회)
[헥사보드 2026] 1페이지까지 · 누적 1637건 (요청 10593회)
[헥사월드 에듀 2023] 1페이지까지 · 누적 1637건 (요청 10594회)
[헥사월드 에듀 2024] 1페이지까지 · 누적 1637건 (요청 10595회)
[헥사월드 에듀 2025] 1페이지까지 · 누적 1637건 (요청 10596회)
[헥사월드 에듀 2026] 1페이지까지 · 누적 1637건 (요청 10597회)
[헬로루디 2023] 1페이지까지 · 누적 1637건 (요청 10598회)
[헬로루디 2024] 1페이지까지 · 누적 1637건 (요청 10599회)
[헬로루디 2025] 1페이지까지 · 누적 1637건 (요청 10600회)
[헬로루디 2026] 1페이지까지 · 누적 1637건 (요청 10601회)
[헬로메이플 2023] 1페이지까지 · 누적 1637건 (요청 10602회)
[헬로메이플 2024] 1페이지까지 · 누적 1637건 (요청 10603회)
[헬로메이플 2025] 1페이지까지 · 누적 1637건 (요청 10604회)
[헬로메이플 2026] 1페이지까지 · 누적 1637건 (요청 10605회)
[현미경 2023] 3페이지까지 · 누적 1775건 (요청 10746회)
  재시도(<urlopen error [Errno 60] Operation timed out>) → 5초
[현미경 2024] 2페이지까지 · 누적 1873건 (요청 10846회)
[현미경 2025] 2페이지까지 · 누적 1945건 (요청 10920회)
[현미경 2026] 2페이지까지 · 누적 1973건 (요청 10950회)
[현정화의 콕! 찍어보는 탁구비법 2023] 1페이지까지 · 누적 1973건 (요청 10951회)
[현정화의 콕! 찍어보는 탁구비법 2024] 1페이지까지 · 누적 1973건 (요청 10952회)
[현정화의 콕! 찍어보는 탁구비법 2025] 1페이지까지 · 누적 1973건 (요청 10953회)
[현정화의 콕! 찍어보는 탁구비법 2026] 1페이지까지 · 누적 1973건 (요청 10954회)
[호두잉글리시M 2023] 1페이지까지 · 누적 1973건 (요청 10955회)
[호두잉글리시M 2024] 1페이지까지 · 누적 1973건 (요청 10956회)
[호두잉글리시M 2025] 1페이지까지 · 누적 1973건 (요청 10957회)
[호두잉글리시M 2026] 1페이지까지 · 누적 1973건 (요청 10958회)
[호두잉글리시PC 2023] 1페이지까지 · 누적 1973건 (요청 10959회)
[호두잉글리시PC 2024] 1페이지까지 · 누적 1973건 (요청 10960회)
[호두잉글리시PC 2025] 1페이지까지 · 누적 1973건 (요청 10961회)
[호두잉글리시PC 2026] 1페이지까지 · 누적 1973건 (요청 10962회)
[호버컬링볼 키트 2023] 1페이지까지 · 누적 1973건 (요청 10963회)
[호버컬링볼 키트 2024] 1페이지까지 · 누적 1973건 (요청 10964회)
[호버컬링볼 키트 2025] 1페이지까지 · 누적 1973건 (요청 10965회)
[호버컬링볼 키트 2026] 1페이지까지 · 누적 1973건 (요청 10966회)
[홀로매직 2023] 1페이지까지 · 누적 1974건 (요청 10968회)
[홀로매직 2024] 1페이지까지 · 누적 1974건 (요청 10969회)
[홀로매직 2025] 1페이지까지 · 누적 1974건 (요청 10970회)
[홀로매직 2026] 1페이지까지 · 누적 1974건 (요청 10971회)
[홈골프 만들기 DIY 코딩 교육 키트 2023] 1페이지까지 · 누적 1974건 (요청 10972회)
[홈골프 만들기 DIY 코딩 교육 키트 2024] 1페이지까지 · 누적 1974건 (요청 10973회)
[홈골프 만들기 DIY 코딩 교육 키트 2025] 1페이지까지 · 누적 1974건 (요청 10974회)
[홈골프 만들기 DIY 코딩 교육 키트 2026] 1페이지까지 · 누적 1974건 (요청 10975회)
[화산 폭발 실험 키트 2023] 1페이지까지 · 누적 1974건 (요청 10976회)
[화산 폭발 실험 키트 2024] 1페이지까지 · 누적 1974건 (요청 10977회)
[화산 폭발 실험 키트 2025] 1페이지까지 · 누적 1974건 (요청 10978회)
[화산 폭발 실험 키트 2026] 1페이지까지 · 누적 1974건 (요청 10979회)
[화학반응AR카드 / 화학반응 AR 2023] 1페이지까지 · 누적 1974건 (요청 10980회)
[화학반응AR카드 / 화학반응 AR 2024] 1페이지까지 · 누적 1974건 (요청 10981회)
[화학반응AR카드 / 화학반응 AR 2025] 1페이지까지 · 누적 1974건 (요청 10982회)
[화학반응AR카드 / 화학반응 AR 2026] 1페이지까지 · 누적 1974건 (요청 10983회)
[환경교육, 분리배출 트럭 만들기 2023] 1페이지까지 · 누적 1974건 (요청 10984회)
[환경교육, 분리배출 트럭 만들기 2024] 1페이지까지 · 누적 1974건 (요청 10985회)
[환경교육, 분리배출 트럭 만들기 2025] 1페이지까지 · 누적 1974건 (요청 10986회)
[환경교육, 분리배출 트럭 만들기 2026] 1페이지까지 · 누적 1974건 (요청 10987회)
[후후비행기 2023] 1페이지까지 · 누적 1974건 (요청 10988회)
[후후비행기 2024] 1페이지까지 · 누적 1974건 (요청 10989회)
[후후비행기 2025] 1페이지까지 · 누적 1974건 (요청 10990회)
[후후비행기 2026] 1페이지까지 · 누적 1974건 (요청 10991회)
[훈맹정음 점자 탐험대 2023] 1페이지까지 · 누적 1974건 (요청 10992회)
[훈맹정음 점자 탐험대 2024] 1페이지까지 · 누적 1974건 (요청 10993회)
[훈맹정음 점자 탐험대 2025] 1페이지까지 · 누적 1974건 (요청 10994회)
[훈맹정음 점자 탐험대 2026] 1페이지까지 · 누적 1974건 (요청 10995회)
[휠리엑스플레이 2023] 1페이지까지 · 누적 1974건 (요청 10996회)
[휠리엑스플레이 2024] 1페이지까지 · 누적 1974건 (요청 10997회)
[휠리엑스플레이 2025] 1페이지까지 · 누적 1974건 (요청 10998회)
[휠리엑스플레이 2026] 1페이지까지 · 누적 1974건 (요청 10999회)
[휴노 스쿨온 표준화심리검사 2023] 1페이지까지 · 누적 1974건 (요청 11000회)
[휴노 스쿨온 표준화심리검사 2024] 1페이지까지 · 누적 1974건 (요청 11001회)
[휴노 스쿨온 표준화심리검사 2025] 1페이지까지 · 누적 1974건 (요청 11002회)
[휴노 스쿨온 표준화심리검사 2026] 1페이지까지 · 누적 1974건 (요청 11003회)
[휴머노이드형 2족 AI 체험로봇 파이온 2023] 1페이지까지 · 누적 1974건 (요청 11004회)
[휴머노이드형 2족 AI 체험로봇 파이온 2024] 1페이지까지 · 누적 1974건 (요청 11005회)
[휴머노이드형 2족 AI 체험로봇 파이온 2025] 1페이지까지 · 누적 1974건 (요청 11006회)
[휴머노이드형 2족 AI 체험로봇 파이온 2026] 1페이지까지 · 누적 1974건 (요청 11007회)
[휴머노이드형 AI 교육용 로봇 파이보 2023] 1페이지까지 · 누적 1974건 (요청 11008회)
[휴머노이드형 AI 교육용 로봇 파이보 2024] 1페이지까지 · 누적 1974건 (요청 11009회)
[휴머노이드형 AI 교육용 로봇 파이보 2025] 1페이지까지 · 누적 1974건 (요청 11010회)
[휴머노이드형 AI 교육용 로봇 파이보 2026] 1페이지까지 · 누적 1974건 (요청 11011회)
[휴지통 만들기 DIY 코딩 교육 키트 2023] 1페이지까지 · 누적 1974건 (요청 11012회)
[휴지통 만들기 DIY 코딩 교육 키트 2024] 1페이지까지 · 누적 1974건 (요청 11013회)
[휴지통 만들기 DIY 코딩 교육 키트 2025] 1페이지까지 · 누적 1974건 (요청 11014회)
[휴지통 만들기 DIY 코딩 교육 키트 2026] 1페이지까지 · 누적 1974건 (요청 11015회)

완료 — 요청 11015회, 학교 계약 1974건 → 충남_candidates.csv
