검색어 2252종 × 회계연도 4개 = 9008조합
[1024.kr|2023] 1페이지까지 · 누적 0건 (요청 1회)
[1024.kr|2024] 1페이지까지 · 누적 0건 (요청 2회)
[1024.kr|2025] 1페이지까지 · 누적 0건 (요청 3회)
[1024.kr|2026] 1페이지까지 · 누적 0건 (요청 4회)
[10대를 위한 데이터 과학 with 파이썬|2023] 1페이지까지 · 누적 0건 (요청 5회)
[10대를 위한 데이터 과학 with 파이썬|2024] 1페이지까지 · 누적 0건 (요청 6회)
[10대를 위한 데이터 과학 with 파이썬|2025] 1페이지까지 · 누적 0건 (요청 7회)
[10대를 위한 데이터 과학 with 파이썬|2026] 1페이지까지 · 누적 0건 (요청 8회)
[10대를 위한 데이터과학 with 엔트리|2023] 1페이지까지 · 누적 0건 (요청 9회)
[10대를 위한 데이터과학 with 엔트리|2024] 1페이지까지 · 누적 0건 (요청 10회)
[10대를 위한 데이터과학 with 엔트리|2025] 1페이지까지 · 누적 0건 (요청 11회)
[10대를 위한 데이터과학 with 엔트리|2026] 1페이지까지 · 누적 0건 (요청 12회)
[121종 리딩캣 패키지 명작고전/위인|2023] 1페이지까지 · 누적 0건 (요청 13회)
[121종 리딩캣 패키지 명작고전/위인|2024] 1페이지까지 · 누적 0건 (요청 14회)
[121종 리딩캣 패키지 명작고전/위인|2025] 1페이지까지 · 누적 0건 (요청 15회)
[121종 리딩캣 패키지 명작고전/위인|2026] 1페이지까지 · 누적 0건 (요청 16회)
[124종 리딩캣 패키지 전세계 수상작|2023] 1페이지까지 · 누적 0건 (요청 17회)
[124종 리딩캣 패키지 전세계 수상작|2024] 1페이지까지 · 누적 0건 (요청 18회)
[124종 리딩캣 패키지 전세계 수상작|2025] 1페이지까지 · 누적 0건 (요청 19회)
[124종 리딩캣 패키지 전세계 수상작|2026] 1페이지까지 · 누적 0건 (요청 20회)
[16 Personalities|2023] 1페이지까지 · 누적 0건 (요청 21회)
[16 Personalities|2024] 1페이지까지 · 누적 0건 (요청 22회)
[16 Personalities|2025] 1페이지까지 · 누적 0건 (요청 23회)
[16 Personalities|2026] 1페이지까지 · 누적 0건 (요청 24회)
[1gram 저작도구|2023] 1페이지까지 · 누적 0건 (요청 25회)
[1gram 저작도구|2024] 1페이지까지 · 누적 0건 (요청 26회)
[1gram 저작도구|2025] 1페이지까지 · 누적 0건 (요청 27회)
[1gram 저작도구|2026] 1페이지까지 · 누적 0건 (요청 28회)
[2차원 운동 분석|2023] 1페이지까지 · 누적 0건 (요청 29회)
[2차원 운동 분석|2024] 1페이지까지 · 누적 0건 (요청 30회)
[2차원 운동 분석|2025] 1페이지까지 · 누적 0건 (요청 31회)
[2차원 운동 분석|2026] 1페이지까지 · 누적 0건 (요청 32회)
[365PLAY 학교 전인교육 솔루션|2023] 1페이지까지 · 누적 0건 (요청 33회)
[365PLAY 학교 전인교육 솔루션|2024] 1페이지까지 · 누적 0건 (요청 34회)
[365PLAY 학교 전인교육 솔루션|2025] 1페이지까지 · 누적 0건 (요청 35회)
[365PLAY 학교 전인교육 솔루션|2026] 1페이지까지 · 누적 0건 (요청 36회)
[3D 스팀펜|2023] 1페이지까지 · 누적 0건 (요청 37회)
[3D 스팀펜|2024] 1페이지까지 · 누적 0건 (요청 38회)
[3D 스팀펜|2025] 1페이지까지 · 누적 0건 (요청 39회)
[3D 스팀펜|2026] 1페이지까지 · 누적 0건 (요청 40회)
[3DWOX Desktop|2023] 1페이지까지 · 누적 0건 (요청 41회)
[3DWOX Desktop|2024] 1페이지까지 · 누적 0건 (요청 42회)
[3DWOX Desktop|2025] 1페이지까지 · 누적 0건 (요청 43회)
[3DWOX Desktop|2026] 1페이지까지 · 누적 0건 (요청 44회)
[56종 리딩캣 패키지 읽기창작|2023] 1페이지까지 · 누적 0건 (요청 45회)
[56종 리딩캣 패키지 읽기창작|2024] 1페이지까지 · 누적 0건 (요청 46회)
[56종 리딩캣 패키지 읽기창작|2025] 1페이지까지 · 누적 0건 (요청 47회)
[56종 리딩캣 패키지 읽기창작|2026] 1페이지까지 · 누적 0건 (요청 48회)
[A-City|2023] 1페이지까지 · 누적 0건 (요청 49회)
[A-City|2024] 1페이지까지 · 누적 0건 (요청 50회)
[A-City|2025] 1페이지까지 · 누적 0건 (요청 51회)
[A-City|2026] 1페이지까지 · 누적 0건 (요청 52회)
[AI 505_Body 포즈인식 로봇|2023] 1페이지까지 · 누적 0건 (요청 53회)
[AI 505_Body 포즈인식 로봇|2024] 1페이지까지 · 누적 0건 (요청 54회)
[AI 505_Body 포즈인식 로봇|2025] 1페이지까지 · 누적 0건 (요청 55회)
[AI 505_Body 포즈인식 로봇|2026] 1페이지까지 · 누적 0건 (요청 56회)
[AI 505_Face 얼굴인식 로봇|2023] 1페이지까지 · 누적 0건 (요청 57회)
[AI 505_Face 얼굴인식 로봇|2024] 1페이지까지 · 누적 0건 (요청 58회)
[AI 505_Face 얼굴인식 로봇|2025] 1페이지까지 · 누적 0건 (요청 59회)
[AI 505_Face 얼굴인식 로봇|2026] 1페이지까지 · 누적 0건 (요청 60회)
[AI BMI & 악력|2023] 1페이지까지 · 누적 0건 (요청 61회)
[AI BMI & 악력|2024] 1페이지까지 · 누적 0건 (요청 62회)
[AI BMI & 악력|2025] 1페이지까지 · 누적 0건 (요청 63회)
[AI BMI & 악력|2026] 1페이지까지 · 누적 0건 (요청 64회)
[AI CLASS|2023] 1페이지까지 · 누적 0건 (요청 65회)
[AI CLASS|2024] 1페이지까지 · 누적 0건 (요청 66회)
[AI CLASS|2025] 1페이지까지 · 누적 0건 (요청 67회)
[AI CLASS|2026] 1페이지까지 · 누적 0건 (요청 68회)
[AI CRAFT|2023] 1페이지까지 · 누적 0건 (요청 69회)
[AI CRAFT|2024] 1페이지까지 · 누적 0건 (요청 70회)
[AI CRAFT|2025] 1페이지까지 · 누적 0건 (요청 71회)
[AI CRAFT|2026] 1페이지까지 · 누적 0건 (요청 72회)
[AI Class|2023] 1페이지까지 · 누적 0건 (요청 73회)
[AI Class|2024] 1페이지까지 · 누적 0건 (요청 74회)
[AI Class|2025] 1페이지까지 · 누적 0건 (요청 75회)
[AI Class|2026] 1페이지까지 · 누적 0건 (요청 76회)
[AI Edu Class|2023] 1페이지까지 · 누적 0건 (요청 77회)
[AI Edu Class|2024] 1페이지까지 · 누적 0건 (요청 78회)
[AI Edu Class|2025] 1페이지까지 · 누적 0건 (요청 79회)
[AI Edu Class|2026] 1페이지까지 · 누적 0건 (요청 80회)
[AI Feel|2023] 1페이지까지 · 누적 0건 (요청 81회)
[AI Feel|2024] 1페이지까지 · 누적 0건 (요청 82회)
[AI Feel|2025] 1페이지까지 · 누적 0건 (요청 83회)
[AI Feel|2026] 1페이지까지 · 누적 0건 (요청 84회)
[AI Lab Newton|2023] 1페이지까지 · 누적 0건 (요청 85회)
[AI Lab Newton|2024] 1페이지까지 · 누적 0건 (요청 86회)
[AI Lab Newton|2025] 1페이지까지 · 누적 0건 (요청 87회)
[AI Lab Newton|2026] 1페이지까지 · 누적 0건 (요청 88회)
[AI SPEAK 2.0 영어|2023] 1페이지까지 · 누적 0건 (요청 89회)
[AI SPEAK 2.0 영어|2024] 1페이지까지 · 누적 0건 (요청 90회)
[AI SPEAK 2.0 영어|2025] 1페이지까지 · 누적 0건 (요청 91회)
[AI SPEAK 2.0 영어|2026] 1페이지까지 · 누적 0건 (요청 92회)
[AI SPEAK 2.0 한국어|2023] 1페이지까지 · 누적 0건 (요청 93회)
[AI SPEAK 2.0 한국어|2024] 1페이지까지 · 누적 0건 (요청 94회)
[AI SPEAK 2.0 한국어|2025] 1페이지까지 · 누적 0건 (요청 95회)
[AI SPEAK 2.0 한국어|2026] 1페이지까지 · 누적 0건 (요청 96회)
[AI Tutor|2023] 1페이지까지 · 누적 0건 (요청 97회)
[AI Tutor|2024] 1페이지까지 · 누적 0건 (요청 98회)
[AI Tutor|2025] 1페이지까지 · 누적 0건 (요청 99회)
[AI Tutor|2026] 1페이지까지 · 누적 0건 (요청 100회)
[AI 과제탐구 프로그램|2023] 1페이지까지 · 누적 0건 (요청 101회)
[AI 과제탐구 프로그램|2024] 1페이지까지 · 누적 0건 (요청 102회)
[AI 과제탐구 프로그램|2025] 1페이지까지 · 누적 0건 (요청 103회)
[AI 과제탐구 프로그램|2026] 1페이지까지 · 누적 0건 (요청 104회)
[AI 금쪽이 스피커|2023] 1페이지까지 · 누적 0건 (요청 105회)
[AI 금쪽이 스피커|2024] 1페이지까지 · 누적 0건 (요청 106회)
[AI 금쪽이 스피커|2025] 1페이지까지 · 누적 0건 (요청 107회)
[AI 금쪽이 스피커|2026] 1페이지까지 · 누적 0건 (요청 108회)
[AI 기반 영문법 문항 생성기|2023] 1페이지까지 · 누적 0건 (요청 109회)
[AI 기반 영문법 문항 생성기|2024] 1페이지까지 · 누적 0건 (요청 110회)
[AI 기반 영문법 문항 생성기|2025] 1페이지까지 · 누적 0건 (요청 111회)
[AI 기반 영문법 문항 생성기|2026] 1페이지까지 · 누적 0건 (요청 112회)
[AI 기반 특목·자사고 진학 지원 솔루션|2023] 1페이지까지 · 누적 0건 (요청 113회)
[AI 기반 특목·자사고 진학 지원 솔루션|2024] 1페이지까지 · 누적 0건 (요청 114회)
[AI 기반 특목·자사고 진학 지원 솔루션|2025] 1페이지까지 · 누적 0건 (요청 115회)
[AI 기반 특목·자사고 진학 지원 솔루션|2026] 1페이지까지 · 누적 0건 (요청 116회)
[AI 기반 학생부·진로진학 솔루션|2023] 1페이지까지 · 누적 0건 (요청 117회)
[AI 기반 학생부·진로진학 솔루션|2024] 1페이지까지 · 누적 0건 (요청 118회)
[AI 기반 학생부·진로진학 솔루션|2025] 1페이지까지 · 누적 0건 (요청 119회)
[AI 기반 학생부·진로진학 솔루션|2026] 1페이지까지 · 누적 0건 (요청 120회)
[AI 나눔이|2023] 1페이지까지 · 누적 0건 (요청 121회)
[AI 나눔이|2024] 1페이지까지 · 누적 0건 (요청 122회)
[AI 나눔이|2025] 1페이지까지 · 누적 0건 (요청 123회)
[AI 나눔이|2026] 1페이지까지 · 누적 0건 (요청 124회)
[AI 도면 탐험대 시리즈 8종 세트|2023] 1페이지까지 · 누적 0건 (요청 125회)
[AI 도면 탐험대 시리즈 8종 세트|2024] 1페이지까지 · 누적 0건 (요청 126회)
[AI 도면 탐험대 시리즈 8종 세트|2025] 1페이지까지 · 누적 0건 (요청 127회)
[AI 도면 탐험대 시리즈 8종 세트|2026] 1페이지까지 · 누적 0건 (요청 128회)
[AI 디지털 교육자료 고등 공통수학1|2023] 1페이지까지 · 누적 0건 (요청 129회)
[AI 디지털 교육자료 고등 공통수학1|2024] 1페이지까지 · 누적 0건 (요청 130회)
[AI 디지털 교육자료 고등 공통수학1|2025] 1페이지까지 · 누적 0건 (요청 131회)
[AI 디지털 교육자료 고등 공통수학1|2026] 1페이지까지 · 누적 0건 (요청 132회)
[AI 디지털 교육자료 고등 공통수학2|2023] 1페이지까지 · 누적 0건 (요청 133회)
[AI 디지털 교육자료 고등 공통수학2|2024] 1페이지까지 · 누적 0건 (요청 134회)
[AI 디지털 교육자료 고등 공통수학2|2025] 1페이지까지 · 누적 0건 (요청 135회)
[AI 디지털 교육자료 고등 공통수학2|2026] 1페이지까지 · 누적 0건 (요청 136회)
[AI 디지털 교육자료 고등 공통영어1|2023] 1페이지까지 · 누적 0건 (요청 137회)
[AI 디지털 교육자료 고등 공통영어1|2024] 1페이지까지 · 누적 0건 (요청 138회)
[AI 디지털 교육자료 고등 공통영어1|2025] 1페이지까지 · 누적 0건 (요청 139회)
[AI 디지털 교육자료 고등 공통영어1|2026] 1페이지까지 · 누적 0건 (요청 140회)
[AI 디지털 교육자료 고등 공통영어2|2023] 1페이지까지 · 누적 0건 (요청 141회)
[AI 디지털 교육자료 고등 공통영어2|2024] 1페이지까지 · 누적 0건 (요청 142회)
[AI 디지털 교육자료 고등 공통영어2|2025] 1페이지까지 · 누적 0건 (요청 143회)
[AI 디지털 교육자료 고등 공통영어2|2026] 1페이지까지 · 누적 0건 (요청 144회)
[AI 디지털 교육자료 고등 정보|2023] 1페이지까지 · 누적 0건 (요청 145회)
[AI 디지털 교육자료 고등 정보|2024] 1페이지까지 · 누적 0건 (요청 146회)
[AI 디지털 교육자료 고등 정보|2025] 1페이지까지 · 누적 0건 (요청 147회)
[AI 디지털 교육자료 고등 정보|2026] 1페이지까지 · 누적 0건 (요청 148회)
[AI 디지털 교육자료 공통수학1|2023] 1페이지까지 · 누적 0건 (요청 149회)
[AI 디지털 교육자료 공통수학1|2024] 1페이지까지 · 누적 0건 (요청 150회)
[AI 디지털 교육자료 공통수학1|2025] 1페이지까지 · 누적 0건 (요청 151회)
[AI 디지털 교육자료 공통수학1|2026] 1페이지까지 · 누적 0건 (요청 152회)
[AI 디지털 교육자료 공통수학2|2023] 1페이지까지 · 누적 0건 (요청 153회)
[AI 디지털 교육자료 공통수학2|2024] 1페이지까지 · 누적 0건 (요청 154회)
[AI 디지털 교육자료 공통수학2|2025] 1페이지까지 · 누적 0건 (요청 155회)
[AI 디지털 교육자료 공통수학2|2026] 1페이지까지 · 누적 0건 (요청 156회)
[AI 디지털 교육자료 공통영어1|2023] 1페이지까지 · 누적 0건 (요청 157회)
[AI 디지털 교육자료 공통영어1|2024] 1페이지까지 · 누적 0건 (요청 158회)
[AI 디지털 교육자료 공통영어1|2025] 1페이지까지 · 누적 0건 (요청 159회)
[AI 디지털 교육자료 공통영어1|2026] 1페이지까지 · 누적 0건 (요청 160회)
[AI 디지털 교육자료 공통영어2|2023] 1페이지까지 · 누적 0건 (요청 161회)
[AI 디지털 교육자료 공통영어2|2024] 1페이지까지 · 누적 0건 (요청 162회)
[AI 디지털 교육자료 공통영어2|2025] 1페이지까지 · 누적 0건 (요청 163회)
[AI 디지털 교육자료 공통영어2|2026] 1페이지까지 · 누적 0건 (요청 164회)
[AI 디지털 교육자료 중학 수학 1|2023] 1페이지까지 · 누적 0건 (요청 165회)
[AI 디지털 교육자료 중학 수학 1|2024] 1페이지까지 · 누적 0건 (요청 166회)
[AI 디지털 교육자료 중학 수학 1|2025] 1페이지까지 · 누적 0건 (요청 167회)
[AI 디지털 교육자료 중학 수학 1|2026] 1페이지까지 · 누적 0건 (요청 168회)
[AI 디지털 교육자료 중학 수학 2|2023] 1페이지까지 · 누적 0건 (요청 169회)
[AI 디지털 교육자료 중학 수학 2|2024] 1페이지까지 · 누적 0건 (요청 170회)
[AI 디지털 교육자료 중학 수학 2|2025] 1페이지까지 · 누적 0건 (요청 171회)
[AI 디지털 교육자료 중학 수학 2|2026] 1페이지까지 · 누적 0건 (요청 172회)
[AI 디지털 교육자료 중학 수학1|2023] 1페이지까지 · 누적 0건 (요청 173회)
[AI 디지털 교육자료 중학 수학1|2024] 1페이지까지 · 누적 0건 (요청 174회)
[AI 디지털 교육자료 중학 수학1|2025] 1페이지까지 · 누적 0건 (요청 175회)
[AI 디지털 교육자료 중학 수학1|2026] 1페이지까지 · 누적 0건 (요청 176회)
[AI 디지털 교육자료 중학 수학2|2023] 1페이지까지 · 누적 0건 (요청 177회)
[AI 디지털 교육자료 중학 수학2|2024] 1페이지까지 · 누적 0건 (요청 178회)
[AI 디지털 교육자료 중학 수학2|2025] 1페이지까지 · 누적 0건 (요청 179회)
[AI 디지털 교육자료 중학 수학2|2026] 1페이지까지 · 누적 0건 (요청 180회)
[AI 디지털 교육자료 중학 영어 1 윤정미|2023] 1페이지까지 · 누적 0건 (요청 181회)
[AI 디지털 교육자료 중학 영어 1 윤정미|2024] 1페이지까지 · 누적 0건 (요청 182회)
[AI 디지털 교육자료 중학 영어 1 윤정미|2025] 1페이지까지 · 누적 0건 (요청 183회)
[AI 디지털 교육자료 중학 영어 1 윤정미|2026] 1페이지까지 · 누적 0건 (요청 184회)
[AI 디지털 교육자료 중학 영어 1 이병민|2023] 1페이지까지 · 누적 0건 (요청 185회)
[AI 디지털 교육자료 중학 영어 1 이병민|2024] 1페이지까지 · 누적 0건 (요청 186회)
[AI 디지털 교육자료 중학 영어 1 이병민|2025] 1페이지까지 · 누적 0건 (요청 187회)
[AI 디지털 교육자료 중학 영어 1 이병민|2026] 1페이지까지 · 누적 0건 (요청 188회)
[AI 디지털 교육자료 중학 영어 2 윤정미|2023] 1페이지까지 · 누적 0건 (요청 189회)
[AI 디지털 교육자료 중학 영어 2 윤정미|2024] 1페이지까지 · 누적 0건 (요청 190회)
[AI 디지털 교육자료 중학 영어 2 윤정미|2025] 1페이지까지 · 누적 0건 (요청 191회)
[AI 디지털 교육자료 중학 영어 2 윤정미|2026] 1페이지까지 · 누적 0건 (요청 192회)
[AI 디지털 교육자료 중학 영어 2 이병민|2023] 1페이지까지 · 누적 0건 (요청 193회)
[AI 디지털 교육자료 중학 영어 2 이병민|2024] 1페이지까지 · 누적 0건 (요청 194회)
[AI 디지털 교육자료 중학 영어 2 이병민|2025] 1페이지까지 · 누적 0건 (요청 195회)
[AI 디지털 교육자료 중학 영어 2 이병민|2026] 1페이지까지 · 누적 0건 (요청 196회)
[AI 디지털 교육자료 중학 영어1|2023] 1페이지까지 · 누적 0건 (요청 197회)
[AI 디지털 교육자료 중학 영어1|2024] 1페이지까지 · 누적 0건 (요청 198회)
[AI 디지털 교육자료 중학 영어1|2025] 1페이지까지 · 누적 0건 (요청 199회)
[AI 디지털 교육자료 중학 영어1|2026] 1페이지까지 · 누적 0건 (요청 200회)
[AI 디지털 교육자료 중학 영어2|2023] 1페이지까지 · 누적 0건 (요청 201회)
[AI 디지털 교육자료 중학 영어2|2024] 1페이지까지 · 누적 0건 (요청 202회)
[AI 디지털 교육자료 중학 영어2|2025] 1페이지까지 · 누적 0건 (요청 203회)
[AI 디지털 교육자료 중학 영어2|2026] 1페이지까지 · 누적 0건 (요청 204회)
[AI 디지털 교육자료 중학 정보|2023] 1페이지까지 · 누적 0건 (요청 205회)
[AI 디지털 교육자료 중학 정보|2024] 1페이지까지 · 누적 0건 (요청 206회)
[AI 디지털 교육자료 중학 정보|2025] 1페이지까지 · 누적 0건 (요청 207회)
[AI 디지털 교육자료 중학 정보|2026] 1페이지까지 · 누적 0건 (요청 208회)
[AI 디지털 교육자료 초등 수학 3-1|2023] 1페이지까지 · 누적 0건 (요청 209회)
[AI 디지털 교육자료 초등 수학 3-1|2024] 1페이지까지 · 누적 0건 (요청 210회)
[AI 디지털 교육자료 초등 수학 3-1|2025] 1페이지까지 · 누적 0건 (요청 211회)
[AI 디지털 교육자료 초등 수학 3-1|2026] 1페이지까지 · 누적 0건 (요청 212회)
[AI 디지털 교육자료 초등 수학 3-2|2023] 1페이지까지 · 누적 0건 (요청 213회)
[AI 디지털 교육자료 초등 수학 3-2|2024] 1페이지까지 · 누적 0건 (요청 214회)
[AI 디지털 교육자료 초등 수학 3-2|2025] 1페이지까지 · 누적 0건 (요청 215회)
[AI 디지털 교육자료 초등 수학 3-2|2026] 1페이지까지 · 누적 0건 (요청 216회)
[AI 디지털 교육자료 초등 수학 4-1|2023] 1페이지까지 · 누적 0건 (요청 217회)
[AI 디지털 교육자료 초등 수학 4-1|2024] 1페이지까지 · 누적 0건 (요청 218회)
[AI 디지털 교육자료 초등 수학 4-1|2025] 1페이지까지 · 누적 0건 (요청 219회)
[AI 디지털 교육자료 초등 수학 4-1|2026] 1페이지까지 · 누적 0건 (요청 220회)
[AI 디지털 교육자료 초등 수학 4-2|2023] 1페이지까지 · 누적 0건 (요청 221회)
[AI 디지털 교육자료 초등 수학 4-2|2024] 1페이지까지 · 누적 0건 (요청 222회)
[AI 디지털 교육자료 초등 수학 4-2|2025] 1페이지까지 · 누적 0건 (요청 223회)
[AI 디지털 교육자료 초등 수학 4-2|2026] 1페이지까지 · 누적 0건 (요청 224회)
[AI 디지털 교육자료 초등 수학 5-1|2023] 1페이지까지 · 누적 0건 (요청 225회)
[AI 디지털 교육자료 초등 수학 5-1|2024] 1페이지까지 · 누적 0건 (요청 226회)
[AI 디지털 교육자료 초등 수학 5-1|2025] 1페이지까지 · 누적 0건 (요청 227회)
[AI 디지털 교육자료 초등 수학 5-1|2026] 1페이지까지 · 누적 0건 (요청 228회)
[AI 디지털 교육자료 초등 수학 5-2|2023] 1페이지까지 · 누적 0건 (요청 229회)
[AI 디지털 교육자료 초등 수학 5-2|2024] 1페이지까지 · 누적 0건 (요청 230회)
[AI 디지털 교육자료 초등 수학 5-2|2025] 1페이지까지 · 누적 0건 (요청 231회)
[AI 디지털 교육자료 초등 수학 5-2|2026] 1페이지까지 · 누적 0건 (요청 232회)
[AI 디지털 교육자료 초등 수학 6-1|2023] 1페이지까지 · 누적 0건 (요청 233회)
[AI 디지털 교육자료 초등 수학 6-1|2024] 1페이지까지 · 누적 0건 (요청 234회)
[AI 디지털 교육자료 초등 수학 6-1|2025] 1페이지까지 · 누적 0건 (요청 235회)
[AI 디지털 교육자료 초등 수학 6-1|2026] 1페이지까지 · 누적 0건 (요청 236회)
[AI 디지털 교육자료 초등 수학 6-2|2023] 1페이지까지 · 누적 0건 (요청 237회)
[AI 디지털 교육자료 초등 수학 6-2|2024] 1페이지까지 · 누적 0건 (요청 238회)
[AI 디지털 교육자료 초등 수학 6-2|2025] 1페이지까지 · 누적 0건 (요청 239회)
[AI 디지털 교육자료 초등 수학 6-2|2026] 1페이지까지 · 누적 0건 (요청 240회)
[AI 디지털 교육자료 초등 영어 3|2023] 1페이지까지 · 누적 0건 (요청 241회)
[AI 디지털 교육자료 초등 영어 3|2024] 1페이지까지 · 누적 0건 (요청 242회)
[AI 디지털 교육자료 초등 영어 3|2025] 1페이지까지 · 누적 0건 (요청 243회)
[AI 디지털 교육자료 초등 영어 3|2026] 1페이지까지 · 누적 0건 (요청 244회)
[AI 디지털 교육자료 초등 영어 4|2023] 1페이지까지 · 누적 0건 (요청 245회)
[AI 디지털 교육자료 초등 영어 4|2024] 1페이지까지 · 누적 0건 (요청 246회)
[AI 디지털 교육자료 초등 영어 4|2025] 1페이지까지 · 누적 0건 (요청 247회)
[AI 디지털 교육자료 초등 영어 4|2026] 1페이지까지 · 누적 0건 (요청 248회)
[AI 디지털 교육자료 초등 영어 5|2023] 1페이지까지 · 누적 0건 (요청 249회)
[AI 디지털 교육자료 초등 영어 5|2024] 1페이지까지 · 누적 0건 (요청 250회)
[AI 디지털 교육자료 초등 영어 5|2025] 1페이지까지 · 누적 0건 (요청 251회)
[AI 디지털 교육자료 초등 영어 5|2026] 1페이지까지 · 누적 0건 (요청 252회)
[AI 디지털 교육자료 초등 영어 6|2023] 1페이지까지 · 누적 0건 (요청 253회)
[AI 디지털 교육자료 초등 영어 6|2024] 1페이지까지 · 누적 0건 (요청 254회)
[AI 디지털 교육자료 초등 영어 6|2025] 1페이지까지 · 누적 0건 (요청 255회)
[AI 디지털 교육자료 초등 영어 6|2026] 1페이지까지 · 누적 0건 (요청 256회)
[AI 디지털 교육자료 초등 영어3|2023] 1페이지까지 · 누적 0건 (요청 257회)
[AI 디지털 교육자료 초등 영어3|2024] 1페이지까지 · 누적 0건 (요청 258회)
[AI 디지털 교육자료 초등 영어3|2025] 1페이지까지 · 누적 0건 (요청 259회)
[AI 디지털 교육자료 초등 영어3|2026] 1페이지까지 · 누적 0건 (요청 260회)
[AI 디지털 교육자료 초등 영어4|2023] 1페이지까지 · 누적 0건 (요청 261회)
[AI 디지털 교육자료 초등 영어4|2024] 1페이지까지 · 누적 0건 (요청 262회)
[AI 디지털 교육자료 초등 영어4|2025] 1페이지까지 · 누적 0건 (요청 263회)
[AI 디지털 교육자료 초등 영어4|2026] 1페이지까지 · 누적 0건 (요청 264회)
[AI 디지털 교육자료 초등 영어5|2023] 1페이지까지 · 누적 0건 (요청 265회)
[AI 디지털 교육자료 초등 영어5|2024] 1페이지까지 · 누적 0건 (요청 266회)
[AI 디지털 교육자료 초등 영어5|2025] 1페이지까지 · 누적 0건 (요청 267회)
[AI 디지털 교육자료 초등 영어5|2026] 1페이지까지 · 누적 0건 (요청 268회)
[AI 디지털 교육자료 초등 영어6|2023] 1페이지까지 · 누적 0건 (요청 269회)
[AI 디지털 교육자료 초등 영어6|2024] 1페이지까지 · 누적 0건 (요청 270회)
[AI 디지털 교육자료 초등 영어6|2025] 1페이지까지 · 누적 0건 (요청 271회)
[AI 디지털 교육자료 초등 영어6|2026] 1페이지까지 · 누적 0건 (요청 272회)
[AI 러닝 GO|2023] 1페이지까지 · 누적 0건 (요청 273회)
[AI 러닝 GO|2024] 1페이지까지 · 누적 0건 (요청 274회)
[AI 러닝 GO|2025] 1페이지까지 · 누적 0건 (요청 275회)
[AI 러닝 GO|2026] 1페이지까지 · 누적 0건 (요청 276회)
[AI 레몬톡|2023] 1페이지까지 · 누적 0건 (요청 277회)
[AI 레몬톡|2024] 1페이지까지 · 누적 0건 (요청 278회)
[AI 레몬톡|2025] 1페이지까지 · 누적 0건 (요청 279회)
[AI 레몬톡|2026] 1페이지까지 · 누적 0건 (요청 280회)
[AI 로봇 자동차|2023] 1페이지까지 · 누적 0건 (요청 281회)
[AI 로봇 자동차|2024] 1페이지까지 · 누적 0건 (요청 282회)
[AI 로봇 자동차|2025] 1페이지까지 · 누적 1건 (요청 284회)
[AI 로봇 자동차|2026] 1페이지까지 · 누적 1건 (요청 285회)
[AI 모두의 자서전|2023] 1페이지까지 · 누적 1건 (요청 286회)
[AI 모두의 자서전|2024] 1페이지까지 · 누적 1건 (요청 287회)
[AI 모두의 자서전|2025] 1페이지까지 · 누적 1건 (요청 288회)
[AI 모두의 자서전|2026] 1페이지까지 · 누적 1건 (요청 289회)
[AI 미디어아트 융합수업 플랫폼|2023] 1페이지까지 · 누적 1건 (요청 290회)
[AI 미디어아트 융합수업 플랫폼|2024] 1페이지까지 · 누적 1건 (요청 291회)
[AI 미디어아트 융합수업 플랫폼|2025] 1페이지까지 · 누적 1건 (요청 292회)
[AI 미디어아트 융합수업 플랫폼|2026] 1페이지까지 · 누적 1건 (요청 293회)
[AI 미러봇|2023] 1페이지까지 · 누적 1건 (요청 294회)
[AI 미러봇|2024] 1페이지까지 · 누적 1건 (요청 295회)
[AI 미러봇|2025] 1페이지까지 · 누적 1건 (요청 296회)
[AI 미러봇|2026] 1페이지까지 · 누적 1건 (요청 297회)
[AI 바이브 코딩 파이드림|2023] 1페이지까지 · 누적 1건 (요청 298회)
[AI 바이브 코딩 파이드림|2024] 1페이지까지 · 누적 1건 (요청 299회)
[AI 바이브 코딩 파이드림|2025] 1페이지까지 · 누적 1건 (요청 300회)
[AI 바이브 코딩 파이드림|2026] 1페이지까지 · 누적 1건 (요청 301회)
[AI 보이스_음성인식 기초|2023] 1페이지까지 · 누적 1건 (요청 302회)
[AI 보이스_음성인식 기초|2024] 1페이지까지 · 누적 1건 (요청 303회)
[AI 보이스_음성인식 기초|2025] 1페이지까지 · 누적 1건 (요청 304회)
[AI 보이스_음성인식 기초|2026] 1페이지까지 · 누적 1건 (요청 305회)
[AI 브레인 문해력|2023] 1페이지까지 · 누적 1건 (요청 306회)
[AI 브레인 문해력|2024] 1페이지까지 · 누적 1건 (요청 307회)
[AI 브레인 문해력|2025] 1페이지까지 · 누적 1건 (요청 308회)
[AI 브레인 문해력|2026] 1페이지까지 · 누적 1건 (요청 309회)
[AI 브레인 문해력 학습 플랫폼|2023] 1페이지까지 · 누적 1건 (요청 310회)
[AI 브레인 문해력 학습 플랫폼|2024] 1페이지까지 · 누적 1건 (요청 311회)
[AI 브레인 문해력 학습 플랫폼|2025] 1페이지까지 · 누적 1건 (요청 312회)
[AI 브레인 문해력 학습 플랫폼|2026] 1페이지까지 · 누적 1건 (요청 313회)
[AI 삐리릭|2023] 1페이지까지 · 누적 1건 (요청 314회)
[AI 삐리릭|2024] 1페이지까지 · 누적 1건 (요청 315회)
[AI 삐리릭|2025] 1페이지까지 · 누적 1건 (요청 316회)
[AI 삐리릭|2026] 1페이지까지 · 누적 1건 (요청 317회)
[AI 상담실|2023] 1페이지까지 · 누적 1건 (요청 318회)
[AI 상담실|2024] 1페이지까지 · 누적 1건 (요청 319회)
[AI 상담실|2025] 1페이지까지 · 누적 1건 (요청 320회)
[AI 상담실|2026] 1페이지까지 · 누적 1건 (요청 321회)
[AI 소셜로봇 리쿠|2023] 1페이지까지 · 누적 1건 (요청 322회)
[AI 소셜로봇 리쿠|2024] 1페이지까지 · 누적 1건 (요청 323회)
[AI 소셜로봇 리쿠|2025] 1페이지까지 · 누적 1건 (요청 324회)
[AI 소셜로봇 리쿠|2026] 1페이지까지 · 누적 1건 (요청 325회)
[AI 수시면접 코치|2023] 1페이지까지 · 누적 1건 (요청 326회)
[AI 수시면접 코치|2024] 1페이지까지 · 누적 1건 (요청 327회)
[AI 수시면접 코치|2025] 1페이지까지 · 누적 1건 (요청 328회)
[AI 수시면접 코치|2026] 1페이지까지 · 누적 1건 (요청 329회)
[AI 쉐도우리딩|2023] 1페이지까지 · 누적 1건 (요청 330회)
[AI 쉐도우리딩|2024] 1페이지까지 · 누적 1건 (요청 331회)
[AI 쉐도우리딩|2025] 1페이지까지 · 누적 1건 (요청 332회)
[AI 쉐도우리딩|2026] 1페이지까지 · 누적 1건 (요청 333회)
[AI 스마트 놀이터 로로큐브|2023] 1페이지까지 · 누적 1건 (요청 334회)
[AI 스마트 놀이터 로로큐브|2024] 1페이지까지 · 누적 1건 (요청 335회)
[AI 스마트 놀이터 로로큐브|2025] 1페이지까지 · 누적 1건 (요청 336회)
[AI 스마트 놀이터 로로큐브|2026] 1페이지까지 · 누적 1건 (요청 337회)
[AI 스킬 업|2023] 1페이지까지 · 누적 1건 (요청 338회)
[AI 스킬 업|2024] 1페이지까지 · 누적 1건 (요청 339회)
[AI 스킬 업|2025] 1페이지까지 · 누적 1건 (요청 340회)
[AI 스킬 업|2026] 1페이지까지 · 누적 1건 (요청 341회)
[AI 스포츠 박스|2023] 1페이지까지 · 누적 1건 (요청 342회)
[AI 스포츠 박스|2024] 1페이지까지 · 누적 1건 (요청 343회)
[AI 스포츠 박스|2025] 1페이지까지 · 누적 1건 (요청 344회)
[AI 스포츠 박스|2026] 1페이지까지 · 누적 1건 (요청 345회)
[AI 스포츠 올인원 A 1.0|2023] 1페이지까지 · 누적 1건 (요청 346회)
[AI 스포츠 올인원 A 1.0|2024] 1페이지까지 · 누적 1건 (요청 347회)
[AI 스포츠 올인원 A 1.0|2025] 1페이지까지 · 누적 1건 (요청 348회)
[AI 스포츠 올인원 A 1.0|2026] 1페이지까지 · 누적 1건 (요청 349회)
[AI 스포츠 올인원 B 1.0|2023] 1페이지까지 · 누적 1건 (요청 350회)
[AI 스포츠 올인원 B 1.0|2024] 1페이지까지 · 누적 1건 (요청 351회)
[AI 스포츠 올인원 B 1.0|2025] 1페이지까지 · 누적 1건 (요청 352회)
[AI 스포츠 올인원 B 1.0|2026] 1페이지까지 · 누적 1건 (요청 353회)
[AI 아바타 코딩|2023] 1페이지까지 · 누적 1건 (요청 354회)
[AI 아바타 코딩|2024] 1페이지까지 · 누적 1건 (요청 355회)
[AI 아바타 코딩|2025] 1페이지까지 · 누적 1건 (요청 356회)
[AI 아바타 코딩|2026] 1페이지까지 · 누적 1건 (요청 357회)
[AI 에듀 클래스|2023] 1페이지까지 · 누적 1건 (요청 358회)
[AI 에듀 클래스|2024] 1페이지까지 · 누적 1건 (요청 359회)
[AI 에듀 클래스|2025] 1페이지까지 · 누적 1건 (요청 360회)
[AI 에듀 클래스|2026] 1페이지까지 · 누적 1건 (요청 361회)
[AI 에듀케어봇|2023] 1페이지까지 · 누적 1건 (요청 362회)
[AI 에듀케어봇|2024] 1페이지까지 · 누적 1건 (요청 363회)
[AI 에듀케어봇|2025] 1페이지까지 · 누적 1건 (요청 364회)
[AI 에듀케어봇|2026] 1페이지까지 · 누적 1건 (요청 365회)
[AI 역사 인물 인터뷰|2023] 1페이지까지 · 누적 1건 (요청 366회)
[AI 역사 인물 인터뷰|2024] 1페이지까지 · 누적 1건 (요청 367회)
[AI 역사 인물 인터뷰|2025] 1페이지까지 · 누적 1건 (요청 368회)
[AI 역사 인물 인터뷰|2026] 1페이지까지 · 누적 1건 (요청 369회)
[AI 영어 지문 마스터|2023] 1페이지까지 · 누적 1건 (요청 370회)
[AI 영어 지문 마스터|2024] 1페이지까지 · 누적 1건 (요청 371회)
[AI 영어 지문 마스터|2025] 1페이지까지 · 누적 1건 (요청 372회)
[AI 영어 지문 마스터|2026] 1페이지까지 · 누적 1건 (요청 373회)
[AI 온북|2023] 1페이지까지 · 누적 1건 (요청 374회)
[AI 온북|2024] 1페이지까지 · 누적 1건 (요청 375회)
[AI 온북|2025] 1페이지까지 · 누적 1건 (요청 376회)
[AI 온북|2026] 1페이지까지 · 누적 1건 (요청 377회)
[AI 웹앱 서비스|2023] 1페이지까지 · 누적 1건 (요청 378회)
[AI 웹앱 서비스|2024] 1페이지까지 · 누적 1건 (요청 379회)
[AI 웹앱 서비스|2025] 1페이지까지 · 누적 1건 (요청 380회)
[AI 웹앱 서비스|2026] 1페이지까지 · 누적 1건 (요청 381회)
[AI 유아돌봄 플랫폼|2023] 1페이지까지 · 누적 1건 (요청 382회)
[AI 유아돌봄 플랫폼|2024] 1페이지까지 · 누적 1건 (요청 383회)
[AI 유아돌봄 플랫폼|2025] 1페이지까지 · 누적 1건 (요청 384회)
[AI 유아돌봄 플랫폼|2026] 1페이지까지 · 누적 1건 (요청 385회)
[AI 윤리 탐정|2023] 1페이지까지 · 누적 1건 (요청 386회)
[AI 윤리 탐정|2024] 1페이지까지 · 누적 1건 (요청 387회)
[AI 윤리 탐정|2025] 1페이지까지 · 누적 1건 (요청 388회)
[AI 윤리 탐정|2026] 1페이지까지 · 누적 1건 (요청 389회)
[AI 음성인식 - 푸리에 LAB|2023] 1페이지까지 · 누적 1건 (요청 390회)
[AI 음성인식 - 푸리에 LAB|2024] 1페이지까지 · 누적 1건 (요청 391회)
[AI 음성인식 - 푸리에 LAB|2025] 1페이지까지 · 누적 1건 (요청 392회)
[AI 음성인식 - 푸리에 LAB|2026] 1페이지까지 · 누적 1건 (요청 393회)
[AI 음악코딩 놀이, 허밍블럭스|2023] 1페이지까지 · 누적 1건 (요청 394회)
[AI 음악코딩 놀이, 허밍블럭스|2024] 1페이지까지 · 누적 1건 (요청 395회)
[AI 음악코딩 놀이, 허밍블럭스|2025] 1페이지까지 · 누적 1건 (요청 396회)
[AI 음악코딩 놀이, 허밍블럭스|2026] 1페이지까지 · 누적 1건 (요청 397회)
[AI 인강학습 도우미 GPTalk|2023] 1페이지까지 · 누적 1건 (요청 398회)
[AI 인강학습 도우미 GPTalk|2024] 1페이지까지 · 누적 1건 (요청 399회)
[AI 인강학습 도우미 GPTalk|2025] 1페이지까지 · 누적 1건 (요청 400회)
[AI 인강학습 도우미 GPTalk|2026] 1페이지까지 · 누적 1건 (요청 401회)
[AI 인공지능 바둑·오목 로봇 센스로봇 GO|2023] 1페이지까지 · 누적 1건 (요청 402회)
[AI 인공지능 바둑·오목 로봇 센스로봇 GO|2024] 1페이지까지 · 누적 1건 (요청 403회)
[AI 인공지능 바둑·오목 로봇 센스로봇 GO|2025] 1페이지까지 · 누적 1건 (요청 404회)
[AI 인공지능 바둑·오목 로봇 센스로봇 GO|2026] 1페이지까지 · 누적 1건 (요청 405회)
[AI 자리배치 클래스메트리|2023] 1페이지까지 · 누적 1건 (요청 406회)
[AI 자리배치 클래스메트리|2024] 1페이지까지 · 누적 1건 (요청 407회)
[AI 자리배치 클래스메트리|2025] 1페이지까지 · 누적 1건 (요청 408회)
[AI 자리배치 클래스메트리|2026] 1페이지까지 · 누적 1건 (요청 409회)
[AI 진로 교육|2023] 1페이지까지 · 누적 1건 (요청 410회)
[AI 진로 교육|2024] 1페이지까지 · 누적 1건 (요청 411회)
[AI 진로 교육|2025] 1페이지까지 · 누적 1건 (요청 412회)
[AI 진로 교육|2026] 1페이지까지 · 누적 1건 (요청 413회)
[AI 천체망원경|2023] 1페이지까지 · 누적 1건 (요청 414회)
[AI 천체망원경|2024] 1페이지까지 · 누적 1건 (요청 415회)
[AI 천체망원경|2025] 1페이지까지 · 누적 1건 (요청 416회)
[AI 천체망원경|2026] 1페이지까지 · 누적 1건 (요청 417회)
[AI 초이스_최적화 실험실|2023] 1페이지까지 · 누적 1건 (요청 418회)
[AI 초이스_최적화 실험실|2024] 1페이지까지 · 누적 1건 (요청 419회)
[AI 초이스_최적화 실험실|2025] 1페이지까지 · 누적 1건 (요청 420회)
[AI 초이스_최적화 실험실|2026] 1페이지까지 · 누적 1건 (요청 421회)
[AI 초피티|2023] 1페이지까지 · 누적 1건 (요청 422회)
[AI 초피티|2024] 1페이지까지 · 누적 1건 (요청 423회)
[AI 초피티|2025] 1페이지까지 · 누적 1건 (요청 424회)
[AI 초피티|2026] 1페이지까지 · 누적 1건 (요청 425회)
[AI 코딩과 전통 공연|2023] 1페이지까지 · 누적 1건 (요청 426회)
[AI 코딩과 전통 공연|2024] 1페이지까지 · 누적 1건 (요청 427회)
[AI 코딩과 전통 공연|2025] 1페이지까지 · 누적 1건 (요청 428회)
[AI 코딩과 전통 공연|2026] 1페이지까지 · 누적 1건 (요청 429회)
[AI 크래프트|2023] 1페이지까지 · 누적 1건 (요청 430회)
[AI 크래프트|2024] 1페이지까지 · 누적 1건 (요청 431회)
[AI 크래프트|2025] 1페이지까지 · 누적 1건 (요청 432회)
[AI 크래프트|2026] 1페이지까지 · 누적 1건 (요청 433회)
[AI 탐구 기록 제출|2023] 1페이지까지 · 누적 1건 (요청 434회)
[AI 탐구 기록 제출|2024] 1페이지까지 · 누적 1건 (요청 435회)
[AI 탐구 기록 제출|2025] 1페이지까지 · 누적 1건 (요청 436회)
[AI 탐구 기록 제출|2026] 1페이지까지 · 누적 1건 (요청 437회)
[AI 탐봇|2023] 1페이지까지 · 누적 1건 (요청 438회)
[AI 탐봇|2024] 1페이지까지 · 누적 1건 (요청 439회)
[AI 탐봇|2025] 1페이지까지 · 누적 1건 (요청 440회)
[AI 탐봇|2026] 1페이지까지 · 누적 1건 (요청 441회)
[AI 탐사로봇 테크노시아 행성을 재건하라|2023] 1페이지까지 · 누적 1건 (요청 442회)
[AI 탐사로봇 테크노시아 행성을 재건하라|2024] 1페이지까지 · 누적 1건 (요청 443회)
[AI 탐사로봇 테크노시아 행성을 재건하라|2025] 1페이지까지 · 누적 1건 (요청 444회)
[AI 탐사로봇 테크노시아 행성을 재건하라|2026] 1페이지까지 · 누적 1건 (요청 445회)
[AI 토리드론|2023] 1페이지까지 · 누적 1건 (요청 446회)
[AI 토리드론|2024] 1페이지까지 · 누적 1건 (요청 447회)
[AI 토리드론|2025] 1페이지까지 · 누적 1건 (요청 448회)
[AI 토리드론|2026] 1페이지까지 · 누적 1건 (요청 449회)
[AI 토핑독서|2023] 1페이지까지 · 누적 1건 (요청 450회)
[AI 토핑독서|2024] 1페이지까지 · 누적 1건 (요청 451회)
[AI 토핑독서|2025] 1페이지까지 · 누적 1건 (요청 452회)
[AI 토핑독서|2026] 1페이지까지 · 누적 1건 (요청 453회)
[AI 패스파인더|2023] 1페이지까지 · 누적 1건 (요청 454회)
[AI 패스파인더|2024] 1페이지까지 · 누적 1건 (요청 455회)
[AI 패스파인더|2025] 1페이지까지 · 누적 1건 (요청 456회)
[AI 패스파인더|2026] 1페이지까지 · 누적 1건 (요청 457회)
[AI 펭톡|2023] 1페이지까지 · 누적 1건 (요청 458회)
[AI 펭톡|2024] 1페이지까지 · 누적 3건 (요청 461회)
[AI 펭톡|2025] 1페이지까지 · 누적 22건 (요청 481회)
[AI 펭톡|2026] 1페이지까지 · 누적 24건 (요청 484회)
[AI 플레도|2023] 1페이지까지 · 누적 24건 (요청 485회)
[AI 플레도|2024] 1페이지까지 · 누적 24건 (요청 486회)
[AI 플레도|2025] 1페이지까지 · 누적 24건 (요청 487회)
[AI 플레도|2026] 1페이지까지 · 누적 24건 (요청 488회)
[AI 학습 소프트웨어|2023] 1페이지까지 · 누적 24건 (요청 489회)
[AI 학습 소프트웨어|2024] 1페이지까지 · 누적 24건 (요청 490회)
[AI 학습 소프트웨어|2025] 1페이지까지 · 누적 24건 (요청 491회)
[AI 학습 소프트웨어|2026] 1페이지까지 · 누적 24건 (요청 492회)
[AI 한자몬|2023] 1페이지까지 · 누적 24건 (요청 493회)
[AI 한자몬|2024] 1페이지까지 · 누적 24건 (요청 494회)
[AI 한자몬|2025] 1페이지까지 · 누적 24건 (요청 495회)
[AI 한자몬|2026] 1페이지까지 · 누적 24건 (요청 496회)
[AICE|2023] 1페이지까지 · 누적 24건 (요청 497회)
[AICE|2024] 1페이지까지 · 누적 24건 (요청 498회)
[AICE|2025] 1페이지까지 · 누적 24건 (요청 499회)
[AICE|2026] 1페이지까지 · 누적 25건 (요청 501회)
[AICE Associate|2023] 1페이지까지 · 누적 25건 (요청 502회)
[AICE Associate|2024] 1페이지까지 · 누적 25건 (요청 503회)
[AICE Associate|2025] 1페이지까지 · 누적 25건 (요청 504회)
[AICE Associate|2026] 1페이지까지 · 누적 25건 (요청 505회)
[AICE BASIC|2023] 1페이지까지 · 누적 25건 (요청 506회)
[AICE BASIC|2024] 1페이지까지 · 누적 25건 (요청 507회)
[AICE BASIC|2025] 1페이지까지 · 누적 25건 (요청 508회)
[AICE BASIC|2026] 1페이지까지 · 누적 25건 (요청 509회)
[AIX-mate|2023] 1페이지까지 · 누적 25건 (요청 510회)
[AIX-mate|2024] 1페이지까지 · 누적 25건 (요청 511회)
[AIX-mate|2025] 1페이지까지 · 누적 25건 (요청 512회)
[AIX-mate|2026] 1페이지까지 · 누적 25건 (요청 513회)
[AIoT 스마트시티 만들기|2023] 1페이지까지 · 누적 25건 (요청 514회)
[AIoT 스마트시티 만들기|2024] 1페이지까지 · 누적 25건 (요청 515회)
[AIoT 스마트시티 만들기|2025] 1페이지까지 · 누적 25건 (요청 516회)
[AIoT 스마트시티 만들기|2026] 1페이지까지 · 누적 25건 (요청 517회)
[AI·디지털 교육자료 포털|2023] 1페이지까지 · 누적 25건 (요청 518회)
[AI·디지털 교육자료 포털|2024] 1페이지까지 · 누적 25건 (요청 519회)
[AI·디지털 교육자료 포털|2025] 1페이지까지 · 누적 25건 (요청 520회)
[AI·디지털 교육자료 포털|2026] 1페이지까지 · 누적 25건 (요청 521회)
[AI기반 질문생성훈련 콘텐츠|2023] 1페이지까지 · 누적 25건 (요청 522회)
[AI기반 질문생성훈련 콘텐츠|2024] 1페이지까지 · 누적 25건 (요청 523회)
[AI기반 질문생성훈련 콘텐츠|2025] 1페이지까지 · 누적 25건 (요청 524회)
[AI기반 질문생성훈련 콘텐츠|2026] 1페이지까지 · 누적 25건 (요청 525회)
[AI로봇 아티보|2023] 1페이지까지 · 누적 25건 (요청 526회)
[AI로봇 아티보|2024] 1페이지까지 · 누적 25건 (요청 527회)
[AI로봇 아티보|2025] 1페이지까지 · 누적 25건 (요청 528회)
[AI로봇 아티보|2026] 1페이지까지 · 누적 25건 (요청 529회)
[AI로봇집게|2023] 1페이지까지 · 누적 25건 (요청 530회)
[AI로봇집게|2024] 1페이지까지 · 누적 25건 (요청 531회)
[AI로봇집게|2025] 1페이지까지 · 누적 25건 (요청 532회)
[AI로봇집게|2026] 1페이지까지 · 누적 25건 (요청 533회)
[AI마타수학|2023] 1페이지까지 · 누적 25건 (요청 534회)
[AI마타수학|2024] 1페이지까지 · 누적 25건 (요청 535회)
[AI마타수학|2025] 1페이지까지 · 누적 25건 (요청 536회)
[AI마타수학|2026] 1페이지까지 · 누적 25건 (요청 537회)
[AI매일수학|2023] 1페이지까지 · 누적 25건 (요청 538회)
[AI매일수학|2024] 1페이지까지 · 누적 25건 (요청 539회)
[AI매일수학|2025] 1페이지까지 · 누적 25건 (요청 540회)
[AI매일수학|2026] 1페이지까지 · 누적 25건 (요청 541회)
[AI매직포유|2023] 1페이지까지 · 누적 25건 (요청 542회)
[AI매직포유|2024] 1페이지까지 · 누적 25건 (요청 543회)
[AI매직포유|2025] 1페이지까지 · 누적 25건 (요청 544회)
[AI매직포유|2026] 1페이지까지 · 누적 25건 (요청 545회)
[AI문해력 진단/트레이닝 학습시스템|2023] 1페이지까지 · 누적 25건 (요청 546회)
[AI문해력 진단/트레이닝 학습시스템|2024] 1페이지까지 · 누적 25건 (요청 547회)
[AI문해력 진단/트레이닝 학습시스템|2025] 1페이지까지 · 누적 25건 (요청 548회)
[AI문해력 진단/트레이닝 학습시스템|2026] 1페이지까지 · 누적 25건 (요청 549회)
[AI사장님 클래스|2023] 1페이지까지 · 누적 25건 (요청 550회)
[AI사장님 클래스|2024] 1페이지까지 · 누적 25건 (요청 551회)
[AI사장님 클래스|2025] 1페이지까지 · 누적 25건 (요청 552회)
[AI사장님 클래스|2026] 1페이지까지 · 누적 25건 (요청 553회)
[AI수시면접코치|2023] 1페이지까지 · 누적 25건 (요청 554회)
[AI수시면접코치|2024] 1페이지까지 · 누적 25건 (요청 555회)
[AI수시면접코치|2025] 1페이지까지 · 누적 25건 (요청 556회)
[AI수시면접코치|2026] 1페이지까지 · 누적 25건 (요청 557회)
[AI스토리교실|2023] 1페이지까지 · 누적 25건 (요청 558회)
[AI스토리교실|2024] 1페이지까지 · 누적 25건 (요청 559회)
[AI스토리교실|2025] 1페이지까지 · 누적 25건 (요청 560회)
[AI스토리교실|2026] 1페이지까지 · 누적 25건 (요청 561회)
[AI스포츠박스|2023] 1페이지까지 · 누적 25건 (요청 562회)
[AI스포츠박스|2024] 1페이지까지 · 누적 25건 (요청 563회)
[AI스포츠박스|2025] 1페이지까지 · 누적 25건 (요청 564회)
[AI스포츠박스|2026] 1페이지까지 · 누적 25건 (요청 565회)
[AI시대 미래역량 검사, 디큐|2023] 1페이지까지 · 누적 25건 (요청 566회)
[AI시대 미래역량 검사, 디큐|2024] 1페이지까지 · 누적 25건 (요청 567회)
[AI시대 미래역량 검사, 디큐|2025] 1페이지까지 · 누적 25건 (요청 568회)
[AI시대 미래역량 검사, 디큐|2026] 1페이지까지 · 누적 25건 (요청 569회)
[AI아크수학|2023] 1페이지까지 · 누적 25건 (요청 570회)
[AI아크수학|2024] 1페이지까지 · 누적 25건 (요청 571회)
[AI아크수학|2025] 1페이지까지 · 누적 26건 (요청 573회)
[AI아크수학|2026] 1페이지까지 · 누적 27건 (요청 575회)
[AI이거다|2023] 1페이지까지 · 누적 27건 (요청 576회)
[AI이거다|2024] 1페이지까지 · 누적 27건 (요청 577회)
[AI이거다|2025] 1페이지까지 · 누적 27건 (요청 578회)
[AI이거다|2026] 1페이지까지 · 누적 27건 (요청 579회)
[AI잇플레이와 사회정서학습|2023] 1페이지까지 · 누적 27건 (요청 580회)
[AI잇플레이와 사회정서학습|2024] 1페이지까지 · 누적 27건 (요청 581회)
[AI잇플레이와 사회정서학습|2025] 1페이지까지 · 누적 27건 (요청 582회)
[AI잇플레이와 사회정서학습|2026] 1페이지까지 · 누적 27건 (요청 583회)
[AI최적요리사 - 떡볶이 대결|2023] 1페이지까지 · 누적 27건 (요청 584회)
[AI최적요리사 - 떡볶이 대결|2024] 1페이지까지 · 누적 27건 (요청 585회)
[AI최적요리사 - 떡볶이 대결|2025] 1페이지까지 · 누적 27건 (요청 586회)
[AI최적요리사 - 떡볶이 대결|2026] 1페이지까지 · 누적 27건 (요청 587회)
[AI클래스|2023] 1페이지까지 · 누적 33건 (요청 594회)
[AI클래스|2024] 1페이지까지 · 누적 33건 (요청 595회)
[AI클래스|2025] 1페이지까지 · 누적 33건 (요청 596회)
[AI클래스|2026] 1페이지까지 · 누적 33건 (요청 597회)
[AI튜터|2023] 1페이지까지 · 누적 33건 (요청 598회)
[AI튜터|2024] 1페이지까지 · 누적 33건 (요청 599회)
[AI튜터|2025] 1페이지까지 · 누적 33건 (요청 600회)
[AI튜터|2026] 1페이지까지 · 누적 33건 (요청 601회)
[AI포니봇|2023] 1페이지까지 · 누적 33건 (요청 602회)
[AI포니봇|2024] 1페이지까지 · 누적 33건 (요청 603회)
[AI포니봇|2025] 1페이지까지 · 누적 33건 (요청 604회)
[AI포니봇|2026] 1페이지까지 · 누적 33건 (요청 605회)
[AI학교생활기록부|2023] 1페이지까지 · 누적 33건 (요청 606회)
[AI학교생활기록부|2024] 1페이지까지 · 누적 33건 (요청 607회)
[AI학교생활기록부|2025] 1페이지까지 · 누적 33건 (요청 608회)
[AI학교생활기록부|2026] 1페이지까지 · 누적 33건 (요청 609회)
[AI헬피챗|2023] 1페이지까지 · 누적 33건 (요청 610회)
[AI헬피챗|2024] 1페이지까지 · 누적 33건 (요청 611회)
[AI헬피챗|2025] 1페이지까지 · 누적 33건 (요청 612회)
[AI헬피챗|2026] 1페이지까지 · 누적 33건 (요청 613회)
[ALC 학습분석 스테이션 v2|2023] 1페이지까지 · 누적 33건 (요청 614회)
[ALC 학습분석 스테이션 v2|2024] 1페이지까지 · 누적 33건 (요청 615회)
[ALC 학습분석 스테이션 v2|2025] 1페이지까지 · 누적 33건 (요청 616회)
[ALC 학습분석 스테이션 v2|2026] 1페이지까지 · 누적 33건 (요청 617회)
[ALC 학습분석 시스템|2023] 1페이지까지 · 누적 33건 (요청 618회)
[ALC 학습분석 시스템|2024] 1페이지까지 · 누적 33건 (요청 619회)
[ALC 학습분석 시스템|2025] 1페이지까지 · 누적 33건 (요청 620회)
[ALC 학습분석 시스템|2026] 1페이지까지 · 누적 33건 (요청 621회)
[AR 빛 실험실|2023] 1페이지까지 · 누적 33건 (요청 622회)
[AR 빛 실험실|2024] 1페이지까지 · 누적 33건 (요청 623회)
[AR 빛 실험실|2025] 1페이지까지 · 누적 33건 (요청 624회)
[AR 빛 실험실|2026] 1페이지까지 · 누적 33건 (요청 625회)
[AR 핑거스토리|2023] 1페이지까지 · 누적 33건 (요청 626회)
[AR 핑거스토리|2024] 1페이지까지 · 누적 33건 (요청 627회)
[AR 핑거스토리|2025] 1페이지까지 · 누적 33건 (요청 628회)
[AR 핑거스토리|2026] 1페이지까지 · 누적 33건 (요청 629회)
[AREX CLIMB|2023] 1페이지까지 · 누적 33건 (요청 630회)
[AREX CLIMB|2024] 1페이지까지 · 누적 33건 (요청 631회)
[AREX CLIMB|2025] 1페이지까지 · 누적 33건 (요청 632회)
[AREX CLIMB|2026] 1페이지까지 · 누적 33건 (요청 633회)
[AR창의융합영어미술 아토리|2023] 1페이지까지 · 누적 33건 (요청 634회)
[AR창의융합영어미술 아토리|2024] 1페이지까지 · 누적 33건 (요청 635회)
[AR창의융합영어미술 아토리|2025] 1페이지까지 · 누적 33건 (요청 636회)
[AR창의융합영어미술 아토리|2026] 1페이지까지 · 누적 33건 (요청 637회)
[AR태양계행성학습카드 / 미래과학 AR|2023] 1페이지까지 · 누적 33건 (요청 638회)
[AR태양계행성학습카드 / 미래과학 AR|2024] 1페이지까지 · 누적 33건 (요청 639회)
[AR태양계행성학습카드 / 미래과학 AR|2025] 1페이지까지 · 누적 33건 (요청 640회)
[AR태양계행성학습카드 / 미래과학 AR|2026] 1페이지까지 · 누적 33건 (요청 641회)
[Abled PingPong Robot|2023] 1페이지까지 · 누적 33건 (요청 642회)
[Abled PingPong Robot|2024] 1페이지까지 · 누적 33건 (요청 643회)
[Abled PingPong Robot|2025] 1페이지까지 · 누적 33건 (요청 644회)
[Abled PingPong Robot|2026] 1페이지까지 · 누적 33건 (요청 645회)
[Abled pingpong App|2023] 1페이지까지 · 누적 33건 (요청 646회)
[Abled pingpong App|2024] 1페이지까지 · 누적 33건 (요청 647회)
[Abled pingpong App|2025] 1페이지까지 · 누적 33건 (요청 648회)
[Abled pingpong App|2026] 1페이지까지 · 누적 33건 (요청 649회)
[Ableton Live 12|2023] 1페이지까지 · 누적 33건 (요청 650회)
[Ableton Live 12|2024] 1페이지까지 · 누적 33건 (요청 651회)
[Ableton Live 12|2025] 1페이지까지 · 누적 33건 (요청 652회)
[Ableton Live 12|2026] 1페이지까지 · 누적 33건 (요청 653회)
[Agency Workspace|2023] 1페이지까지 · 누적 33건 (요청 654회)
[Agency Workspace|2024] 1페이지까지 · 누적 33건 (요청 655회)
[Agency Workspace|2025] 1페이지까지 · 누적 33건 (요청 656회)
[Agency Workspace|2026] 1페이지까지 · 누적 33건 (요청 657회)
[AhaSlides|2023] 1페이지까지 · 누적 33건 (요청 658회)
[AhaSlides|2024] 1페이지까지 · 누적 33건 (요청 659회)
[AhaSlides|2025] 1페이지까지 · 누적 33건 (요청 660회)
[AhaSlides|2026] 1페이지까지 · 누적 33건 (요청 661회)
[AiSAC|2023] 1페이지까지 · 누적 33건 (요청 662회)
[AiSAC|2024] 1페이지까지 · 누적 33건 (요청 663회)
[AiSAC|2025] 1페이지까지 · 누적 33건 (요청 664회)
[AiSAC|2026] 1페이지까지 · 누적 33건 (요청 665회)
[Aivy 창의 서비스 제작 플랫폼|2023] 1페이지까지 · 누적 33건 (요청 666회)
[Aivy 창의 서비스 제작 플랫폼|2024] 1페이지까지 · 누적 33건 (요청 667회)
[Aivy 창의 서비스 제작 플랫폼|2025] 1페이지까지 · 누적 33건 (요청 668회)
[Aivy 창의 서비스 제작 플랫폼|2026] 1페이지까지 · 누적 33건 (요청 669회)
[Ai영어쌤|2023] 1페이지까지 · 누적 33건 (요청 670회)
[Ai영어쌤|2024] 1페이지까지 · 누적 33건 (요청 671회)
[Ai영어쌤|2025] 1페이지까지 · 누적 33건 (요청 672회)
[Ai영어쌤|2026] 1페이지까지 · 누적 33건 (요청 673회)
[Alan|2023] 1페이지까지 · 누적 33건 (요청 674회)
[Alan|2024] 1페이지까지 · 누적 33건 (요청 675회)
[Alan|2025] 1페이지까지 · 누적 33건 (요청 676회)
[Alan|2026] 1페이지까지 · 누적 33건 (요청 677회)
[Algodoo|2023] 1페이지까지 · 누적 33건 (요청 678회)
[Algodoo|2024] 1페이지까지 · 누적 33건 (요청 679회)
[Algodoo|2025] 1페이지까지 · 누적 33건 (요청 680회)
[Algodoo|2026] 1페이지까지 · 누적 33건 (요청 681회)
[AllBody|2023] 1페이지까지 · 누적 33건 (요청 682회)
[AllBody|2024] 1페이지까지 · 누적 33건 (요청 683회)
[AllBody|2025] 1페이지까지 · 누적 33건 (요청 684회)
[AllBody|2026] 1페이지까지 · 누적 33건 (요청 685회)
[AllviA|2023] 1페이지까지 · 누적 33건 (요청 686회)
[AllviA|2024] 1페이지까지 · 누적 33건 (요청 687회)
[AllviA|2025] 1페이지까지 · 누적 33건 (요청 688회)
[AllviA|2026] 1페이지까지 · 누적 33건 (요청 689회)
[Ally Class|2023] 1페이지까지 · 누적 33건 (요청 690회)
[Ally Class|2024] 1페이지까지 · 누적 33건 (요청 691회)
[Ally Class|2025] 1페이지까지 · 누적 33건 (요청 692회)
[Ally Class|2026] 1페이지까지 · 누적 33건 (요청 693회)
[Alphalyzer|2023] 1페이지까지 · 누적 33건 (요청 694회)
[Alphalyzer|2024] 1페이지까지 · 누적 33건 (요청 695회)
[Alphalyzer|2025] 1페이지까지 · 누적 33건 (요청 696회)
[Alphalyzer|2026] 1페이지까지 · 누적 33건 (요청 697회)
[Animal Typing 동물 타자연습|2023] 1페이지까지 · 누적 33건 (요청 698회)
[Animal Typing 동물 타자연습|2024] 1페이지까지 · 누적 33건 (요청 699회)
[Animal Typing 동물 타자연습|2025] 1페이지까지 · 누적 33건 (요청 700회)
[Animal Typing 동물 타자연습|2026] 1페이지까지 · 누적 33건 (요청 701회)
[ArcGIS Online|2023] 1페이지까지 · 누적 33건 (요청 702회)
[ArcGIS Online|2024] 1페이지까지 · 누적 33건 (요청 703회)
[ArcGIS Online|2025] 1페이지까지 · 누적 33건 (요청 704회)
[ArcGIS Online|2026] 1페이지까지 · 누적 33건 (요청 705회)
[Arkain|2023] 1페이지까지 · 누적 33건 (요청 706회)
[Arkain|2024] 1페이지까지 · 누적 33건 (요청 707회)
[Arkain|2025] 1페이지까지 · 누적 33건 (요청 708회)
[Arkain|2026] 1페이지까지 · 누적 33건 (요청 709회)
[Arpe|2023] 1페이지까지 · 누적 33건 (요청 710회)
[Arpe|2024] 1페이지까지 · 누적 33건 (요청 711회)
[Arpe|2025] 1페이지까지 · 누적 33건 (요청 712회)
[Arpe|2026] 1페이지까지 · 누적 33건 (요청 713회)
[Artsteps|2023] 1페이지까지 · 누적 33건 (요청 714회)
[Artsteps|2024] 1페이지까지 · 누적 33건 (요청 715회)
[Artsteps|2025] 1페이지까지 · 누적 33건 (요청 716회)
[Artsteps|2026] 1페이지까지 · 누적 33건 (요청 717회)
[BEEP|2023] 1페이지까지 · 누적 33건 (요청 718회)
[BEEP|2024] 1페이지까지 · 누적 33건 (요청 719회)
[BEEP|2025] 1페이지까지 · 누적 33건 (요청 720회)
[BEEP|2026] 1페이지까지 · 누적 33건 (요청 721회)
[BFStudy|2023] 1페이지까지 · 누적 33건 (요청 722회)
[BFStudy|2024] 1페이지까지 · 누적 33건 (요청 723회)
[BFStudy|2025] 1페이지까지 · 누적 33건 (요청 724회)
[BFStudy|2026] 1페이지까지 · 누적 33건 (요청 725회)
[BIKO|2023] 1페이지까지 · 누적 33건 (요청 726회)
[BIKO|2024] 1페이지까지 · 누적 33건 (요청 727회)
[BIKO|2025] 1페이지까지 · 누적 33건 (요청 728회)
[BIKO|2026] 1페이지까지 · 누적 33건 (요청 729회)
[BLSN 수능모의고사|2023] 1페이지까지 · 누적 33건 (요청 730회)
[BLSN 수능모의고사|2024] 1페이지까지 · 누적 33건 (요청 731회)
[BLSN 수능모의고사|2025] 1페이지까지 · 누적 33건 (요청 732회)
[BLSN 수능모의고사|2026] 1페이지까지 · 누적 33건 (요청 733회)
[BLhigh 성적처리|2023] 1페이지까지 · 누적 33건 (요청 734회)
[BLhigh 성적처리|2024] 1페이지까지 · 누적 33건 (요청 735회)
[BLhigh 성적처리|2025] 1페이지까지 · 누적 33건 (요청 736회)
[BLhigh 성적처리|2026] 1페이지까지 · 누적 33건 (요청 737회)
[BLjung 성적처리|2023] 1페이지까지 · 누적 33건 (요청 738회)
[BLjung 성적처리|2024] 1페이지까지 · 누적 33건 (요청 739회)
[BLjung 성적처리|2025] 1페이지까지 · 누적 33건 (요청 740회)
[BLjung 성적처리|2026] 1페이지까지 · 누적 33건 (요청 741회)
[BSD|2023] 1페이지까지 · 누적 33건 (요청 742회)
[BSD|2024] 1페이지까지 · 누적 33건 (요청 743회)
[BSD|2025] 1페이지까지 · 누적 33건 (요청 744회)
[BSD|2026] 1페이지까지 · 누적 33건 (요청 745회)
[BSL Education|2023] 1페이지까지 · 누적 33건 (요청 746회)
[BSL Education|2024] 1페이지까지 · 누적 33건 (요청 747회)
[BSL Education|2025] 1페이지까지 · 누적 33건 (요청 748회)
[BSL Education|2026] 1페이지까지 · 누적 33건 (요청 749회)
[BTF푸른나무재단|2023] 1페이지까지 · 누적 33건 (요청 750회)
[BTF푸른나무재단|2024] 1페이지까지 · 누적 33건 (요청 751회)
[BTF푸른나무재단|2025] 1페이지까지 · 누적 33건 (요청 752회)
[BTF푸른나무재단|2026] 1페이지까지 · 누적 33건 (요청 753회)
[Baamboozle+|2023] 1페이지까지 · 누적 33건 (요청 754회)
[Baamboozle+|2024] 1페이지까지 · 누적 33건 (요청 755회)
[Baamboozle+|2025] 1페이지까지 · 누적 33건 (요청 756회)
[Baamboozle+|2026] 1페이지까지 · 누적 33건 (요청 757회)
[Be log|2023] 1페이지까지 · 누적 33건 (요청 758회)
[Be log|2024] 1페이지까지 · 누적 33건 (요청 759회)
[Be log|2025] 1페이지까지 · 누적 33건 (요청 760회)
[Be log|2026] 1페이지까지 · 누적 33건 (요청 761회)
[Blender|2023] 1페이지까지 · 누적 33건 (요청 762회)
[Blender|2024] 1페이지까지 · 누적 33건 (요청 763회)
[Blender|2025] 1페이지까지 · 누적 33건 (요청 764회)
[Blender|2026] 1페이지까지 · 누적 33건 (요청 765회)
[BookWidgets|2023] 1페이지까지 · 누적 33건 (요청 766회)
[BookWidgets|2024] 1페이지까지 · 누적 33건 (요청 767회)
[BookWidgets|2025] 1페이지까지 · 누적 33건 (요청 768회)
[BookWidgets|2026] 1페이지까지 · 누적 33건 (요청 769회)
[Brainingcamp|2023] 1페이지까지 · 누적 33건 (요청 770회)
[Brainingcamp|2024] 1페이지까지 · 누적 33건 (요청 771회)
[Brainingcamp|2025] 1페이지까지 · 누적 33건 (요청 772회)
[Brainingcamp|2026] 1페이지까지 · 누적 33건 (요청 773회)
[Breakout EDU|2023] 1페이지까지 · 누적 33건 (요청 774회)
[Breakout EDU|2024] 1페이지까지 · 누적 33건 (요청 775회)
[Breakout EDU|2025] 1페이지까지 · 누적 33건 (요청 776회)
[Breakout EDU|2026] 1페이지까지 · 누적 33건 (요청 777회)
[Brisk Teaching|2023] 1페이지까지 · 누적 33건 (요청 778회)
[Brisk Teaching|2024] 1페이지까지 · 누적 33건 (요청 779회)
[Brisk Teaching|2025] 1페이지까지 · 누적 33건 (요청 780회)
[Brisk Teaching|2026] 1페이지까지 · 누적 33건 (요청 781회)
[CCT 진로역량검사|2023] 1페이지까지 · 누적 33건 (요청 782회)
[CCT 진로역량검사|2024] 1페이지까지 · 누적 33건 (요청 783회)
[CCT 진로역량검사|2025] 1페이지까지 · 누적 33건 (요청 784회)
[CCT 진로역량검사|2026] 1페이지까지 · 누적 33건 (요청 785회)
[CIMCO EDIT / NC코드 검증용|2023] 1페이지까지 · 누적 33건 (요청 786회)
[CIMCO EDIT / NC코드 검증용|2024] 1페이지까지 · 누적 33건 (요청 787회)
[CIMCO EDIT / NC코드 검증용|2025] 1페이지까지 · 누적 33건 (요청 788회)
[CIMCO EDIT / NC코드 검증용|2026] 1페이지까지 · 누적 33건 (요청 789회)
[CK-12 Foundation|2023] 1페이지까지 · 누적 33건 (요청 790회)
[CK-12 Foundation|2024] 1페이지까지 · 누적 33건 (요청 791회)
[CK-12 Foundation|2025] 1페이지까지 · 누적 33건 (요청 792회)
[CK-12 Foundation|2026] 1페이지까지 · 누적 33건 (요청 793회)
[CKPASS|2023] 1페이지까지 · 누적 33건 (요청 794회)
[CKPASS|2024] 1페이지까지 · 누적 33건 (요청 795회)
[CKPASS|2025] 1페이지까지 · 누적 33건 (요청 796회)
[CKPASS|2026] 1페이지까지 · 누적 33건 (요청 797회)
[CLASSVR|2023] 1페이지까지 · 누적 34건 (요청 799회)
[CLASSVR|2024] 1페이지까지 · 누적 34건 (요청 800회)
[CLASSVR|2025] 1페이지까지 · 누적 34건 (요청 801회)
[CLASSVR|2026] 1페이지까지 · 누적 34건 (요청 802회)
[CLIP STUDIO PAINT|2023] 1페이지까지 · 누적 34건 (요청 803회)
[CLIP STUDIO PAINT|2024] 1페이지까지 · 누적 34건 (요청 804회)
[CLIP STUDIO PAINT|2025] 1페이지까지 · 누적 34건 (요청 805회)
[CLIP STUDIO PAINT|2026] 1페이지까지 · 누적 34건 (요청 806회)
[CLO|2023] 1페이지까지 · 누적 34건 (요청 807회)
[CLO|2024] 1페이지까지 · 누적 36건 (요청 810회)
[CLO|2025] 1페이지까지 · 누적 36건 (요청 811회)
[CLO|2026] 1페이지까지 · 누적 36건 (요청 812회)
[CPR Plus|2023] 1페이지까지 · 누적 36건 (요청 813회)
[CPR Plus|2024] 1페이지까지 · 누적 36건 (요청 814회)
[CPR Plus|2025] 1페이지까지 · 누적 36건 (요청 815회)
[CPR Plus|2026] 1페이지까지 · 누적 36건 (요청 816회)
[Citizens|2023] 1페이지까지 · 누적 36건 (요청 817회)
[Citizens|2024] 1페이지까지 · 누적 36건 (요청 818회)
[Citizens|2025] 1페이지까지 · 누적 36건 (요청 819회)
[Citizens|2026] 1페이지까지 · 누적 36건 (요청 820회)
[Class i|2023] 1페이지까지 · 누적 36건 (요청 821회)
[Class i|2024] 1페이지까지 · 누적 36건 (요청 822회)
[Class i|2025] 1페이지까지 · 누적 36건 (요청 823회)
[Class i|2026] 1페이지까지 · 누적 36건 (요청 824회)
[Class1234 & ClassPay|2023] 1페이지까지 · 누적 36건 (요청 825회)
[Class1234 & ClassPay|2024] 1페이지까지 · 누적 36건 (요청 826회)
[Class1234 & ClassPay|2025] 1페이지까지 · 누적 36건 (요청 827회)
[Class1234 & ClassPay|2026] 1페이지까지 · 누적 36건 (요청 828회)
[Class2Class.org|2023] 1페이지까지 · 누적 36건 (요청 829회)
[Class2Class.org|2024] 1페이지까지 · 누적 36건 (요청 830회)
[Class2Class.org|2025] 1페이지까지 · 누적 36건 (요청 831회)
[Class2Class.org|2026] 1페이지까지 · 누적 36건 (요청 832회)
[ClassCEO|2023] 1페이지까지 · 누적 36건 (요청 833회)
[ClassCEO|2024] 1페이지까지 · 누적 36건 (요청 834회)
[ClassCEO|2025] 1페이지까지 · 누적 36건 (요청 835회)
[ClassCEO|2026] 1페이지까지 · 누적 36건 (요청 836회)
[ClassFin|2023] 1페이지까지 · 누적 36건 (요청 837회)
[ClassFin|2024] 1페이지까지 · 누적 36건 (요청 838회)
[ClassFin|2025] 1페이지까지 · 누적 36건 (요청 839회)
[ClassFin|2026] 1페이지까지 · 누적 36건 (요청 840회)
[ClassLive|2023] 1페이지까지 · 누적 36건 (요청 841회)
[ClassLive|2024] 1페이지까지 · 누적 36건 (요청 842회)
[ClassLive|2025] 1페이지까지 · 누적 36건 (요청 843회)
[ClassLive|2026] 1페이지까지 · 누적 36건 (요청 844회)
[ClassMana|2023] 1페이지까지 · 누적 36건 (요청 845회)
[ClassMana|2024] 1페이지까지 · 누적 36건 (요청 846회)
[ClassMana|2025] 1페이지까지 · 누적 36건 (요청 847회)
[ClassMana|2026] 1페이지까지 · 누적 36건 (요청 848회)
[ClassPoint|2023] 1페이지까지 · 누적 36건 (요청 849회)
[ClassPoint|2024] 1페이지까지 · 누적 36건 (요청 850회)
[ClassPoint|2025] 1페이지까지 · 누적 36건 (요청 851회)
[ClassPoint|2026] 1페이지까지 · 누적 36건 (요청 852회)
[Classkick|2023] 1페이지까지 · 누적 36건 (요청 853회)
[Classkick|2024] 1페이지까지 · 누적 36건 (요청 854회)
[Classkick|2025] 1페이지까지 · 누적 36건 (요청 855회)
[Classkick|2026] 1페이지까지 · 누적 36건 (요청 856회)
[Classwork.com|2023] 1페이지까지 · 누적 36건 (요청 857회)
[Classwork.com|2024] 1페이지까지 · 누적 36건 (요청 858회)
[Classwork.com|2025] 1페이지까지 · 누적 36건 (요청 859회)
[Classwork.com|2026] 1페이지까지 · 누적 36건 (요청 860회)
[ClearScanner|2023] 1페이지까지 · 누적 36건 (요청 861회)
[ClearScanner|2024] 1페이지까지 · 누적 36건 (요청 862회)
[ClearScanner|2025] 1페이지까지 · 누적 36건 (요청 863회)
[ClearScanner|2026] 1페이지까지 · 누적 36건 (요청 864회)
[Clip2Comic|2023] 1페이지까지 · 누적 36건 (요청 865회)
[Clip2Comic|2024] 1페이지까지 · 누적 36건 (요청 866회)
[Clip2Comic|2025] 1페이지까지 · 누적 36건 (요청 867회)
[Clip2Comic|2026] 1페이지까지 · 누적 36건 (요청 868회)
[CodeHub|2023] 1페이지까지 · 누적 36건 (요청 869회)
[CodeHub|2024] 1페이지까지 · 누적 36건 (요청 870회)
[CodeHub|2025] 1페이지까지 · 누적 36건 (요청 871회)
[CodeHub|2026] 1페이지까지 · 누적 36건 (요청 872회)
[CodeUp Class|2023] 1페이지까지 · 누적 36건 (요청 873회)
[CodeUp Class|2024] 1페이지까지 · 누적 36건 (요청 874회)
[CodeUp Class|2025] 1페이지까지 · 누적 36건 (요청 875회)
[CodeUp Class|2026] 1페이지까지 · 누적 36건 (요청 876회)
[Coggle|2023] 1페이지까지 · 누적 36건 (요청 877회)
[Coggle|2024] 1페이지까지 · 누적 36건 (요청 878회)
[Coggle|2025] 1페이지까지 · 누적 36건 (요청 879회)
[Coggle|2026] 1페이지까지 · 누적 36건 (요청 880회)
[CorelDRAW|2023] 1페이지까지 · 누적 36건 (요청 881회)
[CorelDRAW|2024] 1페이지까지 · 누적 36건 (요청 882회)
[CorelDRAW|2025] 1페이지까지 · 누적 36건 (요청 883회)
[CorelDRAW|2026] 1페이지까지 · 누적 36건 (요청 884회)
[Craft Docs|2023] 1페이지까지 · 누적 36건 (요청 885회)
[Craft Docs|2024] 1페이지까지 · 누적 36건 (요청 886회)
[Craft Docs|2025] 1페이지까지 · 누적 36건 (요청 887회)
[Craft Docs|2026] 1페이지까지 · 누적 36건 (요청 888회)
[DBT|2023] 1페이지까지 · 누적 36건 (요청 889회)
[DBT|2024] 1페이지까지 · 누적 36건 (요청 890회)
[DBT|2025] 1페이지까지 · 누적 36건 (요청 891회)
[DBT|2026] 1페이지까지 · 누적 36건 (요청 892회)
[DBpia AI|2023] 1페이지까지 · 누적 36건 (요청 893회)
[DBpia AI|2024] 1페이지까지 · 누적 36건 (요청 894회)
[DBpia AI|2025] 1페이지까지 · 누적 37건 (요청 896회)
[DBpia AI|2026] 1페이지까지 · 누적 37건 (요청 897회)
[DIT|2023] 1페이지까지 · 누적 37건 (요청 898회)
[DIT|2024] 1페이지까지 · 누적 37건 (요청 899회)
[DIT|2025] 1페이지까지 · 누적 37건 (요청 900회)
[DIT|2026] 1페이지까지 · 누적 37건 (요청 901회)
[DIY 2관절 로봇암|2023] 1페이지까지 · 누적 37건 (요청 902회)
[DIY 2관절 로봇암|2024] 1페이지까지 · 누적 37건 (요청 903회)
[DIY 2관절 로봇암|2025] 1페이지까지 · 누적 37건 (요청 904회)
[DIY 2관절 로봇암|2026] 1페이지까지 · 누적 37건 (요청 905회)
[DIY 무드등|2023] 1페이지까지 · 누적 37건 (요청 906회)
[DIY 무드등|2024] 1페이지까지 · 누적 37건 (요청 907회)
[DIY 무드등|2025] 1페이지까지 · 누적 37건 (요청 908회)
[DIY 무드등|2026] 1페이지까지 · 누적 37건 (요청 909회)
[DIY 종이드론 교육 키트|2023] 1페이지까지 · 누적 37건 (요청 910회)
[DIY 종이드론 교육 키트|2024] 1페이지까지 · 누적 37건 (요청 911회)
[DIY 종이드론 교육 키트|2025] 1페이지까지 · 누적 37건 (요청 912회)
[DIY 종이드론 교육 키트|2026] 1페이지까지 · 누적 37건 (요청 913회)
[DIY 캐릭터 종이코딩드론|2023] 1페이지까지 · 누적 37건 (요청 914회)
[DIY 캐릭터 종이코딩드론|2024] 1페이지까지 · 누적 37건 (요청 915회)
[DIY 캐릭터 종이코딩드론|2025] 1페이지까지 · 누적 37건 (요청 916회)
[DIY 캐릭터 종이코딩드론|2026] 1페이지까지 · 누적 37건 (요청 917회)
[DIYGO 시리즈|2023] 1페이지까지 · 누적 37건 (요청 918회)
[DIYGO 시리즈|2024] 1페이지까지 · 누적 37건 (요청 919회)
[DIYGO 시리즈|2025] 1페이지까지 · 누적 37건 (요청 920회)
[DIYGO 시리즈|2026] 1페이지까지 · 누적 37건 (요청 921회)
[DRM AI 엑셀 추가 기능|2023] 1페이지까지 · 누적 37건 (요청 922회)
[DRM AI 엑셀 추가 기능|2024] 1페이지까지 · 누적 37건 (요청 923회)
[DRM AI 엑셀 추가 기능|2025] 1페이지까지 · 누적 37건 (요청 924회)
[DRM AI 엑셀 추가 기능|2026] 1페이지까지 · 누적 37건 (요청 925회)
[DST|2023] 1페이지까지 · 누적 37건 (요청 926회)
[DST|2024] 1페이지까지 · 누적 37건 (요청 927회)
[DST|2025] 1페이지까지 · 누적 37건 (요청 928회)
[DST|2026] 1페이지까지 · 누적 38건 (요청 930회)
[DaVinci Resolve|2023] 1페이지까지 · 누적 38건 (요청 931회)
[DaVinci Resolve|2024] 1페이지까지 · 누적 38건 (요청 932회)
[DaVinci Resolve|2025] 1페이지까지 · 누적 38건 (요청 933회)
[DaVinci Resolve|2026] 1페이지까지 · 누적 38건 (요청 934회)
[Devth|2023] 1페이지까지 · 누적 38건 (요청 935회)
[Devth|2024] 1페이지까지 · 누적 38건 (요청 936회)
[Devth|2025] 1페이지까지 · 누적 38건 (요청 937회)
[Devth|2026] 1페이지까지 · 누적 38건 (요청 938회)
[Drawboard PDF|2023] 1페이지까지 · 누적 38건 (요청 939회)
[Drawboard PDF|2024] 1페이지까지 · 누적 38건 (요청 940회)
[Drawboard PDF|2025] 1페이지까지 · 누적 38건 (요청 941회)
[Drawboard PDF|2026] 1페이지까지 · 누적 38건 (요청 942회)
[EBS AI 단추플러스|2023] 1페이지까지 · 누적 38건 (요청 943회)
[EBS AI 단추플러스|2024] 1페이지까지 · 누적 38건 (요청 944회)
[EBS AI 단추플러스|2025] 1페이지까지 · 누적 38건 (요청 945회)
[EBS AI 단추플러스|2026] 1페이지까지 · 누적 38건 (요청 946회)
[EBS Play|2023] 1페이지까지 · 누적 38건 (요청 947회)
[EBS Play|2024] 1페이지까지 · 누적 38건 (요청 948회)
[EBS Play|2025] 1페이지까지 · 누적 38건 (요청 949회)
[EBS Play|2026] 1페이지까지 · 누적 38건 (요청 950회)
[EBS eBook|2023] 1페이지까지 · 누적 38건 (요청 951회)
[EBS eBook|2024] 1페이지까지 · 누적 38건 (요청 952회)
[EBS eBook|2025] 1페이지까지 · 누적 38건 (요청 953회)
[EBS eBook|2026] 1페이지까지 · 누적 38건 (요청 954회)
[EBS 고교강의|2023] 1페이지까지 · 누적 38건 (요청 955회)
[EBS 고교강의|2024] 1페이지까지 · 누적 38건 (요청 956회)
[EBS 고교강의|2025] 1페이지까지 · 누적 38건 (요청 957회)
[EBS 고교강의|2026] 1페이지까지 · 누적 38건 (요청 958회)
[EBS 고교강의 웹사이트|2023] 1페이지까지 · 누적 38건 (요청 959회)
[EBS 고교강의 웹사이트|2024] 1페이지까지 · 누적 38건 (요청 960회)
[EBS 고교강의 웹사이트|2025] 1페이지까지 · 누적 38건 (요청 961회)
[EBS 고교강의 웹사이트|2026] 1페이지까지 · 누적 38건 (요청 962회)
[EBS 구독서비스 웹사이트|2023] 1페이지까지 · 누적 38건 (요청 963회)
[EBS 구독서비스 웹사이트|2024] 1페이지까지 · 누적 38건 (요청 964회)
[EBS 구독서비스 웹사이트|2025] 1페이지까지 · 누적 38건 (요청 965회)
[EBS 구독서비스 웹사이트|2026] 1페이지까지 · 누적 38건 (요청 966회)
[EBS 반디|2023] 1페이지까지 · 누적 38건 (요청 967회)
[EBS 반디|2024] 1페이지까지 · 누적 38건 (요청 968회)
[EBS 반디|2025] 1페이지까지 · 누적 38건 (요청 969회)
[EBS 반디|2026] 1페이지까지 · 누적 38건 (요청 970회)
[EBS 북스토리 웹사이트|2023] 1페이지까지 · 누적 38건 (요청 971회)
[EBS 북스토리 웹사이트|2024] 1페이지까지 · 누적 38건 (요청 972회)
[EBS 북스토리 웹사이트|2025] 1페이지까지 · 누적 38건 (요청 973회)
[EBS 북스토리 웹사이트|2026] 1페이지까지 · 누적 38건 (요청 974회)
[EBS 장애인 서비스|2023] 1페이지까지 · 누적 38건 (요청 975회)
[EBS 장애인 서비스|2024] 1페이지까지 · 누적 38건 (요청 976회)
[EBS 장애인 서비스|2025] 1페이지까지 · 누적 38건 (요청 977회)
[EBS 장애인 서비스|2026] 1페이지까지 · 누적 38건 (요청 978회)
[EBS 중학 프리미엄 웹사이트|2023] 1페이지까지 · 누적 38건 (요청 979회)
[EBS 중학 프리미엄 웹사이트|2024] 1페이지까지 · 누적 38건 (요청 980회)
[EBS 중학 프리미엄 웹사이트|2025] 1페이지까지 · 누적 38건 (요청 981회)
[EBS 중학 프리미엄 웹사이트|2026] 1페이지까지 · 누적 38건 (요청 982회)
[EBS 중학ㆍ중학 프리미엄|2023] 1페이지까지 · 누적 38건 (요청 983회)
[EBS 중학ㆍ중학 프리미엄|2024] 1페이지까지 · 누적 38건 (요청 984회)
[EBS 중학ㆍ중학 프리미엄|2025] 1페이지까지 · 누적 38건 (요청 985회)
[EBS 중학ㆍ중학 프리미엄|2026] 1페이지까지 · 누적 38건 (요청 986회)
[EBS 직업|2023] 1페이지까지 · 누적 38건 (요청 987회)
[EBS 직업|2024] 1페이지까지 · 누적 38건 (요청 988회)
[EBS 직업|2025] 1페이지까지 · 누적 38건 (요청 989회)
[EBS 직업|2026] 1페이지까지 · 누적 38건 (요청 990회)
[EBS 진로탐색검사|2023] 1페이지까지 · 누적 38건 (요청 991회)
[EBS 진로탐색검사|2024] 1페이지까지 · 누적 38건 (요청 992회)
[EBS 진로탐색검사|2025] 1페이지까지 · 누적 38건 (요청 993회)
[EBS 진로탐색검사|2026] 1페이지까지 · 누적 38건 (요청 994회)
[EBS 초등|2023] 1페이지까지 · 누적 38건 (요청 995회)
[EBS 초등|2024] 1페이지까지 · 누적 38건 (요청 996회)
[EBS 초등|2025] 1페이지까지 · 누적 41건 (요청 1000회)
[EBS 초등|2026] 1페이지까지 · 누적 42건 (요청 1002회)
[EBS 표준화 심리검사|2023] 1페이지까지 · 누적 42건 (요청 1003회)
[EBS 표준화 심리검사|2024] 1페이지까지 · 누적 44건 (요청 1006회)
[EBS 표준화 심리검사|2025] 1페이지까지 · 누적 47건 (요청 1010회)
[EBS 표준화 심리검사|2026] 1페이지까지 · 누적 48건 (요청 1012회)
[EBSMath|2023] 1페이지까지 · 누적 48건 (요청 1013회)
[EBSMath|2024] 1페이지까지 · 누적 48건 (요청 1014회)
[EBSMath|2025] 1페이지까지 · 누적 48건 (요청 1015회)
[EBSMath|2026] 1페이지까지 · 누적 48건 (요청 1016회)
[EBSMath 웹사이트|2023] 1페이지까지 · 누적 48건 (요청 1017회)
[EBSMath 웹사이트|2024] 1페이지까지 · 누적 48건 (요청 1018회)
[EBSMath 웹사이트|2025] 1페이지까지 · 누적 48건 (요청 1019회)
[EBSMath 웹사이트|2026] 1페이지까지 · 누적 48건 (요청 1020회)
[EBSe 웹사이트|2023] 1페이지까지 · 누적 48건 (요청 1021회)
[EBSe 웹사이트|2024] 1페이지까지 · 누적 48건 (요청 1022회)
[EBSe 웹사이트|2025] 1페이지까지 · 누적 48건 (요청 1023회)
[EBSe 웹사이트|2026] 1페이지까지 · 누적 48건 (요청 1024회)
[EBSi|2023] 1페이지까지 · 누적 48건 (요청 1025회)
[EBSi|2024] 1페이지까지 · 누적 48건 (요청 1026회)
[EBSi|2025] 1페이지까지 · 누적 48건 (요청 1027회)
[EBSi|2026] 1페이지까지 · 누적 48건 (요청 1028회)
[EBS이솦 웹사이트|2023] 1페이지까지 · 누적 48건 (요청 1029회)
[EBS이솦 웹사이트|2024] 1페이지까지 · 누적 48건 (요청 1030회)
[EBS이솦 웹사이트|2025] 1페이지까지 · 누적 48건 (요청 1031회)
[EBS이솦 웹사이트|2026] 1페이지까지 · 누적 48건 (요청 1032회)
[EP 로그|2023] 1페이지까지 · 누적 48건 (요청 1033회)
[EP 로그|2024] 1페이지까지 · 누적 48건 (요청 1034회)
[EP 로그|2025] 1페이지까지 · 누적 48건 (요청 1035회)
[EP 로그|2026] 1페이지까지 · 누적 48건 (요청 1036회)
[EPAPS|2023] 1페이지까지 · 누적 48건 (요청 1037회)
[EPAPS|2024] 1페이지까지 · 누적 48건 (요청 1038회)
[EPAPS|2025] 1페이지까지 · 누적 48건 (요청 1039회)
[EPAPS|2026] 1페이지까지 · 누적 48건 (요청 1040회)
[ERS v1.0|2023] 1페이지까지 · 누적 48건 (요청 1041회)
[ERS v1.0|2024] 1페이지까지 · 누적 48건 (요청 1042회)
[ERS v1.0|2025] 1페이지까지 · 누적 48건 (요청 1043회)
[ERS v1.0|2026] 1페이지까지 · 누적 48건 (요청 1044회)
[ERS-i v1.0|2023] 1페이지까지 · 누적 48건 (요청 1045회)
[ERS-i v1.0|2024] 1페이지까지 · 누적 48건 (요청 1046회)
[ERS-i v1.0|2025] 1페이지까지 · 누적 48건 (요청 1047회)
[ERS-i v1.0|2026] 1페이지까지 · 누적 48건 (요청 1048회)
[ESharePro|2023] 1페이지까지 · 누적 48건 (요청 1049회)
[ESharePro|2024] 1페이지까지 · 누적 48건 (요청 1050회)
[ESharePro|2025] 1페이지까지 · 누적 48건 (요청 1051회)
[ESharePro|2026] 1페이지까지 · 누적 48건 (요청 1052회)
[ET-Craft|2023] 1페이지까지 · 누적 48건 (요청 1053회)
[ET-Craft|2024] 1페이지까지 · 누적 48건 (요청 1054회)
[ET-Craft|2025] 1페이지까지 · 누적 48건 (요청 1055회)
[ET-Craft|2026] 1페이지까지 · 누적 48건 (요청 1056회)
[EdgeCAM / CAM소프트웨어|2023] 1페이지까지 · 누적 48건 (요청 1057회)
[EdgeCAM / CAM소프트웨어|2024] 1페이지까지 · 누적 48건 (요청 1058회)
[EdgeCAM / CAM소프트웨어|2025] 1페이지까지 · 누적 48건 (요청 1059회)
[EdgeCAM / CAM소프트웨어|2026] 1페이지까지 · 누적 48건 (요청 1060회)
[Edium|2023] 1페이지까지 · 누적 48건 (요청 1061회)
[Edium|2024] 1페이지까지 · 누적 48건 (요청 1062회)
[Edium|2025] 1페이지까지 · 누적 48건 (요청 1063회)
[Edium|2026] 1페이지까지 · 누적 48건 (요청 1064회)
[EduEnuSpace|2023] 1페이지까지 · 누적 48건 (요청 1065회)
[EduEnuSpace|2024] 1페이지까지 · 누적 48건 (요청 1066회)
[EduEnuSpace|2025] 1페이지까지 · 누적 48건 (요청 1067회)
[EduEnuSpace|2026] 1페이지까지 · 누적 48건 (요청 1068회)
[Educaplay|2023] 1페이지까지 · 누적 48건 (요청 1069회)
[Educaplay|2024] 1페이지까지 · 누적 48건 (요청 1070회)
[Educaplay|2025] 1페이지까지 · 누적 48건 (요청 1071회)
[Educaplay|2026] 1페이지까지 · 누적 48건 (요청 1072회)
[Epic School|2023] 1페이지까지 · 누적 48건 (요청 1073회)
[Epic School|2024] 1페이지까지 · 누적 48건 (요청 1074회)
[Epic School|2025] 1페이지까지 · 누적 48건 (요청 1075회)
[Epic School|2026] 1페이지까지 · 누적 48건 (요청 1076회)
[FOX vClass|2023] 1페이지까지 · 누적 48건 (요청 1077회)
[FOX vClass|2024] 1페이지까지 · 누적 48건 (요청 1078회)
[FOX vClass|2025] 1페이지까지 · 누적 48건 (요청 1079회)
[FOX vClass|2026] 1페이지까지 · 누적 48건 (요청 1080회)
[Fender Studio Pro|2023] 1페이지까지 · 누적 48건 (요청 1081회)
[Fender Studio Pro|2024] 1페이지까지 · 누적 48건 (요청 1082회)
[Fender Studio Pro|2025] 1페이지까지 · 누적 48건 (요청 1083회)
[Fender Studio Pro|2026] 1페이지까지 · 누적 48건 (요청 1084회)
[Finclass|2023] 1페이지까지 · 누적 48건 (요청 1085회)
[Finclass|2024] 1페이지까지 · 누적 48건 (요청 1086회)
[Finclass|2025] 1페이지까지 · 누적 48건 (요청 1087회)
[Finclass|2026] 1페이지까지 · 누적 48건 (요청 1088회)
[Flat for Education|2023] 1페이지까지 · 누적 48건 (요청 1089회)
[Flat for Education|2024] 1페이지까지 · 누적 48건 (요청 1090회)
[Flat for Education|2025] 1페이지까지 · 누적 48건 (요청 1091회)
[Flat for Education|2026] 1페이지까지 · 누적 48건 (요청 1092회)
[FlexClip|2023] 1페이지까지 · 누적 48건 (요청 1093회)
[FlexClip|2024] 1페이지까지 · 누적 48건 (요청 1094회)
[FlexClip|2025] 1페이지까지 · 누적 48건 (요청 1095회)
[FlexClip|2026] 1페이지까지 · 누적 48건 (요청 1096회)
[Flint|2023] 1페이지까지 · 누적 48건 (요청 1097회)
[Flint|2024] 1페이지까지 · 누적 48건 (요청 1098회)
[Flint|2025] 1페이지까지 · 누적 48건 (요청 1099회)
[Flint|2026] 1페이지까지 · 누적 48건 (요청 1100회)
[FlipHTML5|2023] 1페이지까지 · 누적 48건 (요청 1101회)
[FlipHTML5|2024] 1페이지까지 · 누적 48건 (요청 1102회)
[FlipHTML5|2025] 1페이지까지 · 누적 48건 (요청 1103회)
[FlipHTML5|2026] 1페이지까지 · 누적 48건 (요청 1104회)
[Foreducator|2023] 1페이지까지 · 누적 48건 (요청 1105회)
[Foreducator|2024] 1페이지까지 · 누적 48건 (요청 1106회)
[Foreducator|2025] 1페이지까지 · 누적 48건 (요청 1107회)
[Foreducator|2026] 1페이지까지 · 누적 48건 (요청 1108회)
[Fusion360 with 아두이노 실전편|2023] 1페이지까지 · 누적 48건 (요청 1109회)
[Fusion360 with 아두이노 실전편|2024] 1페이지까지 · 누적 48건 (요청 1110회)
[Fusion360 with 아두이노 실전편|2025] 1페이지까지 · 누적 48건 (요청 1111회)
[Fusion360 with 아두이노 실전편|2026] 1페이지까지 · 누적 48건 (요청 1112회)
[FusionSnow Suite|2023] 1페이지까지 · 누적 48건 (요청 1113회)
[FusionSnow Suite|2024] 1페이지까지 · 누적 48건 (요청 1114회)
[FusionSnow Suite|2025] 1페이지까지 · 누적 48건 (요청 1115회)
[FusionSnow Suite|2026] 1페이지까지 · 누적 48건 (요청 1116회)
[G-레이서|2023] 1페이지까지 · 누적 48건 (요청 1117회)
[G-레이서|2024] 1페이지까지 · 누적 48건 (요청 1118회)
[G-레이서|2025] 1페이지까지 · 누적 48건 (요청 1119회)
[G-레이서|2026] 1페이지까지 · 누적 48건 (요청 1120회)
[GCompris|2023] 1페이지까지 · 누적 48건 (요청 1121회)
[GCompris|2024] 1페이지까지 · 누적 48건 (요청 1122회)
[GCompris|2025] 1페이지까지 · 누적 48건 (요청 1123회)
[GCompris|2026] 1페이지까지 · 누적 48건 (요청 1124회)
[GS-LLM(지에스 엘엘엠）|2023] 1페이지까지 · 누적 48건 (요청 1125회)
[GS-LLM(지에스 엘엘엠）|2024] 1페이지까지 · 누적 48건 (요청 1126회)
[GS-LLM(지에스 엘엘엠）|2025] 1페이지까지 · 누적 48건 (요청 1127회)
[GS-LLM(지에스 엘엘엠）|2026] 1페이지까지 · 누적 48건 (요청 1128회)
[GT_DESIGNER3|2023] 1페이지까지 · 누적 48건 (요청 1129회)
[GT_DESIGNER3|2024] 1페이지까지 · 누적 48건 (요청 1130회)
[GT_DESIGNER3|2025] 1페이지까지 · 누적 48건 (요청 1131회)
[GT_DESIGNER3|2026] 1페이지까지 · 누적 48건 (요청 1132회)
[GV-CNC|2023] 1페이지까지 · 누적 50건 (요청 1135회)
[GV-CNC|2024] 1페이지까지 · 누적 51건 (요청 1137회)
[GV-CNC|2025] 1페이지까지 · 누적 52건 (요청 1139회)
[GV-CNC|2026] 1페이지까지 · 누적 52건 (요청 1140회)
[GX-WORKS 2|2023] 1페이지까지 · 누적 52건 (요청 1141회)
[GX-WORKS 2|2024] 1페이지까지 · 누적 52건 (요청 1142회)
[GX-WORKS 2|2025] 1페이지까지 · 누적 52건 (요청 1143회)
[GX-WORKS 2|2026] 1페이지까지 · 누적 52건 (요청 1144회)
[GX-WORKS 3|2023] 1페이지까지 · 누적 52건 (요청 1145회)
[GX-WORKS 3|2024] 1페이지까지 · 누적 52건 (요청 1146회)
[GX-WORKS 3|2025] 1페이지까지 · 누적 52건 (요청 1147회)
[GX-WORKS 3|2026] 1페이지까지 · 누적 52건 (요청 1148회)
[GXLearning|2023] 1페이지까지 · 누적 52건 (요청 1149회)
[GXLearning|2024] 1페이지까지 · 누적 52건 (요청 1150회)
[GXLearning|2025] 1페이지까지 · 누적 52건 (요청 1151회)
[GXLearning|2026] 1페이지까지 · 누적 52건 (요청 1152회)
[Generation Genius|2023] 1페이지까지 · 누적 52건 (요청 1153회)
[Generation Genius|2024] 1페이지까지 · 누적 52건 (요청 1154회)
[Generation Genius|2025] 1페이지까지 · 누적 52건 (요청 1155회)
[Generation Genius|2026] 1페이지까지 · 누적 52건 (요청 1156회)
[Goodnotes|2023] 1페이지까지 · 누적 52건 (요청 1157회)
[Goodnotes|2024] 1페이지까지 · 누적 52건 (요청 1158회)
[Goodnotes|2025] 1페이지까지 · 누적 52건 (요청 1159회)
[Goodnotes|2026] 1페이지까지 · 누적 52건 (요청 1160회)
[G큐브-핑퐁로봇|2023] 1페이지까지 · 누적 52건 (요청 1161회)
[G큐브-핑퐁로봇|2024] 1페이지까지 · 누적 52건 (요청 1162회)
[G큐브-핑퐁로봇|2025] 1페이지까지 · 누적 52건 (요청 1163회)
[G큐브-핑퐁로봇|2026] 1페이지까지 · 누적 52건 (요청 1164회)
[HELP! 전자공학 아두이노 실습 키트|2023] 1페이지까지 · 누적 52건 (요청 1165회)
[HELP! 전자공학 아두이노 실습 키트|2024] 1페이지까지 · 누적 52건 (요청 1166회)
[HELP! 전자공학 아두이노 실습 키트|2025] 1페이지까지 · 누적 52건 (요청 1167회)
[HELP! 전자공학 아두이노 실습 키트|2026] 1페이지까지 · 누적 52건 (요청 1168회)
[HHIPS-PAPS자동화 솔루션|2023] 1페이지까지 · 누적 52건 (요청 1169회)
[HHIPS-PAPS자동화 솔루션|2024] 1페이지까지 · 누적 52건 (요청 1170회)
[HHIPS-PAPS자동화 솔루션|2025] 1페이지까지 · 누적 52건 (요청 1171회)
[HHIPS-PAPS자동화 솔루션|2026] 1페이지까지 · 누적 52건 (요청 1172회)
[HHIPS-TeamUp 사이클릴레이|2023] 1페이지까지 · 누적 52건 (요청 1173회)
[HHIPS-TeamUp 사이클릴레이|2024] 1페이지까지 · 누적 52건 (요청 1174회)
[HHIPS-TeamUp 사이클릴레이|2025] 1페이지까지 · 누적 52건 (요청 1175회)
[HHIPS-TeamUp 사이클릴레이|2026] 1페이지까지 · 누적 52건 (요청 1176회)
[HHIPS-성장예측솔루션|2023] 1페이지까지 · 누적 52건 (요청 1177회)
[HHIPS-성장예측솔루션|2024] 1페이지까지 · 누적 52건 (요청 1178회)
[HHIPS-성장예측솔루션|2025] 1페이지까지 · 누적 52건 (요청 1179회)
[HHIPS-성장예측솔루션|2026] 1페이지까지 · 누적 52건 (요청 1180회)
[HHIPS-양치기록솔루션|2023] 1페이지까지 · 누적 52건 (요청 1181회)
[HHIPS-양치기록솔루션|2024] 1페이지까지 · 누적 52건 (요청 1182회)
[HHIPS-양치기록솔루션|2025] 1페이지까지 · 누적 52건 (요청 1183회)
[HHIPS-양치기록솔루션|2026] 1페이지까지 · 누적 52건 (요청 1184회)
[HMH All products|2023] 1페이지까지 · 누적 52건 (요청 1185회)
[HMH All products|2024] 1페이지까지 · 누적 52건 (요청 1186회)
[HMH All products|2025] 1페이지까지 · 누적 52건 (요청 1187회)
[HMH All products|2026] 1페이지까지 · 누적 52건 (요청 1188회)
[Heinemann All products|2023] 1페이지까지 · 누적 52건 (요청 1189회)
[Heinemann All products|2024] 1페이지까지 · 누적 52건 (요청 1190회)
[Heinemann All products|2025] 1페이지까지 · 누적 52건 (요청 1191회)
[Heinemann All products|2026] 1페이지까지 · 누적 52건 (요청 1192회)
[HelloTalk|2023] 1페이지까지 · 누적 52건 (요청 1193회)
[HelloTalk|2024] 1페이지까지 · 누적 52건 (요청 1194회)
[HelloTalk|2025] 1페이지까지 · 누적 52건 (요청 1195회)
[HelloTalk|2026] 1페이지까지 · 누적 52건 (요청 1196회)
[Hey, HECTO|2023] 1페이지까지 · 누적 52건 (요청 1197회)
[Hey, HECTO|2024] 1페이지까지 · 누적 52건 (요청 1198회)
[Hey, HECTO|2025] 1페이지까지 · 누적 52건 (요청 1199회)
[Hey, HECTO|2026] 1페이지까지 · 누적 52건 (요청 1200회)
[Home Planner|2023] 1페이지까지 · 누적 52건 (요청 1201회)
[Home Planner|2024] 1페이지까지 · 누적 52건 (요청 1202회)
[Home Planner|2025] 1페이지까지 · 누적 52건 (요청 1203회)
[Home Planner|2026] 1페이지까지 · 누적 52건 (요청 1204회)
[Hyper3D|2023] 1페이지까지 · 누적 52건 (요청 1205회)
[Hyper3D|2024] 1페이지까지 · 누적 52건 (요청 1206회)
[Hyper3D|2025] 1페이지까지 · 누적 52건 (요청 1207회)
[Hyper3D|2026] 1페이지까지 · 누적 52건 (요청 1208회)
[IB탐험대|2023] 1페이지까지 · 누적 52건 (요청 1209회)
[IB탐험대|2024] 1페이지까지 · 누적 52건 (요청 1210회)
[IB탐험대|2025] 1페이지까지 · 누적 52건 (요청 1211회)
[IB탐험대|2026] 1페이지까지 · 누적 52건 (요청 1212회)
[ICQA 모의고사 예제 프로그램|2023] 1페이지까지 · 누적 52건 (요청 1213회)
[ICQA 모의고사 예제 프로그램|2024] 1페이지까지 · 누적 52건 (요청 1214회)
[ICQA 모의고사 예제 프로그램|2025] 1페이지까지 · 누적 52건 (요청 1215회)
[ICQA 모의고사 예제 프로그램|2026] 1페이지까지 · 누적 52건 (요청 1216회)
[ICQA 실기시험 프로그램|2023] 1페이지까지 · 누적 52건 (요청 1217회)
[ICQA 실기시험 프로그램|2024] 1페이지까지 · 누적 52건 (요청 1218회)
[ICQA 실기시험 프로그램|2025] 1페이지까지 · 누적 52건 (요청 1219회)
[ICQA 실기시험 프로그램|2026] 1페이지까지 · 누적 52건 (요청 1220회)
[ICQA 실습용 에뮬레이터|2023] 1페이지까지 · 누적 52건 (요청 1221회)
[ICQA 실습용 에뮬레이터|2024] 1페이지까지 · 누적 52건 (요청 1222회)
[ICQA 실습용 에뮬레이터|2025] 1페이지까지 · 누적 52건 (요청 1223회)
[ICQA 실습용 에뮬레이터|2026] 1페이지까지 · 누적 52건 (요청 1224회)
[ICT 나도작곡가|2023] 1페이지까지 · 누적 52건 (요청 1225회)
[ICT 나도작곡가|2024] 1페이지까지 · 누적 52건 (요청 1226회)
[ICT 나도작곡가|2025] 1페이지까지 · 누적 52건 (요청 1227회)
[ICT 나도작곡가|2026] 1페이지까지 · 누적 52건 (요청 1228회)
[IFAS GFAT & 맞춤형진로탐색 프로그램|2023] 1페이지까지 · 누적 52건 (요청 1229회)
[IFAS GFAT & 맞춤형진로탐색 프로그램|2024] 1페이지까지 · 누적 52건 (요청 1230회)
[IFAS GFAT & 맞춤형진로탐색 프로그램|2025] 1페이지까지 · 누적 52건 (요청 1231회)
[IFAS GFAT & 맞춤형진로탐색 프로그램|2026] 1페이지까지 · 누적 52건 (요청 1232회)
[INFODASH|2023] 1페이지까지 · 누적 52건 (요청 1233회)
[INFODASH|2024] 1페이지까지 · 누적 52건 (요청 1234회)
[INFODASH|2025] 1페이지까지 · 누적 52건 (요청 1235회)
[INFODASH|2026] 1페이지까지 · 누적 52건 (요청 1236회)
[IP아카데미|2023] 1페이지까지 · 누적 52건 (요청 1237회)
[IP아카데미|2024] 1페이지까지 · 누적 52건 (요청 1238회)
[IP아카데미|2025] 1페이지까지 · 누적 52건 (요청 1239회)
[IP아카데미|2026] 1페이지까지 · 누적 52건 (요청 1240회)
[ISHS01|2023] 1페이지까지 · 누적 52건 (요청 1241회)
[ISHS01|2024] 1페이지까지 · 누적 52건 (요청 1242회)
[ISHS01|2025] 1페이지까지 · 누적 52건 (요청 1243회)
[ISHS01|2026] 1페이지까지 · 누적 52건 (요청 1244회)
[IoT 플랫폼 서비스|2023] 1페이지까지 · 누적 52건 (요청 1245회)
[IoT 플랫폼 서비스|2024] 1페이지까지 · 누적 52건 (요청 1246회)
[IoT 플랫폼 서비스|2025] 1페이지까지 · 누적 52건 (요청 1247회)
[IoT 플랫폼 서비스|2026] 1페이지까지 · 누적 52건 (요청 1248회)
[JCT 기초적성검사|2023] 1페이지까지 · 누적 52건 (요청 1249회)
[JCT 기초적성검사|2024] 1페이지까지 · 누적 52건 (요청 1250회)
[JCT 기초적성검사|2025] 1페이지까지 · 누적 52건 (요청 1251회)
[JCT 기초적성검사|2026] 1페이지까지 · 누적 52건 (요청 1252회)
[JCT 인성역량검사|2023] 1페이지까지 · 누적 52건 (요청 1253회)
[JCT 인성역량검사|2024] 1페이지까지 · 누적 52건 (요청 1254회)
[JCT 인성역량검사|2025] 1페이지까지 · 누적 52건 (요청 1255회)
[JCT 인성역량검사|2026] 1페이지까지 · 누적 52건 (요청 1256회)
[JCT 직무적성검사|2023] 1페이지까지 · 누적 52건 (요청 1257회)
[JCT 직무적성검사|2024] 1페이지까지 · 누적 52건 (요청 1258회)
[JCT 직무적성검사|2025] 1페이지까지 · 누적 52건 (요청 1259회)
[JCT 직무적성검사|2026] 1페이지까지 · 누적 52건 (요청 1260회)
[JINNY|2023] 1페이지까지 · 누적 52건 (요청 1261회)
[JINNY|2024] 1페이지까지 · 누적 52건 (요청 1262회)
[JINNY|2025] 1페이지까지 · 누적 52건 (요청 1263회)
[JINNY|2026] 1페이지까지 · 누적 52건 (요청 1264회)
[Jamovi Cloud|2023] 1페이지까지 · 누적 52건 (요청 1265회)
[Jamovi Cloud|2024] 1페이지까지 · 누적 52건 (요청 1266회)
[Jamovi Cloud|2025] 1페이지까지 · 누적 52건 (요청 1267회)
[Jamovi Cloud|2026] 1페이지까지 · 누적 52건 (요청 1268회)
[Jamovi Desktop|2023] 1페이지까지 · 누적 52건 (요청 1269회)
[Jamovi Desktop|2024] 1페이지까지 · 누적 52건 (요청 1270회)
[Jamovi Desktop|2025] 1페이지까지 · 누적 52건 (요청 1271회)
[Jamovi Desktop|2026] 1페이지까지 · 누적 52건 (요청 1272회)
[Jigsaw Explorer|2023] 1페이지까지 · 누적 52건 (요청 1273회)
[Jigsaw Explorer|2024] 1페이지까지 · 누적 52건 (요청 1274회)
[Jigsaw Explorer|2025] 1페이지까지 · 누적 52건 (요청 1275회)
[Jigsaw Explorer|2026] 1페이지까지 · 누적 52건 (요청 1276회)
[Jinu e-note|2023] 1페이지까지 · 누적 52건 (요청 1277회)
[Jinu e-note|2024] 1페이지까지 · 누적 52건 (요청 1278회)
[Jinu e-note|2025] 1페이지까지 · 누적 52건 (요청 1279회)
[Jinu e-note|2026] 1페이지까지 · 누적 52건 (요청 1280회)
[JoVE|2023] 1페이지까지 · 누적 52건 (요청 1281회)
[JoVE|2024] 1페이지까지 · 누적 52건 (요청 1282회)
[JoVE|2025] 1페이지까지 · 누적 52건 (요청 1283회)
[JoVE|2026] 1페이지까지 · 누적 52건 (요청 1284회)
[K-공학스쿨|2023] 1페이지까지 · 누적 52건 (요청 1285회)
[K-공학스쿨|2024] 1페이지까지 · 누적 52건 (요청 1286회)
[K-공학스쿨|2025] 1페이지까지 · 누적 52건 (요청 1287회)
[K-공학스쿨|2026] 1페이지까지 · 누적 52건 (요청 1288회)
[K-오픈배지|2023] 1페이지까지 · 누적 52건 (요청 1289회)
[K-오픈배지|2024] 1페이지까지 · 누적 52건 (요청 1290회)
[K-오픈배지|2025] 1페이지까지 · 누적 52건 (요청 1291회)
[K-오픈배지|2026] 1페이지까지 · 누적 52건 (요청 1292회)
[K1- 놀이공원에 왔어요!|2023] 1페이지까지 · 누적 52건 (요청 1293회)
[K1- 놀이공원에 왔어요!|2024] 1페이지까지 · 누적 52건 (요청 1294회)
[K1- 놀이공원에 왔어요!|2025] 1페이지까지 · 누적 52건 (요청 1295회)
[K1- 놀이공원에 왔어요!|2026] 1페이지까지 · 누적 52건 (요청 1296회)
[K1- 디코 프렌즈 맵|2023] 1페이지까지 · 누적 52건 (요청 1297회)
[K1- 디코 프렌즈 맵|2024] 1페이지까지 · 누적 52건 (요청 1298회)
[K1- 디코 프렌즈 맵|2025] 1페이지까지 · 누적 52건 (요청 1299회)
[K1- 디코 프렌즈 맵|2026] 1페이지까지 · 누적 52건 (요청 1300회)
[K1- 반복 과 아이템 가져오기|2023] 1페이지까지 · 누적 52건 (요청 1301회)
[K1- 반복 과 아이템 가져오기|2024] 1페이지까지 · 누적 52건 (요청 1302회)
[K1- 반복 과 아이템 가져오기|2025] 1페이지까지 · 누적 52건 (요청 1303회)
[K1- 반복 과 아이템 가져오기|2026] 1페이지까지 · 누적 52건 (요청 1304회)
[K1- 봄이 왔어요!|2023] 1페이지까지 · 누적 52건 (요청 1305회)
[K1- 봄이 왔어요!|2024] 1페이지까지 · 누적 52건 (요청 1306회)
[K1- 봄이 왔어요!|2025] 1페이지까지 · 누적 52건 (요청 1307회)
[K1- 봄이 왔어요!|2026] 1페이지까지 · 누적 52건 (요청 1308회)
[K1- 실생활 알고리즘|2023] 1페이지까지 · 누적 52건 (요청 1309회)
[K1- 실생활 알고리즘|2024] 1페이지까지 · 누적 52건 (요청 1310회)
[K1- 실생활 알고리즘|2025] 1페이지까지 · 누적 52건 (요청 1311회)
[K1- 실생활 알고리즘|2026] 1페이지까지 · 누적 52건 (요청 1312회)
[K1- 아티스트 선 그리기|2023] 1페이지까지 · 누적 52건 (요청 1313회)
[K1- 아티스트 선 그리기|2024] 1페이지까지 · 누적 52건 (요청 1314회)
[K1- 아티스트 선 그리기|2025] 1페이지까지 · 누적 52건 (요청 1315회)
[K1- 아티스트 선 그리기|2026] 1페이지까지 · 누적 52건 (요청 1316회)
[K1- 우리반에 디코가 찾아왔어요!|2023] 1페이지까지 · 누적 52건 (요청 1317회)
[K1- 우리반에 디코가 찾아왔어요!|2024] 1페이지까지 · 누적 52건 (요청 1318회)
[K1- 우리반에 디코가 찾아왔어요!|2025] 1페이지까지 · 누적 52건 (요청 1319회)
[K1- 우리반에 디코가 찾아왔어요!|2026] 1페이지까지 · 누적 52건 (요청 1320회)
[K2- 도시 놀이 게임|2023] 1페이지까지 · 누적 52건 (요청 1321회)
[K2- 도시 놀이 게임|2024] 1페이지까지 · 누적 52건 (요청 1322회)
[K2- 도시 놀이 게임|2025] 1페이지까지 · 누적 52건 (요청 1323회)
[K2- 도시 놀이 게임|2026] 1페이지까지 · 누적 52건 (요청 1324회)
[K2- 도장 찍기 놀이|2023] 1페이지까지 · 누적 52건 (요청 1325회)
[K2- 도장 찍기 놀이|2024] 1페이지까지 · 누적 52건 (요청 1326회)
[K2- 도장 찍기 놀이|2025] 1페이지까지 · 누적 52건 (요청 1327회)
[K2- 도장 찍기 놀이|2026] 1페이지까지 · 누적 52건 (요청 1328회)
[K2- 디코 DDR 리듬 게임|2023] 1페이지까지 · 누적 52건 (요청 1329회)
[K2- 디코 DDR 리듬 게임|2024] 1페이지까지 · 누적 52건 (요청 1330회)
[K2- 디코 DDR 리듬 게임|2025] 1페이지까지 · 누적 52건 (요청 1331회)
[K2- 디코 DDR 리듬 게임|2026] 1페이지까지 · 누적 52건 (요청 1332회)
[K2- 디코 댄스 파티|2023] 1페이지까지 · 누적 52건 (요청 1333회)
[K2- 디코 댄스 파티|2024] 1페이지까지 · 누적 52건 (요청 1334회)
[K2- 디코 댄스 파티|2025] 1페이지까지 · 누적 52건 (요청 1335회)
[K2- 디코 댄스 파티|2026] 1페이지까지 · 누적 52건 (요청 1336회)
[K2- 디코 두더지 게임|2023] 1페이지까지 · 누적 52건 (요청 1337회)
[K2- 디코 두더지 게임|2024] 1페이지까지 · 누적 52건 (요청 1338회)
[K2- 디코 두더지 게임|2025] 1페이지까지 · 누적 52건 (요청 1339회)
[K2- 디코 두더지 게임|2026] 1페이지까지 · 누적 52건 (요청 1340회)
[K2- 디코 신디사이저|2023] 1페이지까지 · 누적 52건 (요청 1341회)
[K2- 디코 신디사이저|2024] 1페이지까지 · 누적 52건 (요청 1342회)
[K2- 디코 신디사이저|2025] 1페이지까지 · 누적 52건 (요청 1343회)
[K2- 디코 신디사이저|2026] 1페이지까지 · 누적 52건 (요청 1344회)
[K2- 상상의 문을 열어라|2023] 1페이지까지 · 누적 52건 (요청 1345회)
[K2- 상상의 문을 열어라|2024] 1페이지까지 · 누적 52건 (요청 1346회)
[K2- 상상의 문을 열어라|2025] 1페이지까지 · 누적 52건 (요청 1347회)
[K2- 상상의 문을 열어라|2026] 1페이지까지 · 누적 52건 (요청 1348회)
[K2- 우리 동네 택배 아저씨|2023] 1페이지까지 · 누적 52건 (요청 1349회)
[K2- 우리 동네 택배 아저씨|2024] 1페이지까지 · 누적 52건 (요청 1350회)
[K2- 우리 동네 택배 아저씨|2025] 1페이지까지 · 누적 52건 (요청 1351회)
[K2- 우리 동네 택배 아저씨|2026] 1페이지까지 · 누적 52건 (요청 1352회)
[K2- 우주 괴물 슈팅 게임|2023] 1페이지까지 · 누적 52건 (요청 1353회)
[K2- 우주 괴물 슈팅 게임|2024] 1페이지까지 · 누적 52건 (요청 1354회)
[K2- 우주 괴물 슈팅 게임|2025] 1페이지까지 · 누적 52건 (요청 1355회)
[K2- 우주 괴물 슈팅 게임|2026] 1페이지까지 · 누적 52건 (요청 1356회)
[K2- 우주 탐험가 디코|2023] 1페이지까지 · 누적 52건 (요청 1357회)
[K2- 우주 탐험가 디코|2024] 1페이지까지 · 누적 52건 (요청 1358회)
[K2- 우주 탐험가 디코|2025] 1페이지까지 · 누적 52건 (요청 1359회)
[K2- 우주 탐험가 디코|2026] 1페이지까지 · 누적 52건 (요청 1360회)
[K2- 좋은 에너지 먹기|2023] 1페이지까지 · 누적 52건 (요청 1361회)
[K2- 좋은 에너지 먹기|2024] 1페이지까지 · 누적 52건 (요청 1362회)
[K2- 좋은 에너지 먹기|2025] 1페이지까지 · 누적 52건 (요청 1363회)
[K2- 좋은 에너지 먹기|2026] 1페이지까지 · 누적 52건 (요청 1364회)
[KIS-PTZ v1.0|2023] 1페이지까지 · 누적 52건 (요청 1365회)
[KIS-PTZ v1.0|2024] 1페이지까지 · 누적 52건 (요청 1366회)
[KIS-PTZ v1.0|2025] 1페이지까지 · 누적 52건 (요청 1367회)
[KIS-PTZ v1.0|2026] 1페이지까지 · 누적 52건 (요청 1368회)
[KIS-PZ120 v1.0|2023] 1페이지까지 · 누적 52건 (요청 1369회)
[KIS-PZ120 v1.0|2024] 1페이지까지 · 누적 52건 (요청 1370회)
[KIS-PZ120 v1.0|2025] 1페이지까지 · 누적 52건 (요청 1371회)
[KIS-PZ120 v1.0|2026] 1페이지까지 · 누적 52건 (요청 1372회)
[KIS-VR1010|2023] 1페이지까지 · 누적 52건 (요청 1373회)
[KIS-VR1010|2024] 1페이지까지 · 누적 52건 (요청 1374회)
[KIS-VR1010|2025] 1페이지까지 · 누적 52건 (요청 1375회)
[KIS-VR1010|2026] 1페이지까지 · 누적 52건 (요청 1376회)
[KISS|2023] 1페이지까지 · 누적 52건 (요청 1377회)
[KISS|2024] 1페이지까지 · 누적 52건 (요청 1378회)
[KISS|2025] 1페이지까지 · 누적 52건 (요청 1379회)
[KISS|2026] 1페이지까지 · 누적 52건 (요청 1380회)
[KISVR-FE|2023] 1페이지까지 · 누적 52건 (요청 1381회)
[KISVR-FE|2024] 1페이지까지 · 누적 52건 (요청 1382회)
[KISVR-FE|2025] 1페이지까지 · 누적 52건 (요청 1383회)
[KISVR-FE|2026] 1페이지까지 · 누적 52건 (요청 1384회)
[KISVR-TV|2023] 1페이지까지 · 누적 52건 (요청 1385회)
[KISVR-TV|2024] 1페이지까지 · 누적 52건 (요청 1386회)
[KISVR-TV|2025] 1페이지까지 · 누적 52건 (요청 1387회)
[KISVR-TV|2026] 1페이지까지 · 누적 52건 (요청 1388회)
[KOISTUDY|2023] 1페이지까지 · 누적 52건 (요청 1389회)
[KOISTUDY|2024] 1페이지까지 · 누적 52건 (요청 1390회)
[KOISTUDY|2025] 1페이지까지 · 누적 52건 (요청 1391회)
[KOISTUDY|2026] 1페이지까지 · 누적 52건 (요청 1392회)
[KREDI 독서능력진단검사|2023] 1페이지까지 · 누적 52건 (요청 1393회)
[KREDI 독서능력진단검사|2024] 1페이지까지 · 누적 52건 (요청 1394회)
[KREDI 독서능력진단검사|2025] 1페이지까지 · 누적 52건 (요청 1395회)
[KREDI 독서능력진단검사|2026] 1페이지까지 · 누적 52건 (요청 1396회)
[KRpia|2023] 1페이지까지 · 누적 52건 (요청 1397회)
[KRpia|2024] 1페이지까지 · 누적 52건 (요청 1398회)
[KRpia|2025] 1페이지까지 · 누적 52건 (요청 1399회)
[KRpia|2026] 1페이지까지 · 누적 52건 (요청 1400회)
[KSD300 조립드론|2023] 1페이지까지 · 누적 52건 (요청 1401회)
[KSD300 조립드론|2024] 1페이지까지 · 누적 52건 (요청 1402회)
[KSD300 조립드론|2025] 1페이지까지 · 누적 52건 (요청 1403회)
[KSD300 조립드론|2026] 1페이지까지 · 누적 52건 (요청 1404회)
[KT AI Codiny|2023] 1페이지까지 · 누적 52건 (요청 1405회)
[KT AI Codiny|2024] 1페이지까지 · 누적 52건 (요청 1406회)
[KT AI Codiny|2025] 1페이지까지 · 누적 52건 (요청 1407회)
[KT AI Codiny|2026] 1페이지까지 · 누적 52건 (요청 1408회)
[KT AI IoT 키트|2023] 1페이지까지 · 누적 52건 (요청 1409회)
[KT AI IoT 키트|2024] 1페이지까지 · 누적 52건 (요청 1410회)
[KT AI IoT 키트|2025] 1페이지까지 · 누적 52건 (요청 1411회)
[KT AI IoT 키트|2026] 1페이지까지 · 누적 52건 (요청 1412회)
[KT AI Studio|2023] 1페이지까지 · 누적 52건 (요청 1413회)
[KT AI Studio|2024] 1페이지까지 · 누적 52건 (요청 1414회)
[KT AI Studio|2025] 1페이지까지 · 누적 52건 (요청 1415회)
[KT AI Studio|2026] 1페이지까지 · 누적 52건 (요청 1416회)
[KT AI 코디니|2023] 1페이지까지 · 누적 52건 (요청 1417회)
[KT AI 코디니|2024] 1페이지까지 · 누적 52건 (요청 1418회)
[KT AI 코디니|2025] 1페이지까지 · 누적 52건 (요청 1419회)
[KT AI 코디니|2026] 1페이지까지 · 누적 52건 (요청 1420회)
[KT 비즈메카EZ|2023] 1페이지까지 · 누적 52건 (요청 1421회)
[KT 비즈메카EZ|2024] 1페이지까지 · 누적 52건 (요청 1422회)
[KT 비즈메카EZ|2025] 1페이지까지 · 누적 52건 (요청 1423회)
[KT 비즈메카EZ|2026] 1페이지까지 · 누적 52건 (요청 1424회)
[Kialo Edu|2023] 1페이지까지 · 누적 52건 (요청 1425회)
[Kialo Edu|2024] 1페이지까지 · 누적 52건 (요청 1426회)
[Kialo Edu|2025] 1페이지까지 · 누적 52건 (요청 1427회)
[Kialo Edu|2026] 1페이지까지 · 누적 52건 (요청 1428회)
[LAT 생활적응검사|2023] 1페이지까지 · 누적 52건 (요청 1429회)
[LAT 생활적응검사|2024] 1페이지까지 · 누적 52건 (요청 1430회)
[LAT 생활적응검사|2025] 1페이지까지 · 누적 52건 (요청 1431회)
[LAT 생활적응검사|2026] 1페이지까지 · 누적 52건 (요청 1432회)
[LCSI 성격검사|2023] 1페이지까지 · 누적 52건 (요청 1433회)
[LCSI 성격검사|2024] 1페이지까지 · 누적 52건 (요청 1434회)
[LCSI 성격검사|2025] 1페이지까지 · 누적 52건 (요청 1435회)
[LCSI 성격검사|2026] 1페이지까지 · 누적 52건 (요청 1436회)
[LCT 학습역량검사|2023] 1페이지까지 · 누적 52건 (요청 1437회)
[LCT 학습역량검사|2024] 1페이지까지 · 누적 52건 (요청 1438회)
[LCT 학습역량검사|2025] 1페이지까지 · 누적 52건 (요청 1439회)
[LCT 학습역량검사|2026] 1페이지까지 · 누적 52건 (요청 1440회)
[LED 조명액자 키트|2023] 1페이지까지 · 누적 52건 (요청 1441회)
[LED 조명액자 키트|2024] 1페이지까지 · 누적 52건 (요청 1442회)
[LED 조명액자 키트|2025] 1페이지까지 · 누적 52건 (요청 1443회)
[LED 조명액자 키트|2026] 1페이지까지 · 누적 52건 (요청 1444회)
[LITHO MASKLESS|2023] 1페이지까지 · 누적 52건 (요청 1445회)
[LITHO MASKLESS|2024] 1페이지까지 · 누적 52건 (요청 1446회)
[LITHO MASKLESS|2025] 1페이지까지 · 누적 52건 (요청 1447회)
[LITHO MASKLESS|2026] 1페이지까지 · 누적 52건 (요청 1448회)
[Learn X|2023] 1페이지까지 · 누적 52건 (요청 1449회)
[Learn X|2024] 1페이지까지 · 누적 52건 (요청 1450회)
[Learn X|2025] 1페이지까지 · 누적 52건 (요청 1451회)
[Learn X|2026] 1페이지까지 · 누적 52건 (요청 1452회)
[LearningLemur|2023] 1페이지까지 · 누적 52건 (요청 1453회)
[LearningLemur|2024] 1페이지까지 · 누적 52건 (요청 1454회)
[LearningLemur|2025] 1페이지까지 · 누적 52건 (요청 1455회)
[LearningLemur|2026] 1페이지까지 · 누적 52건 (요청 1456회)
[LingoClip|2023] 1페이지까지 · 누적 52건 (요청 1457회)
[LingoClip|2024] 1페이지까지 · 누적 52건 (요청 1458회)
[LingoClip|2025] 1페이지까지 · 누적 52건 (요청 1459회)
[LingoClip|2026] 1페이지까지 · 누적 52건 (요청 1460회)
[LiveWorksheets|2023] 1페이지까지 · 누적 52건 (요청 1461회)
[LiveWorksheets|2024] 1페이지까지 · 누적 52건 (요청 1462회)
[LiveWorksheets|2025] 1페이지까지 · 누적 52건 (요청 1463회)
[LiveWorksheets|2026] 1페이지까지 · 누적 52건 (요청 1464회)
[Logger Pro™ 3|2023] 1페이지까지 · 누적 52건 (요청 1465회)
[Logger Pro™ 3|2024] 1페이지까지 · 누적 52건 (요청 1466회)
[Logger Pro™ 3|2025] 1페이지까지 · 누적 52건 (요청 1467회)
[Logger Pro™ 3|2026] 1페이지까지 · 누적 52건 (요청 1468회)
[LoiLoNote School|2023] 1페이지까지 · 누적 52건 (요청 1469회)
[LoiLoNote School|2024] 1페이지까지 · 누적 52건 (요청 1470회)
[LoiLoNote School|2025] 1페이지까지 · 누적 52건 (요청 1471회)
[LoiLoNote School|2026] 1페이지까지 · 누적 52건 (요청 1472회)
[LoroTOPIK|2023] 1페이지까지 · 누적 52건 (요청 1473회)
[LoroTOPIK|2024] 1페이지까지 · 누적 52건 (요청 1474회)
[LoroTOPIK|2025] 1페이지까지 · 누적 52건 (요청 1475회)
[LoroTOPIK|2026] 1페이지까지 · 누적 52건 (요청 1476회)
[Lyrics Into Song AI|2023] 1페이지까지 · 누적 52건 (요청 1477회)
[Lyrics Into Song AI|2024] 1페이지까지 · 누적 52건 (요청 1478회)
[Lyrics Into Song AI|2025] 1페이지까지 · 누적 52건 (요청 1479회)
[Lyrics Into Song AI|2026] 1페이지까지 · 누적 52건 (요청 1480회)
[LyricsTraining|2023] 1페이지까지 · 누적 52건 (요청 1481회)
[LyricsTraining|2024] 1페이지까지 · 누적 52건 (요청 1482회)
[LyricsTraining|2025] 1페이지까지 · 누적 52건 (요청 1483회)
[LyricsTraining|2026] 1페이지까지 · 누적 52건 (요청 1484회)
[M-AI 과학|2023] 1페이지까지 · 누적 52건 (요청 1485회)
[M-AI 과학|2024] 1페이지까지 · 누적 52건 (요청 1486회)
[M-AI 과학|2025] 1페이지까지 · 누적 52건 (요청 1487회)
[M-AI 과학|2026] 1페이지까지 · 누적 52건 (요청 1488회)
[M-AI 코딩|2023] 1페이지까지 · 누적 52건 (요청 1489회)
[M-AI 코딩|2024] 1페이지까지 · 누적 52건 (요청 1490회)
[M-AI 코딩|2025] 1페이지까지 · 누적 52건 (요청 1491회)
[M-AI 코딩|2026] 1페이지까지 · 누적 52건 (요청 1492회)
[M-AI 파이썬코딩|2023] 1페이지까지 · 누적 52건 (요청 1493회)
[M-AI 파이썬코딩|2024] 1페이지까지 · 누적 52건 (요청 1494회)
[M-AI 파이썬코딩|2025] 1페이지까지 · 누적 52건 (요청 1495회)
[M-AI 파이썬코딩|2026] 1페이지까지 · 누적 52건 (요청 1496회)
[M-AI 학습플랫폼|2023] 1페이지까지 · 누적 52건 (요청 1497회)
[M-AI 학습플랫폼|2024] 1페이지까지 · 누적 52건 (요청 1498회)
[M-AI 학습플랫폼|2025] 1페이지까지 · 누적 52건 (요청 1499회)
[M-AI 학습플랫폼|2026] 1페이지까지 · 누적 52건 (요청 1500회)
[MARU|2023] 1페이지까지 · 누적 52건 (요청 1501회)
[MARU|2024] 1페이지까지 · 누적 52건 (요청 1502회)
[MARU|2025] 1페이지까지 · 누적 52건 (요청 1503회)
[MARU|2026] 1페이지까지 · 누적 52건 (요청 1504회)
[MECA|2023] 1페이지까지 · 누적 52건 (요청 1505회)
[MECA|2024] 1페이지까지 · 누적 52건 (요청 1506회)
[MECA|2025] 1페이지까지 · 누적 52건 (요청 1507회)
[MECA|2026] 1페이지까지 · 누적 52건 (요청 1508회)
[MET 계열탐색검사|2023] 1페이지까지 · 누적 52건 (요청 1509회)
[MET 계열탐색검사|2024] 1페이지까지 · 누적 52건 (요청 1510회)
[MET 계열탐색검사|2025] 1페이지까지 · 누적 52건 (요청 1511회)
[MET 계열탐색검사|2026] 1페이지까지 · 누적 52건 (요청 1512회)
[METAWARE Edu School|2023] 1페이지까지 · 누적 52건 (요청 1513회)
[METAWARE Edu School|2024] 1페이지까지 · 누적 52건 (요청 1514회)
[METAWARE Edu School|2025] 1페이지까지 · 누적 52건 (요청 1515회)
[METAWARE Edu School|2026] 1페이지까지 · 누적 52건 (요청 1516회)
[MMS 마이미션스튜디오|2023] 1페이지까지 · 누적 52건 (요청 1517회)
[MMS 마이미션스튜디오|2024] 1페이지까지 · 누적 52건 (요청 1518회)
[MMS 마이미션스튜디오|2025] 1페이지까지 · 누적 52건 (요청 1519회)
[MMS 마이미션스튜디오|2026] 1페이지까지 · 누적 52건 (요청 1520회)
[MODI PLANET|2023] 1페이지까지 · 누적 52건 (요청 1521회)
[MODI PLANET|2024] 1페이지까지 · 누적 52건 (요청 1522회)
[MODI PLANET|2025] 1페이지까지 · 누적 52건 (요청 1523회)
[MODI PLANET|2026] 1페이지까지 · 누적 52건 (요청 1524회)
[MR Configurator2|2023] 1페이지까지 · 누적 52건 (요청 1525회)
[MR Configurator2|2024] 1페이지까지 · 누적 52건 (요청 1526회)
[MR Configurator2|2025] 1페이지까지 · 누적 52건 (요청 1527회)
[MR Configurator2|2026] 1페이지까지 · 누적 52건 (요청 1528회)
[MS.CBT|2023] 1페이지까지 · 누적 52건 (요청 1529회)
[MS.CBT|2024] 1페이지까지 · 누적 52건 (요청 1530회)
[MS.CBT|2025] 1페이지까지 · 누적 52건 (요청 1531회)
[MS.CBT|2026] 1페이지까지 · 누적 52건 (요청 1532회)
[MS.OLP|2023] 1페이지까지 · 누적 52건 (요청 1533회)
[MS.OLP|2024] 1페이지까지 · 누적 52건 (요청 1534회)
[MS.OLP|2025] 1페이지까지 · 누적 52건 (요청 1535회)
[MS.OLP|2026] 1페이지까지 · 누적 52건 (요청 1536회)
[MS.SIM|2023] 1페이지까지 · 누적 52건 (요청 1537회)
[MS.SIM|2024] 1페이지까지 · 누적 52건 (요청 1538회)
[MS.SIM|2025] 1페이지까지 · 누적 52건 (요청 1539회)
[MS.SIM|2026] 1페이지까지 · 누적 52건 (요청 1540회)
[MS.SMT|2023] 1페이지까지 · 누적 52건 (요청 1541회)
[MS.SMT|2024] 1페이지까지 · 누적 52건 (요청 1542회)
[MS.SMT|2025] 1페이지까지 · 누적 52건 (요청 1543회)
[MS.SMT|2026] 1페이지까지 · 누적 52건 (요청 1544회)
[MagicSchool|2023] 1페이지까지 · 누적 52건 (요청 1545회)
[MagicSchool|2024] 1페이지까지 · 누적 52건 (요청 1546회)
[MagicSchool|2025] 1페이지까지 · 누적 52건 (요청 1547회)
[MagicSchool|2026] 1페이지까지 · 누적 52건 (요청 1548회)
[Mai-22AI|2023] 1페이지까지 · 누적 52건 (요청 1549회)
[Mai-22AI|2024] 1페이지까지 · 누적 52건 (요청 1550회)
[Mai-22AI|2025] 1페이지까지 · 누적 52건 (요청 1551회)
[Mai-22AI|2026] 1페이지까지 · 누적 52건 (요청 1552회)
[Mai-22AIW|2023] 1페이지까지 · 누적 52건 (요청 1553회)
[Mai-22AIW|2024] 1페이지까지 · 누적 52건 (요청 1554회)
[Mai-22AIW|2025] 1페이지까지 · 누적 52건 (요청 1555회)
[Mai-22AIW|2026] 1페이지까지 · 누적 52건 (요청 1556회)
[Mai-22AIWR|2023] 1페이지까지 · 누적 52건 (요청 1557회)
[Mai-22AIWR|2024] 1페이지까지 · 누적 52건 (요청 1558회)
[Mai-22AIWR|2025] 1페이지까지 · 누적 52건 (요청 1559회)
[Mai-22AIWR|2026] 1페이지까지 · 누적 52건 (요청 1560회)
[Mai-22AIWS|2023] 1페이지까지 · 누적 52건 (요청 1561회)
[Mai-22AIWS|2024] 1페이지까지 · 누적 52건 (요청 1562회)
[Mai-22AIWS|2025] 1페이지까지 · 누적 52건 (요청 1563회)
[Mai-22AIWS|2026] 1페이지까지 · 누적 52건 (요청 1564회)
[Mai-22DW|2023] 1페이지까지 · 누적 52건 (요청 1565회)
[Mai-22DW|2024] 1페이지까지 · 누적 52건 (요청 1566회)
[Mai-22DW|2025] 1페이지까지 · 누적 52건 (요청 1567회)
[Mai-22DW|2026] 1페이지까지 · 누적 52건 (요청 1568회)
[Mai-22DWA|2023] 1페이지까지 · 누적 52건 (요청 1569회)
[Mai-22DWA|2024] 1페이지까지 · 누적 52건 (요청 1570회)
[Mai-22DWA|2025] 1페이지까지 · 누적 52건 (요청 1571회)
[Mai-22DWA|2026] 1페이지까지 · 누적 52건 (요청 1572회)
[Mai-22STA|2023] 1페이지까지 · 누적 52건 (요청 1573회)
[Mai-22STA|2024] 1페이지까지 · 누적 52건 (요청 1574회)
[Mai-22STA|2025] 1페이지까지 · 누적 52건 (요청 1575회)
[Mai-22STA|2026] 1페이지까지 · 누적 52건 (요청 1576회)
[Mai-270SP|2023] 1페이지까지 · 누적 52건 (요청 1577회)
[Mai-270SP|2024] 1페이지까지 · 누적 52건 (요청 1578회)
[Mai-270SP|2025] 1페이지까지 · 누적 52건 (요청 1579회)
[Mai-270SP|2026] 1페이지까지 · 누적 52건 (요청 1580회)
[Mai-Hyper 86E|2023] 1페이지까지 · 누적 52건 (요청 1581회)
[Mai-Hyper 86E|2024] 1페이지까지 · 누적 52건 (요청 1582회)
[Mai-Hyper 86E|2025] 1페이지까지 · 누적 52건 (요청 1583회)
[Mai-Hyper 86E|2026] 1페이지까지 · 누적 52건 (요청 1584회)
[Mai-Hyper 86QC|2023] 1페이지까지 · 누적 52건 (요청 1585회)
[Mai-Hyper 86QC|2024] 1페이지까지 · 누적 52건 (요청 1586회)
[Mai-Hyper 86QC|2025] 1페이지까지 · 누적 52건 (요청 1587회)
[Mai-Hyper 86QC|2026] 1페이지까지 · 누적 52건 (요청 1588회)
[Mai-Phoenix 75A|2023] 1페이지까지 · 누적 52건 (요청 1589회)
[Mai-Phoenix 75A|2024] 1페이지까지 · 누적 52건 (요청 1590회)
[Mai-Phoenix 75A|2025] 1페이지까지 · 누적 52건 (요청 1591회)
[Mai-Phoenix 75A|2026] 1페이지까지 · 누적 52건 (요청 1592회)
[Mai-Phoenix 75B|2023] 1페이지까지 · 누적 52건 (요청 1593회)
[Mai-Phoenix 75B|2024] 1페이지까지 · 누적 52건 (요청 1594회)
[Mai-Phoenix 75B|2025] 1페이지까지 · 누적 52건 (요청 1595회)
[Mai-Phoenix 75B|2026] 1페이지까지 · 누적 52건 (요청 1596회)
[Mai-Phoenix 86A|2023] 1페이지까지 · 누적 52건 (요청 1597회)
[Mai-Phoenix 86A|2024] 1페이지까지 · 누적 52건 (요청 1598회)
[Mai-Phoenix 86A|2025] 1페이지까지 · 누적 52건 (요청 1599회)
[Mai-Phoenix 86A|2026] 1페이지까지 · 누적 52건 (요청 1600회)
[Mai-Phoenix 86B|2023] 1페이지까지 · 누적 52건 (요청 1601회)
[Mai-Phoenix 86B|2024] 1페이지까지 · 누적 52건 (요청 1602회)
[Mai-Phoenix 86B|2025] 1페이지까지 · 누적 52건 (요청 1603회)
[Mai-Phoenix 86B|2026] 1페이지까지 · 누적 52건 (요청 1604회)
[Mai-Phoenix 86C|2023] 1페이지까지 · 누적 52건 (요청 1605회)
[Mai-Phoenix 86C|2024] 1페이지까지 · 누적 52건 (요청 1606회)
[Mai-Phoenix 86C|2025] 1페이지까지 · 누적 52건 (요청 1607회)
[Mai-Phoenix 86C|2026] 1페이지까지 · 누적 52건 (요청 1608회)
[Mai-Phoenix 86D|2023] 1페이지까지 · 누적 52건 (요청 1609회)
[Mai-Phoenix 86D|2024] 1페이지까지 · 누적 52건 (요청 1610회)
[Mai-Phoenix 86D|2025] 1페이지까지 · 누적 52건 (요청 1611회)
[Mai-Phoenix 86D|2026] 1페이지까지 · 누적 52건 (요청 1612회)
[Mai-Phoenix 86E|2023] 1페이지까지 · 누적 52건 (요청 1613회)
[Mai-Phoenix 86E|2024] 1페이지까지 · 누적 52건 (요청 1614회)
[Mai-Phoenix 86E|2025] 1페이지까지 · 누적 52건 (요청 1615회)
[Mai-Phoenix 86E|2026] 1페이지까지 · 누적 52건 (요청 1616회)
[MakerCase|2023] 1페이지까지 · 누적 52건 (요청 1617회)
[MakerCase|2024] 1페이지까지 · 누적 52건 (요청 1618회)
[MakerCase|2025] 1페이지까지 · 누적 52건 (요청 1619회)
[MakerCase|2026] 1페이지까지 · 누적 52건 (요청 1620회)
[Makers지능형과학VR|2023] 1페이지까지 · 누적 52건 (요청 1621회)
[Makers지능형과학VR|2024] 1페이지까지 · 누적 52건 (요청 1622회)
[Makers지능형과학VR|2025] 1페이지까지 · 누적 52건 (요청 1623회)
[Makers지능형과학VR|2026] 1페이지까지 · 누적 52건 (요청 1624회)
[ManageBac+|2023] 1페이지까지 · 누적 52건 (요청 1625회)
[ManageBac+|2024] 1페이지까지 · 누적 52건 (요청 1626회)
[ManageBac+|2025] 1페이지까지 · 누적 52건 (요청 1627회)
[ManageBac+|2026] 1페이지까지 · 누적 52건 (요청 1628회)
[Math Alive|2023] 1페이지까지 · 누적 52건 (요청 1629회)
[Math Alive|2024] 1페이지까지 · 누적 52건 (요청 1630회)
[Math Alive|2025] 1페이지까지 · 누적 52건 (요청 1631회)
[Math Alive|2026] 1페이지까지 · 누적 52건 (요청 1632회)
[Math in Math|2023] 1페이지까지 · 누적 52건 (요청 1633회)
[Math in Math|2024] 1페이지까지 · 누적 52건 (요청 1634회)
[Math in Math|2025] 1페이지까지 · 누적 52건 (요청 1635회)
[Math in Math|2026] 1페이지까지 · 누적 52건 (요청 1636회)
[Math41|2023] 1페이지까지 · 누적 52건 (요청 1637회)
[Math41|2024] 1페이지까지 · 누적 52건 (요청 1638회)
[Math41|2025] 1페이지까지 · 누적 52건 (요청 1639회)
[Math41|2026] 1페이지까지 · 누적 52건 (요청 1640회)
[MathsPad|2023] 1페이지까지 · 누적 52건 (요청 1641회)
[MathsPad|2024] 1페이지까지 · 누적 52건 (요청 1642회)
[MathsPad|2025] 1페이지까지 · 누적 52건 (요청 1643회)
[MathsPad|2026] 1페이지까지 · 누적 52건 (요청 1644회)
[MazM 스튜디오|2023] 1페이지까지 · 누적 52건 (요청 1645회)
[MazM 스튜디오|2024] 1페이지까지 · 누적 52건 (요청 1646회)
[MazM 스튜디오|2025] 1페이지까지 · 누적 52건 (요청 1647회)
[MazM 스튜디오|2026] 1페이지까지 · 누적 52건 (요청 1648회)
[Mentor Online|2023] 1페이지까지 · 누적 52건 (요청 1649회)
[Mentor Online|2024] 1페이지까지 · 누적 52건 (요청 1650회)
[Mentor Online|2025] 1페이지까지 · 누적 52건 (요청 1651회)
[Mentor Online|2026] 1페이지까지 · 누적 52건 (요청 1652회)
[Merge|2023] 1페이지까지 · 누적 52건 (요청 1653회)
[Merge|2024] 1페이지까지 · 누적 52건 (요청 1654회)
[Merge|2025] 1페이지까지 · 누적 52건 (요청 1655회)
[Merge|2026] 1페이지까지 · 누적 52건 (요청 1656회)
[Meshy AI|2023] 1페이지까지 · 누적 52건 (요청 1657회)
[Meshy AI|2024] 1페이지까지 · 누적 52건 (요청 1658회)
[Meshy AI|2025] 1페이지까지 · 누적 52건 (요청 1659회)
[Meshy AI|2026] 1페이지까지 · 누적 52건 (요청 1660회)
[Microsoft 365|2023] 1페이지까지 · 누적 52건 (요청 1661회)
[Microsoft 365|2024] 1페이지까지 · 누적 52건 (요청 1662회)
[Microsoft 365|2025] 1페이지까지 · 누적 52건 (요청 1663회)
[Microsoft 365|2026] 1페이지까지 · 누적 52건 (요청 1664회)
[Movavi|2023] 1페이지까지 · 누적 52건 (요청 1665회)
[Movavi|2024] 1페이지까지 · 누적 52건 (요청 1666회)
[Movavi|2025] 1페이지까지 · 누적 52건 (요청 1667회)
[Movavi|2026] 1페이지까지 · 누적 52건 (요청 1668회)
[Music Box Maniacs|2023] 1페이지까지 · 누적 52건 (요청 1669회)
[Music Box Maniacs|2024] 1페이지까지 · 누적 52건 (요청 1670회)
[Music Box Maniacs|2025] 1페이지까지 · 누적 52건 (요청 1671회)
[Music Box Maniacs|2026] 1페이지까지 · 누적 52건 (요청 1672회)
[MyOpenMath|2023] 1페이지까지 · 누적 52건 (요청 1673회)
[MyOpenMath|2024] 1페이지까지 · 누적 52건 (요청 1674회)
[MyOpenMath|2025] 1페이지까지 · 누적 52건 (요청 1675회)
[MyOpenMath|2026] 1페이지까지 · 누적 52건 (요청 1676회)
[Mystery Science|2023] 1페이지까지 · 누적 52건 (요청 1677회)
[Mystery Science|2024] 1페이지까지 · 누적 52건 (요청 1678회)
[Mystery Science|2025] 1페이지까지 · 누적 52건 (요청 1679회)
[Mystery Science|2026] 1페이지까지 · 누적 52건 (요청 1680회)
[N.A.V.I|2023] 1페이지까지 · 누적 52건 (요청 1681회)
[N.A.V.I|2024] 1페이지까지 · 누적 52건 (요청 1682회)
[N.A.V.I|2025] 1페이지까지 · 누적 52건 (요청 1683회)
[N.A.V.I|2026] 1페이지까지 · 누적 52건 (요청 1684회)
[NEW sPLUS|2023] 1페이지까지 · 누적 52건 (요청 1685회)
[NEW sPLUS|2024] 1페이지까지 · 누적 52건 (요청 1686회)
[NEW sPLUS|2025] 1페이지까지 · 누적 52건 (요청 1687회)
[NEW sPLUS|2026] 1페이지까지 · 누적 52건 (요청 1688회)
[NE_Times|2023] 1페이지까지 · 누적 52건 (요청 1689회)
[NE_Times|2024] 1페이지까지 · 누적 52건 (요청 1690회)
[NE_Times|2025] 1페이지까지 · 누적 52건 (요청 1691회)
[NE_Times|2026] 1페이지까지 · 누적 53건 (요청 1693회)
[NLG - 넘버렛츠고|2023] 1페이지까지 · 누적 53건 (요청 1694회)
[NLG - 넘버렛츠고|2024] 1페이지까지 · 누적 53건 (요청 1695회)
[NLG - 넘버렛츠고|2025] 1페이지까지 · 누적 53건 (요청 1696회)
[NLG - 넘버렛츠고|2026] 1페이지까지 · 누적 53건 (요청 1697회)
[Net-Class 9.0 / 넷클래스 9.0|2023] 1페이지까지 · 누적 53건 (요청 1698회)
[Net-Class 9.0 / 넷클래스 9.0|2024] 1페이지까지 · 누적 53건 (요청 1699회)
[Net-Class 9.0 / 넷클래스 9.0|2025] 1페이지까지 · 누적 53건 (요청 1700회)
[Net-Class 9.0 / 넷클래스 9.0|2026] 1페이지까지 · 누적 53건 (요청 1701회)
[New_아이온|2023] 1페이지까지 · 누적 53건 (요청 1702회)
[New_아이온|2024] 1페이지까지 · 누적 53건 (요청 1703회)
[New_아이온|2025] 1페이지까지 · 누적 53건 (요청 1704회)
[New_아이온|2026] 1페이지까지 · 누적 53건 (요청 1705회)
[Newsela, Newsela LITE|2023] 1페이지까지 · 누적 53건 (요청 1706회)
[Newsela, Newsela LITE|2024] 1페이지까지 · 누적 53건 (요청 1707회)
[Newsela, Newsela LITE|2025] 1페이지까지 · 누적 53건 (요청 1708회)
[Newsela, Newsela LITE|2026] 1페이지까지 · 누적 53건 (요청 1709회)
[NoRedInk|2023] 1페이지까지 · 누적 53건 (요청 1710회)
[NoRedInk|2024] 1페이지까지 · 누적 53건 (요청 1711회)
[NoRedInk|2025] 1페이지까지 · 누적 53건 (요청 1712회)
[NoRedInk|2026] 1페이지까지 · 누적 53건 (요청 1713회)
[Nomad Sculpt|2023] 1페이지까지 · 누적 53건 (요청 1714회)
[Nomad Sculpt|2024] 1페이지까지 · 누적 53건 (요청 1715회)
[Nomad Sculpt|2025] 1페이지까지 · 누적 53건 (요청 1716회)
[Nomad Sculpt|2026] 1페이지까지 · 누적 53건 (요청 1717회)
[OCT 직무역량검사|2023] 1페이지까지 · 누적 53건 (요청 1718회)
[OCT 직무역량검사|2024] 1페이지까지 · 누적 53건 (요청 1719회)
[OCT 직무역량검사|2025] 1페이지까지 · 누적 53건 (요청 1720회)
[OCT 직무역량검사|2026] 1페이지까지 · 누적 53건 (요청 1721회)
[OK증명알리아스|2023] 1페이지까지 · 누적 53건 (요청 1722회)
[OK증명알리아스|2024] 1페이지까지 · 누적 53건 (요청 1723회)
[OK증명알리아스|2025] 1페이지까지 · 누적 53건 (요청 1724회)
[OK증명알리아스|2026] 1페이지까지 · 누적 53건 (요청 1725회)
[OSUN 4.0|2023] 1페이지까지 · 누적 53건 (요청 1726회)
[OSUN 4.0|2024] 1페이지까지 · 누적 53건 (요청 1727회)
[OSUN 4.0|2025] 1페이지까지 · 누적 53건 (요청 1728회)
[OSUN 4.0|2026] 1페이지까지 · 누적 53건 (요청 1729회)
[OrCAD|2023] 1페이지까지 · 누적 53건 (요청 1730회)
[OrCAD|2024] 1페이지까지 · 누적 53건 (요청 1731회)
[OrCAD|2025] 1페이지까지 · 누적 53건 (요청 1732회)
[OrCAD|2026] 1페이지까지 · 누적 53건 (요청 1733회)
[Oxford Discover|2023] 1페이지까지 · 누적 53건 (요청 1734회)
[Oxford Discover|2024] 1페이지까지 · 누적 53건 (요청 1735회)
[Oxford Discover|2025] 1페이지까지 · 누적 53건 (요청 1736회)
[Oxford Discover|2026] 1페이지까지 · 누적 53건 (요청 1737회)
[PCT 인성역량검사|2023] 1페이지까지 · 누적 53건 (요청 1738회)
[PCT 인성역량검사|2024] 1페이지까지 · 누적 53건 (요청 1739회)
[PCT 인성역량검사|2025] 1페이지까지 · 누적 53건 (요청 1740회)
[PCT 인성역량검사|2026] 1페이지까지 · 누적 53건 (요청 1741회)
[PI Class|2023] 1페이지까지 · 누적 53건 (요청 1742회)
[PI Class|2024] 1페이지까지 · 누적 53건 (요청 1743회)
[PI Class|2025] 1페이지까지 · 누적 53건 (요청 1744회)
[PI Class|2026] 1페이지까지 · 누적 53건 (요청 1745회)
[PI Class 파이클래스|2023] 1페이지까지 · 누적 53건 (요청 1746회)
[PI Class 파이클래스|2024] 1페이지까지 · 누적 53건 (요청 1747회)
[PI Class 파이클래스|2025] 1페이지까지 · 누적 53건 (요청 1748회)
[PI Class 파이클래스|2026] 1페이지까지 · 누적 53건 (요청 1749회)
[PLAGE|2023] 1페이지까지 · 누적 53건 (요청 1750회)
[PLAGE|2024] 1페이지까지 · 누적 53건 (요청 1751회)
[PLAGE|2025] 1페이지까지 · 누적 53건 (요청 1752회)
[PLAGE|2026] 1페이지까지 · 누적 53건 (요청 1753회)
[PST 성격강점검사|2023] 1페이지까지 · 누적 53건 (요청 1754회)
[PST 성격강점검사|2024] 1페이지까지 · 누적 53건 (요청 1755회)
[PST 성격강점검사|2025] 1페이지까지 · 누적 53건 (요청 1756회)
[PST 성격강점검사|2026] 1페이지까지 · 누적 53건 (요청 1757회)
[PTGui|2023] 1페이지까지 · 누적 53건 (요청 1758회)
[PTGui|2024] 1페이지까지 · 누적 53건 (요청 1759회)
[PTGui|2025] 1페이지까지 · 누적 53건 (요청 1760회)
[PTGui|2026] 1페이지까지 · 누적 53건 (요청 1761회)
[Padlet Platinum Annual|2023] 1페이지까지 · 누적 53건 (요청 1762회)
[Padlet Platinum Annual|2024] 1페이지까지 · 누적 53건 (요청 1763회)
[Padlet Platinum Annual|2025] 1페이지까지 · 누적 53건 (요청 1764회)
[Padlet Platinum Annual|2026] 1페이지까지 · 누적 53건 (요청 1765회)
[Padlet for Schools|2023] 1페이지까지 · 누적 53건 (요청 1766회)
[Padlet for Schools|2024] 1페이지까지 · 누적 53건 (요청 1767회)
[Padlet for Schools|2025] 1페이지까지 · 누적 53건 (요청 1768회)
[Padlet for Schools|2026] 1페이지까지 · 누적 53건 (요청 1769회)
[PageBuilder|2023] 1페이지까지 · 누적 53건 (요청 1770회)
[PageBuilder|2024] 1페이지까지 · 누적 53건 (요청 1771회)
[PageBuilder|2025] 1페이지까지 · 누적 53건 (요청 1772회)
[PageBuilder|2026] 1페이지까지 · 누적 53건 (요청 1773회)
[Pentalk Pro|2023] 1페이지까지 · 누적 53건 (요청 1774회)
[Pentalk Pro|2024] 1페이지까지 · 누적 53건 (요청 1775회)
[Pentalk Pro|2025] 1페이지까지 · 누적 53건 (요청 1776회)
[Pentalk Pro|2026] 1페이지까지 · 누적 53건 (요청 1777회)
[Pentalk_PBL_PRO|2023] 1페이지까지 · 누적 53건 (요청 1778회)
[Pentalk_PBL_PRO|2024] 1페이지까지 · 누적 53건 (요청 1779회)
[Pentalk_PBL_PRO|2025] 1페이지까지 · 누적 53건 (요청 1780회)
[Pentalk_PBL_PRO|2026] 1페이지까지 · 누적 53건 (요청 1781회)
[Pentalk_PBL_STD|2023] 1페이지까지 · 누적 53건 (요청 1782회)
[Pentalk_PBL_STD|2024] 1페이지까지 · 누적 53건 (요청 1783회)
[Pentalk_PBL_STD|2025] 1페이지까지 · 누적 53건 (요청 1784회)
[Pentalk_PBL_STD|2026] 1페이지까지 · 누적 53건 (요청 1785회)
[Pentalk_PRO_DP4|2023] 1페이지까지 · 누적 53건 (요청 1786회)
[Pentalk_PRO_DP4|2024] 1페이지까지 · 누적 53건 (요청 1787회)
[Pentalk_PRO_DP4|2025] 1페이지까지 · 누적 53건 (요청 1788회)
[Pentalk_PRO_DP4|2026] 1페이지까지 · 누적 53건 (요청 1789회)
[Pentalk_PRO_DP6|2023] 1페이지까지 · 누적 53건 (요청 1790회)
[Pentalk_PRO_DP6|2024] 1페이지까지 · 누적 53건 (요청 1791회)
[Pentalk_PRO_DP6|2025] 1페이지까지 · 누적 53건 (요청 1792회)
[Pentalk_PRO_DP6|2026] 1페이지까지 · 누적 53건 (요청 1793회)
[Pentalk_PRO_TC1|2023] 1페이지까지 · 누적 53건 (요청 1794회)
[Pentalk_PRO_TC1|2024] 1페이지까지 · 누적 53건 (요청 1795회)
[Pentalk_PRO_TC1|2025] 1페이지까지 · 누적 53건 (요청 1796회)
[Pentalk_PRO_TC1|2026] 1페이지까지 · 누적 53건 (요청 1797회)
[Pentalk_PRO_TC4|2023] 1페이지까지 · 누적 53건 (요청 1798회)
[Pentalk_PRO_TC4|2024] 1페이지까지 · 누적 53건 (요청 1799회)
[Pentalk_PRO_TC4|2025] 1페이지까지 · 누적 53건 (요청 1800회)
[Pentalk_PRO_TC4|2026] 1페이지까지 · 누적 53건 (요청 1801회)
[Perso AI|2023] 1페이지까지 · 누적 53건 (요청 1802회)
[Perso AI|2024] 1페이지까지 · 누적 53건 (요청 1803회)
[Perso AI|2025] 1페이지까지 · 누적 53건 (요청 1804회)
[Perso AI|2026] 1페이지까지 · 누적 53건 (요청 1805회)
[Phedy Labs|2023] 1페이지까지 · 누적 53건 (요청 1806회)
[Phedy Labs|2024] 1페이지까지 · 누적 53건 (요청 1807회)
[Phedy Labs|2025] 1페이지까지 · 누적 53건 (요청 1808회)
[Phedy Labs|2026] 1페이지까지 · 누적 53건 (요청 1809회)
[Phonics and Stuff|2023] 1페이지까지 · 누적 53건 (요청 1810회)
[Phonics and Stuff|2024] 1페이지까지 · 누적 53건 (요청 1811회)
[Phonics and Stuff|2025] 1페이지까지 · 누적 54건 (요청 1813회)
[Phonics and Stuff|2026] 1페이지까지 · 누적 58건 (요청 1818회)
[Pio Play - 삐오 플레이|2023] 1페이지까지 · 누적 58건 (요청 1819회)
[Pio Play - 삐오 플레이|2024] 1페이지까지 · 누적 58건 (요청 1820회)
[Pio Play - 삐오 플레이|2025] 1페이지까지 · 누적 58건 (요청 1821회)
[Pio Play - 삐오 플레이|2026] 1페이지까지 · 누적 58건 (요청 1822회)
[Pivot Animator|2023] 1페이지까지 · 누적 58건 (요청 1823회)
[Pivot Animator|2024] 1페이지까지 · 누적 58건 (요청 1824회)
[Pivot Animator|2025] 1페이지까지 · 누적 58건 (요청 1825회)
[Pivot Animator|2026] 1페이지까지 · 누적 58건 (요청 1826회)
[Pixlr|2023] 1페이지까지 · 누적 58건 (요청 1827회)
[Pixlr|2024] 1페이지까지 · 누적 58건 (요청 1828회)
[Pixlr|2025] 1페이지까지 · 누적 58건 (요청 1829회)
[Pixlr|2026] 1페이지까지 · 누적 58건 (요청 1830회)
[Pixton|2023] 1페이지까지 · 누적 58건 (요청 1831회)
[Pixton|2024] 1페이지까지 · 누적 58건 (요청 1832회)
[Pixton|2025] 1페이지까지 · 누적 58건 (요청 1833회)
[Pixton|2026] 1페이지까지 · 누적 58건 (요청 1834회)
[PressReader|2023] 1페이지까지 · 누적 58건 (요청 1835회)
[PressReader|2024] 1페이지까지 · 누적 58건 (요청 1836회)
[PressReader|2025] 1페이지까지 · 누적 58건 (요청 1837회)
[PressReader|2026] 1페이지까지 · 누적 58건 (요청 1838회)
[Prezi|2023] 1페이지까지 · 누적 58건 (요청 1839회)
[Prezi|2024] 1페이지까지 · 누적 58건 (요청 1840회)
[Prezi|2025] 1페이지까지 · 누적 58건 (요청 1841회)
[Prezi|2026] 1페이지까지 · 누적 58건 (요청 1842회)
[Prodigy Game|2023] 1페이지까지 · 누적 58건 (요청 1843회)
[Prodigy Game|2024] 1페이지까지 · 누적 58건 (요청 1844회)
[Prodigy Game|2025] 1페이지까지 · 누적 58건 (요청 1845회)
[Prodigy Game|2026] 1페이지까지 · 누적 58건 (요청 1846회)
[Programiz|2023] 1페이지까지 · 누적 58건 (요청 1847회)
[Programiz|2024] 1페이지까지 · 누적 58건 (요청 1848회)
[Programiz|2025] 1페이지까지 · 누적 58건 (요청 1849회)
[Programiz|2026] 1페이지까지 · 누적 58건 (요청 1850회)
[Proteus Design Suite|2023] 1페이지까지 · 누적 58건 (요청 1851회)
[Proteus Design Suite|2024] 1페이지까지 · 누적 58건 (요청 1852회)
[Proteus Design Suite|2025] 1페이지까지 · 누적 58건 (요청 1853회)
[Proteus Design Suite|2026] 1페이지까지 · 누적 58건 (요청 1854회)
[ProtoPie|2023] 1페이지까지 · 누적 58건 (요청 1855회)
[ProtoPie|2024] 1페이지까지 · 누적 58건 (요청 1856회)
[ProtoPie|2025] 1페이지까지 · 누적 58건 (요청 1857회)
[ProtoPie|2026] 1페이지까지 · 누적 58건 (요청 1858회)
[PureRef|2023] 1페이지까지 · 누적 58건 (요청 1859회)
[PureRef|2024] 1페이지까지 · 누적 58건 (요청 1860회)
[PureRef|2025] 1페이지까지 · 누적 58건 (요청 1861회)
[PureRef|2026] 1페이지까지 · 누적 58건 (요청 1862회)
[Questi / 질문하마|2023] 1페이지까지 · 누적 58건 (요청 1863회)
[Questi / 질문하마|2024] 1페이지까지 · 누적 58건 (요청 1864회)
[Questi / 질문하마|2025] 1페이지까지 · 누적 58건 (요청 1865회)
[Questi / 질문하마|2026] 1페이지까지 · 누적 58건 (요청 1866회)
[Quik|2023] 1페이지까지 · 누적 58건 (요청 1867회)
[Quik|2024] 1페이지까지 · 누적 58건 (요청 1868회)
[Quik|2025] 1페이지까지 · 누적 58건 (요청 1869회)
[Quik|2026] 1페이지까지 · 누적 58건 (요청 1870회)
[Qupid AI / 중고등 AI 서비스|2023] 1페이지까지 · 누적 58건 (요청 1871회)
[Qupid AI / 중고등 AI 서비스|2024] 1페이지까지 · 누적 58건 (요청 1872회)
[Qupid AI / 중고등 AI 서비스|2025] 1페이지까지 · 누적 58건 (요청 1873회)
[Qupid AI / 중고등 AI 서비스|2026] 1페이지까지 · 누적 58건 (요청 1874회)
[R+ENGINEER|2023] 1페이지까지 · 누적 58건 (요청 1875회)
[R+ENGINEER|2024] 1페이지까지 · 누적 58건 (요청 1876회)
[R+ENGINEER|2025] 1페이지까지 · 누적 58건 (요청 1877회)
[R+ENGINEER|2026] 1페이지까지 · 누적 58건 (요청 1878회)
[R+TASK|2023] 1페이지까지 · 누적 58건 (요청 1879회)
[R+TASK|2024] 1페이지까지 · 누적 58건 (요청 1880회)
[R+TASK|2025] 1페이지까지 · 누적 58건 (요청 1881회)
[R+TASK|2026] 1페이지까지 · 누적 58건 (요청 1882회)
[ROS2 로봇SW 직접 만들고 코딩하자|2023] 1페이지까지 · 누적 58건 (요청 1883회)
[ROS2 로봇SW 직접 만들고 코딩하자|2024] 1페이지까지 · 누적 58건 (요청 1884회)
[ROS2 로봇SW 직접 만들고 코딩하자|2025] 1페이지까지 · 누적 58건 (요청 1885회)
[ROS2 로봇SW 직접 만들고 코딩하자|2026] 1페이지까지 · 누적 58건 (요청 1886회)
[RSPT|2023] 1페이지까지 · 누적 58건 (요청 1887회)
[RSPT|2024] 1페이지까지 · 누적 58건 (요청 1888회)
[RSPT|2025] 1페이지까지 · 누적 58건 (요청 1889회)
[RSPT|2026] 1페이지까지 · 누적 58건 (요청 1890회)
[RaccoonBot - 라쿤봇 조이스틱|2023] 1페이지까지 · 누적 58건 (요청 1891회)
[RaccoonBot - 라쿤봇 조이스틱|2024] 1페이지까지 · 누적 58건 (요청 1892회)
[RaccoonBot - 라쿤봇 조이스틱|2025] 1페이지까지 · 누적 58건 (요청 1893회)
[RaccoonBot - 라쿤봇 조이스틱|2026] 1페이지까지 · 누적 58건 (요청 1894회)
[Rakugaki AR|2023] 1페이지까지 · 누적 58건 (요청 1895회)
[Rakugaki AR|2024] 1페이지까지 · 누적 58건 (요청 1896회)
[Rakugaki AR|2025] 1페이지까지 · 누적 58건 (요청 1897회)
[Rakugaki AR|2026] 1페이지까지 · 누적 58건 (요청 1898회)
[Raspberry Pi|2023] 1페이지까지 · 누적 58건 (요청 1899회)
[Raspberry Pi|2024] 1페이지까지 · 누적 58건 (요청 1900회)
[Raspberry Pi|2025] 1페이지까지 · 누적 58건 (요청 1901회)
[Raspberry Pi|2026] 1페이지까지 · 누적 58건 (요청 1902회)
[ReadTheory|2023] 1페이지까지 · 누적 58건 (요청 1903회)
[ReadTheory|2024] 1페이지까지 · 누적 58건 (요청 1904회)
[ReadTheory|2025] 1페이지까지 · 누적 58건 (요청 1905회)
[ReadTheory|2026] 1페이지까지 · 누적 58건 (요청 1906회)
[Real PT|2023] 1페이지까지 · 누적 58건 (요청 1907회)
[Real PT|2024] 1페이지까지 · 누적 58건 (요청 1908회)
[Real PT|2025] 1페이지까지 · 누적 58건 (요청 1909회)
[Real PT|2026] 1페이지까지 · 누적 58건 (요청 1910회)
[Rodocodo|2023] 1페이지까지 · 누적 58건 (요청 1911회)
[Rodocodo|2024] 1페이지까지 · 누적 58건 (요청 1912회)
[Rodocodo|2025] 1페이지까지 · 누적 58건 (요청 1913회)
[Rodocodo|2026] 1페이지까지 · 누적 58건 (요청 1914회)
[Router 에뮬레이터|2023] 1페이지까지 · 누적 58건 (요청 1915회)
[Router 에뮬레이터|2024] 1페이지까지 · 누적 58건 (요청 1916회)
[Router 에뮬레이터|2025] 1페이지까지 · 누적 58건 (요청 1917회)
[Router 에뮬레이터|2026] 1페이지까지 · 누적 58건 (요청 1918회)
[SAP Learning Hub|2023] 1페이지까지 · 누적 58건 (요청 1919회)
[SAP Learning Hub|2024] 1페이지까지 · 누적 58건 (요청 1920회)
[SAP Learning Hub|2025] 1페이지까지 · 누적 58건 (요청 1921회)
[SAP Learning Hub|2026] 1페이지까지 · 누적 58건 (요청 1922회)
[SDP스쿨솔루션|2023] 1페이지까지 · 누적 58건 (요청 1923회)
[SDP스쿨솔루션|2024] 1페이지까지 · 누적 58건 (요청 1924회)
[SDP스쿨솔루션|2025] 1페이지까지 · 누적 58건 (요청 1925회)
[SDP스쿨솔루션|2026] 1페이지까지 · 누적 58건 (요청 1926회)
[SELUP|2023] 1페이지까지 · 누적 58건 (요청 1927회)
[SELUP|2024] 1페이지까지 · 누적 58건 (요청 1928회)
[SELUP|2025] 1페이지까지 · 누적 58건 (요청 1929회)
[SELUP|2026] 1페이지까지 · 누적 58건 (요청 1930회)
[SEN스쿨|2023] 1페이지까지 · 누적 58건 (요청 1931회)
[SEN스쿨|2024] 1페이지까지 · 누적 58건 (요청 1932회)
[SEN스쿨|2025] 1페이지까지 · 누적 58건 (요청 1933회)
[SEN스쿨|2026] 1페이지까지 · 누적 58건 (요청 1934회)
[SJCODE|2023] 1페이지까지 · 누적 58건 (요청 1935회)
[SJCODE|2024] 1페이지까지 · 누적 58건 (요청 1936회)
[SJCODE|2025] 1페이지까지 · 누적 58건 (요청 1937회)
[SJCODE|2026] 1페이지까지 · 누적 58건 (요청 1938회)
[SMART|2023] 1페이지까지 · 누적 59건 (요청 1940회)
[SMART|2024] 1페이지까지 · 누적 62건 (요청 1944회)
[SMART|2025] 1페이지까지 · 누적 74건 (요청 1957회)
[SMART|2026] 1페이지까지 · 누적 81건 (요청 1965회)
[SMART EDU|2023] 1페이지까지 · 누적 81건 (요청 1966회)
[SMART EDU|2024] 1페이지까지 · 누적 81건 (요청 1967회)
[SMART EDU|2025] 1페이지까지 · 누적 81건 (요청 1968회)
[SMART EDU|2026] 1페이지까지 · 누적 81건 (요청 1969회)
[SMILE|2023] 1페이지까지 · 누적 81건 (요청 1970회)
[SMILE|2024] 1페이지까지 · 누적 81건 (요청 1971회)
[SMILE|2025] 1페이지까지 · 누적 81건 (요청 1972회)
[SMILE|2026] 1페이지까지 · 누적 81건 (요청 1973회)
[SMP-AI|2023] 1페이지까지 · 누적 81건 (요청 1974회)
[SMP-AI|2024] 1페이지까지 · 누적 81건 (요청 1975회)
[SMP-AI|2025] 1페이지까지 · 누적 81건 (요청 1976회)
[SMP-AI|2026] 1페이지까지 · 누적 81건 (요청 1977회)
[SOAK@home|2023] 1페이지까지 · 누적 81건 (요청 1978회)
[SOAK@home|2024] 1페이지까지 · 누적 81건 (요청 1979회)
[SOAK@home|2025] 1페이지까지 · 누적 81건 (요청 1980회)
[SOAK@home|2026] 1페이지까지 · 누적 81건 (요청 1981회)
[SPOMARU|2023] 1페이지까지 · 누적 81건 (요청 1982회)
[SPOMARU|2024] 1페이지까지 · 누적 81건 (요청 1983회)
[SPOMARU|2025] 1페이지까지 · 누적 81건 (요청 1984회)
[SPOMARU|2026] 1페이지까지 · 누적 81건 (요청 1985회)
[STEP|2023] 1페이지까지 · 누적 82건 (요청 1987회)
[STEP|2024] 1페이지까지 · 누적 83건 (요청 1989회)
[STEP|2025] 1페이지까지 · 누적 86건 (요청 1993회)
[STEP|2026] 1페이지까지 · 누적 87건 (요청 1995회)
[STLINK|2023] 1페이지까지 · 누적 87건 (요청 1996회)
[STLINK|2024] 1페이지까지 · 누적 87건 (요청 1997회)
[STLINK|2025] 1페이지까지 · 누적 87건 (요청 1998회)
[STLINK|2026] 1페이지까지 · 누적 87건 (요청 1999회)
[School AI|2023] 1페이지까지 · 누적 87건 (요청 2000회)
[School AI|2024] 1페이지까지 · 누적 87건 (요청 2001회)
[School AI|2025] 1페이지까지 · 누적 87건 (요청 2002회)
[School AI|2026] 1페이지까지 · 누적 87건 (요청 2003회)
[SchoolAI|2023] 1페이지까지 · 누적 87건 (요청 2004회)
[SchoolAI|2024] 1페이지까지 · 누적 87건 (요청 2005회)
[SchoolAI|2025] 1페이지까지 · 누적 87건 (요청 2006회)
[SchoolAI|2026] 1페이지까지 · 누적 87건 (요청 2007회)
[Science# for Android|2023] 1페이지까지 · 누적 87건 (요청 2008회)
[Science# for Android|2024] 1페이지까지 · 누적 87건 (요청 2009회)
[Science# for Android|2025] 1페이지까지 · 누적 87건 (요청 2010회)
[Science# for Android|2026] 1페이지까지 · 누적 87건 (요청 2011회)
[Science# for Windows|2023] 1페이지까지 · 누적 87건 (요청 2012회)
[Science# for Windows|2024] 1페이지까지 · 누적 87건 (요청 2013회)
[Science# for Windows|2025] 1페이지까지 · 누적 87건 (요청 2014회)
[Science# for Windows|2026] 1페이지까지 · 누적 87건 (요청 2015회)
[Science# for iOS|2023] 1페이지까지 · 누적 87건 (요청 2016회)
[Science# for iOS|2024] 1페이지까지 · 누적 87건 (요청 2017회)
[Science# for iOS|2025] 1페이지까지 · 누적 87건 (요청 2018회)
[Science# for iOS|2026] 1페이지까지 · 누적 87건 (요청 2019회)
[Science# for web|2023] 1페이지까지 · 누적 87건 (요청 2020회)
[Science# for web|2024] 1페이지까지 · 누적 87건 (요청 2021회)
[Science# for web|2025] 1페이지까지 · 누적 87건 (요청 2022회)
[Science# for web|2026] 1페이지까지 · 누적 87건 (요청 2023회)
[Seesaw|2023] 1페이지까지 · 누적 87건 (요청 2024회)
[Seesaw|2024] 1페이지까지 · 누적 87건 (요청 2025회)
[Seesaw|2025] 1페이지까지 · 누적 87건 (요청 2026회)
[Seesaw|2026] 1페이지까지 · 누적 87건 (요청 2027회)
[Shuttlerun ai|2023] 1페이지까지 · 누적 87건 (요청 2028회)
[Shuttlerun ai|2024] 1페이지까지 · 누적 87건 (요청 2029회)
[Shuttlerun ai|2025] 1페이지까지 · 누적 87건 (요청 2030회)
[Shuttlerun ai|2026] 1페이지까지 · 누적 87건 (요청 2031회)
[Sketchbook|2023] 1페이지까지 · 누적 87건 (요청 2032회)
[Sketchbook|2024] 1페이지까지 · 누적 87건 (요청 2033회)
[Sketchbook|2025] 1페이지까지 · 누적 87건 (요청 2034회)
[Sketchbook|2026] 1페이지까지 · 누적 87건 (요청 2035회)
[Smart Phonics 3rd|2023] 1페이지까지 · 누적 87건 (요청 2036회)
[Smart Phonics 3rd|2024] 1페이지까지 · 누적 87건 (요청 2037회)
[Smart Phonics 3rd|2025] 1페이지까지 · 누적 87건 (요청 2038회)
[Smart Phonics 3rd|2026] 1페이지까지 · 누적 87건 (요청 2039회)
[SmoodyAI|2023] 1페이지까지 · 누적 87건 (요청 2040회)
[SmoodyAI|2024] 1페이지까지 · 누적 87건 (요청 2041회)
[SmoodyAI|2025] 1페이지까지 · 누적 87건 (요청 2042회)
[SmoodyAI|2026] 1페이지까지 · 누적 87건 (요청 2043회)
[Socrative|2023] 1페이지까지 · 누적 87건 (요청 2044회)
[Socrative|2024] 1페이지까지 · 누적 87건 (요청 2045회)
[Socrative|2025] 1페이지까지 · 누적 87건 (요청 2046회)
[Socrative|2026] 1페이지까지 · 누적 87건 (요청 2047회)
[Solar Walk|2023] 1페이지까지 · 누적 87건 (요청 2048회)
[Solar Walk|2024] 1페이지까지 · 누적 87건 (요청 2049회)
[Solar Walk|2025] 1페이지까지 · 누적 87건 (요청 2050회)
[Solar Walk|2026] 1페이지까지 · 누적 87건 (요청 2051회)
[Sooup AI|2023] 1페이지까지 · 누적 87건 (요청 2052회)
[Sooup AI|2024] 1페이지까지 · 누적 87건 (요청 2053회)
[Sooup AI|2025] 1페이지까지 · 누적 87건 (요청 2054회)
[Sooup AI|2026] 1페이지까지 · 누적 87건 (요청 2055회)
[Soundplant|2023] 1페이지까지 · 누적 87건 (요청 2056회)
[Soundplant|2024] 1페이지까지 · 누적 87건 (요청 2057회)
[Soundplant|2025] 1페이지까지 · 누적 87건 (요청 2058회)
[Soundplant|2026] 1페이지까지 · 누적 87건 (요청 2059회)
[Spine|2023] 1페이지까지 · 누적 87건 (요청 2060회)
[Spine|2024] 1페이지까지 · 누적 87건 (요청 2061회)
[Spine|2025] 1페이지까지 · 누적 87건 (요청 2062회)
[Spine|2026] 1페이지까지 · 누적 87건 (요청 2063회)
[Spline|2023] 1페이지까지 · 누적 87건 (요청 2064회)
[Spline|2024] 1페이지까지 · 누적 87건 (요청 2065회)
[Spline|2025] 1페이지까지 · 누적 87건 (요청 2066회)
[Spline|2026] 1페이지까지 · 누적 87건 (요청 2067회)
[Steinberg|2023] 1페이지까지 · 누적 87건 (요청 2068회)
[Steinberg|2024] 1페이지까지 · 누적 87건 (요청 2069회)
[Steinberg|2025] 1페이지까지 · 누적 87건 (요청 2070회)
[Steinberg|2026] 1페이지까지 · 누적 87건 (요청 2071회)
[Stock'er|2023] 1페이지까지 · 누적 87건 (요청 2072회)
[Stock'er|2024] 1페이지까지 · 누적 87건 (요청 2073회)
[Stock'er|2025] 1페이지까지 · 누적 87건 (요청 2074회)
[Stock'er|2026] 1페이지까지 · 누적 87건 (요청 2075회)
[StoryJumper|2023] 1페이지까지 · 누적 87건 (요청 2076회)
[StoryJumper|2024] 1페이지까지 · 누적 87건 (요청 2077회)
[StoryJumper|2025] 1페이지까지 · 누적 87건 (요청 2078회)
[StoryJumper|2026] 1페이지까지 · 누적 87건 (요청 2079회)
[T-Link|2023] 1페이지까지 · 누적 87건 (요청 2080회)
[T-Link|2024] 1페이지까지 · 누적 87건 (요청 2081회)
[T-Link|2025] 1페이지까지 · 누적 87건 (요청 2082회)
[T-Link|2026] 1페이지까지 · 누적 87건 (요청 2083회)
[TCLIMB CLUB|2023] 1페이지까지 · 누적 87건 (요청 2084회)
[TCLIMB CLUB|2024] 1페이지까지 · 누적 87건 (요청 2085회)
[TCLIMB CLUB|2025] 1페이지까지 · 누적 87건 (요청 2086회)
[TCLIMB CLUB|2026] 1페이지까지 · 누적 87건 (요청 2087회)
[TCLIMBWORLD|2023] 1페이지까지 · 누적 87건 (요청 2088회)
[TCLIMBWORLD|2024] 1페이지까지 · 누적 87건 (요청 2089회)
[TCLIMBWORLD|2025] 1페이지까지 · 누적 87건 (요청 2090회)
[TCLIMBWORLD|2026] 1페이지까지 · 누적 87건 (요청 2091회)
[TOPIKBOT|2023] 1페이지까지 · 누적 87건 (요청 2092회)
[TOPIKBOT|2024] 1페이지까지 · 누적 87건 (요청 2093회)
[TOPIKBOT|2025] 1페이지까지 · 누적 87건 (요청 2094회)
[TOPIKBOT|2026] 1페이지까지 · 누적 87건 (요청 2095회)
[TUKORS|2023] 1페이지까지 · 누적 87건 (요청 2096회)
[TUKORS|2024] 1페이지까지 · 누적 87건 (요청 2097회)
[TUKORS|2025] 1페이지까지 · 누적 87건 (요청 2098회)
[TUKORS|2026] 1페이지까지 · 누적 87건 (요청 2099회)
[TexPro|2023] 1페이지까지 · 누적 87건 (요청 2100회)
[TexPro|2024] 1페이지까지 · 누적 87건 (요청 2101회)
[TexPro|2025] 1페이지까지 · 누적 87건 (요청 2102회)
[TexPro|2026] 1페이지까지 · 누적 87건 (요청 2103회)
[ThinkWise 씽크와이즈|2023] 1페이지까지 · 누적 87건 (요청 2104회)
[ThinkWise 씽크와이즈|2024] 1페이지까지 · 누적 87건 (요청 2105회)
[ThinkWise 씽크와이즈|2025] 1페이지까지 · 누적 87건 (요청 2106회)
[ThinkWise 씽크와이즈|2026] 1페이지까지 · 누적 87건 (요청 2107회)
[Toonita|2023] 1페이지까지 · 누적 87건 (요청 2108회)
[Toonita|2024] 1페이지까지 · 누적 87건 (요청 2109회)
[Toonita|2025] 1페이지까지 · 누적 87건 (요청 2110회)
[Toonita|2026] 1페이지까지 · 누적 87건 (요청 2111회)
[Toonita Video|2023] 1페이지까지 · 누적 87건 (요청 2112회)
[Toonita Video|2024] 1페이지까지 · 누적 87건 (요청 2113회)
[Toonita Video|2025] 1페이지까지 · 누적 87건 (요청 2114회)
[Toonita Video|2026] 1페이지까지 · 누적 87건 (요청 2115회)
[Transync AI|2023] 1페이지까지 · 누적 87건 (요청 2116회)
[Transync AI|2024] 1페이지까지 · 누적 87건 (요청 2117회)
[Transync AI|2025] 1페이지까지 · 누적 87건 (요청 2118회)
[Transync AI|2026] 1페이지까지 · 누적 87건 (요청 2119회)
[Turnitin / ExamSoft|2023] 1페이지까지 · 누적 87건 (요청 2120회)
[Turnitin / ExamSoft|2024] 1페이지까지 · 누적 87건 (요청 2121회)
[Turnitin / ExamSoft|2025] 1페이지까지 · 누적 87건 (요청 2122회)
[Turnitin / ExamSoft|2026] 1페이지까지 · 누적 87건 (요청 2123회)
[Twinkl.co.uk|2023] 1페이지까지 · 누적 87건 (요청 2124회)
[Twinkl.co.uk|2024] 1페이지까지 · 누적 87건 (요청 2125회)
[Twinkl.co.uk|2025] 1페이지까지 · 누적 87건 (요청 2126회)
[Twinkl.co.uk|2026] 1페이지까지 · 누적 87건 (요청 2127회)
[Typing.com|2023] 1페이지까지 · 누적 87건 (요청 2128회)
[Typing.com|2024] 1페이지까지 · 누적 87건 (요청 2129회)
[Typing.com|2025] 1페이지까지 · 누적 87건 (요청 2130회)
[Typing.com|2026] 1페이지까지 · 누적 87건 (요청 2131회)
[T셀파|2023] 1페이지까지 · 누적 87건 (요청 2132회)
[T셀파|2024] 1페이지까지 · 누적 87건 (요청 2133회)
[T셀파|2025] 1페이지까지 · 누적 87건 (요청 2134회)
[T셀파|2026] 1페이지까지 · 누적 87건 (요청 2135회)
[U&I심리검사|2023] 1페이지까지 · 누적 87건 (요청 2136회)
[U&I심리검사|2024] 1페이지까지 · 누적 87건 (요청 2137회)
[U&I심리검사|2025] 1페이지까지 · 누적 87건 (요청 2138회)
[U&I심리검사|2026] 1페이지까지 · 누적 87건 (요청 2139회)
[U+슈퍼스쿨|2023] 1페이지까지 · 누적 87건 (요청 2140회)
[U+슈퍼스쿨|2024] 1페이지까지 · 누적 87건 (요청 2141회)
[U+슈퍼스쿨|2025] 1페이지까지 · 누적 87건 (요청 2142회)
[U+슈퍼스쿨|2026] 1페이지까지 · 누적 87건 (요청 2143회)
[UFO 팽이 키트|2023] 1페이지까지 · 누적 87건 (요청 2144회)
[UFO 팽이 키트|2024] 1페이지까지 · 누적 87건 (요청 2145회)
[UFO 팽이 키트|2025] 1페이지까지 · 누적 87건 (요청 2146회)
[UFO 팽이 키트|2026] 1페이지까지 · 누적 87건 (요청 2147회)
[UNI NAV|2023] 1페이지까지 · 누적 87건 (요청 2148회)
[UNI NAV|2024] 1페이지까지 · 누적 87건 (요청 2149회)
[UNI NAV|2025] 1페이지까지 · 누적 87건 (요청 2150회)
[UNI NAV|2026] 1페이지까지 · 누적 87건 (요청 2151회)
[V-AMT|2023] 1페이지까지 · 누적 87건 (요청 2152회)
[V-AMT|2024] 1페이지까지 · 누적 87건 (요청 2153회)
[V-AMT|2025] 1페이지까지 · 누적 87건 (요청 2154회)
[V-AMT|2026] 1페이지까지 · 누적 87건 (요청 2155회)
[V-ECOD|2023] 1페이지까지 · 누적 87건 (요청 2156회)
[V-ECOD|2024] 1페이지까지 · 누적 87건 (요청 2157회)
[V-ECOD|2025] 1페이지까지 · 누적 87건 (요청 2158회)
[V-ECOD|2026] 1페이지까지 · 누적 87건 (요청 2159회)
[V-MECA|2023] 1페이지까지 · 누적 87건 (요청 2160회)
[V-MECA|2024] 1페이지까지 · 누적 87건 (요청 2161회)
[V-MECA|2025] 1페이지까지 · 누적 87건 (요청 2162회)
[V-MECA|2026] 1페이지까지 · 누적 87건 (요청 2163회)
[VARCO 3D|2023] 1페이지까지 · 누적 87건 (요청 2164회)
[VARCO 3D|2024] 1페이지까지 · 누적 87건 (요청 2165회)
[VARCO 3D|2025] 1페이지까지 · 누적 87건 (요청 2166회)
[VARCO 3D|2026] 1페이지까지 · 누적 87건 (요청 2167회)
[VARCO Sound|2023] 1페이지까지 · 누적 87건 (요청 2168회)
[VARCO Sound|2024] 1페이지까지 · 누적 87건 (요청 2169회)
[VARCO Sound|2025] 1페이지까지 · 누적 87건 (요청 2170회)
[VARCO Sound|2026] 1페이지까지 · 누적 87건 (요청 2171회)
[VARCO Translation|2023] 1페이지까지 · 누적 87건 (요청 2172회)
[VARCO Translation|2024] 1페이지까지 · 누적 87건 (요청 2173회)
[VARCO Translation|2025] 1페이지까지 · 누적 87건 (요청 2174회)
[VARCO Translation|2026] 1페이지까지 · 누적 87건 (요청 2175회)
[VARCO Voice|2023] 1페이지까지 · 누적 87건 (요청 2176회)
[VARCO Voice|2024] 1페이지까지 · 누적 87건 (요청 2177회)
[VARCO Voice|2025] 1페이지까지 · 누적 87건 (요청 2178회)
[VARCO Voice|2026] 1페이지까지 · 누적 87건 (요청 2179회)
[VET-TV|2023] 1페이지까지 · 누적 87건 (요청 2180회)
[VET-TV|2024] 1페이지까지 · 누적 87건 (요청 2181회)
[VET-TV|2025] 1페이지까지 · 누적 87건 (요청 2182회)
[VET-TV|2026] 1페이지까지 · 누적 87건 (요청 2183회)
[VEXcode|2023] 1페이지까지 · 누적 87건 (요청 2184회)
[VEXcode|2024] 1페이지까지 · 누적 87건 (요청 2185회)
[VEXcode|2025] 1페이지까지 · 누적 87건 (요청 2186회)
[VEXcode|2026] 1페이지까지 · 누적 87건 (요청 2187회)
[VLLO|2023] 1페이지까지 · 누적 87건 (요청 2188회)
[VLLO|2024] 1페이지까지 · 누적 87건 (요청 2189회)
[VLLO|2025] 1페이지까지 · 누적 87건 (요청 2190회)
[VLLO|2026] 1페이지까지 · 누적 87건 (요청 2191회)
[VR 각영어|2023] 1페이지까지 · 누적 87건 (요청 2192회)
[VR 각영어|2024] 1페이지까지 · 누적 87건 (요청 2193회)
[VR 각영어|2025] 1페이지까지 · 누적 87건 (요청 2194회)
[VR 각영어|2026] 1페이지까지 · 누적 87건 (요청 2195회)
[VR 금속활자와 직지 만들기|2023] 1페이지까지 · 누적 87건 (요청 2196회)
[VR 금속활자와 직지 만들기|2024] 1페이지까지 · 누적 87건 (요청 2197회)
[VR 금속활자와 직지 만들기|2025] 1페이지까지 · 누적 87건 (요청 2198회)
[VR 금속활자와 직지 만들기|2026] 1페이지까지 · 누적 87건 (요청 2199회)
[VR 명화게임|2023] 1페이지까지 · 누적 87건 (요청 2200회)
[VR 명화게임|2024] 1페이지까지 · 누적 87건 (요청 2201회)
[VR 명화게임|2025] 1페이지까지 · 누적 87건 (요청 2202회)
[VR 명화게임|2026] 1페이지까지 · 누적 87건 (요청 2203회)
[VR 미술 아틀리에 서비스|2023] 1페이지까지 · 누적 87건 (요청 2204회)
[VR 미술 아틀리에 서비스|2024] 1페이지까지 · 누적 87건 (요청 2205회)
[VR 미술 아틀리에 서비스|2025] 1페이지까지 · 누적 87건 (요청 2206회)
[VR 미술 아틀리에 서비스|2026] 1페이지까지 · 누적 87건 (요청 2207회)
[VR 안전교육 통합 패키지|2023] 1페이지까지 · 누적 87건 (요청 2208회)
[VR 안전교육 통합 패키지|2024] 1페이지까지 · 누적 87건 (요청 2209회)
[VR 안전교육 통합 패키지|2025] 1페이지까지 · 누적 87건 (요청 2210회)
[VR 안전교육 통합 패키지|2026] 1페이지까지 · 누적 87건 (요청 2211회)
[VR 코딩 교구 바윈|2023] 1페이지까지 · 누적 87건 (요청 2212회)
[VR 코딩 교구 바윈|2024] 1페이지까지 · 누적 87건 (요청 2213회)
[VR 코딩 교구 바윈|2025] 1페이지까지 · 누적 87건 (요청 2214회)
[VR 코딩 교구 바윈|2026] 1페이지까지 · 누적 87건 (요청 2215회)
[VRINNO-META v1.0|2023] 1페이지까지 · 누적 87건 (요청 2216회)
[VRINNO-META v1.0|2024] 1페이지까지 · 누적 87건 (요청 2217회)
[VRINNO-META v1.0|2025] 1페이지까지 · 누적 87건 (요청 2218회)
[VRINNO-META v1.0|2026] 1페이지까지 · 누적 87건 (요청 2219회)
[VRINNO-MG100|2023] 1페이지까지 · 누적 87건 (요청 2220회)
[VRINNO-MG100|2024] 1페이지까지 · 누적 87건 (요청 2221회)
[VRINNO-MG100|2025] 1페이지까지 · 누적 87건 (요청 2222회)
[VRINNO-MG100|2026] 1페이지까지 · 누적 87건 (요청 2223회)
[VRINNO-MG200|2023] 1페이지까지 · 누적 87건 (요청 2224회)
[VRINNO-MG200|2024] 1페이지까지 · 누적 87건 (요청 2225회)
[VRINNO-MG200|2025] 1페이지까지 · 누적 87건 (요청 2226회)
[VRINNO-MG200|2026] 1페이지까지 · 누적 87건 (요청 2227회)
[VRWARE ASSEMBLR EDU|2023] 1페이지까지 · 누적 87건 (요청 2228회)
[VRWARE ASSEMBLR EDU|2024] 1페이지까지 · 누적 87건 (요청 2229회)
[VRWARE ASSEMBLR EDU|2025] 1페이지까지 · 누적 87건 (요청 2230회)
[VRWARE ASSEMBLR EDU|2026] 1페이지까지 · 누적 87건 (요청 2231회)
[VRWARE edu school|2023] 1페이지까지 · 누적 87건 (요청 2232회)
[VRWARE edu school|2024] 1페이지까지 · 누적 87건 (요청 2233회)
[VRWARE edu school|2025] 1페이지까지 · 누적 87건 (요청 2234회)
[VRWARE edu school|2026] 1페이지까지 · 누적 87건 (요청 2235회)
[VlabON|2023] 1페이지까지 · 누적 87건 (요청 2236회)
[VlabON|2024] 1페이지까지 · 누적 87건 (요청 2237회)
[VlabON|2025] 1페이지까지 · 누적 87건 (요청 2238회)
[VlabON|2026] 1페이지까지 · 누적 87건 (요청 2239회)
[Vooks|2023] 1페이지까지 · 누적 87건 (요청 2240회)
[Vooks|2024] 1페이지까지 · 누적 87건 (요청 2241회)
[Vooks|2025] 1페이지까지 · 누적 87건 (요청 2242회)
[Vooks|2026] 1페이지까지 · 누적 87건 (요청 2243회)
[WAGZAK JUMP - 와그작점프|2023] 1페이지까지 · 누적 87건 (요청 2244회)
[WAGZAK JUMP - 와그작점프|2024] 1페이지까지 · 누적 87건 (요청 2245회)
[WAGZAK JUMP - 와그작점프|2025] 1페이지까지 · 누적 87건 (요청 2246회)
[WAGZAK JUMP - 와그작점프|2026] 1페이지까지 · 누적 87건 (요청 2247회)
[WBHS_CODE|2023] 1페이지까지 · 누적 87건 (요청 2248회)
[WBHS_CODE|2024] 1페이지까지 · 누적 87건 (요청 2249회)
[WBHS_CODE|2025] 1페이지까지 · 누적 87건 (요청 2250회)
[WBHS_CODE|2026] 1페이지까지 · 누적 87건 (요청 2251회)
[WeToon|2023] 1페이지까지 · 누적 87건 (요청 2252회)
[WeToon|2024] 1페이지까지 · 누적 87건 (요청 2253회)
[WeToon|2025] 1페이지까지 · 누적 87건 (요청 2254회)
[WeToon|2026] 1페이지까지 · 누적 87건 (요청 2255회)
[WeeAI|2023] 1페이지까지 · 누적 87건 (요청 2256회)
[WeeAI|2024] 1페이지까지 · 누적 87건 (요청 2257회)
[WeeAI|2025] 1페이지까지 · 누적 87건 (요청 2258회)
[WeeAI|2026] 1페이지까지 · 누적 87건 (요청 2259회)
[WiseMiM|2023] 1페이지까지 · 누적 87건 (요청 2260회)
[WiseMiM|2024] 1페이지까지 · 누적 87건 (요청 2261회)
[WiseMiM|2025] 1페이지까지 · 누적 87건 (요청 2262회)
[WiseMiM|2026] 1페이지까지 · 누적 87건 (요청 2263회)
[Wolfram Mathematica|2023] 1페이지까지 · 누적 87건 (요청 2264회)
[Wolfram Mathematica|2024] 1페이지까지 · 누적 87건 (요청 2265회)
[Wolfram Mathematica|2025] 1페이지까지 · 누적 87건 (요청 2266회)
[Wolfram Mathematica|2026] 1페이지까지 · 누적 87건 (요청 2267회)
[XR 실감형 안전 교육 및 리포트 서비스|2023] 1페이지까지 · 누적 87건 (요청 2268회)
[XR 실감형 안전 교육 및 리포트 서비스|2024] 1페이지까지 · 누적 87건 (요청 2269회)
[XR 실감형 안전 교육 및 리포트 서비스|2025] 1페이지까지 · 누적 87건 (요청 2270회)
[XR 실감형 안전 교육 및 리포트 서비스|2026] 1페이지까지 · 누적 87건 (요청 2271회)
[XR 실감형 체험존|2023] 1페이지까지 · 누적 87건 (요청 2272회)
[XR 실감형 체험존|2024] 1페이지까지 · 누적 87건 (요청 2273회)
[XR 실감형 체험존|2025] 1페이지까지 · 누적 87건 (요청 2274회)
[XR 실감형 체험존|2026] 1페이지까지 · 누적 87건 (요청 2275회)
[XR매직|2023] 1페이지까지 · 누적 87건 (요청 2276회)
[XR매직|2024] 1페이지까지 · 누적 87건 (요청 2277회)
[XR매직|2025] 1페이지까지 · 누적 87건 (요청 2278회)
[XR매직|2026] 1페이지까지 · 누적 87건 (요청 2279회)
[XR사격|2023] 1페이지까지 · 누적 87건 (요청 2280회)
[XR사격|2024] 1페이지까지 · 누적 87건 (요청 2281회)
[XR사격|2025] 1페이지까지 · 누적 87건 (요청 2282회)
[XR사격|2026] 1페이지까지 · 누적 87건 (요청 2283회)
[XR쇼룸|2023] 1페이지까지 · 누적 87건 (요청 2284회)
[XR쇼룸|2024] 1페이지까지 · 누적 87건 (요청 2285회)
[XR쇼룸|2025] 1페이지까지 · 누적 87건 (요청 2286회)
[XR쇼룸|2026] 1페이지까지 · 누적 87건 (요청 2287회)
[XR스크린|2023] 1페이지까지 · 누적 87건 (요청 2288회)
[XR스크린|2024] 1페이지까지 · 누적 87건 (요청 2289회)
[XR스크린|2025] 1페이지까지 · 누적 87건 (요청 2290회)
[XR스크린|2026] 1페이지까지 · 누적 87건 (요청 2291회)
[XR스크린 전용 소프트웨어|2023] 1페이지까지 · 누적 87건 (요청 2292회)
[XR스크린 전용 소프트웨어|2024] 1페이지까지 · 누적 87건 (요청 2293회)
[XR스크린 전용 소프트웨어|2025] 1페이지까지 · 누적 87건 (요청 2294회)
[XR스크린 전용 소프트웨어|2026] 1페이지까지 · 누적 87건 (요청 2295회)
[XR스키|2023] 1페이지까지 · 누적 87건 (요청 2296회)
[XR스키|2024] 1페이지까지 · 누적 87건 (요청 2297회)
[XR스키|2025] 1페이지까지 · 누적 87건 (요청 2298회)
[XR스키|2026] 1페이지까지 · 누적 87건 (요청 2299회)
[Xeropan|2023] 1페이지까지 · 누적 87건 (요청 2300회)
[Xeropan|2024] 1페이지까지 · 누적 87건 (요청 2301회)
[Xeropan|2025] 1페이지까지 · 누적 87건 (요청 2302회)
[Xeropan|2026] 1페이지까지 · 누적 87건 (요청 2303회)
[YBM 뉴스오매틱|2023] 1페이지까지 · 누적 87건 (요청 2304회)
[YBM 뉴스오매틱|2024] 1페이지까지 · 누적 87건 (요청 2305회)
[YBM 뉴스오매틱|2025] 1페이지까지 · 누적 87건 (요청 2306회)
[YBM 뉴스오매틱|2026] 1페이지까지 · 누적 87건 (요청 2307회)
[YBM 리딩팜|2023] 1페이지까지 · 누적 87건 (요청 2308회)
[YBM 리딩팜|2024] 1페이지까지 · 누적 87건 (요청 2309회)
[YBM 리딩팜|2025] 1페이지까지 · 누적 87건 (요청 2310회)
[YBM 리딩팜|2026] 1페이지까지 · 누적 87건 (요청 2311회)
[YBM 북커클래스|2023] 1페이지까지 · 누적 87건 (요청 2312회)
[YBM 북커클래스|2024] 1페이지까지 · 누적 87건 (요청 2313회)
[YBM 북커클래스|2025] 1페이지까지 · 누적 87건 (요청 2314회)
[YBM 북커클래스|2026] 1페이지까지 · 누적 87건 (요청 2315회)
[Y클라우드|2023] 1페이지까지 · 누적 87건 (요청 2316회)
[Y클라우드|2024] 1페이지까지 · 누적 87건 (요청 2317회)
[Y클라우드|2025] 1페이지까지 · 누적 87건 (요청 2318회)
[Y클라우드|2026] 1페이지까지 · 누적 87건 (요청 2319회)
[abds-1000M|2023] 1페이지까지 · 누적 87건 (요청 2320회)
[abds-1000M|2024] 1페이지까지 · 누적 87건 (요청 2321회)
[abds-1000M|2025] 1페이지까지 · 누적 87건 (요청 2322회)
[abds-1000M|2026] 1페이지까지 · 누적 87건 (요청 2323회)
[aidreammap|2023] 1페이지까지 · 누적 87건 (요청 2324회)
[aidreammap|2024] 1페이지까지 · 누적 87건 (요청 2325회)
[aidreammap|2025] 1페이지까지 · 누적 87건 (요청 2326회)
[aidreammap|2026] 1페이지까지 · 누적 87건 (요청 2327회)
[aiedu.love|2023] 1페이지까지 · 누적 87건 (요청 2328회)
[aiedu.love|2024] 1페이지까지 · 누적 87건 (요청 2329회)
[aiedu.love|2025] 1페이지까지 · 누적 87건 (요청 2330회)
[aiedu.love|2026] 1페이지까지 · 누적 87건 (요청 2331회)
[arkain|2023] 1페이지까지 · 누적 87건 (요청 2332회)
[arkain|2024] 1페이지까지 · 누적 87건 (요청 2333회)
[arkain|2025] 1페이지까지 · 누적 87건 (요청 2334회)
[arkain|2026] 1페이지까지 · 누적 87건 (요청 2335회)
[devth|2023] 1페이지까지 · 누적 87건 (요청 2336회)
[devth|2024] 1페이지까지 · 누적 87건 (요청 2337회)
[devth|2025] 1페이지까지 · 누적 87건 (요청 2338회)
[devth|2026] 1페이지까지 · 누적 87건 (요청 2339회)
[e-GIS|2023] 1페이지까지 · 누적 87건 (요청 2340회)
[e-GIS|2024] 1페이지까지 · 누적 87건 (요청 2341회)
[e-GIS|2025] 1페이지까지 · 누적 87건 (요청 2342회)
[e-GIS|2026] 1페이지까지 · 누적 87건 (요청 2343회)
[e-NIE|2023] 1페이지까지 · 누적 89건 (요청 2346회)
[e-NIE|2024] 1페이지까지 · 누적 92건 (요청 2350회)
[e-NIE|2025] 1페이지까지 · 누적 92건 (요청 2351회)
[e-NIE|2026] 1페이지까지 · 누적 92건 (요청 2352회)
[e-RS|2023] 1페이지까지 · 누적 92건 (요청 2353회)
[e-RS|2024] 1페이지까지 · 누적 92건 (요청 2354회)
[e-RS|2025] 1페이지까지 · 누적 92건 (요청 2355회)
[e-RS|2026] 1페이지까지 · 누적 92건 (요청 2356회)
[eDIBON SCADA SYSTEM|2023] 1페이지까지 · 누적 92건 (요청 2357회)
[eDIBON SCADA SYSTEM|2024] 1페이지까지 · 누적 92건 (요청 2358회)
[eDIBON SCADA SYSTEM|2025] 1페이지까지 · 누적 92건 (요청 2359회)
[eDIBON SCADA SYSTEM|2026] 1페이지까지 · 누적 92건 (요청 2360회)
[ePAPS|2023] 1페이지까지 · 누적 92건 (요청 2361회)
[ePAPS|2024] 1페이지까지 · 누적 92건 (요청 2362회)
[ePAPS|2025] 1페이지까지 · 누적 92건 (요청 2363회)
[ePAPS|2026] 1페이지까지 · 누적 92건 (요청 2364회)
[ed_Glasses1 & 열공비서|2023] 1페이지까지 · 누적 92건 (요청 2365회)
[ed_Glasses1 & 열공비서|2024] 1페이지까지 · 누적 92건 (요청 2366회)
[ed_Glasses1 & 열공비서|2025] 1페이지까지 · 누적 92건 (요청 2367회)
[ed_Glasses1 & 열공비서|2026] 1페이지까지 · 누적 92건 (요청 2368회)
[exbody670|2023] 1페이지까지 · 누적 92건 (요청 2369회)
[exbody670|2024] 1페이지까지 · 누적 92건 (요청 2370회)
[exbody670|2025] 1페이지까지 · 누적 92건 (요청 2371회)
[exbody670|2026] 1페이지까지 · 누적 92건 (요청 2372회)
[e알리미|2023] 1페이지까지 · 누적 93건 (요청 2374회)
[e알리미|2024] 1페이지까지 · 누적 97건 (요청 2379회)
[e알리미|2025] 1페이지까지 · 누적 99건 (요청 2382회)
[e알리미|2026] 1페이지까지 · 누적 99건 (요청 2383회)
[iCUBE 핵심ERP|2023] 1페이지까지 · 누적 99건 (요청 2384회)
[iCUBE 핵심ERP|2024] 1페이지까지 · 누적 99건 (요청 2385회)
[iCUBE 핵심ERP|2025] 1페이지까지 · 누적 99건 (요청 2386회)
[iCUBE 핵심ERP|2026] 1페이지까지 · 누적 99건 (요청 2387회)
[ibisPaint Edu|2023] 1페이지까지 · 누적 99건 (요청 2388회)
[ibisPaint Edu|2024] 1페이지까지 · 누적 99건 (요청 2389회)
[ibisPaint Edu|2025] 1페이지까지 · 누적 99건 (요청 2390회)
[ibisPaint Edu|2026] 1페이지까지 · 누적 99건 (요청 2391회)
[ingyu's ai world|2023] 1페이지까지 · 누적 99건 (요청 2392회)
[ingyu's ai world|2024] 1페이지까지 · 누적 99건 (요청 2393회)
[ingyu's ai world|2025] 1페이지까지 · 누적 99건 (요청 2394회)
[ingyu's ai world|2026] 1페이지까지 · 누적 99건 (요청 2395회)
[inline AI|2023] 1페이지까지 · 누적 99건 (요청 2396회)
[inline AI|2024] 1페이지까지 · 누적 99건 (요청 2397회)
[inline AI|2025] 1페이지까지 · 누적 99건 (요청 2398회)
[inline AI|2026] 1페이지까지 · 누적 99건 (요청 2399회)
[interai|2023] 1페이지까지 · 누적 99건 (요청 2400회)
[interai|2024] 1페이지까지 · 누적 99건 (요청 2401회)
[interai|2025] 1페이지까지 · 누적 99건 (요청 2402회)
[interai|2026] 1페이지까지 · 누적 99건 (요청 2403회)
[issamGPT|2023] 1페이지까지 · 누적 99건 (요청 2404회)
[issamGPT|2024] 1페이지까지 · 누적 99건 (요청 2405회)
[issamGPT|2025] 1페이지까지 · 누적 99건 (요청 2406회)
[issamGPT|2026] 1페이지까지 · 누적 99건 (요청 2407회)
[klass|2023] 1페이지까지 · 누적 99건 (요청 2408회)
[klass|2024] 1페이지까지 · 누적 99건 (요청 2409회)
[klass|2025] 1페이지까지 · 누적 99건 (요청 2410회)
[klass|2026] 1페이지까지 · 누적 99건 (요청 2411회)
[learn.concord.org|2023] 1페이지까지 · 누적 99건 (요청 2412회)
[learn.concord.org|2024] 1페이지까지 · 누적 99건 (요청 2413회)
[learn.concord.org|2025] 1페이지까지 · 누적 99건 (요청 2414회)
[learn.concord.org|2026] 1페이지까지 · 누적 99건 (요청 2415회)
[lit---ry|2023] 1페이지까지 · 누적 99건 (요청 2416회)
[lit---ry|2024] 1페이지까지 · 누적 99건 (요청 2417회)
[lit---ry|2025] 1페이지까지 · 누적 99건 (요청 2418회)
[lit---ry|2026] 1페이지까지 · 누적 99건 (요청 2419회)
[master K|2023] 1페이지까지 · 누적 99건 (요청 2420회)
[master K|2024] 1페이지까지 · 누적 99건 (요청 2421회)
[master K|2025] 1페이지까지 · 누적 99건 (요청 2422회)
[master K|2026] 1페이지까지 · 누적 99건 (요청 2423회)
[masterTOPIK|2023] 1페이지까지 · 누적 99건 (요청 2424회)
[masterTOPIK|2024] 1페이지까지 · 누적 99건 (요청 2425회)
[masterTOPIK|2025] 1페이지까지 · 누적 99건 (요청 2426회)
[masterTOPIK|2026] 1페이지까지 · 누적 99건 (요청 2427회)
[myCompiler|2023] 1페이지까지 · 누적 99건 (요청 2428회)
[myCompiler|2024] 1페이지까지 · 누적 99건 (요청 2429회)
[myCompiler|2025] 1페이지까지 · 누적 99건 (요청 2430회)
[myCompiler|2026] 1페이지까지 · 누적 99건 (요청 2431회)
[onlinegdb.com|2023] 1페이지까지 · 누적 99건 (요청 2432회)
[onlinegdb.com|2024] 1페이지까지 · 누적 99건 (요청 2433회)
[onlinegdb.com|2025] 1페이지까지 · 누적 99건 (요청 2434회)
[onlinegdb.com|2026] 1페이지까지 · 누적 99건 (요청 2435회)
[penta-view|2023] 1페이지까지 · 누적 99건 (요청 2436회)
[penta-view|2024] 1페이지까지 · 누적 99건 (요청 2437회)
[penta-view|2025] 1페이지까지 · 누적 99건 (요청 2438회)
[penta-view|2026] 1페이지까지 · 누적 99건 (요청 2439회)
[pocketCPR하트푸쉬|2023] 1페이지까지 · 누적 99건 (요청 2440회)
[pocketCPR하트푸쉬|2024] 1페이지까지 · 누적 99건 (요청 2441회)
[pocketCPR하트푸쉬|2025] 1페이지까지 · 누적 99건 (요청 2442회)
[pocketCPR하트푸쉬|2026] 1페이지까지 · 누적 99건 (요청 2443회)
[pocketCPR하트푸쉬 키트|2023] 1페이지까지 · 누적 99건 (요청 2444회)
[pocketCPR하트푸쉬 키트|2024] 1페이지까지 · 누적 99건 (요청 2445회)
[pocketCPR하트푸쉬 키트|2025] 1페이지까지 · 누적 99건 (요청 2446회)
[pocketCPR하트푸쉬 키트|2026] 1페이지까지 · 누적 99건 (요청 2447회)
[puple|2023] 1페이지까지 · 누적 99건 (요청 2448회)
[puple|2024] 1페이지까지 · 누적 99건 (요청 2449회)
[puple|2025] 1페이지까지 · 누적 99건 (요청 2450회)
[puple|2026] 1페이지까지 · 누적 99건 (요청 2451회)
[schoolsms|2023] 1페이지까지 · 누적 99건 (요청 2452회)
[schoolsms|2024] 1페이지까지 · 누적 99건 (요청 2453회)
[schoolsms|2025] 1페이지까지 · 누적 99건 (요청 2454회)
[schoolsms|2026] 1페이지까지 · 누적 99건 (요청 2455회)
[soopeh|2023] 1페이지까지 · 누적 99건 (요청 2456회)
[soopeh|2024] 1페이지까지 · 누적 99건 (요청 2457회)
[soopeh|2025] 1페이지까지 · 누적 99건 (요청 2458회)
[soopeh|2026] 1페이지까지 · 누적 99건 (요청 2459회)
[tubeLXA|2023] 1페이지까지 · 누적 99건 (요청 2460회)
[tubeLXA|2024] 1페이지까지 · 누적 99건 (요청 2461회)
[tubeLXA|2025] 1페이지까지 · 누적 99건 (요청 2462회)
[tubeLXA|2026] 1페이지까지 · 누적 99건 (요청 2463회)
[uCode4|2023] 1페이지까지 · 누적 99건 (요청 2464회)
[uCode4|2024] 1페이지까지 · 누적 99건 (요청 2465회)
[uCode4|2025] 1페이지까지 · 누적 99건 (요청 2466회)
[uCode4|2026] 1페이지까지 · 누적 99건 (요청 2467회)
[uTradeEdu|2023] 1페이지까지 · 누적 99건 (요청 2468회)
[uTradeEdu|2024] 1페이지까지 · 누적 99건 (요청 2469회)
[uTradeEdu|2025] 1페이지까지 · 누적 99건 (요청 2470회)
[uTradeEdu|2026] 1페이지까지 · 누적 99건 (요청 2471회)
[vFlat|2023] 1페이지까지 · 누적 99건 (요청 2472회)
[vFlat|2024] 1페이지까지 · 누적 99건 (요청 2473회)
[vFlat|2025] 1페이지까지 · 누적 99건 (요청 2474회)
[vFlat|2026] 1페이지까지 · 누적 99건 (요청 2475회)
[wiCuri|2023] 1페이지까지 · 누적 99건 (요청 2476회)
[wiCuri|2024] 1페이지까지 · 누적 99건 (요청 2477회)
[wiCuri|2025] 1페이지까지 · 누적 99건 (요청 2478회)
[wiCuri|2026] 1페이지까지 · 누적 99건 (요청 2479회)
[xTool F1|2023] 1페이지까지 · 누적 99건 (요청 2480회)
[xTool F1|2024] 1페이지까지 · 누적 99건 (요청 2481회)
[xTool F1|2025] 1페이지까지 · 누적 99건 (요청 2482회)
[xTool F1|2026] 1페이지까지 · 누적 99건 (요청 2483회)
[xTool S1|2023] 1페이지까지 · 누적 99건 (요청 2484회)
[xTool S1|2024] 1페이지까지 · 누적 99건 (요청 2485회)
[xTool S1|2025] 1페이지까지 · 누적 99건 (요청 2486회)
[xTool S1|2026] 1페이지까지 · 누적 99건 (요청 2487회)
[zSpace Studio A3|2023] 1페이지까지 · 누적 99건 (요청 2488회)
[zSpace Studio A3|2024] 1페이지까지 · 누적 99건 (요청 2489회)
[zSpace Studio A3|2025] 1페이지까지 · 누적 99건 (요청 2490회)
[zSpace Studio A3|2026] 1페이지까지 · 누적 99건 (요청 2491회)
[『울산교육종단연구 2024』본조사 시스템|2023] 1페이지까지 · 누적 99건 (요청 2492회)
[『울산교육종단연구 2024』본조사 시스템|2024] 1페이지까지 · 누적 99건 (요청 2493회)
[『울산교육종단연구 2024』본조사 시스템|2025] 1페이지까지 · 누적 99건 (요청 2494회)
[『울산교육종단연구 2024』본조사 시스템|2026] 1페이지까지 · 누적 99건 (요청 2495회)
[가람수강신청시스템|2023] 1페이지까지 · 누적 99건 (요청 2496회)
[가람수강신청시스템|2024] 1페이지까지 · 누적 99건 (요청 2497회)
[가람수강신청시스템|2025] 1페이지까지 · 누적 99건 (요청 2498회)
[가람수강신청시스템|2026] 1페이지까지 · 누적 99건 (요청 2499회)
[가르침 AI 동화|2023] 1페이지까지 · 누적 99건 (요청 2500회)
[가르침 AI 동화|2024] 1페이지까지 · 누적 99건 (요청 2501회)
[가르침 AI 동화|2025] 1페이지까지 · 누적 99건 (요청 2502회)
[가르침 AI 동화|2026] 1페이지까지 · 누적 99건 (요청 2503회)
[가상현실 과학실험|2023] 1페이지까지 · 누적 99건 (요청 2504회)
[가상현실 과학실험|2024] 1페이지까지 · 누적 99건 (요청 2505회)
[가상현실 과학실험|2025] 1페이지까지 · 누적 99건 (요청 2506회)
[가상현실 과학실험|2026] 1페이지까지 · 누적 99건 (요청 2507회)
[간이정신진단검사II|2023] 1페이지까지 · 누적 99건 (요청 2508회)
[간이정신진단검사II|2024] 1페이지까지 · 누적 99건 (요청 2509회)
[간이정신진단검사II|2025] 1페이지까지 · 누적 99건 (요청 2510회)
[간이정신진단검사II|2026] 1페이지까지 · 누적 99건 (요청 2511회)
[감정자유기법|2023] 1페이지까지 · 누적 99건 (요청 2512회)
[감정자유기법|2024] 1페이지까지 · 누적 99건 (요청 2513회)
[감정자유기법|2025] 1페이지까지 · 누적 99건 (요청 2514회)
[감정자유기법|2026] 1페이지까지 · 누적 99건 (요청 2515회)
[갓피플성경|2023] 1페이지까지 · 누적 99건 (요청 2516회)
[갓피플성경|2024] 1페이지까지 · 누적 99건 (요청 2517회)
[갓피플성경|2025] 1페이지까지 · 누적 99건 (요청 2518회)
[갓피플성경|2026] 1페이지까지 · 누적 99건 (요청 2519회)
[강아지형 4족 AI 체험로봇 파이독|2023] 1페이지까지 · 누적 99건 (요청 2520회)
[강아지형 4족 AI 체험로봇 파이독|2024] 1페이지까지 · 누적 99건 (요청 2521회)
[강아지형 4족 AI 체험로봇 파이독|2025] 1페이지까지 · 누적 99건 (요청 2522회)
[강아지형 4족 AI 체험로봇 파이독|2026] 1페이지까지 · 누적 99건 (요청 2523회)
[강원아이로|2023] 1페이지까지 · 누적 99건 (요청 2524회)
[강원아이로|2024] 1페이지까지 · 누적 99건 (요청 2525회)
[강원아이로|2025] 1페이지까지 · 누적 99건 (요청 2526회)
[강원아이로|2026] 1페이지까지 · 누적 99건 (요청 2527회)
[강원진학지원센터|2023] 1페이지까지 · 누적 99건 (요청 2528회)
[강원진학지원센터|2024] 1페이지까지 · 누적 99건 (요청 2529회)
[강원진학지원센터|2025] 1페이지까지 · 누적 99건 (요청 2530회)
[강원진학지원센터|2026] 1페이지까지 · 누적 99건 (요청 2531회)
[강원특별자치도교육청 통합전자도서관|2023] 1페이지까지 · 누적 99건 (요청 2532회)
[강원특별자치도교육청 통합전자도서관|2024] 1페이지까지 · 누적 99건 (요청 2533회)
[강원특별자치도교육청 통합전자도서관|2025] 1페이지까지 · 누적 99건 (요청 2534회)
[강원특별자치도교육청 통합전자도서관|2026] 1페이지까지 · 누적 99건 (요청 2535회)
[개념도감|2023] 1페이지까지 · 누적 99건 (요청 2536회)
[개념도감|2024] 1페이지까지 · 누적 99건 (요청 2537회)
[개념도감|2025] 1페이지까지 · 누적 99건 (요청 2538회)
[개념도감|2026] 1페이지까지 · 누적 99건 (요청 2539회)
[개발자 꿈나무를 위한 AI 교육|2023] 1페이지까지 · 누적 99건 (요청 2540회)
[개발자 꿈나무를 위한 AI 교육|2024] 1페이지까지 · 누적 99건 (요청 2541회)
[개발자 꿈나무를 위한 AI 교육|2025] 1페이지까지 · 누적 99건 (요청 2542회)
[개발자 꿈나무를 위한 AI 교육|2026] 1페이지까지 · 누적 99건 (요청 2543회)
[건강새싹채소|2023] 1페이지까지 · 누적 99건 (요청 2544회)
[건강새싹채소|2024] 1페이지까지 · 누적 99건 (요청 2545회)
[건강새싹채소|2025] 1페이지까지 · 누적 99건 (요청 2546회)
[건강새싹채소|2026] 1페이지까지 · 누적 99건 (요청 2547회)
[건축디자이너 키트|2023] 1페이지까지 · 누적 99건 (요청 2548회)
[건축디자이너 키트|2024] 1페이지까지 · 누적 99건 (요청 2549회)
[건축디자이너 키트|2025] 1페이지까지 · 누적 99건 (요청 2550회)
[건축디자이너 키트|2026] 1페이지까지 · 누적 99건 (요청 2551회)
[게티스캐치|2023] 1페이지까지 · 누적 99건 (요청 2552회)
[게티스캐치|2024] 1페이지까지 · 누적 99건 (요청 2553회)
[게티스캐치|2025] 1페이지까지 · 누적 99건 (요청 2554회)
[게티스캐치|2026] 1페이지까지 · 누적 99건 (요청 2555회)
[경기 Be-Able _경기도교육청|2023] 1페이지까지 · 누적 99건 (요청 2556회)
[경기 Be-Able _경기도교육청|2024] 1페이지까지 · 누적 99건 (요청 2557회)
[경기 Be-Able _경기도교육청|2025] 1페이지까지 · 누적 99건 (요청 2558회)
[경기 Be-Able _경기도교육청|2026] 1페이지까지 · 누적 99건 (요청 2559회)
[경기고교학점제_경기도교육청|2023] 1페이지까지 · 누적 99건 (요청 2560회)
[경기고교학점제_경기도교육청|2024] 1페이지까지 · 누적 99건 (요청 2561회)
[경기고교학점제_경기도교육청|2025] 1페이지까지 · 누적 99건 (요청 2562회)
[경기고교학점제_경기도교육청|2026] 1페이지까지 · 누적 99건 (요청 2563회)
[경기관광 플랫폼|2023] 1페이지까지 · 누적 99건 (요청 2564회)
[경기관광 플랫폼|2024] 1페이지까지 · 누적 99건 (요청 2565회)
[경기관광 플랫폼|2025] 1페이지까지 · 누적 99건 (요청 2566회)
[경기관광 플랫폼|2026] 1페이지까지 · 누적 99건 (요청 2567회)
[경기도교육청전자도서관_경기도교육청|2023] 1페이지까지 · 누적 99건 (요청 2568회)
[경기도교육청전자도서관_경기도교육청|2024] 1페이지까지 · 누적 99건 (요청 2569회)
[경기도교육청전자도서관_경기도교육청|2025] 1페이지까지 · 누적 99건 (요청 2570회)
[경기도교육청전자도서관_경기도교육청|2026] 1페이지까지 · 누적 99건 (요청 2571회)
[경기온라인학교_경기도교육청|2023] 1페이지까지 · 누적 99건 (요청 2572회)
[경기온라인학교_경기도교육청|2024] 1페이지까지 · 누적 99건 (요청 2573회)
[경기온라인학교_경기도교육청|2025] 1페이지까지 · 누적 99건 (요청 2574회)
[경기온라인학교_경기도교육청|2026] 1페이지까지 · 누적 99건 (요청 2575회)
[경기환경실천소프트웨어 _경기도교육청|2023] 1페이지까지 · 누적 99건 (요청 2576회)
[경기환경실천소프트웨어 _경기도교육청|2024] 1페이지까지 · 누적 99건 (요청 2577회)
[경기환경실천소프트웨어 _경기도교육청|2025] 1페이지까지 · 누적 99건 (요청 2578회)
[경기환경실천소프트웨어 _경기도교육청|2026] 1페이지까지 · 누적 99건 (요청 2579회)
[경남형 진로교육 지원 플랫폼|2023] 1페이지까지 · 누적 99건 (요청 2580회)
[경남형 진로교육 지원 플랫폼|2024] 1페이지까지 · 누적 99건 (요청 2581회)
[경남형 진로교육 지원 플랫폼|2025] 1페이지까지 · 누적 99건 (요청 2582회)
[경남형 진로교육 지원 플랫폼|2026] 1페이지까지 · 누적 99건 (요청 2583회)
[경량형 버나 만들기 키트|2023] 1페이지까지 · 누적 99건 (요청 2584회)
[경량형 버나 만들기 키트|2024] 1페이지까지 · 누적 99건 (요청 2585회)
[경량형 버나 만들기 키트|2025] 1페이지까지 · 누적 99건 (요청 2586회)
[경량형 버나 만들기 키트|2026] 1페이지까지 · 누적 99건 (요청 2587회)
[경상남도교육청 전자도서관|2023] 1페이지까지 · 누적 99건 (요청 2588회)
[경상남도교육청 전자도서관|2024] 1페이지까지 · 누적 99건 (요청 2589회)
[경상남도교육청 전자도서관|2025] 1페이지까지 · 누적 99건 (요청 2590회)
[경상남도교육청 전자도서관|2026] 1페이지까지 · 누적 99건 (요청 2591회)
[경상북도교육청전자도서관|2023] 1페이지까지 · 누적 99건 (요청 2592회)
[경상북도교육청전자도서관|2024] 1페이지까지 · 누적 99건 (요청 2593회)
[경상북도교육청전자도서관|2025] 1페이지까지 · 누적 99건 (요청 2594회)
[경상북도교육청전자도서관|2026] 1페이지까지 · 누적 99건 (요청 2595회)
[경영전략 시뮬레이션 MaTS 게임|2023] 1페이지까지 · 누적 99건 (요청 2596회)
[경영전략 시뮬레이션 MaTS 게임|2024] 1페이지까지 · 누적 99건 (요청 2597회)
[경영전략 시뮬레이션 MaTS 게임|2025] 1페이지까지 · 누적 99건 (요청 2598회)
[경영전략 시뮬레이션 MaTS 게임|2026] 1페이지까지 · 누적 99건 (요청 2599회)
[경원 클래스룸|2023] 1페이지까지 · 누적 99건 (요청 2600회)
[경원 클래스룸|2024] 1페이지까지 · 누적 99건 (요청 2601회)
[경원 클래스룸|2025] 1페이지까지 · 누적 99건 (요청 2602회)
[경원 클래스룸|2026] 1페이지까지 · 누적 99건 (요청 2603회)
[경제교실 이코노미아|2023] 1페이지까지 · 누적 99건 (요청 2604회)
[경제교실 이코노미아|2024] 1페이지까지 · 누적 99건 (요청 2605회)
[경제교실 이코노미아|2025] 1페이지까지 · 누적 99건 (요청 2606회)
[경제교실 이코노미아|2026] 1페이지까지 · 누적 99건 (요청 2607회)
[고교 연금 수업 플랫폼|2023] 1페이지까지 · 누적 99건 (요청 2608회)
[고교 연금 수업 플랫폼|2024] 1페이지까지 · 누적 99건 (요청 2609회)
[고교 연금 수업 플랫폼|2025] 1페이지까지 · 누적 99건 (요청 2610회)
[고교 연금 수업 플랫폼|2026] 1페이지까지 · 누적 99건 (요청 2611회)
[고교학점제 대비 대학계열 탐색검사|2023] 1페이지까지 · 누적 99건 (요청 2612회)
[고교학점제 대비 대학계열 탐색검사|2024] 1페이지까지 · 누적 99건 (요청 2613회)
[고교학점제 대비 대학계열 탐색검사|2025] 1페이지까지 · 누적 99건 (요청 2614회)
[고교학점제 대비 대학계열 탐색검사|2026] 1페이지까지 · 누적 99건 (요청 2615회)
[고교학점제 수강신청 프로그램|2023] 1페이지까지 · 누적 99건 (요청 2616회)
[고교학점제 수강신청 프로그램|2024] 1페이지까지 · 누적 99건 (요청 2617회)
[고교학점제 수강신청 프로그램|2025] 1페이지까지 · 누적 100건 (요청 2619회)
[고교학점제 수강신청 프로그램|2026] 1페이지까지 · 누적 100건 (요청 2620회)
[고교학점제학사관리프로그램|2023] 1페이지까지 · 누적 100건 (요청 2621회)
[고교학점제학사관리프로그램|2024] 1페이지까지 · 누적 100건 (요청 2622회)
[고교학점제학사관리프로그램|2025] 1페이지까지 · 누적 100건 (요청 2623회)
[고교학점제학사관리프로그램|2026] 1페이지까지 · 누적 100건 (요청 2624회)
[고둥둥심포니 Composer 앱|2023] 1페이지까지 · 누적 100건 (요청 2625회)
[고둥둥심포니 Composer 앱|2024] 1페이지까지 · 누적 100건 (요청 2626회)
[고둥둥심포니 Composer 앱|2025] 1페이지까지 · 누적 100건 (요청 2627회)
[고둥둥심포니 Composer 앱|2026] 1페이지까지 · 누적 100건 (요청 2628회)
[고둥둥심포니 for EDU|2023] 1페이지까지 · 누적 100건 (요청 2629회)
[고둥둥심포니 for EDU|2024] 1페이지까지 · 누적 100건 (요청 2630회)
[고둥둥심포니 for EDU|2025] 1페이지까지 · 누적 100건 (요청 2631회)
[고둥둥심포니 for EDU|2026] 1페이지까지 · 누적 100건 (요청 2632회)
[고등 공통수학1 전인태 AI 디지털 교육자료|2023] 1페이지까지 · 누적 100건 (요청 2633회)
[고등 공통수학1 전인태 AI 디지털 교육자료|2024] 1페이지까지 · 누적 100건 (요청 2634회)
[고등 공통수학1 전인태 AI 디지털 교육자료|2025] 1페이지까지 · 누적 100건 (요청 2635회)
[고등 공통수학1 전인태 AI 디지털 교육자료|2026] 1페이지까지 · 누적 100건 (요청 2636회)
[고등 공통수학1 홍진곤 AI 디지털 교육자료|2023] 1페이지까지 · 누적 100건 (요청 2637회)
[고등 공통수학1 홍진곤 AI 디지털 교육자료|2024] 1페이지까지 · 누적 100건 (요청 2638회)
[고등 공통수학1 홍진곤 AI 디지털 교육자료|2025] 1페이지까지 · 누적 100건 (요청 2639회)
[고등 공통수학1 홍진곤 AI 디지털 교육자료|2026] 1페이지까지 · 누적 100건 (요청 2640회)
[고등 공통수학2 전인태 AI 디지털 교육자료|2023] 1페이지까지 · 누적 100건 (요청 2641회)
[고등 공통수학2 전인태 AI 디지털 교육자료|2024] 1페이지까지 · 누적 100건 (요청 2642회)
[고등 공통수학2 전인태 AI 디지털 교육자료|2025] 1페이지까지 · 누적 100건 (요청 2643회)
[고등 공통수학2 전인태 AI 디지털 교육자료|2026] 1페이지까지 · 누적 100건 (요청 2644회)
[고등 공통수학2 홍진곤 AI 디지털 교육자료|2023] 1페이지까지 · 누적 100건 (요청 2645회)
[고등 공통수학2 홍진곤 AI 디지털 교육자료|2024] 1페이지까지 · 누적 100건 (요청 2646회)
[고등 공통수학2 홍진곤 AI 디지털 교육자료|2025] 1페이지까지 · 누적 100건 (요청 2647회)
[고등 공통수학2 홍진곤 AI 디지털 교육자료|2026] 1페이지까지 · 누적 100건 (요청 2648회)
[고등 공통영어1 강상구 AI 디지털 교육자료|2023] 1페이지까지 · 누적 100건 (요청 2649회)
[고등 공통영어1 강상구 AI 디지털 교육자료|2024] 1페이지까지 · 누적 100건 (요청 2650회)
[고등 공통영어1 강상구 AI 디지털 교육자료|2025] 1페이지까지 · 누적 100건 (요청 2651회)
[고등 공통영어1 강상구 AI 디지털 교육자료|2026] 1페이지까지 · 누적 100건 (요청 2652회)
[고등 공통영어1 조수경 AI 디지털 교육자료|2023] 1페이지까지 · 누적 100건 (요청 2653회)
[고등 공통영어1 조수경 AI 디지털 교육자료|2024] 1페이지까지 · 누적 100건 (요청 2654회)
[고등 공통영어1 조수경 AI 디지털 교육자료|2025] 1페이지까지 · 누적 100건 (요청 2655회)
[고등 공통영어1 조수경 AI 디지털 교육자료|2026] 1페이지까지 · 누적 100건 (요청 2656회)
[고등 공통영어2 강상구 AI 디지털 교육자료|2023] 1페이지까지 · 누적 100건 (요청 2657회)
[고등 공통영어2 강상구 AI 디지털 교육자료|2024] 1페이지까지 · 누적 100건 (요청 2658회)
[고등 공통영어2 강상구 AI 디지털 교육자료|2025] 1페이지까지 · 누적 100건 (요청 2659회)
[고등 공통영어2 강상구 AI 디지털 교육자료|2026] 1페이지까지 · 누적 100건 (요청 2660회)
[고등 공통영어2 조수경 AI 디지털 교육자료|2023] 1페이지까지 · 누적 100건 (요청 2661회)
[고등 공통영어2 조수경 AI 디지털 교육자료|2024] 1페이지까지 · 누적 100건 (요청 2662회)
[고등 공통영어2 조수경 AI 디지털 교육자료|2025] 1페이지까지 · 누적 100건 (요청 2663회)
[고등 공통영어2 조수경 AI 디지털 교육자료|2026] 1페이지까지 · 누적 100건 (요청 2664회)
[고등 정보 AI 디지털 교육자료|2023] 1페이지까지 · 누적 100건 (요청 2665회)
[고등 정보 AI 디지털 교육자료|2024] 1페이지까지 · 누적 100건 (요청 2666회)
[고등 정보 AI 디지털 교육자료|2025] 1페이지까지 · 누적 100건 (요청 2667회)
[고등 정보 AI 디지털 교육자료|2026] 1페이지까지 · 누적 100건 (요청 2668회)
[고등 정보 김현철 AI 디지털 교육자료|2023] 1페이지까지 · 누적 100건 (요청 2669회)
[고등 정보 김현철 AI 디지털 교육자료|2024] 1페이지까지 · 누적 100건 (요청 2670회)
[고등 정보 김현철 AI 디지털 교육자료|2025] 1페이지까지 · 누적 100건 (요청 2671회)
[고등 정보 김현철 AI 디지털 교육자료|2026] 1페이지까지 · 누적 100건 (요청 2672회)
[고등학교 공통수학1 AI 디지털 교육자료|2023] 1페이지까지 · 누적 100건 (요청 2673회)
[고등학교 공통수학1 AI 디지털 교육자료|2024] 1페이지까지 · 누적 100건 (요청 2674회)
[고등학교 공통수학1 AI 디지털 교육자료|2025] 1페이지까지 · 누적 100건 (요청 2675회)
[고등학교 공통수학1 AI 디지털 교육자료|2026] 1페이지까지 · 누적 100건 (요청 2676회)
[고등학교 공통수학2 AI 디지털 교육자료|2023] 1페이지까지 · 누적 100건 (요청 2677회)
[고등학교 공통수학2 AI 디지털 교육자료|2024] 1페이지까지 · 누적 100건 (요청 2678회)
[고등학교 공통수학2 AI 디지털 교육자료|2025] 1페이지까지 · 누적 100건 (요청 2679회)
[고등학교 공통수학2 AI 디지털 교육자료|2026] 1페이지까지 · 누적 100건 (요청 2680회)
[고등학교 공통영어1 AI 디지털 교육자료|2023] 1페이지까지 · 누적 100건 (요청 2681회)
[고등학교 공통영어1 AI 디지털 교육자료|2024] 1페이지까지 · 누적 100건 (요청 2682회)
[고등학교 공통영어1 AI 디지털 교육자료|2025] 1페이지까지 · 누적 100건 (요청 2683회)
[고등학교 공통영어1 AI 디지털 교육자료|2026] 1페이지까지 · 누적 100건 (요청 2684회)
[고등학교 공통영어2 AI 디지털 교육자료|2023] 1페이지까지 · 누적 100건 (요청 2685회)
[고등학교 공통영어2 AI 디지털 교육자료|2024] 1페이지까지 · 누적 100건 (요청 2686회)
[고등학교 공통영어2 AI 디지털 교육자료|2025] 1페이지까지 · 누적 100건 (요청 2687회)
[고등학교 공통영어2 AI 디지털 교육자료|2026] 1페이지까지 · 누적 100건 (요청 2688회)
[고용24|2023] 1페이지까지 · 누적 100건 (요청 2689회)
[고용24|2024] 1페이지까지 · 누적 100건 (요청 2690회)
[고용24|2025] 1페이지까지 · 누적 100건 (요청 2691회)
[고용24|2026] 1페이지까지 · 누적 100건 (요청 2692회)
[고전5미닛|2023] 1페이지까지 · 누적 100건 (요청 2693회)
[고전5미닛|2024] 1페이지까지 · 누적 100건 (요청 2694회)
[고전5미닛|2025] 1페이지까지 · 누적 100건 (요청 2695회)
[고전5미닛|2026] 1페이지까지 · 누적 100건 (요청 2696회)
[곰도리|2023] 1페이지까지 · 누적 100건 (요청 2697회)
[곰도리|2024] 1페이지까지 · 누적 100건 (요청 2698회)
[곰도리|2025] 1페이지까지 · 누적 100건 (요청 2699회)
[곰도리|2026] 1페이지까지 · 누적 100건 (요청 2700회)
[곰믹스 비즈니스|2023] 1페이지까지 · 누적 100건 (요청 2701회)
[곰믹스 비즈니스|2024] 1페이지까지 · 누적 100건 (요청 2702회)
[곰믹스 비즈니스|2025] 1페이지까지 · 누적 102건 (요청 2705회)
[곰믹스 비즈니스|2026] 1페이지까지 · 누적 102건 (요청 2706회)
[곰이지패스 비즈니스|2023] 1페이지까지 · 누적 102건 (요청 2707회)
[곰이지패스 비즈니스|2024] 1페이지까지 · 누적 102건 (요청 2708회)
[곰이지패스 비즈니스|2025] 1페이지까지 · 누적 102건 (요청 2709회)
[곰이지패스 비즈니스|2026] 1페이지까지 · 누적 102건 (요청 2710회)
[곰캠 비즈니스|2023] 1페이지까지 · 누적 102건 (요청 2711회)
[곰캠 비즈니스|2024] 1페이지까지 · 누적 102건 (요청 2712회)
[곰캠 비즈니스|2025] 1페이지까지 · 누적 102건 (요청 2713회)
[곰캠 비즈니스|2026] 1페이지까지 · 누적 102건 (요청 2714회)
[곰플레이어+ 비즈니스|2023] 1페이지까지 · 누적 102건 (요청 2715회)
[곰플레이어+ 비즈니스|2024] 1페이지까지 · 누적 102건 (요청 2716회)
[곰플레이어+ 비즈니스|2025] 1페이지까지 · 누적 102건 (요청 2717회)
[곰플레이어+ 비즈니스|2026] 1페이지까지 · 누적 102건 (요청 2718회)
[곰픽 비즈니스|2023] 1페이지까지 · 누적 102건 (요청 2719회)
[곰픽 비즈니스|2024] 1페이지까지 · 누적 102건 (요청 2720회)
[곰픽 비즈니스|2025] 1페이지까지 · 누적 102건 (요청 2721회)
[곰픽 비즈니스|2026] 1페이지까지 · 누적 102건 (요청 2722회)
[공공 클라우드 LMS|2023] 1페이지까지 · 누적 102건 (요청 2723회)
[공공 클라우드 LMS|2024] 1페이지까지 · 누적 102건 (요청 2724회)
[공공 클라우드 LMS|2025] 1페이지까지 · 누적 102건 (요청 2725회)
[공공 클라우드 LMS|2026] 1페이지까지 · 누적 102건 (요청 2726회)
[공유보드|2023] 1페이지까지 · 누적 102건 (요청 2727회)
[공유보드|2024] 1페이지까지 · 누적 102건 (요청 2728회)
[공유보드|2025] 1페이지까지 · 누적 102건 (요청 2729회)
[공유보드|2026] 1페이지까지 · 누적 102건 (요청 2730회)
[공유보드 조이스틱 컨트롤러|2023] 1페이지까지 · 누적 102건 (요청 2731회)
[공유보드 조이스틱 컨트롤러|2024] 1페이지까지 · 누적 102건 (요청 2732회)
[공유보드 조이스틱 컨트롤러|2025] 1페이지까지 · 누적 102건 (요청 2733회)
[공유보드 조이스틱 컨트롤러|2026] 1페이지까지 · 누적 102건 (요청 2734회)
[공학도서관|2023] 1페이지까지 · 누적 102건 (요청 2735회)
[공학도서관|2024] 1페이지까지 · 누적 102건 (요청 2736회)
[공학도서관|2025] 1페이지까지 · 누적 102건 (요청 2737회)
[공학도서관|2026] 1페이지까지 · 누적 102건 (요청 2738회)
[과업 기반 언어교수법 적용 영어 회화 실습 시스템|2023] 1페이지까지 · 누적 102건 (요청 2739회)
[과업 기반 언어교수법 적용 영어 회화 실습 시스템|2024] 1페이지까지 · 누적 102건 (요청 2740회)
[과업 기반 언어교수법 적용 영어 회화 실습 시스템|2025] 1페이지까지 · 누적 102건 (요청 2741회)
[과업 기반 언어교수법 적용 영어 회화 실습 시스템|2026] 1페이지까지 · 누적 102건 (요청 2742회)
[과학동아에어 에듀|2023] 1페이지까지 · 누적 102건 (요청 2743회)
[과학동아에어 에듀|2024] 1페이지까지 · 누적 102건 (요청 2744회)
[과학동아에어 에듀|2025] 1페이지까지 · 누적 102건 (요청 2745회)
[과학동아에어 에듀|2026] 1페이지까지 · 누적 102건 (요청 2746회)
[과학쌤과학실|2023] 1페이지까지 · 누적 102건 (요청 2747회)
[과학쌤과학실|2024] 1페이지까지 · 누적 102건 (요청 2748회)
[과학쌤과학실|2025] 1페이지까지 · 누적 102건 (요청 2749회)
[과학쌤과학실|2026] 1페이지까지 · 누적 102건 (요청 2750회)
[광산구통합도서관 전자책 서비스|2023] 1페이지까지 · 누적 102건 (요청 2751회)
[광산구통합도서관 전자책 서비스|2024] 1페이지까지 · 누적 102건 (요청 2752회)
[광산구통합도서관 전자책 서비스|2025] 1페이지까지 · 누적 102건 (요청 2753회)
[광산구통합도서관 전자책 서비스|2026] 1페이지까지 · 누적 102건 (요청 2754회)
[광섬유 LED 등대 키트|2023] 1페이지까지 · 누적 102건 (요청 2755회)
[광섬유 LED 등대 키트|2024] 1페이지까지 · 누적 102건 (요청 2756회)
[광섬유 LED 등대 키트|2025] 1페이지까지 · 누적 102건 (요청 2757회)
[광섬유 LED 등대 키트|2026] 1페이지까지 · 누적 102건 (요청 2758회)
[광주동구도서관 전자도서관|2023] 1페이지까지 · 누적 102건 (요청 2759회)
[광주동구도서관 전자도서관|2024] 1페이지까지 · 누적 102건 (요청 2760회)
[광주동구도서관 전자도서관|2025] 1페이지까지 · 누적 102건 (요청 2761회)
[광주동구도서관 전자도서관|2026] 1페이지까지 · 누적 102건 (요청 2762회)
[광주아이온|2023] 1페이지까지 · 누적 102건 (요청 2763회)
[광주아이온|2024] 1페이지까지 · 누적 102건 (요청 2764회)
[광주아이온|2025] 1페이지까지 · 누적 102건 (요청 2765회)
[광주아이온|2026] 1페이지까지 · 누적 102건 (요청 2766회)
[광주형 한국어 교육 APP|2023] 1페이지까지 · 누적 102건 (요청 2767회)
[광주형 한국어 교육 APP|2024] 1페이지까지 · 누적 102건 (요청 2768회)
[광주형 한국어 교육 APP|2025] 1페이지까지 · 누적 102건 (요청 2769회)
[광주형 한국어 교육 APP|2026] 1페이지까지 · 누적 102건 (요청 2770회)
[괴테의 인생 수업|2023] 1페이지까지 · 누적 102건 (요청 2771회)
[괴테의 인생 수업|2024] 1페이지까지 · 누적 102건 (요청 2772회)
[괴테의 인생 수업|2025] 1페이지까지 · 누적 102건 (요청 2773회)
[괴테의 인생 수업|2026] 1페이지까지 · 누적 102건 (요청 2774회)
[교문사 고등 정보 AI 디지털 교육자료|2023] 1페이지까지 · 누적 102건 (요청 2775회)
[교문사 고등 정보 AI 디지털 교육자료|2024] 1페이지까지 · 누적 102건 (요청 2776회)
[교문사 고등 정보 AI 디지털 교육자료|2025] 1페이지까지 · 누적 102건 (요청 2777회)
[교문사 고등 정보 AI 디지털 교육자료|2026] 1페이지까지 · 누적 102건 (요청 2778회)
[교문사 중등 정보 AI 디지털 교육자료|2023] 1페이지까지 · 누적 102건 (요청 2779회)
[교문사 중등 정보 AI 디지털 교육자료|2024] 1페이지까지 · 누적 102건 (요청 2780회)
[교문사 중등 정보 AI 디지털 교육자료|2025] 1페이지까지 · 누적 102건 (요청 2781회)
[교문사 중등 정보 AI 디지털 교육자료|2026] 1페이지까지 · 누적 102건 (요청 2782회)
[교보문고 구독형 전자도서관|2023] 1페이지까지 · 누적 102건 (요청 2783회)
[교보문고 구독형 전자도서관|2024] 1페이지까지 · 누적 102건 (요청 2784회)
[교보문고 구독형 전자도서관|2025] 1페이지까지 · 누적 102건 (요청 2785회)
[교보문고 구독형 전자도서관|2026] 1페이지까지 · 누적 102건 (요청 2786회)
[교보문고 소장형 전자도서관|2023] 1페이지까지 · 누적 102건 (요청 2787회)
[교보문고 소장형 전자도서관|2024] 1페이지까지 · 누적 102건 (요청 2788회)
[교보문고 소장형 전자도서관|2025] 1페이지까지 · 누적 102건 (요청 2789회)
[교보문고 소장형 전자도서관|2026] 1페이지까지 · 누적 102건 (요청 2790회)
[교사용 E-BOOK|2023] 1페이지까지 · 누적 102건 (요청 2791회)
[교사용 E-BOOK|2024] 1페이지까지 · 누적 102건 (요청 2792회)
[교사용 E-BOOK|2025] 1페이지까지 · 누적 102건 (요청 2793회)
[교사용 E-BOOK|2026] 1페이지까지 · 누적 102건 (요청 2794회)
[교원안심번호|2023] 1페이지까지 · 누적 103건 (요청 2796회)
[교원안심번호|2024] 1페이지까지 · 누적 105건 (요청 2799회)
[교원안심번호|2025] 1페이지까지 · 누적 132건 (요청 2827회)
[교원안심번호|2026] 1페이지까지 · 누적 155건 (요청 2851회)
[교풀AI|2023] 1페이지까지 · 누적 155건 (요청 2852회)
[교풀AI|2024] 1페이지까지 · 누적 155건 (요청 2853회)
[교풀AI|2025] 1페이지까지 · 누적 155건 (요청 2854회)
[교풀AI|2026] 1페이지까지 · 누적 155건 (요청 2855회)
[구구판|2023] 1페이지까지 · 누적 155건 (요청 2856회)
[구구판|2024] 1페이지까지 · 누적 156건 (요청 2858회)
[구구판|2025] 1페이지까지 · 누적 156건 (요청 2859회)
[구구판|2026] 1페이지까지 · 누적 156건 (요청 2860회)
[구글 추가 서비스|2023] 1페이지까지 · 누적 156건 (요청 2861회)
[구글 추가 서비스|2024] 1페이지까지 · 누적 156건 (요청 2862회)
[구글 추가 서비스|2025] 1페이지까지 · 누적 156건 (요청 2863회)
[구글 추가 서비스|2026] 1페이지까지 · 누적 156건 (요청 2864회)
[구글EDLA인증 65인치 스탠다드 전자칠판|2023] 1페이지까지 · 누적 156건 (요청 2865회)
[구글EDLA인증 65인치 스탠다드 전자칠판|2024] 1페이지까지 · 누적 156건 (요청 2866회)
[구글EDLA인증 65인치 스탠다드 전자칠판|2025] 1페이지까지 · 누적 156건 (요청 2867회)
[구글EDLA인증 65인치 스탠다드 전자칠판|2026] 1페이지까지 · 누적 156건 (요청 2868회)
[구독형 전자책 플랫폼 서비스|2023] 1페이지까지 · 누적 156건 (요청 2869회)
[구독형 전자책 플랫폼 서비스|2024] 1페이지까지 · 누적 156건 (요청 2870회)
[구독형 전자책 플랫폼 서비스|2025] 1페이지까지 · 누적 156건 (요청 2871회)
[구독형 전자책 플랫폼 서비스|2026] 1페이지까지 · 누적 156건 (요청 2872회)
[구름EDU|2023] 1페이지까지 · 누적 156건 (요청 2873회)
[구름EDU|2024] 1페이지까지 · 누적 156건 (요청 2874회)
[구름EDU|2025] 1페이지까지 · 누적 156건 (요청 2875회)
[구름EDU|2026] 1페이지까지 · 누적 156건 (요청 2876회)
[국가기초학력지원포털|2023] 1페이지까지 · 누적 156건 (요청 2877회)
[국가기초학력지원포털|2024] 1페이지까지 · 누적 156건 (요청 2878회)
[국가기초학력지원포털|2025] 1페이지까지 · 누적 156건 (요청 2879회)
[국가기초학력지원포털|2026] 1페이지까지 · 누적 156건 (요청 2880회)
[국립온라인과학관 메타플리|2023] 1페이지까지 · 누적 156건 (요청 2881회)
[국립온라인과학관 메타플리|2024] 1페이지까지 · 누적 156건 (요청 2882회)
[국립온라인과학관 메타플리|2025] 1페이지까지 · 누적 156건 (요청 2883회)
[국립온라인과학관 메타플리|2026] 1페이지까지 · 누적 156건 (요청 2884회)
[국악놀이터|2023] 1페이지까지 · 누적 156건 (요청 2885회)
[국악놀이터|2024] 1페이지까지 · 누적 156건 (요청 2886회)
[국악놀이터|2025] 1페이지까지 · 누적 156건 (요청 2887회)
[국악놀이터|2026] 1페이지까지 · 누적 156건 (요청 2888회)
[국어로|2023] 1페이지까지 · 누적 156건 (요청 2889회)
[국어로|2024] 1페이지까지 · 누적 156건 (요청 2890회)
[국어로|2025] 1페이지까지 · 누적 158건 (요청 2893회)
[국어로|2026] 1페이지까지 · 누적 160건 (요청 2896회)
[국어하다|2023] 1페이지까지 · 누적 160건 (요청 2897회)
[국어하다|2024] 1페이지까지 · 누적 160건 (요청 2898회)
[국어하다|2025] 1페이지까지 · 누적 160건 (요청 2899회)
[국어하다|2026] 1페이지까지 · 누적 160건 (요청 2900회)
[국토정보플랫폼|2023] 1페이지까지 · 누적 160건 (요청 2901회)
[국토정보플랫폼|2024] 1페이지까지 · 누적 160건 (요청 2902회)
[국토정보플랫폼|2025] 1페이지까지 · 누적 160건 (요청 2903회)
[국토정보플랫폼|2026] 1페이지까지 · 누적 160건 (요청 2904회)
[굴착기 조작훈련 시뮬레이터|2023] 1페이지까지 · 누적 160건 (요청 2905회)
[굴착기 조작훈련 시뮬레이터|2024] 1페이지까지 · 누적 160건 (요청 2906회)
[굴착기 조작훈련 시뮬레이터|2025] 1페이지까지 · 누적 160건 (요청 2907회)
[굴착기 조작훈련 시뮬레이터|2026] 1페이지까지 · 누적 160건 (요청 2908회)
[굿노트|2023] 1페이지까지 · 누적 160건 (요청 2909회)
[굿노트|2024] 1페이지까지 · 누적 160건 (요청 2910회)
[굿노트|2025] 1페이지까지 · 누적 160건 (요청 2911회)
[굿노트|2026] 1페이지까지 · 누적 160건 (요청 2912회)
[균형잡는 앵무새 키트|2023] 1페이지까지 · 누적 160건 (요청 2913회)
[균형잡는 앵무새 키트|2024] 1페이지까지 · 누적 160건 (요청 2914회)
[균형잡는 앵무새 키트|2025] 1페이지까지 · 누적 160건 (요청 2915회)
[균형잡는 앵무새 키트|2026] 1페이지까지 · 누적 160건 (요청 2916회)
[그라운드|2023] 1페이지까지 · 누적 160건 (요청 2917회)
[그라운드|2024] 1페이지까지 · 누적 163건 (요청 2921회)
[그라운드|2025] 1페이지까지 · 누적 169건 (요청 2928회)
[그라운드|2026] 1페이지까지 · 누적 170건 (요청 2930회)
[그래머피티|2023] 1페이지까지 · 누적 170건 (요청 2931회)
[그래머피티|2024] 1페이지까지 · 누적 170건 (요청 2932회)
[그래머피티|2025] 1페이지까지 · 누적 170건 (요청 2933회)
[그래머피티|2026] 1페이지까지 · 누적 170건 (요청 2934회)
[그래피툰|2023] 1페이지까지 · 누적 170건 (요청 2935회)
[그래피툰|2024] 1페이지까지 · 누적 170건 (요청 2936회)
[그래피툰|2025] 1페이지까지 · 누적 170건 (요청 2937회)
[그래피툰|2026] 1페이지까지 · 누적 170건 (요청 2938회)
[그랩캐드 프린트|2023] 1페이지까지 · 누적 170건 (요청 2939회)
[그랩캐드 프린트|2024] 1페이지까지 · 누적 170건 (요청 2940회)
[그랩캐드 프린트|2025] 1페이지까지 · 누적 170건 (요청 2941회)
[그랩캐드 프린트|2026] 1페이지까지 · 누적 170건 (요청 2942회)
[그로우캔|2023] 1페이지까지 · 누적 170건 (요청 2943회)
[그로우캔|2024] 1페이지까지 · 누적 170건 (요청 2944회)
[그로우캔|2025] 1페이지까지 · 누적 170건 (요청 2945회)
[그로우캔|2026] 1페이지까지 · 누적 170건 (요청 2946회)
[그리니티|2023] 1페이지까지 · 누적 170건 (요청 2947회)
[그리니티|2024] 1페이지까지 · 누적 170건 (요청 2948회)
[그리니티|2025] 1페이지까지 · 누적 170건 (요청 2949회)
[그리니티|2026] 1페이지까지 · 누적 170건 (요청 2950회)
[그린웨일|2023] 1페이지까지 · 누적 170건 (요청 2951회)
[그린웨일|2024] 1페이지까지 · 누적 170건 (요청 2952회)
[그린웨일|2025] 1페이지까지 · 누적 170건 (요청 2953회)
[그린웨일|2026] 1페이지까지 · 누적 170건 (요청 2954회)
[그림봉투화분|2023] 1페이지까지 · 누적 170건 (요청 2955회)
[그림봉투화분|2024] 1페이지까지 · 누적 170건 (요청 2956회)
[그림봉투화분|2025] 1페이지까지 · 누적 171건 (요청 2958회)
[그림봉투화분|2026] 1페이지까지 · 누적 171건 (요청 2959회)
[그림한글|2023] 1페이지까지 · 누적 171건 (요청 2960회)
[그림한글|2024] 1페이지까지 · 누적 171건 (요청 2961회)
[그림한글|2025] 1페이지까지 · 누적 171건 (요청 2962회)
[그림한글|2026] 1페이지까지 · 누적 171건 (요청 2963회)
[그림한글 받아쓰기|2023] 1페이지까지 · 누적 171건 (요청 2964회)
[그림한글 받아쓰기|2024] 1페이지까지 · 누적 171건 (요청 2965회)
[그림한글 받아쓰기|2025] 1페이지까지 · 누적 171건 (요청 2966회)
[그림한글 받아쓰기|2026] 1페이지까지 · 누적 171건 (요청 2967회)
[글라스아트 체험 키트|2023] 1페이지까지 · 누적 171건 (요청 2968회)
[글라스아트 체험 키트|2024] 1페이지까지 · 누적 171건 (요청 2969회)
[글라스아트 체험 키트|2025] 1페이지까지 · 누적 171건 (요청 2970회)
[글라스아트 체험 키트|2026] 1페이지까지 · 누적 171건 (요청 2971회)
[금성출판사 고등학교 정보 AI 디지털 교육자료|2023] 1페이지까지 · 누적 171건 (요청 2972회)
[금성출판사 고등학교 정보 AI 디지털 교육자료|2024] 1페이지까지 · 누적 171건 (요청 2973회)
[금성출판사 고등학교 정보 AI 디지털 교육자료|2025] 1페이지까지 · 누적 171건 (요청 2974회)
[금성출판사 고등학교 정보 AI 디지털 교육자료|2026] 1페이지까지 · 누적 171건 (요청 2975회)
[금성출판사 중학교 정보 AI 디지털 교육자료|2023] 1페이지까지 · 누적 171건 (요청 2976회)
[금성출판사 중학교 정보 AI 디지털 교육자료|2024] 1페이지까지 · 누적 171건 (요청 2977회)
[금성출판사 중학교 정보 AI 디지털 교육자료|2025] 1페이지까지 · 누적 171건 (요청 2978회)
[금성출판사 중학교 정보 AI 디지털 교육자료|2026] 1페이지까지 · 누적 171건 (요청 2979회)
[기상기후 빅데이터 분석 플랫폼|2023] 1페이지까지 · 누적 171건 (요청 2980회)
[기상기후 빅데이터 분석 플랫폼|2024] 1페이지까지 · 누적 171건 (요청 2981회)
[기상기후 빅데이터 분석 플랫폼|2025] 1페이지까지 · 누적 171건 (요청 2982회)
[기상기후 빅데이터 분석 플랫폼|2026] 1페이지까지 · 누적 171건 (요청 2983회)
[기숙사 관리 프로그램|2023] 1페이지까지 · 누적 171건 (요청 2984회)
[기숙사 관리 프로그램|2024] 1페이지까지 · 누적 171건 (요청 2985회)
[기숙사 관리 프로그램|2025] 1페이지까지 · 누적 171건 (요청 2986회)
[기숙사 관리 프로그램|2026] 1페이지까지 · 누적 171건 (요청 2987회)
[기출탭탭|2023] 1페이지까지 · 누적 171건 (요청 2988회)
[기출탭탭|2024] 1페이지까지 · 누적 171건 (요청 2989회)
[기출탭탭|2025] 1페이지까지 · 누적 171건 (요청 2990회)
[기출탭탭|2026] 1페이지까지 · 누적 171건 (요청 2991회)
[기후행동1.5℃|2023] 1페이지까지 · 누적 171건 (요청 2992회)
[기후행동1.5℃|2024] 1페이지까지 · 누적 171건 (요청 2993회)
[기후행동1.5℃|2025] 1페이지까지 · 누적 171건 (요청 2994회)
[기후행동1.5℃|2026] 1페이지까지 · 누적 171건 (요청 2995회)
[길벗·이지톡 / 학습지원자료|2023] 1페이지까지 · 누적 171건 (요청 2996회)
[길벗·이지톡 / 학습지원자료|2024] 1페이지까지 · 누적 171건 (요청 2997회)
[길벗·이지톡 / 학습지원자료|2025] 1페이지까지 · 누적 171건 (요청 2998회)
[길벗·이지톡 / 학습지원자료|2026] 1페이지까지 · 누적 171건 (요청 2999회)
[길벗교과서 / 교수학습자료, 전자저작물|2023] 1페이지까지 · 누적 171건 (요청 3000회)
[길벗교과서 / 교수학습자료, 전자저작물|2024] 1페이지까지 · 누적 171건 (요청 3001회)
[길벗교과서 / 교수학습자료, 전자저작물|2025] 1페이지까지 · 누적 171건 (요청 3002회)
[길벗교과서 / 교수학습자료, 전자저작물|2026] 1페이지까지 · 누적 171건 (요청 3003회)
[길벗스쿨 / 학습지원자료|2023] 1페이지까지 · 누적 171건 (요청 3004회)
[길벗스쿨 / 학습지원자료|2024] 1페이지까지 · 누적 171건 (요청 3005회)
[길벗스쿨 / 학습지원자료|2025] 1페이지까지 · 누적 171건 (요청 3006회)
[길벗스쿨 / 학습지원자료|2026] 1페이지까지 · 누적 171건 (요청 3007회)
[길찾기 생존교육 오리엔티어링|2023] 1페이지까지 · 누적 171건 (요청 3008회)
[길찾기 생존교육 오리엔티어링|2024] 1페이지까지 · 누적 171건 (요청 3009회)
[길찾기 생존교육 오리엔티어링|2025] 1페이지까지 · 누적 171건 (요청 3010회)
[길찾기 생존교육 오리엔티어링|2026] 1페이지까지 · 누적 171건 (요청 3011회)
[김천시립도서관 전자도서관|2023] 1페이지까지 · 누적 171건 (요청 3012회)
[김천시립도서관 전자도서관|2024] 1페이지까지 · 누적 171건 (요청 3013회)
[김천시립도서관 전자도서관|2025] 1페이지까지 · 누적 171건 (요청 3014회)
[김천시립도서관 전자도서관|2026] 1페이지까지 · 누적 171건 (요청 3015회)
[김타자|2023] 1페이지까지 · 누적 171건 (요청 3016회)
[김타자|2024] 1페이지까지 · 누적 171건 (요청 3017회)
[김타자|2025] 1페이지까지 · 누적 171건 (요청 3018회)
[김타자|2026] 1페이지까지 · 누적 171건 (요청 3019회)
[깨디와 한글마법사|2023] 1페이지까지 · 누적 171건 (요청 3020회)
[깨디와 한글마법사|2024] 1페이지까지 · 누적 171건 (요청 3021회)
[깨디와 한글마법사|2025] 1페이지까지 · 누적 171건 (요청 3022회)
[깨디와 한글마법사|2026] 1페이지까지 · 누적 171건 (요청 3023회)
[깨봉수학|2023] 1페이지까지 · 누적 171건 (요청 3024회)
[깨봉수학|2024] 1페이지까지 · 누적 171건 (요청 3025회)
[깨봉수학|2025] 1페이지까지 · 누적 171건 (요청 3026회)
[깨봉수학|2026] 1페이지까지 · 누적 171건 (요청 3027회)
[깨비누리 1년 이용권|2023] 1페이지까지 · 누적 171건 (요청 3028회)
[깨비누리 1년 이용권|2024] 1페이지까지 · 누적 171건 (요청 3029회)
[깨비누리 1년 이용권|2025] 1페이지까지 · 누적 171건 (요청 3030회)
[깨비누리 1년 이용권|2026] 1페이지까지 · 누적 171건 (요청 3031회)
[깨비키즈 1년 이용권|2023] 1페이지까지 · 누적 171건 (요청 3032회)
[깨비키즈 1년 이용권|2024] 1페이지까지 · 누적 171건 (요청 3033회)
[깨비키즈 1년 이용권|2025] 1페이지까지 · 누적 171건 (요청 3034회)
[깨비키즈 1년 이용권|2026] 1페이지까지 · 누적 171건 (요청 3035회)
[꼬꼬무AI|2023] 1페이지까지 · 누적 171건 (요청 3036회)
[꼬꼬무AI|2024] 1페이지까지 · 누적 171건 (요청 3037회)
[꼬꼬무AI|2025] 1페이지까지 · 누적 171건 (요청 3038회)
[꼬꼬무AI|2026] 1페이지까지 · 누적 171건 (요청 3039회)
[꽃제기 만들기 키트|2023] 1페이지까지 · 누적 171건 (요청 3040회)
[꽃제기 만들기 키트|2024] 1페이지까지 · 누적 171건 (요청 3041회)
[꽃제기 만들기 키트|2025] 1페이지까지 · 누적 171건 (요청 3042회)
[꽃제기 만들기 키트|2026] 1페이지까지 · 누적 171건 (요청 3043회)
[꽃집사의 GREEN POT|2023] 1페이지까지 · 누적 171건 (요청 3044회)
[꽃집사의 GREEN POT|2024] 1페이지까지 · 누적 171건 (요청 3045회)
[꽃집사의 GREEN POT|2025] 1페이지까지 · 누적 171건 (요청 3046회)
[꽃집사의 GREEN POT|2026] 1페이지까지 · 누적 171건 (요청 3047회)
[꽃집사의 이끼정원|2023] 1페이지까지 · 누적 171건 (요청 3048회)
[꽃집사의 이끼정원|2024] 1페이지까지 · 누적 171건 (요청 3049회)
[꽃집사의 이끼정원|2025] 1페이지까지 · 누적 171건 (요청 3050회)
[꽃집사의 이끼정원|2026] 1페이지까지 · 누적 171건 (요청 3051회)
[꾸럼e|2023] 1페이지까지 · 누적 171건 (요청 3052회)
[꾸럼e|2024] 1페이지까지 · 누적 171건 (요청 3053회)
[꾸럼e|2025] 1페이지까지 · 누적 171건 (요청 3054회)
[꾸럼e|2026] 1페이지까지 · 누적 171건 (요청 3055회)
[꿈it 다_경기도교육청|2023] 1페이지까지 · 누적 171건 (요청 3056회)
[꿈it 다_경기도교육청|2024] 1페이지까지 · 누적 171건 (요청 3057회)
[꿈it 다_경기도교육청|2025] 1페이지까지 · 누적 171건 (요청 3058회)
[꿈it 다_경기도교육청|2026] 1페이지까지 · 누적 171건 (요청 3059회)
[꿈多이음|2023] 1페이지까지 · 누적 171건 (요청 3060회)
[꿈多이음|2024] 1페이지까지 · 누적 171건 (요청 3061회)
[꿈多이음|2025] 1페이지까지 · 누적 171건 (요청 3062회)
[꿈多이음|2026] 1페이지까지 · 누적 171건 (요청 3063회)
[꿈담길|2023] 1페이지까지 · 누적 171건 (요청 3064회)
[꿈담길|2024] 1페이지까지 · 누적 171건 (요청 3065회)
[꿈담길|2025] 1페이지까지 · 누적 171건 (요청 3066회)
[꿈담길|2026] 1페이지까지 · 누적 171건 (요청 3067회)
[끄적끄적아지트|2023] 1페이지까지 · 누적 171건 (요청 3068회)
[끄적끄적아지트|2024] 1페이지까지 · 누적 171건 (요청 3069회)
[끄적끄적아지트|2025] 1페이지까지 · 누적 171건 (요청 3070회)
[끄적끄적아지트|2026] 1페이지까지 · 누적 171건 (요청 3071회)
[나는 미래 스마트 교사|2023] 1페이지까지 · 누적 171건 (요청 3072회)
[나는 미래 스마트 교사|2024] 1페이지까지 · 누적 171건 (요청 3073회)
[나는 미래 스마트 교사|2025] 1페이지까지 · 누적 171건 (요청 3074회)
[나는 미래 스마트 교사|2026] 1페이지까지 · 누적 171건 (요청 3075회)
[나니아|2023] 1페이지까지 · 누적 171건 (요청 3076회)
[나니아|2024] 1페이지까지 · 누적 171건 (요청 3077회)
[나니아|2025] 1페이지까지 · 누적 172건 (요청 3079회)
[나니아|2026] 1페이지까지 · 누적 172건 (요청 3080회)
[나보:J|2023] 1페이지까지 · 누적 172건 (요청 3081회)
[나보:J|2024] 1페이지까지 · 누적 172건 (요청 3082회)
[나보:J|2025] 1페이지까지 · 누적 172건 (요청 3083회)
[나보:J|2026] 1페이지까지 · 누적 172건 (요청 3084회)
[나의 바이브 코딩 여정|2023] 1페이지까지 · 누적 172건 (요청 3085회)
[나의 바이브 코딩 여정|2024] 1페이지까지 · 누적 172건 (요청 3086회)
[나의 바이브 코딩 여정|2025] 1페이지까지 · 누적 172건 (요청 3087회)
[나의 바이브 코딩 여정|2026] 1페이지까지 · 누적 172건 (요청 3088회)
[나의AAC|2023] 1페이지까지 · 누적 172건 (요청 3089회)
[나의AAC|2024] 1페이지까지 · 누적 172건 (요청 3090회)
[나의AAC|2025] 1페이지까지 · 누적 172건 (요청 3091회)
[나의AAC|2026] 1페이지까지 · 누적 172건 (요청 3092회)
[나이스플러스|2023] 1페이지까지 · 누적 172건 (요청 3093회)
[나이스플러스|2024] 1페이지까지 · 누적 172건 (요청 3094회)
[나이스플러스|2025] 1페이지까지 · 누적 172건 (요청 3095회)
[나이스플러스|2026] 1페이지까지 · 누적 172건 (요청 3096회)
[내공스터디|2023] 1페이지까지 · 누적 172건 (요청 3097회)
[내공스터디|2024] 1페이지까지 · 누적 172건 (요청 3098회)
[내공스터디|2025] 1페이지까지 · 누적 172건 (요청 3099회)
[내공스터디|2026] 1페이지까지 · 누적 172건 (요청 3100회)
[내동중학교 칭찬저금통|2023] 1페이지까지 · 누적 172건 (요청 3101회)
[내동중학교 칭찬저금통|2024] 1페이지까지 · 누적 172건 (요청 3102회)
[내동중학교 칭찬저금통|2025] 1페이지까지 · 누적 172건 (요청 3103회)
[내동중학교 칭찬저금통|2026] 1페이지까지 · 누적 172건 (요청 3104회)
[내신닷컴 단체가입|2023] 1페이지까지 · 누적 172건 (요청 3105회)
[내신닷컴 단체가입|2024] 1페이지까지 · 누적 172건 (요청 3106회)
[내신닷컴 단체가입|2025] 1페이지까지 · 누적 172건 (요청 3107회)
[내신닷컴 단체가입|2026] 1페이지까지 · 누적 172건 (요청 3108회)
[내신닷컴 수시·정시 합격예측 서비스|2023] 1페이지까지 · 누적 172건 (요청 3109회)
[내신닷컴 수시·정시 합격예측 서비스|2024] 1페이지까지 · 누적 172건 (요청 3110회)
[내신닷컴 수시·정시 합격예측 서비스|2025] 1페이지까지 · 누적 172건 (요청 3111회)
[내신닷컴 수시·정시 합격예측 서비스|2026] 1페이지까지 · 누적 172건 (요청 3112회)
[내일의 직업을 찾아서|2023] 1페이지까지 · 누적 172건 (요청 3113회)
[내일의 직업을 찾아서|2024] 1페이지까지 · 누적 172건 (요청 3114회)
[내일의 직업을 찾아서|2025] 1페이지까지 · 누적 172건 (요청 3115회)
[내일의 직업을 찾아서|2026] 1페이지까지 · 누적 172건 (요청 3116회)
[냄비 받침대 만들기 키트|2023] 1페이지까지 · 누적 172건 (요청 3117회)
[냄비 받침대 만들기 키트|2024] 1페이지까지 · 누적 172건 (요청 3118회)
[냄비 받침대 만들기 키트|2025] 1페이지까지 · 누적 172건 (요청 3119회)
[냄비 받침대 만들기 키트|2026] 1페이지까지 · 누적 172건 (요청 3120회)
[너도나도|2023] 1페이지까지 · 누적 172건 (요청 3121회)
[너도나도|2024] 1페이지까지 · 누적 172건 (요청 3122회)
[너도나도|2025] 1페이지까지 · 누적 172건 (요청 3123회)
[너도나도|2026] 1페이지까지 · 누적 172건 (요청 3124회)
[네오 테스트|2023] 1페이지까지 · 누적 172건 (요청 3125회)
[네오 테스트|2024] 1페이지까지 · 누적 172건 (요청 3126회)
[네오 테스트|2025] 1페이지까지 · 누적 172건 (요청 3127회)
[네오 테스트|2026] 1페이지까지 · 누적 172건 (요청 3128회)
[네오봇 에듀 스마트|2023] 1페이지까지 · 누적 173건 (요청 3130회)
[네오봇 에듀 스마트|2024] 1페이지까지 · 누적 173건 (요청 3131회)
[네오봇 에듀 스마트|2025] 1페이지까지 · 누적 174건 (요청 3133회)
[네오봇 에듀 스마트|2026] 1페이지까지 · 누적 174건 (요청 3134회)
[네오쏘코|2023] 1페이지까지 · 누적 175건 (요청 3136회)
[네오쏘코|2024] 1페이지까지 · 누적 176건 (요청 3138회)
[네오쏘코|2025] 1페이지까지 · 누적 177건 (요청 3140회)
[네오쏘코|2026] 1페이지까지 · 누적 178건 (요청 3142회)
[네오씽카|2023] 1페이지까지 · 누적 180건 (요청 3145회)
[네오씽카|2024] 1페이지까지 · 누적 180건 (요청 3146회)
[네오씽카|2025] 1페이지까지 · 누적 183건 (요청 3150회)
[네오씽카|2026] 1페이지까지 · 누적 183건 (요청 3151회)
[네이버 vs 카카오|2023] 1페이지까지 · 누적 183건 (요청 3152회)
[네이버 vs 카카오|2024] 1페이지까지 · 누적 183건 (요청 3153회)
[네이버 vs 카카오|2025] 1페이지까지 · 누적 183건 (요청 3154회)
[네이버 vs 카카오|2026] 1페이지까지 · 누적 183건 (요청 3155회)
[네이버 서비스|2023] 1페이지까지 · 누적 183건 (요청 3156회)
[네이버 서비스|2024] 1페이지까지 · 누적 183건 (요청 3157회)
[네이버 서비스|2025] 1페이지까지 · 누적 183건 (요청 3158회)
[네이버 서비스|2026] 1페이지까지 · 누적 183건 (요청 3159회)
[넷서포트 스쿨|2023] 1페이지까지 · 누적 183건 (요청 3160회)
[넷서포트 스쿨|2024] 1페이지까지 · 누적 183건 (요청 3161회)
[넷서포트 스쿨|2025] 1페이지까지 · 누적 183건 (요청 3162회)
[넷서포트 스쿨|2026] 1페이지까지 · 누적 183건 (요청 3163회)
[노코드AI 스마트메이커|2023] 1페이지까지 · 누적 183건 (요청 3164회)
[노코드AI 스마트메이커|2024] 1페이지까지 · 누적 183건 (요청 3165회)
[노코드AI 스마트메이커|2025] 1페이지까지 · 누적 183건 (요청 3166회)
[노코드AI 스마트메이커|2026] 1페이지까지 · 누적 183건 (요청 3167회)
[논술마스터|2023] 1페이지까지 · 누적 183건 (요청 3168회)
[논술마스터|2024] 1페이지까지 · 누적 183건 (요청 3169회)
[논술마스터|2025] 1페이지까지 · 누적 183건 (요청 3170회)
[논술마스터|2026] 1페이지까지 · 누적 183건 (요청 3171회)
[누리놀이|2023] 1페이지까지 · 누적 183건 (요청 3172회)
[누리놀이|2024] 1페이지까지 · 누적 185건 (요청 3175회)
[누리놀이|2025] 1페이지까지 · 누적 185건 (요청 3176회)
[누리놀이|2026] 1페이지까지 · 누적 185건 (요청 3177회)
[누리놀이 위드|2023] 1페이지까지 · 누적 185건 (요청 3178회)
[누리놀이 위드|2024] 1페이지까지 · 누적 185건 (요청 3179회)
[누리놀이 위드|2025] 1페이지까지 · 누적 185건 (요청 3180회)
[누리놀이 위드|2026] 1페이지까지 · 누적 185건 (요청 3181회)
[누리한글 한글 해득 지원 시스템|2023] 1페이지까지 · 누적 185건 (요청 3182회)
[누리한글 한글 해득 지원 시스템|2024] 1페이지까지 · 누적 185건 (요청 3183회)
[누리한글 한글 해득 지원 시스템|2025] 1페이지까지 · 누적 185건 (요청 3184회)
[누리한글 한글 해득 지원 시스템|2026] 1페이지까지 · 누적 185건 (요청 3185회)
[뉴댄스, K댄스 AI튜터|2023] 1페이지까지 · 누적 185건 (요청 3186회)
[뉴댄스, K댄스 AI튜터|2024] 1페이지까지 · 누적 185건 (요청 3187회)
[뉴댄스, K댄스 AI튜터|2025] 1페이지까지 · 누적 185건 (요청 3188회)
[뉴댄스, K댄스 AI튜터|2026] 1페이지까지 · 누적 185건 (요청 3189회)
[뉴런 익스플로러|2023] 1페이지까지 · 누적 185건 (요청 3190회)
[뉴런 익스플로러|2024] 1페이지까지 · 누적 185건 (요청 3191회)
[뉴런 익스플로러|2025] 1페이지까지 · 누적 185건 (요청 3192회)
[뉴런 익스플로러|2026] 1페이지까지 · 누적 185건 (요청 3193회)
[뉴로월드 EDU|2023] 1페이지까지 · 누적 185건 (요청 3194회)
[뉴로월드 EDU|2024] 1페이지까지 · 누적 185건 (요청 3195회)
[뉴로월드 EDU|2025] 1페이지까지 · 누적 185건 (요청 3196회)
[뉴로월드 EDU|2026] 1페이지까지 · 누적 185건 (요청 3197회)
[뉴로피아: 깨어남의 기록|2023] 1페이지까지 · 누적 185건 (요청 3198회)
[뉴로피아: 깨어남의 기록|2024] 1페이지까지 · 누적 185건 (요청 3199회)
[뉴로피아: 깨어남의 기록|2025] 1페이지까지 · 누적 185건 (요청 3200회)
[뉴로피아: 깨어남의 기록|2026] 1페이지까지 · 누적 185건 (요청 3201회)
[니어팟|2023] 1페이지까지 · 누적 185건 (요청 3202회)
[니어팟|2024] 1페이지까지 · 누적 185건 (요청 3203회)
[니어팟|2025] 1페이지까지 · 누적 185건 (요청 3204회)
[니어팟|2026] 1페이지까지 · 누적 185건 (요청 3205회)
[니즈폼|2023] 1페이지까지 · 누적 185건 (요청 3206회)
[니즈폼|2024] 1페이지까지 · 누적 185건 (요청 3207회)
[니즈폼|2025] 1페이지까지 · 누적 185건 (요청 3208회)
[니즈폼|2026] 1페이지까지 · 누적 185건 (요청 3209회)
[니체가 진료합니다.당신의 삶은 건강한가요?|2023] 1페이지까지 · 누적 185건 (요청 3210회)
[니체가 진료합니다.당신의 삶은 건강한가요?|2024] 1페이지까지 · 누적 185건 (요청 3211회)
[니체가 진료합니다.당신의 삶은 건강한가요?|2025] 1페이지까지 · 누적 185건 (요청 3212회)
[니체가 진료합니다.당신의 삶은 건강한가요?|2026] 1페이지까지 · 누적 185건 (요청 3213회)
[다관절 사족보행 로봇 시뮬레이터|2023] 1페이지까지 · 누적 185건 (요청 3214회)
[다관절 사족보행 로봇 시뮬레이터|2024] 1페이지까지 · 누적 185건 (요청 3215회)
[다관절 사족보행 로봇 시뮬레이터|2025] 1페이지까지 · 누적 185건 (요청 3216회)
[다관절 사족보행 로봇 시뮬레이터|2026] 1페이지까지 · 누적 185건 (요청 3217회)
[다국어 프로그램|2023] 1페이지까지 · 누적 185건 (요청 3218회)
[다국어 프로그램|2024] 1페이지까지 · 누적 185건 (요청 3219회)
[다국어 프로그램|2025] 1페이지까지 · 누적 185건 (요청 3220회)
[다국어 프로그램|2026] 1페이지까지 · 누적 185건 (요청 3221회)
[다글로|2023] 1페이지까지 · 누적 185건 (요청 3222회)
[다글로|2024] 1페이지까지 · 누적 185건 (요청 3223회)
[다글로|2025] 1페이지까지 · 누적 185건 (요청 3224회)
[다글로|2026] 1페이지까지 · 누적 185건 (요청 3225회)
[다깨침 학습 다문화 강의실|2023] 1페이지까지 · 누적 185건 (요청 3226회)
[다깨침 학습 다문화 강의실|2024] 1페이지까지 · 누적 185건 (요청 3227회)
[다깨침 학습 다문화 강의실|2025] 1페이지까지 · 누적 185건 (요청 3228회)
[다깨침 학습 다문화 강의실|2026] 1페이지까지 · 누적 185건 (요청 3229회)
[다다익샘|2023] 1페이지까지 · 누적 185건 (요청 3230회)
[다다익샘|2024] 1페이지까지 · 누적 185건 (요청 3231회)
[다다익샘|2025] 1페이지까지 · 누적 185건 (요청 3232회)
[다다익샘|2026] 1페이지까지 · 누적 185건 (요청 3233회)
[다듣영어+|2023] 1페이지까지 · 누적 185건 (요청 3234회)
[다듣영어+|2024] 1페이지까지 · 누적 185건 (요청 3235회)
[다듣영어+|2025] 1페이지까지 · 누적 185건 (요청 3236회)
[다듣영어+|2026] 1페이지까지 · 누적 185건 (요청 3237회)
[다락방|2023] 1페이지까지 · 누적 188건 (요청 3241회)
[다락방|2024] 1페이지까지 · 누적 190건 (요청 3244회)
[다락방|2025] 1페이지까지 · 누적 194건 (요청 3249회)
[다락방|2026] 1페이지까지 · 누적 204건 (요청 3260회)
[다문화교육포털|2023] 1페이지까지 · 누적 204건 (요청 3261회)
[다문화교육포털|2024] 1페이지까지 · 누적 204건 (요청 3262회)
[다문화교육포털|2025] 1페이지까지 · 누적 204건 (요청 3263회)
[다문화교육포털|2026] 1페이지까지 · 누적 204건 (요청 3264회)
[다배움교실|2023] 1페이지까지 · 누적 204건 (요청 3265회)
[다배움교실|2024] 1페이지까지 · 누적 204건 (요청 3266회)
[다배움교실|2025] 1페이지까지 · 누적 204건 (요청 3267회)
[다배움교실|2026] 1페이지까지 · 누적 204건 (요청 3268회)
[다음포털/카페/어학사전|2023] 1페이지까지 · 누적 204건 (요청 3269회)
[다음포털/카페/어학사전|2024] 1페이지까지 · 누적 204건 (요청 3270회)
[다음포털/카페/어학사전|2025] 1페이지까지 · 누적 204건 (요청 3271회)
[다음포털/카페/어학사전|2026] 1페이지까지 · 누적 204건 (요청 3272회)
[다이아보드|2023] 1페이지까지 · 누적 204건 (요청 3273회)
[다이아보드|2024] 1페이지까지 · 누적 204건 (요청 3274회)
[다이아보드|2025] 1페이지까지 · 누적 204건 (요청 3275회)
[다이아보드|2026] 1페이지까지 · 누적 204건 (요청 3276회)
[다이어트카메라|2023] 1페이지까지 · 누적 204건 (요청 3277회)
[다이어트카메라|2024] 1페이지까지 · 누적 204건 (요청 3278회)
[다이어트카메라|2025] 1페이지까지 · 누적 204건 (요청 3279회)
[다이어트카메라|2026] 1페이지까지 · 누적 204건 (요청 3280회)
[다채움|2023] 1페이지까지 · 누적 204건 (요청 3281회)
[다채움|2024] 1페이지까지 · 누적 209건 (요청 3287회)
[다채움|2025] 1페이지까지 · 누적 222건 (요청 3301회)
[다채움|2026] 1페이지까지 · 누적 222건 (요청 3302회)
[다했니|2023] 1페이지까지 · 누적 222건 (요청 3303회)
[다했니|2024] 1페이지까지 · 누적 222건 (요청 3304회)
[다했니|2025] 1페이지까지 · 누적 223건 (요청 3306회)
[다했니|2026] 1페이지까지 · 누적 223건 (요청 3307회)
[닥줌 라이브캡션|2023] 1페이지까지 · 누적 223건 (요청 3308회)
[닥줌 라이브캡션|2024] 1페이지까지 · 누적 223건 (요청 3309회)
[닥줌 라이브캡션|2025] 1페이지까지 · 누적 223건 (요청 3310회)
[닥줌 라이브캡션|2026] 1페이지까지 · 누적 223건 (요청 3311회)
[닥터매쓰|2023] 1페이지까지 · 누적 223건 (요청 3312회)
[닥터매쓰|2024] 1페이지까지 · 누적 223건 (요청 3313회)
[닥터매쓰|2025] 1페이지까지 · 누적 223건 (요청 3314회)
[닥터매쓰|2026] 1페이지까지 · 누적 223건 (요청 3315회)
[단면 체험형 구연동화|2023] 1페이지까지 · 누적 223건 (요청 3316회)
[단면 체험형 구연동화|2024] 1페이지까지 · 누적 223건 (요청 3317회)
[단면 체험형 구연동화|2025] 1페이지까지 · 누적 223건 (요청 3318회)
[단면 체험형 구연동화|2026] 1페이지까지 · 누적 223건 (요청 3319회)
[달 딱지 만들기 키트|2023] 1페이지까지 · 누적 223건 (요청 3320회)
[달 딱지 만들기 키트|2024] 1페이지까지 · 누적 223건 (요청 3321회)
[달 딱지 만들기 키트|2025] 1페이지까지 · 누적 223건 (요청 3322회)
[달 딱지 만들기 키트|2026] 1페이지까지 · 누적 223건 (요청 3323회)
[달팽이 속에 숨은 무지개 키트|2023] 1페이지까지 · 누적 223건 (요청 3324회)
[달팽이 속에 숨은 무지개 키트|2024] 1페이지까지 · 누적 223건 (요청 3325회)
[달팽이 속에 숨은 무지개 키트|2025] 1페이지까지 · 누적 223건 (요청 3326회)
[달팽이 속에 숨은 무지개 키트|2026] 1페이지까지 · 누적 223건 (요청 3327회)
[당신의 회사는 지금|2023] 1페이지까지 · 누적 223건 (요청 3328회)
[당신의 회사는 지금|2024] 1페이지까지 · 누적 223건 (요청 3329회)
[당신의 회사는 지금|2025] 1페이지까지 · 누적 223건 (요청 3330회)
[당신의 회사는 지금|2026] 1페이지까지 · 누적 223건 (요청 3331회)
[대구 교육 가상여행 학습 KIT|2023] 1페이지까지 · 누적 223건 (요청 3332회)
[대구 교육 가상여행 학습 KIT|2024] 1페이지까지 · 누적 223건 (요청 3333회)
[대구 교육 가상여행 학습 KIT|2025] 1페이지까지 · 누적 223건 (요청 3334회)
[대구 교육 가상여행 학습 KIT|2026] 1페이지까지 · 누적 223건 (요청 3335회)
[대구전자도서관|2023] 1페이지까지 · 누적 223건 (요청 3336회)
[대구전자도서관|2024] 1페이지까지 · 누적 223건 (요청 3337회)
[대구전자도서관|2025] 1페이지까지 · 누적 223건 (요청 3338회)
[대구전자도서관|2026] 1페이지까지 · 누적 223건 (요청 3339회)
[대구학생전자도서관|2023] 1페이지까지 · 누적 223건 (요청 3340회)
[대구학생전자도서관|2024] 1페이지까지 · 누적 223건 (요청 3341회)
[대구학생전자도서관|2025] 1페이지까지 · 누적 223건 (요청 3342회)
[대구학생전자도서관|2026] 1페이지까지 · 누적 223건 (요청 3343회)
[대성마이맥 Player|2023] 1페이지까지 · 누적 223건 (요청 3344회)
[대성마이맥 Player|2024] 1페이지까지 · 누적 223건 (요청 3345회)
[대성마이맥 Player|2025] 1페이지까지 · 누적 223건 (요청 3346회)
[대성마이맥 Player|2026] 1페이지까지 · 누적 223건 (요청 3347회)
[대전 인공지능 맞춤형 교수학습 플랫폼|2023] 1페이지까지 · 누적 223건 (요청 3348회)
[대전 인공지능 맞춤형 교수학습 플랫폼|2024] 1페이지까지 · 누적 223건 (요청 3349회)
[대전 인공지능 맞춤형 교수학습 플랫폼|2025] 1페이지까지 · 누적 223건 (요청 3350회)
[대전 인공지능 맞춤형 교수학습 플랫폼|2026] 1페이지까지 · 누적 223건 (요청 3351회)
[대전공공도서관 통합홈페이지|2023] 1페이지까지 · 누적 223건 (요청 3352회)
[대전공공도서관 통합홈페이지|2024] 1페이지까지 · 누적 223건 (요청 3353회)
[대전공공도서관 통합홈페이지|2025] 1페이지까지 · 누적 223건 (요청 3354회)
[대전공공도서관 통합홈페이지|2026] 1페이지까지 · 누적 223건 (요청 3355회)
[대표홈페이지_국립특수교육원|2023] 1페이지까지 · 누적 223건 (요청 3356회)
[대표홈페이지_국립특수교육원|2024] 1페이지까지 · 누적 223건 (요청 3357회)
[대표홈페이지_국립특수교육원|2025] 1페이지까지 · 누적 223건 (요청 3358회)
[대표홈페이지_국립특수교육원|2026] 1페이지까지 · 누적 223건 (요청 3359회)
[대학입학정보프로그램 유니브|2023] 1페이지까지 · 누적 223건 (요청 3360회)
[대학입학정보프로그램 유니브|2024] 1페이지까지 · 누적 223건 (요청 3361회)
[대학입학정보프로그램 유니브|2025] 1페이지까지 · 누적 223건 (요청 3362회)
[대학입학정보프로그램 유니브|2026] 1페이지까지 · 누적 223건 (요청 3363회)
[더존 Smart A|2023] 1페이지까지 · 누적 223건 (요청 3364회)
[더존 Smart A|2024] 1페이지까지 · 누적 223건 (요청 3365회)
[더존 Smart A|2025] 1페이지까지 · 누적 223건 (요청 3366회)
[더존 Smart A|2026] 1페이지까지 · 누적 223건 (요청 3367회)
[더존 화상영어센터|2023] 1페이지까지 · 누적 223건 (요청 3368회)
[더존 화상영어센터|2024] 1페이지까지 · 누적 223건 (요청 3369회)
[더존 화상영어센터|2025] 1페이지까지 · 누적 223건 (요청 3370회)
[더존 화상영어센터|2026] 1페이지까지 · 누적 223건 (요청 3371회)
[더존화상영어|2023] 1페이지까지 · 누적 223건 (요청 3372회)
[더존화상영어|2024] 1페이지까지 · 누적 223건 (요청 3373회)
[더존화상영어|2025] 1페이지까지 · 누적 223건 (요청 3374회)
[더존화상영어|2026] 1페이지까지 · 누적 223건 (요청 3375회)
[더폰드|2023] 1페이지까지 · 누적 223건 (요청 3376회)
[더폰드|2024] 1페이지까지 · 누적 223건 (요청 3377회)
[더폰드|2025] 1페이지까지 · 누적 223건 (요청 3378회)
[더폰드|2026] 1페이지까지 · 누적 223건 (요청 3379회)
[데이스쿨|2023] 1페이지까지 · 누적 223건 (요청 3380회)
[데이스쿨|2024] 1페이지까지 · 누적 223건 (요청 3381회)
[데이스쿨|2025] 1페이지까지 · 누적 223건 (요청 3382회)
[데이스쿨|2026] 1페이지까지 · 누적 223건 (요청 3383회)
[데이터에듀 PT|2023] 1페이지까지 · 누적 223건 (요청 3384회)
[데이터에듀 PT|2024] 1페이지까지 · 누적 223건 (요청 3385회)
[데이터에듀 PT|2025] 1페이지까지 · 누적 223건 (요청 3386회)
[데이터에듀 PT|2026] 1페이지까지 · 누적 223건 (요청 3387회)
[데일리스쿨|2023] 1페이지까지 · 누적 223건 (요청 3388회)
[데일리스쿨|2024] 1페이지까지 · 누적 223건 (요청 3389회)
[데일리스쿨|2025] 1페이지까지 · 누적 223건 (요청 3390회)
[데일리스쿨|2026] 1페이지까지 · 누적 223건 (요청 3391회)
[도서출판 길벗 AI 디지털 교육자료|2023] 1페이지까지 · 누적 223건 (요청 3392회)
[도서출판 길벗 AI 디지털 교육자료|2024] 1페이지까지 · 누적 223건 (요청 3393회)
[도서출판 길벗 AI 디지털 교육자료|2025] 1페이지까지 · 누적 223건 (요청 3394회)
[도서출판 길벗 AI 디지털 교육자료|2026] 1페이지까지 · 누적 223건 (요청 3395회)
[도서출판 성안당 교과서 교사용 자료|2023] 1페이지까지 · 누적 223건 (요청 3396회)
[도서출판 성안당 교과서 교사용 자료|2024] 1페이지까지 · 누적 223건 (요청 3397회)
[도서출판 성안당 교과서 교사용 자료|2025] 1페이지까지 · 누적 223건 (요청 3398회)
[도서출판 성안당 교과서 교사용 자료|2026] 1페이지까지 · 누적 223건 (요청 3399회)
[도트 타이머|2023] 1페이지까지 · 누적 223건 (요청 3400회)
[도트 타이머|2024] 1페이지까지 · 누적 223건 (요청 3401회)
[도트 타이머|2025] 1페이지까지 · 누적 223건 (요청 3402회)
[도트 타이머|2026] 1페이지까지 · 누적 223건 (요청 3403회)
[도트 플래너|2023] 1페이지까지 · 누적 223건 (요청 3404회)
[도트 플래너|2024] 1페이지까지 · 누적 223건 (요청 3405회)
[도트 플래너|2025] 1페이지까지 · 누적 223건 (요청 3406회)
[도트 플래너|2026] 1페이지까지 · 누적 223건 (요청 3407회)
[독갑이™|2023] 1페이지까지 · 누적 223건 (요청 3408회)
[독갑이™|2024] 1페이지까지 · 누적 223건 (요청 3409회)
[독갑이™|2025] 1페이지까지 · 누적 223건 (요청 3410회)
[독갑이™|2026] 1페이지까지 · 누적 223건 (요청 3411회)
[독갑이™ 커리어플래너|2023] 1페이지까지 · 누적 223건 (요청 3412회)
[독갑이™ 커리어플래너|2024] 1페이지까지 · 누적 223건 (요청 3413회)
[독갑이™ 커리어플래너|2025] 1페이지까지 · 누적 223건 (요청 3414회)
[독갑이™ 커리어플래너|2026] 1페이지까지 · 누적 223건 (요청 3415회)
[독갑이™ 팀플|2023] 1페이지까지 · 누적 223건 (요청 3416회)
[독갑이™ 팀플|2024] 1페이지까지 · 누적 223건 (요청 3417회)
[독갑이™ 팀플|2025] 1페이지까지 · 누적 223건 (요청 3418회)
[독갑이™ 팀플|2026] 1페이지까지 · 누적 223건 (요청 3419회)
[독도 가상여행 체험학습 KIT|2023] 1페이지까지 · 누적 223건 (요청 3420회)
[독도 가상여행 체험학습 KIT|2024] 1페이지까지 · 누적 223건 (요청 3421회)
[독도 가상여행 체험학습 KIT|2025] 1페이지까지 · 누적 223건 (요청 3422회)
[독도 가상여행 체험학습 KIT|2026] 1페이지까지 · 누적 223건 (요청 3423회)
[독서 플랫폼 아이윙 이용권|2023] 1페이지까지 · 누적 223건 (요청 3424회)
[독서 플랫폼 아이윙 이용권|2024] 1페이지까지 · 누적 223건 (요청 3425회)
[독서 플랫폼 아이윙 이용권|2025] 1페이지까지 · 누적 223건 (요청 3426회)
[독서 플랫폼 아이윙 이용권|2026] 1페이지까지 · 누적 223건 (요청 3427회)
[독서교육 플랫폼 리딩오션|2023] 1페이지까지 · 누적 223건 (요청 3428회)
[독서교육 플랫폼 리딩오션|2024] 1페이지까지 · 누적 223건 (요청 3429회)
[독서교육 플랫폼 리딩오션|2025] 1페이지까지 · 누적 223건 (요청 3430회)
[독서교육 플랫폼 리딩오션|2026] 1페이지까지 · 누적 223건 (요청 3431회)
[독서로|2023] 1페이지까지 · 누적 223건 (요청 3432회)
[독서로|2024] 1페이지까지 · 누적 223건 (요청 3433회)
[독서로|2025] 1페이지까지 · 누적 235건 (요청 3446회)
[독서로|2026] 1페이지까지 · 누적 240건 (요청 3452회)
[독서퀴즈 똑책|2023] 1페이지까지 · 누적 240건 (요청 3453회)
[독서퀴즈 똑책|2024] 1페이지까지 · 누적 240건 (요청 3454회)
[독서퀴즈 똑책|2025] 1페이지까지 · 누적 240건 (요청 3455회)
[독서퀴즈 똑책|2026] 1페이지까지 · 누적 240건 (요청 3456회)
[독서통장light|2023] 1페이지까지 · 누적 240건 (요청 3457회)
[독서통장light|2024] 1페이지까지 · 누적 240건 (요청 3458회)
[독서통장light|2025] 1페이지까지 · 누적 240건 (요청 3459회)
[독서통장light|2026] 1페이지까지 · 누적 240건 (요청 3460회)
[독서화랑 클래스|2023] 1페이지까지 · 누적 240건 (요청 3461회)
[독서화랑 클래스|2024] 1페이지까지 · 누적 240건 (요청 3462회)
[독서화랑 클래스|2025] 1페이지까지 · 누적 240건 (요청 3463회)
[독서화랑 클래스|2026] 1페이지까지 · 누적 241건 (요청 3465회)
[돌고래휴지통 키트|2023] 1페이지까지 · 누적 241건 (요청 3466회)
[돌고래휴지통 키트|2024] 1페이지까지 · 누적 241건 (요청 3467회)
[돌고래휴지통 키트|2025] 1페이지까지 · 누적 241건 (요청 3468회)
[돌고래휴지통 키트|2026] 1페이지까지 · 누적 241건 (요청 3469회)
[동물카드 / 미래과학 AR|2023] 1페이지까지 · 누적 241건 (요청 3470회)
[동물카드 / 미래과학 AR|2024] 1페이지까지 · 누적 241건 (요청 3471회)
[동물카드 / 미래과학 AR|2025] 1페이지까지 · 누적 241건 (요청 3472회)
[동물카드 / 미래과학 AR|2026] 1페이지까지 · 누적 241건 (요청 3473회)
[동아링|2023] 1페이지까지 · 누적 241건 (요청 3474회)
[동아링|2024] 1페이지까지 · 누적 241건 (요청 3475회)
[동아링|2025] 1페이지까지 · 누적 241건 (요청 3476회)
[동아링|2026] 1페이지까지 · 누적 241건 (요청 3477회)
[동아여자고등학교 관리 시스템|2023] 1페이지까지 · 누적 241건 (요청 3478회)
[동아여자고등학교 관리 시스템|2024] 1페이지까지 · 누적 241건 (요청 3479회)
[동아여자고등학교 관리 시스템|2025] 1페이지까지 · 누적 241건 (요청 3480회)
[동아여자고등학교 관리 시스템|2026] 1페이지까지 · 누적 241건 (요청 3481회)
[동아출판 두클래스|2023] 1페이지까지 · 누적 241건 (요청 3482회)
[동아출판 두클래스|2024] 1페이지까지 · 누적 241건 (요청 3483회)
[동아출판 두클래스|2025] 1페이지까지 · 누적 241건 (요청 3484회)
[동아출판 두클래스|2026] 1페이지까지 · 누적 241건 (요청 3485회)
[동아출판㈜ AI 디지털 교육자료|2023] 1페이지까지 · 누적 241건 (요청 3486회)
[동아출판㈜ AI 디지털 교육자료|2024] 1페이지까지 · 누적 241건 (요청 3487회)
[동아출판㈜ AI 디지털 교육자료|2025] 1페이지까지 · 누적 241건 (요청 3488회)
[동아출판㈜ AI 디지털 교육자료|2026] 1페이지까지 · 누적 241건 (요청 3489회)
[동영상편집프로그램 - 뱁믹스2|2023] 1페이지까지 · 누적 241건 (요청 3490회)
[동영상편집프로그램 - 뱁믹스2|2024] 1페이지까지 · 누적 241건 (요청 3491회)
[동영상편집프로그램 - 뱁믹스2|2025] 1페이지까지 · 누적 241건 (요청 3492회)
[동영상편집프로그램 - 뱁믹스2|2026] 1페이지까지 · 누적 241건 (요청 3493회)
[돼지 저금통 만들기 DIY 코딩 교육 키트|2023] 1페이지까지 · 누적 241건 (요청 3494회)
[돼지 저금통 만들기 DIY 코딩 교육 키트|2024] 1페이지까지 · 누적 241건 (요청 3495회)
[돼지 저금통 만들기 DIY 코딩 교육 키트|2025] 1페이지까지 · 누적 241건 (요청 3496회)
[돼지 저금통 만들기 DIY 코딩 교육 키트|2026] 1페이지까지 · 누적 241건 (요청 3497회)
[두루책방|2023] 1페이지까지 · 누적 241건 (요청 3498회)
[두루책방|2024] 1페이지까지 · 누적 241건 (요청 3499회)
[두루책방|2025] 1페이지까지 · 누적 242건 (요청 3501회)
[두루책방|2026] 1페이지까지 · 누적 242건 (요청 3502회)
[두피디아|2023] 1페이지까지 · 누적 242건 (요청 3503회)
[두피디아|2024] 1페이지까지 · 누적 242건 (요청 3504회)
[두피디아|2025] 1페이지까지 · 누적 242건 (요청 3505회)
[두피디아|2026] 1페이지까지 · 누적 242건 (요청 3506회)
[드림AI스튜디오|2023] 1페이지까지 · 누적 242건 (요청 3507회)
[드림AI스튜디오|2024] 1페이지까지 · 누적 242건 (요청 3508회)
[드림AI스튜디오|2025] 1페이지까지 · 누적 242건 (요청 3509회)
[드림AI스튜디오|2026] 1페이지까지 · 누적 242건 (요청 3510회)
[드림어필|2023] 1페이지까지 · 누적 242건 (요청 3511회)
[드림어필|2024] 1페이지까지 · 누적 242건 (요청 3512회)
[드림어필|2025] 1페이지까지 · 누적 242건 (요청 3513회)
[드림어필|2026] 1페이지까지 · 누적 242건 (요청 3514회)
[듣는교실|2023] 1페이지까지 · 누적 242건 (요청 3515회)
[듣는교실|2024] 1페이지까지 · 누적 242건 (요청 3516회)
[듣는교실|2025] 1페이지까지 · 누적 242건 (요청 3517회)
[듣는교실|2026] 1페이지까지 · 누적 242건 (요청 3518회)
[들샘클래스ON|2023] 1페이지까지 · 누적 242건 (요청 3519회)
[들샘클래스ON|2024] 1페이지까지 · 누적 242건 (요청 3520회)
[들샘클래스ON|2025] 1페이지까지 · 누적 242건 (요청 3521회)
[들샘클래스ON|2026] 1페이지까지 · 누적 242건 (요청 3522회)
[디딤돌교실|2023] 1페이지까지 · 누적 242건 (요청 3523회)
[디딤돌교실|2024] 1페이지까지 · 누적 242건 (요청 3524회)
[디딤돌교실|2025] 1페이지까지 · 누적 247건 (요청 3530회)
[디딤돌교실|2026] 1페이지까지 · 누적 251건 (요청 3535회)
[디딤돌교육 AI 디지털 교육자료|2023] 1페이지까지 · 누적 251건 (요청 3536회)
[디딤돌교육 AI 디지털 교육자료|2024] 1페이지까지 · 누적 251건 (요청 3537회)
[디딤돌교육 AI 디지털 교육자료|2025] 1페이지까지 · 누적 251건 (요청 3538회)
[디딤돌교육 AI 디지털 교육자료|2026] 1페이지까지 · 누적 251건 (요청 3539회)
[디비디비스쿨 / 방과후학교 프로그램|2023] 1페이지까지 · 누적 251건 (요청 3540회)
[디비디비스쿨 / 방과후학교 프로그램|2024] 1페이지까지 · 누적 251건 (요청 3541회)
[디비디비스쿨 / 방과후학교 프로그램|2025] 1페이지까지 · 누적 251건 (요청 3542회)
[디비디비스쿨 / 방과후학교 프로그램|2026] 1페이지까지 · 누적 251건 (요청 3543회)
[디비피아|2023] 1페이지까지 · 누적 252건 (요청 3545회)
[디비피아|2024] 1페이지까지 · 누적 252건 (요청 3546회)
[디비피아|2025] 1페이지까지 · 누적 252건 (요청 3547회)
[디비피아|2026] 1페이지까지 · 누적 253건 (요청 3549회)
[디스커버리 에듀케이션|2023] 1페이지까지 · 누적 253건 (요청 3550회)
[디스커버리 에듀케이션|2024] 1페이지까지 · 누적 253건 (요청 3551회)
[디스커버리 에듀케이션|2025] 1페이지까지 · 누적 253건 (요청 3552회)
[디스커버리 에듀케이션|2026] 1페이지까지 · 누적 253건 (요청 3553회)
[디엘비에듀 역학과 에너지 여러가지운동|2023] 1페이지까지 · 누적 253건 (요청 3554회)
[디엘비에듀 역학과 에너지 여러가지운동|2024] 1페이지까지 · 누적 253건 (요청 3555회)
[디엘비에듀 역학과 에너지 여러가지운동|2025] 1페이지까지 · 누적 253건 (요청 3556회)
[디엘비에듀 역학과 에너지 여러가지운동|2026] 1페이지까지 · 누적 253건 (요청 3557회)
[디엘비에듀 화학 산화수법 마스터|2023] 1페이지까지 · 누적 253건 (요청 3558회)
[디엘비에듀 화학 산화수법 마스터|2024] 1페이지까지 · 누적 253건 (요청 3559회)
[디엘비에듀 화학 산화수법 마스터|2025] 1페이지까지 · 누적 253건 (요청 3560회)
[디엘비에듀 화학 산화수법 마스터|2026] 1페이지까지 · 누적 253건 (요청 3561회)
[디엘비에듀 화학 중화반응 완성|2023] 1페이지까지 · 누적 253건 (요청 3562회)
[디엘비에듀 화학 중화반응 완성|2024] 1페이지까지 · 누적 253건 (요청 3563회)
[디엘비에듀 화학 중화반응 완성|2025] 1페이지까지 · 누적 253건 (요청 3564회)
[디엘비에듀 화학 중화반응 완성|2026] 1페이지까지 · 누적 253건 (요청 3565회)
[딕셔너리팝|2023] 1페이지까지 · 누적 253건 (요청 3566회)
[딕셔너리팝|2024] 1페이지까지 · 누적 253건 (요청 3567회)
[딕셔너리팝|2025] 1페이지까지 · 누적 253건 (요청 3568회)
[딕셔너리팝|2026] 1페이지까지 · 누적 253건 (요청 3569회)
[딜라이텍스|2023] 1페이지까지 · 누적 253건 (요청 3570회)
[딜라이텍스|2024] 1페이지까지 · 누적 253건 (요청 3571회)
[딜라이텍스|2025] 1페이지까지 · 누적 253건 (요청 3572회)
[딜라이텍스|2026] 1페이지까지 · 누적 254건 (요청 3574회)
[딜라이텍스 에듀|2023] 1페이지까지 · 누적 254건 (요청 3575회)
[딜라이텍스 에듀|2024] 1페이지까지 · 누적 254건 (요청 3576회)
[딜라이텍스 에듀|2025] 1페이지까지 · 누적 254건 (요청 3577회)
[딜라이텍스 에듀|2026] 1페이지까지 · 누적 254건 (요청 3578회)
[딥코 미니|2023] 1페이지까지 · 누적 254건 (요청 3579회)
[딥코 미니|2024] 1페이지까지 · 누적 254건 (요청 3580회)
[딥코 미니|2025] 1페이지까지 · 누적 254건 (요청 3581회)
[딥코 미니|2026] 1페이지까지 · 누적 254건 (요청 3582회)
[딥코 봇|2023] 1페이지까지 · 누적 254건 (요청 3583회)
[딥코 봇|2024] 1페이지까지 · 누적 254건 (요청 3584회)
[딥코 봇|2025] 1페이지까지 · 누적 254건 (요청 3585회)
[딥코 봇|2026] 1페이지까지 · 누적 254건 (요청 3586회)
[딥코 스튜디오|2023] 1페이지까지 · 누적 254건 (요청 3587회)
[딥코 스튜디오|2024] 1페이지까지 · 누적 254건 (요청 3588회)
[딥코 스튜디오|2025] 1페이지까지 · 누적 254건 (요청 3589회)
[딥코 스튜디오|2026] 1페이지까지 · 누적 254건 (요청 3590회)
[딥코보드 키트|2023] 1페이지까지 · 누적 254건 (요청 3591회)
[딥코보드 키트|2024] 1페이지까지 · 누적 254건 (요청 3592회)
[딥코보드 키트|2025] 1페이지까지 · 누적 254건 (요청 3593회)
[딥코보드 키트|2026] 1페이지까지 · 누적 254건 (요청 3594회)
[따능AI|2023] 1페이지까지 · 누적 254건 (요청 3595회)
[따능AI|2024] 1페이지까지 · 누적 254건 (요청 3596회)
[따능AI|2025] 1페이지까지 · 누적 254건 (요청 3597회)
[따능AI|2026] 1페이지까지 · 누적 254건 (요청 3598회)
[땅굴버저|2023] 1페이지까지 · 누적 254건 (요청 3599회)
[땅굴버저|2024] 1페이지까지 · 누적 254건 (요청 3600회)
[땅굴버저|2025] 1페이지까지 · 누적 254건 (요청 3601회)
[땅굴버저|2026] 1페이지까지 · 누적 254건 (요청 3602회)
[또박한글|2023] 1페이지까지 · 누적 254건 (요청 3603회)
[또박한글|2024] 1페이지까지 · 누적 254건 (요청 3604회)
[또박한글|2025] 1페이지까지 · 누적 254건 (요청 3605회)
[또박한글|2026] 1페이지까지 · 누적 254건 (요청 3606회)
[똑똑 주식 대결_AI 반도체 전쟁|2023] 1페이지까지 · 누적 254건 (요청 3607회)
[똑똑 주식 대결_AI 반도체 전쟁|2024] 1페이지까지 · 누적 254건 (요청 3608회)
[똑똑 주식 대결_AI 반도체 전쟁|2025] 1페이지까지 · 누적 254건 (요청 3609회)
[똑똑 주식 대결_AI 반도체 전쟁|2026] 1페이지까지 · 누적 254건 (요청 3610회)
[똑똑 한자 공부방|2023] 1페이지까지 · 누적 254건 (요청 3611회)
[똑똑 한자 공부방|2024] 1페이지까지 · 누적 254건 (요청 3612회)
[똑똑 한자 공부방|2025] 1페이지까지 · 누적 254건 (요청 3613회)
[똑똑 한자 공부방|2026] 1페이지까지 · 누적 254건 (요청 3614회)
[똑똑! 수학탐험대|2023] 1페이지까지 · 누적 254건 (요청 3615회)
[똑똑! 수학탐험대|2024] 1페이지까지 · 누적 254건 (요청 3616회)
[똑똑! 수학탐험대|2025] 1페이지까지 · 누적 254건 (요청 3617회)
[똑똑! 수학탐험대|2026] 1페이지까지 · 누적 254건 (요청 3618회)
[똑책 독서퀴즈|2023] 1페이지까지 · 누적 254건 (요청 3619회)
[똑책 독서퀴즈|2024] 1페이지까지 · 누적 254건 (요청 3620회)
[똑책 독서퀴즈|2025] 1페이지까지 · 누적 254건 (요청 3621회)
[똑책 독서퀴즈|2026] 1페이지까지 · 누적 254건 (요청 3622회)
[뚜루뚜루 AI|2023] 1페이지까지 · 누적 254건 (요청 3623회)
[뚜루뚜루 AI|2024] 1페이지까지 · 누적 254건 (요청 3624회)
[뚜루뚜루 AI|2025] 1페이지까지 · 누적 254건 (요청 3625회)
[뚜루뚜루 AI|2026] 1페이지까지 · 누적 254건 (요청 3626회)
[뚝딱샵|2023] 1페이지까지 · 누적 254건 (요청 3627회)
[뚝딱샵|2024] 1페이지까지 · 누적 254건 (요청 3628회)
[뚝딱샵|2025] 1페이지까지 · 누적 254건 (요청 3629회)
[뚝딱샵|2026] 1페이지까지 · 누적 254건 (요청 3630회)
[띵커벨|2023] 1페이지까지 · 누적 254건 (요청 3631회)
[띵커벨|2024] 1페이지까지 · 누적 254건 (요청 3632회)
[띵커벨|2025] 1페이지까지 · 누적 266건 (요청 3645회)
[띵커벨|2026] 1페이지까지 · 누적 270건 (요청 3650회)
[라이노|2023] 1페이지까지 · 누적 270건 (요청 3651회)
[라이노|2024] 1페이지까지 · 누적 270건 (요청 3652회)
[라이노|2025] 1페이지까지 · 누적 270건 (요청 3653회)
[라이노|2026] 1페이지까지 · 누적 270건 (요청 3654회)
[라이키 프로젝트|2023] 1페이지까지 · 누적 270건 (요청 3655회)
[라이키 프로젝트|2024] 1페이지까지 · 누적 270건 (요청 3656회)
[라이키 프로젝트|2025] 1페이지까지 · 누적 270건 (요청 3657회)
[라이키 프로젝트|2026] 1페이지까지 · 누적 270건 (요청 3658회)
[라이트 버저|2023] 1페이지까지 · 누적 270건 (요청 3659회)
[라이트 버저|2024] 1페이지까지 · 누적 270건 (요청 3660회)
[라이트 버저|2025] 1페이지까지 · 누적 270건 (요청 3661회)
[라이트 버저|2026] 1페이지까지 · 누적 270건 (요청 3662회)
[라즈베리파이 피코 스타터 키트|2023] 1페이지까지 · 누적 270건 (요청 3663회)
[라즈베리파이 피코 스타터 키트|2024] 1페이지까지 · 누적 270건 (요청 3664회)
[라즈베리파이 피코 스타터 키트|2025] 1페이지까지 · 누적 270건 (요청 3665회)
[라즈베리파이 피코 스타터 키트|2026] 1페이지까지 · 누적 270건 (요청 3666회)
[라즈베리파이 피코2 올인원 키트|2023] 1페이지까지 · 누적 270건 (요청 3667회)
[라즈베리파이 피코2 올인원 키트|2024] 1페이지까지 · 누적 270건 (요청 3668회)
[라즈베리파이 피코2 올인원 키트|2025] 1페이지까지 · 누적 270건 (요청 3669회)
[라즈베리파이 피코2 올인원 키트|2026] 1페이지까지 · 누적 270건 (요청 3670회)
[라즈베리파이 홈 IoT 교육용 키트|2023] 1페이지까지 · 누적 270건 (요청 3671회)
[라즈베리파이 홈 IoT 교육용 키트|2024] 1페이지까지 · 누적 270건 (요청 3672회)
[라즈베리파이 홈 IoT 교육용 키트|2025] 1페이지까지 · 누적 270건 (요청 3673회)
[라즈베리파이 홈 IoT 교육용 키트|2026] 1페이지까지 · 누적 270건 (요청 3674회)
[라즈키즈 온라인 독서 프로그램|2023] 1페이지까지 · 누적 270건 (요청 3675회)
[라즈키즈 온라인 독서 프로그램|2024] 1페이지까지 · 누적 270건 (요청 3676회)
[라즈키즈 온라인 독서 프로그램|2025] 1페이지까지 · 누적 270건 (요청 3677회)
[라즈키즈 온라인 독서 프로그램|2026] 1페이지까지 · 누적 270건 (요청 3678회)
[라쿤봇|2023] 1페이지까지 · 누적 270건 (요청 3679회)
[라쿤봇|2024] 1페이지까지 · 누적 270건 (요청 3680회)
[라쿤봇|2025] 1페이지까지 · 누적 270건 (요청 3681회)
[라쿤봇|2026] 1페이지까지 · 누적 270건 (요청 3682회)
[라쿤봇 조이스틱|2023] 1페이지까지 · 누적 270건 (요청 3683회)
[라쿤봇 조이스틱|2024] 1페이지까지 · 누적 270건 (요청 3684회)
[라쿤봇 조이스틱|2025] 1페이지까지 · 누적 270건 (요청 3685회)
[라쿤봇 조이스틱|2026] 1페이지까지 · 누적 270건 (요청 3686회)
[라포라포|2023] 1페이지까지 · 누적 270건 (요청 3687회)
[라포라포|2024] 1페이지까지 · 누적 270건 (요청 3688회)
[라포라포|2025] 1페이지까지 · 누적 270건 (요청 3689회)
[라포라포|2026] 1페이지까지 · 누적 270건 (요청 3690회)
[랭카데미맥스ai스쿨|2023] 1페이지까지 · 누적 270건 (요청 3691회)
[랭카데미맥스ai스쿨|2024] 1페이지까지 · 누적 270건 (요청 3692회)
[랭카데미맥스ai스쿨|2025] 1페이지까지 · 누적 270건 (요청 3693회)
[랭카데미맥스ai스쿨|2026] 1페이지까지 · 누적 270건 (요청 3694회)
[러닝에이씨드|2023] 1페이지까지 · 누적 270건 (요청 3695회)
[러닝에이씨드|2024] 1페이지까지 · 누적 270건 (요청 3696회)
[러닝에이씨드|2025] 1페이지까지 · 누적 270건 (요청 3697회)
[러닝에이씨드|2026] 1페이지까지 · 누적 270건 (요청 3698회)
[러닝크루|2023] 1페이지까지 · 누적 270건 (요청 3699회)
[러닝크루|2024] 1페이지까지 · 누적 270건 (요청 3700회)
[러닝크루|2025] 1페이지까지 · 누적 274건 (요청 3705회)
[러닝크루|2026] 1페이지까지 · 누적 275건 (요청 3707회)
[런데이|2023] 1페이지까지 · 누적 275건 (요청 3708회)
[런데이|2024] 1페이지까지 · 누적 275건 (요청 3709회)
[런데이|2025] 1페이지까지 · 누적 276건 (요청 3711회)
[런데이|2026] 1페이지까지 · 누적 277건 (요청 3713회)
[런메이트|2023] 1페이지까지 · 누적 277건 (요청 3714회)
[런메이트|2024] 1페이지까지 · 누적 277건 (요청 3715회)
[런메이트|2025] 1페이지까지 · 누적 277건 (요청 3716회)
[런메이트|2026] 1페이지까지 · 누적 277건 (요청 3717회)
[레고 에듀케이션 사이언스 / 시크릿노트|2023] 1페이지까지 · 누적 277건 (요청 3718회)
[레고 에듀케이션 사이언스 / 시크릿노트|2024] 1페이지까지 · 누적 277건 (요청 3719회)
[레고 에듀케이션 사이언스 / 시크릿노트|2025] 1페이지까지 · 누적 277건 (요청 3720회)
[레고 에듀케이션 사이언스 / 시크릿노트|2026] 1페이지까지 · 누적 277건 (요청 3721회)
[레고 에듀케이션 컴퓨터 사이언스&AI|2023] 1페이지까지 · 누적 277건 (요청 3722회)
[레고 에듀케이션 컴퓨터 사이언스&AI|2024] 1페이지까지 · 누적 277건 (요청 3723회)
[레고 에듀케이션 컴퓨터 사이언스&AI|2025] 1페이지까지 · 누적 277건 (요청 3724회)
[레고 에듀케이션 컴퓨터 사이언스&AI|2026] 1페이지까지 · 누적 277건 (요청 3725회)
[레드멘타|2023] 1페이지까지 · 누적 277건 (요청 3726회)
[레드멘타|2024] 1페이지까지 · 누적 277건 (요청 3727회)
[레드멘타|2025] 1페이지까지 · 누적 277건 (요청 3728회)
[레드멘타|2026] 1페이지까지 · 누적 277건 (요청 3729회)
[레슨위드|2023] 1페이지까지 · 누적 277건 (요청 3730회)
[레슨위드|2024] 1페이지까지 · 누적 277건 (요청 3731회)
[레슨위드|2025] 1페이지까지 · 누적 277건 (요청 3732회)
[레슨위드|2026] 1페이지까지 · 누적 277건 (요청 3733회)
[레이어드AI|2023] 1페이지까지 · 누적 277건 (요청 3734회)
[레이어드AI|2024] 1페이지까지 · 누적 277건 (요청 3735회)
[레이어드AI|2025] 1페이지까지 · 누적 277건 (요청 3736회)
[레이어드AI|2026] 1페이지까지 · 누적 277건 (요청 3737회)
[레이저박스 로터리|2023] 1페이지까지 · 누적 277건 (요청 3738회)
[레이저박스 로터리|2024] 1페이지까지 · 누적 277건 (요청 3739회)
[레이저박스 로터리|2025] 1페이지까지 · 누적 277건 (요청 3740회)
[레이저박스 로터리|2026] 1페이지까지 · 누적 277건 (요청 3741회)
[레이저사격시스템|2023] 1페이지까지 · 누적 277건 (요청 3742회)
[레이저사격시스템|2024] 1페이지까지 · 누적 277건 (요청 3743회)
[레이저사격시스템|2025] 1페이지까지 · 누적 277건 (요청 3744회)
[레이저사격시스템|2026] 1페이지까지 · 누적 277건 (요청 3745회)
[레이저줄자 DIY 아두이노 코딩교육 키트|2023] 1페이지까지 · 누적 277건 (요청 3746회)
[레이저줄자 DIY 아두이노 코딩교육 키트|2024] 1페이지까지 · 누적 277건 (요청 3747회)
[레이저줄자 DIY 아두이노 코딩교육 키트|2025] 1페이지까지 · 누적 277건 (요청 3748회)
[레이저줄자 DIY 아두이노 코딩교육 키트|2026] 1페이지까지 · 누적 277건 (요청 3749회)
[레전드 오브 바둑|2023] 1페이지까지 · 누적 277건 (요청 3750회)
[레전드 오브 바둑|2024] 1페이지까지 · 누적 277건 (요청 3751회)
[레전드 오브 바둑|2025] 1페이지까지 · 누적 277건 (요청 3752회)
[레전드 오브 바둑|2026] 1페이지까지 · 누적 277건 (요청 3753회)
[레츠비트 AI 우주수호대|2023] 1페이지까지 · 누적 277건 (요청 3754회)
[레츠비트 AI 우주수호대|2024] 1페이지까지 · 누적 277건 (요청 3755회)
[레츠비트 AI 우주수호대|2025] 1페이지까지 · 누적 277건 (요청 3756회)
[레츠비트 AI 우주수호대|2026] 1페이지까지 · 누적 277건 (요청 3757회)
[레터웍스|2023] 1페이지까지 · 누적 277건 (요청 3758회)
[레터웍스|2024] 1페이지까지 · 누적 277건 (요청 3759회)
[레터웍스|2025] 1페이지까지 · 누적 277건 (요청 3760회)
[레터웍스|2026] 1페이지까지 · 누적 277건 (요청 3761회)
[렛츠고 바둑 대모험|2023] 1페이지까지 · 누적 277건 (요청 3762회)
[렛츠고 바둑 대모험|2024] 1페이지까지 · 누적 277건 (요청 3763회)
[렛츠고 바둑 대모험|2025] 1페이지까지 · 누적 277건 (요청 3764회)
[렛츠고 바둑 대모험|2026] 1페이지까지 · 누적 277건 (요청 3765회)
[렛츠고 창의인성 바둑스쿨|2023] 1페이지까지 · 누적 277건 (요청 3766회)
[렛츠고 창의인성 바둑스쿨|2024] 1페이지까지 · 누적 277건 (요청 3767회)
[렛츠고 창의인성 바둑스쿨|2025] 1페이지까지 · 누적 277건 (요청 3768회)
[렛츠고 창의인성 바둑스쿨|2026] 1페이지까지 · 누적 277건 (요청 3769회)
[렛츠코딩|2023] 1페이지까지 · 누적 277건 (요청 3770회)
[렛츠코딩|2024] 1페이지까지 · 누적 277건 (요청 3771회)
[렛츠코딩|2025] 1페이지까지 · 누적 277건 (요청 3772회)
[렛츠코딩|2026] 1페이지까지 · 누적 277건 (요청 3773회)
[로보독|2023] 1페이지까지 · 누적 277건 (요청 3774회)
[로보독|2024] 1페이지까지 · 누적 277건 (요청 3775회)
[로보독|2025] 1페이지까지 · 누적 277건 (요청 3776회)
[로보독|2026] 1페이지까지 · 누적 277건 (요청 3777회)
[로보마스터 TT|2023] 1페이지까지 · 누적 277건 (요청 3778회)
[로보마스터 TT|2024] 1페이지까지 · 누적 277건 (요청 3779회)
[로보마스터 TT|2025] 1페이지까지 · 누적 277건 (요청 3780회)
[로보마스터 TT|2026] 1페이지까지 · 누적 277건 (요청 3781회)
[로보메이션 DFU|2023] 1페이지까지 · 누적 277건 (요청 3782회)
[로보메이션 DFU|2024] 1페이지까지 · 누적 277건 (요청 3783회)
[로보메이션 DFU|2025] 1페이지까지 · 누적 277건 (요청 3784회)
[로보메이션 DFU|2026] 1페이지까지 · 누적 277건 (요청 3785회)
[로보메이션랩|2023] 1페이지까지 · 누적 277건 (요청 3786회)
[로보메이션랩|2024] 1페이지까지 · 누적 277건 (요청 3787회)
[로보메이션랩|2025] 1페이지까지 · 누적 277건 (요청 3788회)
[로보메이션랩|2026] 1페이지까지 · 누적 277건 (요청 3789회)
[로보미|2023] 1페이지까지 · 누적 277건 (요청 3790회)
[로보미|2024] 1페이지까지 · 누적 277건 (요청 3791회)
[로보미|2025] 1페이지까지 · 누적 277건 (요청 3792회)
[로보미|2026] 1페이지까지 · 누적 277건 (요청 3793회)
[로보미 학교공용형|2023] 1페이지까지 · 누적 277건 (요청 3794회)
[로보미 학교공용형|2024] 1페이지까지 · 누적 277건 (요청 3795회)
[로보미 학교공용형|2025] 1페이지까지 · 누적 277건 (요청 3796회)
[로보미 학교공용형|2026] 1페이지까지 · 누적 277건 (요청 3797회)
[로보미 학생개별형|2023] 1페이지까지 · 누적 277건 (요청 3798회)
[로보미 학생개별형|2024] 1페이지까지 · 누적 277건 (요청 3799회)
[로보미 학생개별형|2025] 1페이지까지 · 누적 277건 (요청 3800회)
[로보미 학생개별형|2026] 1페이지까지 · 누적 277건 (요청 3801회)
[로보이드 AI 파이썬 라이브러리|2023] 1페이지까지 · 누적 277건 (요청 3802회)
[로보이드 AI 파이썬 라이브러리|2024] 1페이지까지 · 누적 277건 (요청 3803회)
[로보이드 AI 파이썬 라이브러리|2025] 1페이지까지 · 누적 277건 (요청 3804회)
[로보이드 AI 파이썬 라이브러리|2026] 1페이지까지 · 누적 277건 (요청 3805회)
[로보이드 C 라이브러리|2023] 1페이지까지 · 누적 277건 (요청 3806회)
[로보이드 C 라이브러리|2024] 1페이지까지 · 누적 277건 (요청 3807회)
[로보이드 C 라이브러리|2025] 1페이지까지 · 누적 277건 (요청 3808회)
[로보이드 C 라이브러리|2026] 1페이지까지 · 누적 277건 (요청 3809회)
[로보이드 CPP 라이브러리|2023] 1페이지까지 · 누적 277건 (요청 3810회)
[로보이드 CPP 라이브러리|2024] 1페이지까지 · 누적 277건 (요청 3811회)
[로보이드 CPP 라이브러리|2025] 1페이지까지 · 누적 277건 (요청 3812회)
[로보이드 CPP 라이브러리|2026] 1페이지까지 · 누적 277건 (요청 3813회)
[로보이드 론처|2023] 1페이지까지 · 누적 277건 (요청 3814회)
[로보이드 론처|2024] 1페이지까지 · 누적 277건 (요청 3815회)
[로보이드 론처|2025] 1페이지까지 · 누적 277건 (요청 3816회)
[로보이드 론처|2026] 1페이지까지 · 누적 277건 (요청 3817회)
[로보이드 메이커|2023] 1페이지까지 · 누적 277건 (요청 3818회)
[로보이드 메이커|2024] 1페이지까지 · 누적 277건 (요청 3819회)
[로보이드 메이커|2025] 1페이지까지 · 누적 277건 (요청 3820회)
[로보이드 메이커|2026] 1페이지까지 · 누적 277건 (요청 3821회)
[로보이드 자바 라이브러리|2023] 1페이지까지 · 누적 277건 (요청 3822회)
[로보이드 자바 라이브러리|2024] 1페이지까지 · 누적 277건 (요청 3823회)
[로보이드 자바 라이브러리|2025] 1페이지까지 · 누적 277건 (요청 3824회)
[로보이드 자바 라이브러리|2026] 1페이지까지 · 누적 277건 (요청 3825회)
[로보이드 자바스크립트 라이브러리|2023] 1페이지까지 · 누적 277건 (요청 3826회)
[로보이드 자바스크립트 라이브러리|2024] 1페이지까지 · 누적 277건 (요청 3827회)
[로보이드 자바스크립트 라이브러리|2025] 1페이지까지 · 누적 277건 (요청 3828회)
[로보이드 자바스크립트 라이브러리|2026] 1페이지까지 · 누적 277건 (요청 3829회)
[로보이드 파이썬 라이브러리|2023] 1페이지까지 · 누적 277건 (요청 3830회)
[로보이드 파이썬 라이브러리|2024] 1페이지까지 · 누적 277건 (요청 3831회)
[로보이드 파이썬 라이브러리|2025] 1페이지까지 · 누적 277건 (요청 3832회)
[로보이드 파이썬 라이브러리|2026] 1페이지까지 · 누적 277건 (요청 3833회)
[로보이드 프로세싱 라이브러리|2023] 1페이지까지 · 누적 277건 (요청 3834회)
[로보이드 프로세싱 라이브러리|2024] 1페이지까지 · 누적 277건 (요청 3835회)
[로보이드 프로세싱 라이브러리|2025] 1페이지까지 · 누적 277건 (요청 3836회)
[로보이드 프로세싱 라이브러리|2026] 1페이지까지 · 누적 277건 (요청 3837회)
[로보토리 / 로버스|2023] 1페이지까지 · 누적 277건 (요청 3838회)
[로보토리 / 로버스|2024] 1페이지까지 · 누적 277건 (요청 3839회)
[로보토리 / 로버스|2025] 1페이지까지 · 누적 277건 (요청 3840회)
[로보토리 / 로버스|2026] 1페이지까지 · 누적 277건 (요청 3841회)
[로봇 코딩|2023] 1페이지까지 · 누적 281건 (요청 3846회)
[로봇 코딩|2024] 1페이지까지 · 누적 281건 (요청 3847회)
[로봇 코딩|2025] 1페이지까지 · 누적 292건 (요청 3859회)
[로봇 코딩|2026] 1페이지까지 · 누적 293건 (요청 3861회)
[로봇팔키트|2023] 1페이지까지 · 누적 293건 (요청 3862회)
[로봇팔키트|2024] 1페이지까지 · 누적 293건 (요청 3863회)
[로봇팔키트|2025] 1페이지까지 · 누적 293건 (요청 3864회)
[로봇팔키트|2026] 1페이지까지 · 누적 293건 (요청 3865회)
[로비코|2023] 1페이지까지 · 누적 293건 (요청 3866회)
[로비코|2024] 1페이지까지 · 누적 293건 (요청 3867회)
[로비코|2025] 1페이지까지 · 누적 293건 (요청 3868회)
[로비코|2026] 1페이지까지 · 누적 293건 (요청 3869회)
[로켓트리|2023] 1페이지까지 · 누적 293건 (요청 3870회)
[로켓트리|2024] 1페이지까지 · 누적 293건 (요청 3871회)
[로켓트리|2025] 1페이지까지 · 누적 293건 (요청 3872회)
[로켓트리|2026] 1페이지까지 · 누적 293건 (요청 3873회)
[로키토키|2023] 1페이지까지 · 누적 293건 (요청 3874회)
[로키토키|2024] 1페이지까지 · 누적 293건 (요청 3875회)
[로키토키|2025] 1페이지까지 · 누적 293건 (요청 3876회)
[로키토키|2026] 1페이지까지 · 누적 293건 (요청 3877회)
[루미온|2023] 1페이지까지 · 누적 293건 (요청 3878회)
[루미온|2024] 1페이지까지 · 누적 293건 (요청 3879회)
[루미온|2025] 1페이지까지 · 누적 293건 (요청 3880회)
[루미온|2026] 1페이지까지 · 누적 293건 (요청 3881회)
[리더스아이|2023] 1페이지까지 · 누적 293건 (요청 3882회)
[리더스아이|2024] 1페이지까지 · 누적 293건 (요청 3883회)
[리더스아이|2025] 1페이지까지 · 누적 293건 (요청 3884회)
[리더스아이|2026] 1페이지까지 · 누적 293건 (요청 3885회)
[리도보카|2023] 1페이지까지 · 누적 293건 (요청 3886회)
[리도보카|2024] 1페이지까지 · 누적 293건 (요청 3887회)
[리도보카|2025] 1페이지까지 · 누적 293건 (요청 3888회)
[리도보카|2026] 1페이지까지 · 누적 293건 (요청 3889회)
[리드마크|2023] 1페이지까지 · 누적 293건 (요청 3890회)
[리드마크|2024] 1페이지까지 · 누적 293건 (요청 3891회)
[리드마크|2025] 1페이지까지 · 누적 293건 (요청 3892회)
[리드마크|2026] 1페이지까지 · 누적 293건 (요청 3893회)
[리드앤톡영어도서관|2023] 1페이지까지 · 누적 293건 (요청 3894회)
[리드앤톡영어도서관|2024] 1페이지까지 · 누적 293건 (요청 3895회)
[리드앤톡영어도서관|2025] 1페이지까지 · 누적 293건 (요청 3896회)
[리드앤톡영어도서관|2026] 1페이지까지 · 누적 293건 (요청 3897회)
[리드포스쿨|2023] 1페이지까지 · 누적 293건 (요청 3898회)
[리드포스쿨|2024] 1페이지까지 · 누적 295건 (요청 3901회)
[리드포스쿨|2025] 1페이지까지 · 누적 296건 (요청 3903회)
[리드포스쿨|2026] 1페이지까지 · 누적 296건 (요청 3904회)
[리딩 PRO|2023] 1페이지까지 · 누적 296건 (요청 3905회)
[리딩 PRO|2024] 1페이지까지 · 누적 296건 (요청 3906회)
[리딩 PRO|2025] 1페이지까지 · 누적 296건 (요청 3907회)
[리딩 PRO|2026] 1페이지까지 · 누적 296건 (요청 3908회)
[리딩101|2023] 1페이지까지 · 누적 296건 (요청 3909회)
[리딩101|2024] 1페이지까지 · 누적 296건 (요청 3910회)
[리딩101|2025] 1페이지까지 · 누적 296건 (요청 3911회)
[리딩101|2026] 1페이지까지 · 누적 296건 (요청 3912회)
[리딩게이트|2023] 1페이지까지 · 누적 309건 (요청 3926회)
[리딩게이트|2024] 1페이지까지 · 누적 320건 (요청 3938회)
[리딩게이트|2025] 1페이지까지 · 누적 338건 (요청 3957회)
[리딩게이트|2026] 1페이지까지 · 누적 349건 (요청 3969회)
[리딩레이스|2023] 1페이지까지 · 누적 349건 (요청 3970회)
[리딩레이스|2024] 1페이지까지 · 누적 349건 (요청 3971회)
[리딩레이스|2025] 1페이지까지 · 누적 349건 (요청 3972회)
[리딩레이스|2026] 1페이지까지 · 누적 349건 (요청 3973회)
[리딩비 AI 영어독서 프로그램|2023] 1페이지까지 · 누적 349건 (요청 3974회)
[리딩비 AI 영어독서 프로그램|2024] 1페이지까지 · 누적 349건 (요청 3975회)
[리딩비 AI 영어독서 프로그램|2025] 1페이지까지 · 누적 349건 (요청 3976회)
[리딩비 AI 영어독서 프로그램|2026] 1페이지까지 · 누적 349건 (요청 3977회)
[리딩비 AI 튜터 영어독서-자기주도|2023] 1페이지까지 · 누적 349건 (요청 3978회)
[리딩비 AI 튜터 영어독서-자기주도|2024] 1페이지까지 · 누적 349건 (요청 3979회)
[리딩비 AI 튜터 영어독서-자기주도|2025] 1페이지까지 · 누적 349건 (요청 3980회)
[리딩비 AI 튜터 영어독서-자기주도|2026] 1페이지까지 · 누적 349건 (요청 3981회)
[리딩비 AI 튜터 파닉스-자기주도|2023] 1페이지까지 · 누적 349건 (요청 3982회)
[리딩비 AI 튜터 파닉스-자기주도|2024] 1페이지까지 · 누적 349건 (요청 3983회)
[리딩비 AI 튜터 파닉스-자기주도|2025] 1페이지까지 · 누적 349건 (요청 3984회)
[리딩비 AI 튜터 파닉스-자기주도|2026] 1페이지까지 · 누적 349건 (요청 3985회)
[리딩비 AI 튜터 화상수업-자기주도|2023] 1페이지까지 · 누적 349건 (요청 3986회)
[리딩비 AI 튜터 화상수업-자기주도|2024] 1페이지까지 · 누적 349건 (요청 3987회)
[리딩비 AI 튜터 화상수업-자기주도|2025] 1페이지까지 · 누적 349건 (요청 3988회)
[리딩비 AI 튜터 화상수업-자기주도|2026] 1페이지까지 · 누적 349건 (요청 3989회)
[리딩앤스쿨|2023] 1페이지까지 · 누적 349건 (요청 3990회)
[리딩앤스쿨|2024] 1페이지까지 · 누적 349건 (요청 3991회)
[리딩앤스쿨|2025] 1페이지까지 · 누적 349건 (요청 3992회)
[리딩앤스쿨|2026] 1페이지까지 · 누적 349건 (요청 3993회)
[리딩오션스플러스|2023] 1페이지까지 · 누적 349건 (요청 3994회)
[리딩오션스플러스|2024] 1페이지까지 · 누적 349건 (요청 3995회)
[리딩오션스플러스|2025] 1페이지까지 · 누적 349건 (요청 3996회)
[리딩오션스플러스|2026] 1페이지까지 · 누적 349건 (요청 3997회)
[리딩캣|2023] 1페이지까지 · 누적 349건 (요청 3998회)
[리딩캣|2024] 1페이지까지 · 누적 349건 (요청 3999회)
[리딩캣|2025] 1페이지까지 · 누적 349건 (요청 4000회)
[리딩캣|2026] 1페이지까지 · 누적 349건 (요청 4001회)
[리딩해빗|2023] 1페이지까지 · 누적 349건 (요청 4002회)
[리딩해빗|2024] 1페이지까지 · 누적 349건 (요청 4003회)
[리딩해빗|2025] 1페이지까지 · 누적 349건 (요청 4004회)
[리딩해빗|2026] 1페이지까지 · 누적 349건 (요청 4005회)
[리로스쿨|2023] 1페이지까지 · 누적 387건 (요청 4044회)
[리로스쿨|2024] 1페이지까지 · 누적 431건 (요청 4089회)
[리로스쿨|2025] 1페이지까지 · 누적 504건 (요청 4163회)
[리로스쿨|2026] 1페이지까지 · 누적 554건 (요청 4214회)
[리베르스쿨 교과서|2023] 1페이지까지 · 누적 554건 (요청 4215회)
[리베르스쿨 교과서|2024] 1페이지까지 · 누적 554건 (요청 4216회)
[리베르스쿨 교과서|2025] 1페이지까지 · 누적 554건 (요청 4217회)
[리베르스쿨 교과서|2026] 1페이지까지 · 누적 554건 (요청 4218회)
[리빙박스|2023] 1페이지까지 · 누적 557건 (요청 4222회)
[리빙박스|2024] 1페이지까지 · 누적 570건 (요청 4236회)
[리빙박스|2025] 1페이지까지 · 누적 608건 (요청 4275회)
[리빙박스|2026] 1페이지까지 · 누적 621건 (요청 4289회)
[리스닝스쿨|2023] 1페이지까지 · 누적 621건 (요청 4290회)
[리스닝스쿨|2024] 1페이지까지 · 누적 621건 (요청 4291회)
[리스닝스쿨|2025] 1페이지까지 · 누적 621건 (요청 4292회)
[리스닝스쿨|2026] 1페이지까지 · 누적 621건 (요청 4293회)
[리슨앤매치 잉글리시 러닝패드|2023] 1페이지까지 · 누적 621건 (요청 4294회)
[리슨앤매치 잉글리시 러닝패드|2024] 1페이지까지 · 누적 621건 (요청 4295회)
[리슨앤매치 잉글리시 러닝패드|2025] 1페이지까지 · 누적 621건 (요청 4296회)
[리슨앤매치 잉글리시 러닝패드|2026] 1페이지까지 · 누적 621건 (요청 4297회)
[리얼 PT|2023] 1페이지까지 · 누적 621건 (요청 4298회)
[리얼 PT|2024] 1페이지까지 · 누적 621건 (요청 4299회)
[리얼 PT|2025] 1페이지까지 · 누적 621건 (요청 4300회)
[리얼 PT|2026] 1페이지까지 · 누적 621건 (요청 4301회)
[리얼월드 스쿨|2023] 1페이지까지 · 누적 621건 (요청 4302회)
[리얼월드 스쿨|2024] 1페이지까지 · 누적 621건 (요청 4303회)
[리얼월드 스쿨|2025] 1페이지까지 · 누적 621건 (요청 4304회)
[리얼월드 스쿨|2026] 1페이지까지 · 누적 621건 (요청 4305회)
[리얼월드 스튜디오|2023] 1페이지까지 · 누적 621건 (요청 4306회)
[리얼월드 스튜디오|2024] 1페이지까지 · 누적 621건 (요청 4307회)
[리얼월드 스튜디오|2025] 1페이지까지 · 누적 621건 (요청 4308회)
[리얼월드 스튜디오|2026] 1페이지까지 · 누적 621건 (요청 4309회)
[리틀리|2023] 1페이지까지 · 누적 621건 (요청 4310회)
[리틀리|2024] 1페이지까지 · 누적 621건 (요청 4311회)
[리틀리|2025] 1페이지까지 · 누적 621건 (요청 4312회)
[리틀리|2026] 1페이지까지 · 누적 621건 (요청 4313회)
[리틀빗으로 시작하는 IoT|2023] 1페이지까지 · 누적 621건 (요청 4314회)
[리틀빗으로 시작하는 IoT|2024] 1페이지까지 · 누적 621건 (요청 4315회)
[리틀빗으로 시작하는 IoT|2025] 1페이지까지 · 누적 621건 (요청 4316회)
[리틀빗으로 시작하는 IoT|2026] 1페이지까지 · 누적 621건 (요청 4317회)
[릴리스AI|2023] 1페이지까지 · 누적 621건 (요청 4318회)
[릴리스AI|2024] 1페이지까지 · 누적 621건 (요청 4319회)
[릴리스AI|2025] 1페이지까지 · 누적 621건 (요청 4320회)
[릴리스AI|2026] 1페이지까지 · 누적 621건 (요청 4321회)
[링글 틴즈|2023] 1페이지까지 · 누적 621건 (요청 4322회)
[링글 틴즈|2024] 1페이지까지 · 누적 621건 (요청 4323회)
[링글 틴즈|2025] 1페이지까지 · 누적 621건 (요청 4324회)
[링글 틴즈|2026] 1페이지까지 · 누적 621건 (요청 4325회)
[링스쿨|2023] 1페이지까지 · 누적 621건 (요청 4326회)
[링스쿨|2024] 1페이지까지 · 누적 621건 (요청 4327회)
[링스쿨|2025] 1페이지까지 · 누적 621건 (요청 4328회)
[링스쿨|2026] 1페이지까지 · 누적 621건 (요청 4329회)
[링크원|2023] 1페이지까지 · 누적 621건 (요청 4330회)
[링크원|2024] 1페이지까지 · 누적 621건 (요청 4331회)
[링크원|2025] 1페이지까지 · 누적 621건 (요청 4332회)
[링크원|2026] 1페이지까지 · 누적 621건 (요청 4333회)
[마루랩|2023] 1페이지까지 · 누적 621건 (요청 4334회)
[마루랩|2024] 1페이지까지 · 누적 621건 (요청 4335회)
[마루랩|2025] 1페이지까지 · 누적 621건 (요청 4336회)
[마루랩|2026] 1페이지까지 · 누적 621건 (요청 4337회)
[마소캠퍼스 교육 콘텐츠|2023] 1페이지까지 · 누적 621건 (요청 4338회)
[마소캠퍼스 교육 콘텐츠|2024] 1페이지까지 · 누적 621건 (요청 4339회)
[마소캠퍼스 교육 콘텐츠|2025] 1페이지까지 · 누적 621건 (요청 4340회)
[마소캠퍼스 교육 콘텐츠|2026] 1페이지까지 · 누적 621건 (요청 4341회)
[마에스트로|2023] 1페이지까지 · 누적 622건 (요청 4343회)
[마에스트로|2024] 1페이지까지 · 누적 624건 (요청 4346회)
[마에스트로|2025] 1페이지까지 · 누적 631건 (요청 4354회)
[마에스트로|2026] 1페이지까지 · 누적 632건 (요청 4356회)
[마음EASY검사|2023] 1페이지까지 · 누적 632건 (요청 4357회)
[마음EASY검사|2024] 1페이지까지 · 누적 632건 (요청 4358회)
[마음EASY검사|2025] 1페이지까지 · 누적 632건 (요청 4359회)
[마음EASY검사|2026] 1페이지까지 · 누적 632건 (요청 4360회)
[마음갈피|2023] 1페이지까지 · 누적 632건 (요청 4361회)
[마음갈피|2024] 1페이지까지 · 누적 632건 (요청 4362회)
[마음갈피|2025] 1페이지까지 · 누적 632건 (요청 4363회)
[마음갈피|2026] 1페이지까지 · 누적 632건 (요청 4364회)
[마음바다탐험대|2023] 1페이지까지 · 누적 632건 (요청 4365회)
[마음바다탐험대|2024] 1페이지까지 · 누적 632건 (요청 4366회)
[마음바다탐험대|2025] 1페이지까지 · 누적 632건 (요청 4367회)
[마음바다탐험대|2026] 1페이지까지 · 누적 632건 (요청 4368회)
[마음씨앗 기록장|2023] 1페이지까지 · 누적 632건 (요청 4369회)
[마음씨앗 기록장|2024] 1페이지까지 · 누적 632건 (요청 4370회)
[마음씨앗 기록장|2025] 1페이지까지 · 누적 632건 (요청 4371회)
[마음씨앗 기록장|2026] 1페이지까지 · 누적 632건 (요청 4372회)
[마음이음 무지개|2023] 1페이지까지 · 누적 632건 (요청 4373회)
[마음이음 무지개|2024] 1페이지까지 · 누적 632건 (요청 4374회)
[마음이음 무지개|2025] 1페이지까지 · 누적 632건 (요청 4375회)
[마음이음 무지개|2026] 1페이지까지 · 누적 632건 (요청 4376회)
[마음토스|2023] 1페이지까지 · 누적 632건 (요청 4377회)
[마음토스|2024] 1페이지까지 · 누적 632건 (요청 4378회)
[마음토스|2025] 1페이지까지 · 누적 632건 (요청 4379회)
[마음토스|2026] 1페이지까지 · 누적 632건 (요청 4380회)
[마음톡톡|2023] 1페이지까지 · 누적 632건 (요청 4381회)
[마음톡톡|2024] 1페이지까지 · 누적 632건 (요청 4382회)
[마음톡톡|2025] 1페이지까지 · 누적 648건 (요청 4399회)
[마음톡톡|2026] 1페이지까지 · 누적 650건 (요청 4402회)
[마이 그린|2023] 1페이지까지 · 누적 650건 (요청 4403회)
[마이 그린|2024] 1페이지까지 · 누적 650건 (요청 4404회)
[마이 그린|2025] 1페이지까지 · 누적 650건 (요청 4405회)
[마이 그린|2026] 1페이지까지 · 누적 650건 (요청 4406회)
[마이마블|2023] 1페이지까지 · 누적 650건 (요청 4407회)
[마이마블|2024] 1페이지까지 · 누적 650건 (요청 4408회)
[마이마블|2025] 1페이지까지 · 누적 650건 (요청 4409회)
[마이마블|2026] 1페이지까지 · 누적 650건 (요청 4410회)
[마이베스트|2023] 1페이지까지 · 누적 650건 (요청 4411회)
[마이베스트|2024] 1페이지까지 · 누적 650건 (요청 4412회)
[마이베스트|2025] 1페이지까지 · 누적 650건 (요청 4413회)
[마이베스트|2026] 1페이지까지 · 누적 650건 (요청 4414회)
[마이베스트 AI글쓰기: 과제탐구, 동화작가|2023] 1페이지까지 · 누적 650건 (요청 4415회)
[마이베스트 AI글쓰기: 과제탐구, 동화작가|2024] 1페이지까지 · 누적 650건 (요청 4416회)
[마이베스트 AI글쓰기: 과제탐구, 동화작가|2025] 1페이지까지 · 누적 650건 (요청 4417회)
[마이베스트 AI글쓰기: 과제탐구, 동화작가|2026] 1페이지까지 · 누적 650건 (요청 4418회)
[마이베스트AI글쓰기:과제탐구,동화작가|2023] 1페이지까지 · 누적 650건 (요청 4419회)
[마이베스트AI글쓰기:과제탐구,동화작가|2024] 1페이지까지 · 누적 650건 (요청 4420회)
[마이베스트AI글쓰기:과제탐구,동화작가|2025] 1페이지까지 · 누적 650건 (요청 4421회)
[마이베스트AI글쓰기:과제탐구,동화작가|2026] 1페이지까지 · 누적 650건 (요청 4422회)
[마이크로비트 나두이노 홈 IoT 키트|2023] 1페이지까지 · 누적 650건 (요청 4423회)
[마이크로비트 나두이노 홈 IoT 키트|2024] 1페이지까지 · 누적 650건 (요청 4424회)
[마이크로비트 나두이노 홈 IoT 키트|2025] 1페이지까지 · 누적 650건 (요청 4425회)
[마이크로비트 나두이노 홈 IoT 키트|2026] 1페이지까지 · 누적 650건 (요청 4426회)
[마이크로비트 레트로 아케이드 PRO|2023] 1페이지까지 · 누적 650건 (요청 4427회)
[마이크로비트 레트로 아케이드 PRO|2024] 1페이지까지 · 누적 650건 (요청 4428회)
[마이크로비트 레트로 아케이드 PRO|2025] 1페이지까지 · 누적 650건 (요청 4429회)
[마이크로비트 레트로 아케이드 PRO|2026] 1페이지까지 · 누적 650건 (요청 4430회)
[마이크로비트 스마트시티 만들기 키트|2023] 1페이지까지 · 누적 650건 (요청 4431회)
[마이크로비트 스마트시티 만들기 키트|2024] 1페이지까지 · 누적 650건 (요청 4432회)
[마이크로비트 스마트시티 만들기 키트|2025] 1페이지까지 · 누적 650건 (요청 4433회)
[마이크로비트 스마트시티 만들기 키트|2026] 1페이지까지 · 누적 650건 (요청 4434회)
[마이크로비트 스마트팜|2023] 1페이지까지 · 누적 650건 (요청 4435회)
[마이크로비트 스마트팜|2024] 1페이지까지 · 누적 650건 (요청 4436회)
[마이크로비트 스마트팜|2025] 1페이지까지 · 누적 650건 (요청 4437회)
[마이크로비트 스마트팜|2026] 1페이지까지 · 누적 650건 (요청 4438회)
[마이크로비트 올인원 프로젝트 키트|2023] 1페이지까지 · 누적 650건 (요청 4439회)
[마이크로비트 올인원 프로젝트 키트|2024] 1페이지까지 · 누적 650건 (요청 4440회)
[마이크로비트 올인원 프로젝트 키트|2025] 1페이지까지 · 누적 650건 (요청 4441회)
[마이크로비트 올인원 프로젝트 키트|2026] 1페이지까지 · 누적 650건 (요청 4442회)
[마이크로비트 지니어스 키트|2023] 1페이지까지 · 누적 650건 (요청 4443회)
[마이크로비트 지니어스 키트|2024] 1페이지까지 · 누적 650건 (요청 4444회)
[마이크로비트 지니어스 키트|2025] 1페이지까지 · 누적 650건 (요청 4445회)
[마이크로비트 지니어스 키트|2026] 1페이지까지 · 누적 650건 (요청 4446회)
[마이크로비트 코딩 교육 전용 키트|2023] 1페이지까지 · 누적 650건 (요청 4447회)
[마이크로비트 코딩 교육 전용 키트|2024] 1페이지까지 · 누적 650건 (요청 4448회)
[마이크로비트 코딩 교육 전용 키트|2025] 1페이지까지 · 누적 650건 (요청 4449회)
[마이크로비트 코딩 교육 전용 키트|2026] 1페이지까지 · 누적 650건 (요청 4450회)
[마이크로비트 한글판 레트로 아케이드 키트|2023] 1페이지까지 · 누적 650건 (요청 4451회)
[마이크로비트 한글판 레트로 아케이드 키트|2024] 1페이지까지 · 누적 650건 (요청 4452회)
[마이크로비트 한글판 레트로 아케이드 키트|2025] 1페이지까지 · 누적 650건 (요청 4453회)
[마이크로비트 한글판 레트로 아케이드 키트|2026] 1페이지까지 · 누적 650건 (요청 4454회)
[마이크로비트로 만드는 나만의 핀볼 머신 키트|2023] 1페이지까지 · 누적 650건 (요청 4455회)
[마이크로비트로 만드는 나만의 핀볼 머신 키트|2024] 1페이지까지 · 누적 650건 (요청 4456회)
[마이크로비트로 만드는 나만의 핀볼 머신 키트|2025] 1페이지까지 · 누적 650건 (요청 4457회)
[마이크로비트로 만드는 나만의 핀볼 머신 키트|2026] 1페이지까지 · 누적 650건 (요청 4458회)
[마이크로소프트 교육용 마인크래프트|2023] 1페이지까지 · 누적 650건 (요청 4459회)
[마이크로소프트 교육용 마인크래프트|2024] 1페이지까지 · 누적 650건 (요청 4460회)
[마이크로소프트 교육용 마인크래프트|2025] 1페이지까지 · 누적 650건 (요청 4461회)
[마이크로소프트 교육용 마인크래프트|2026] 1페이지까지 · 누적 650건 (요청 4462회)
[마이클|2023] 1페이지까지 · 누적 650건 (요청 4463회)
[마이클|2024] 1페이지까지 · 누적 650건 (요청 4464회)
[마이클|2025] 1페이지까지 · 누적 650건 (요청 4465회)
[마이클|2026] 1페이지까지 · 누적 650건 (요청 4466회)
[마이티쳐|2023] 1페이지까지 · 누적 650건 (요청 4467회)
[마이티쳐|2024] 1페이지까지 · 누적 650건 (요청 4468회)
[마이티쳐|2025] 1페이지까지 · 누적 650건 (요청 4469회)
[마이티쳐|2026] 1페이지까지 · 누적 650건 (요청 4470회)
[마이폴리오|2023] 1페이지까지 · 누적 650건 (요청 4471회)
[마이폴리오|2024] 1페이지까지 · 누적 650건 (요청 4472회)
[마이폴리오|2025] 1페이지까지 · 누적 650건 (요청 4473회)
[마이폴리오|2026] 1페이지까지 · 누적 650건 (요청 4474회)
[마인드게이즈|2023] 1페이지까지 · 누적 650건 (요청 4475회)
[마인드게이즈|2024] 1페이지까지 · 누적 650건 (요청 4476회)
[마인드게이즈|2025] 1페이지까지 · 누적 650건 (요청 4477회)
[마인드게이즈|2026] 1페이지까지 · 누적 650건 (요청 4478회)
[마인드소나타|2023] 1페이지까지 · 누적 650건 (요청 4479회)
[마인드소나타|2024] 1페이지까지 · 누적 650건 (요청 4480회)
[마인드소나타|2025] 1페이지까지 · 누적 650건 (요청 4481회)
[마인드소나타|2026] 1페이지까지 · 누적 650건 (요청 4482회)
[마인드큐브|2023] 1페이지까지 · 누적 650건 (요청 4483회)
[마인드큐브|2024] 1페이지까지 · 누적 650건 (요청 4484회)
[마인드큐브|2025] 1페이지까지 · 누적 650건 (요청 4485회)
[마인드큐브|2026] 1페이지까지 · 누적 650건 (요청 4486회)
[마주온|2023] 1페이지까지 · 누적 650건 (요청 4487회)
[마주온|2024] 1페이지까지 · 누적 650건 (요청 4488회)
[마주온|2025] 1페이지까지 · 누적 650건 (요청 4489회)
[마주온|2026] 1페이지까지 · 누적 650건 (요청 4490회)
[만공세계사 고대편|2023] 1페이지까지 · 누적 650건 (요청 4491회)
[만공세계사 고대편|2024] 1페이지까지 · 누적 650건 (요청 4492회)
[만공세계사 고대편|2025] 1페이지까지 · 누적 650건 (요청 4493회)
[만공세계사 고대편|2026] 1페이지까지 · 누적 650건 (요청 4494회)
[만공세계사 근대~현대편|2023] 1페이지까지 · 누적 650건 (요청 4495회)
[만공세계사 근대~현대편|2024] 1페이지까지 · 누적 650건 (요청 4496회)
[만공세계사 근대~현대편|2025] 1페이지까지 · 누적 650건 (요청 4497회)
[만공세계사 근대~현대편|2026] 1페이지까지 · 누적 650건 (요청 4498회)
[만공세계사 중세편|2023] 1페이지까지 · 누적 650건 (요청 4499회)
[만공세계사 중세편|2024] 1페이지까지 · 누적 650건 (요청 4500회)
[만공세계사 중세편|2025] 1페이지까지 · 누적 650건 (요청 4501회)
[만공세계사 중세편|2026] 1페이지까지 · 누적 650건 (요청 4502회)
[만공한국사 고구려편|2023] 1페이지까지 · 누적 650건 (요청 4503회)
[만공한국사 고구려편|2024] 1페이지까지 · 누적 650건 (요청 4504회)
[만공한국사 고구려편|2025] 1페이지까지 · 누적 650건 (요청 4505회)
[만공한국사 고구려편|2026] 1페이지까지 · 누적 650건 (요청 4506회)
[만공한국사 고려편|2023] 1페이지까지 · 누적 650건 (요청 4507회)
[만공한국사 고려편|2024] 1페이지까지 · 누적 650건 (요청 4508회)
[만공한국사 고려편|2025] 1페이지까지 · 누적 650건 (요청 4509회)
[만공한국사 고려편|2026] 1페이지까지 · 누적 650건 (요청 4510회)
[만공한국사 대한제국~현대편|2023] 1페이지까지 · 누적 650건 (요청 4511회)
[만공한국사 대한제국~현대편|2024] 1페이지까지 · 누적 650건 (요청 4512회)
[만공한국사 대한제국~현대편|2025] 1페이지까지 · 누적 650건 (요청 4513회)
[만공한국사 대한제국~현대편|2026] 1페이지까지 · 누적 650건 (요청 4514회)
[만공한국사 백제편|2023] 1페이지까지 · 누적 650건 (요청 4515회)
[만공한국사 백제편|2024] 1페이지까지 · 누적 650건 (요청 4516회)
[만공한국사 백제편|2025] 1페이지까지 · 누적 650건 (요청 4517회)
[만공한국사 백제편|2026] 1페이지까지 · 누적 650건 (요청 4518회)
[만공한국사 선사~고조선편|2023] 1페이지까지 · 누적 650건 (요청 4519회)
[만공한국사 선사~고조선편|2024] 1페이지까지 · 누적 650건 (요청 4520회)
[만공한국사 선사~고조선편|2025] 1페이지까지 · 누적 650건 (요청 4521회)
[만공한국사 선사~고조선편|2026] 1페이지까지 · 누적 650건 (요청 4522회)
[만공한국사 신라~가야편|2023] 1페이지까지 · 누적 650건 (요청 4523회)
[만공한국사 신라~가야편|2024] 1페이지까지 · 누적 650건 (요청 4524회)
[만공한국사 신라~가야편|2025] 1페이지까지 · 누적 650건 (요청 4525회)
[만공한국사 신라~가야편|2026] 1페이지까지 · 누적 650건 (요청 4526회)
[만공한국사 조선편|2023] 1페이지까지 · 누적 650건 (요청 4527회)
[만공한국사 조선편|2024] 1페이지까지 · 누적 650건 (요청 4528회)
[만공한국사 조선편|2025] 1페이지까지 · 누적 650건 (요청 4529회)
[만공한국사 조선편|2026] 1페이지까지 · 누적 650건 (요청 4530회)
[만공한국사 통일신라~발해편|2023] 1페이지까지 · 누적 650건 (요청 4531회)
[만공한국사 통일신라~발해편|2024] 1페이지까지 · 누적 650건 (요청 4532회)
[만공한국사 통일신라~발해편|2025] 1페이지까지 · 누적 650건 (요청 4533회)
[만공한국사 통일신라~발해편|2026] 1페이지까지 · 누적 650건 (요청 4534회)
[말랑말랑 코딩여행|2023] 1페이지까지 · 누적 650건 (요청 4535회)
[말랑말랑 코딩여행|2024] 1페이지까지 · 누적 650건 (요청 4536회)
[말랑말랑 코딩여행|2025] 1페이지까지 · 누적 650건 (요청 4537회)
[말랑말랑 코딩여행|2026] 1페이지까지 · 누적 650건 (요청 4538회)
[말랑톡|2023] 1페이지까지 · 누적 650건 (요청 4539회)
[말랑톡|2024] 1페이지까지 · 누적 650건 (요청 4540회)
[말랑톡|2025] 1페이지까지 · 누적 650건 (요청 4541회)
[말랑톡|2026] 1페이지까지 · 누적 650건 (요청 4542회)
[말한마디|2023] 1페이지까지 · 누적 650건 (요청 4543회)
[말한마디|2024] 1페이지까지 · 누적 650건 (요청 4544회)
[말한마디|2025] 1페이지까지 · 누적 650건 (요청 4545회)
[말한마디|2026] 1페이지까지 · 누적 650건 (요청 4546회)
[말해보카|2023] 1페이지까지 · 누적 650건 (요청 4547회)
[말해보카|2024] 1페이지까지 · 누적 650건 (요청 4548회)
[말해보카|2025] 1페이지까지 · 누적 650건 (요청 4549회)
[말해보카|2026] 1페이지까지 · 누적 650건 (요청 4550회)
[망고보드|2023] 1페이지까지 · 누적 652건 (요청 4553회)
[망고보드|2024] 1페이지까지 · 누적 653건 (요청 4555회)
[망고보드|2025] 1페이지까지 · 누적 658건 (요청 4561회)
[망고보드|2026] 1페이지까지 · 누적 662건 (요청 4566회)
[망고툰|2023] 1페이지까지 · 누적 662건 (요청 4567회)
[망고툰|2024] 1페이지까지 · 누적 662건 (요청 4568회)
[망고툰|2025] 1페이지까지 · 누적 662건 (요청 4569회)
[망고툰|2026] 1페이지까지 · 누적 662건 (요청 4570회)
[망고팩토리|2023] 1페이지까지 · 누적 662건 (요청 4571회)
[망고팩토리|2024] 1페이지까지 · 누적 662건 (요청 4572회)
[망고팩토리|2025] 1페이지까지 · 누적 662건 (요청 4573회)
[망고팩토리|2026] 1페이지까지 · 누적 662건 (요청 4574회)
[매쓰캔버스|2023] 1페이지까지 · 누적 662건 (요청 4575회)
[매쓰캔버스|2024] 1페이지까지 · 누적 662건 (요청 4576회)
[매쓰캔버스|2025] 1페이지까지 · 누적 662건 (요청 4577회)
[매쓰캔버스|2026] 1페이지까지 · 누적 662건 (요청 4578회)
[매쓰프로|2023] 1페이지까지 · 누적 662건 (요청 4579회)
[매쓰프로|2024] 1페이지까지 · 누적 662건 (요청 4580회)
[매쓰프로|2025] 1페이지까지 · 누적 662건 (요청 4581회)
[매쓰프로|2026] 1페이지까지 · 누적 662건 (요청 4582회)
[매쓰홀릭T|2023] 1페이지까지 · 누적 662건 (요청 4583회)
[매쓰홀릭T|2024] 1페이지까지 · 누적 664건 (요청 4586회)
[매쓰홀릭T|2025] 1페이지까지 · 누적 665건 (요청 4588회)
[매쓰홀릭T|2026] 1페이지까지 · 누적 665건 (요청 4589회)
[매일국어|2023] 1페이지까지 · 누적 665건 (요청 4590회)
[매일국어|2024] 1페이지까지 · 누적 665건 (요청 4591회)
[매일국어|2025] 1페이지까지 · 누적 665건 (요청 4592회)
[매일국어|2026] 1페이지까지 · 누적 665건 (요청 4593회)
[매일국어T|2023] 1페이지까지 · 누적 665건 (요청 4594회)
[매일국어T|2024] 1페이지까지 · 누적 665건 (요청 4595회)
[매일국어T|2025] 1페이지까지 · 누적 665건 (요청 4596회)
[매일국어T|2026] 1페이지까지 · 누적 665건 (요청 4597회)
[매일독서 독도|2023] 1페이지까지 · 누적 665건 (요청 4598회)
[매일독서 독도|2024] 1페이지까지 · 누적 665건 (요청 4599회)
[매일독서 독도|2025] 1페이지까지 · 누적 665건 (요청 4600회)
[매일독서 독도|2026] 1페이지까지 · 누적 665건 (요청 4601회)
[매직코|2023] 1페이지까지 · 누적 665건 (요청 4602회)
[매직코|2024] 1페이지까지 · 누적 665건 (요청 4603회)
[매직코|2025] 1페이지까지 · 누적 665건 (요청 4604회)
[매직코|2026] 1페이지까지 · 누적 665건 (요청 4605회)
[매티픽|2023] 1페이지까지 · 누적 665건 (요청 4606회)
[매티픽|2024] 1페이지까지 · 누적 665건 (요청 4607회)
[매티픽|2025] 1페이지까지 · 누적 665건 (요청 4608회)
[매티픽|2026] 1페이지까지 · 누적 665건 (요청 4609회)
[맥스 AI|2023] 1페이지까지 · 누적 665건 (요청 4610회)
[맥스 AI|2024] 1페이지까지 · 누적 665건 (요청 4611회)
[맥스 AI|2025] 1페이지까지 · 누적 665건 (요청 4612회)
[맥스 AI|2026] 1페이지까지 · 누적 665건 (요청 4613회)
[맥스 AI 월드|2023] 1페이지까지 · 누적 665건 (요청 4614회)
[맥스 AI 월드|2024] 1페이지까지 · 누적 665건 (요청 4615회)
[맥스 AI 월드|2025] 1페이지까지 · 누적 665건 (요청 4616회)
[맥스 AI 월드|2026] 1페이지까지 · 누적 665건 (요청 4617회)
[맥스ai스쿨|2023] 1페이지까지 · 누적 665건 (요청 4618회)
[맥스ai스쿨|2024] 1페이지까지 · 누적 665건 (요청 4619회)
[맥스ai스쿨|2025] 1페이지까지 · 누적 665건 (요청 4620회)
[맥스ai스쿨|2026] 1페이지까지 · 누적 665건 (요청 4621회)
[맥파분석기|2023] 1페이지까지 · 누적 665건 (요청 4622회)
[맥파분석기|2024] 1페이지까지 · 누적 665건 (요청 4623회)
[맥파분석기|2025] 1페이지까지 · 누적 665건 (요청 4624회)
[맥파분석기|2026] 1페이지까지 · 누적 665건 (요청 4625회)
[머니머니|2023] 1페이지까지 · 누적 665건 (요청 4626회)
[머니머니|2024] 1페이지까지 · 누적 665건 (요청 4627회)
[머니머니|2025] 1페이지까지 · 누적 665건 (요청 4628회)
[머니머니|2026] 1페이지까지 · 누적 665건 (요청 4629회)
[멀티터치테이블|2023] 1페이지까지 · 누적 665건 (요청 4630회)
[멀티터치테이블|2024] 1페이지까지 · 누적 665건 (요청 4631회)
[멀티터치테이블|2025] 1페이지까지 · 누적 665건 (요청 4632회)
[멀티터치테이블|2026] 1페이지까지 · 누적 665건 (요청 4633회)
[메가코스|2023] 1페이지까지 · 누적 665건 (요청 4634회)
[메가코스|2024] 1페이지까지 · 누적 665건 (요청 4635회)
[메가코스|2025] 1페이지까지 · 누적 665건 (요청 4636회)
[메가코스|2026] 1페이지까지 · 누적 665건 (요청 4637회)
[메가클래스|2023] 1페이지까지 · 누적 665건 (요청 4638회)
[메가클래스|2024] 1페이지까지 · 누적 665건 (요청 4639회)
[메가클래스|2025] 1페이지까지 · 누적 665건 (요청 4640회)
[메가클래스|2026] 1페이지까지 · 누적 665건 (요청 4641회)
[메나비|2023] 1페이지까지 · 누적 665건 (요청 4642회)
[메나비|2024] 1페이지까지 · 누적 665건 (요청 4643회)
[메나비|2025] 1페이지까지 · 누적 665건 (요청 4644회)
[메나비|2026] 1페이지까지 · 누적 665건 (요청 4645회)
[메디세스|2023] 1페이지까지 · 누적 665건 (요청 4646회)
[메디세스|2024] 1페이지까지 · 누적 665건 (요청 4647회)
[메디세스|2025] 1페이지까지 · 누적 665건 (요청 4648회)
[메디세스|2026] 1페이지까지 · 누적 665건 (요청 4649회)
[메디크루 VR|2023] 1페이지까지 · 누적 665건 (요청 4650회)
[메디크루 VR|2024] 1페이지까지 · 누적 665건 (요청 4651회)
[메디크루 VR|2025] 1페이지까지 · 누적 665건 (요청 4652회)
[메디크루 VR|2026] 1페이지까지 · 누적 665건 (요청 4653회)
[메이커봇 슬라이싱|2023] 1페이지까지 · 누적 665건 (요청 4654회)
[메이커봇 슬라이싱|2024] 1페이지까지 · 누적 665건 (요청 4655회)
[메이커봇 슬라이싱|2025] 1페이지까지 · 누적 665건 (요청 4656회)
[메이커봇 슬라이싱|2026] 1페이지까지 · 누적 665건 (요청 4657회)
[메이크 코드|2023] 1페이지까지 · 누적 665건 (요청 4658회)
[메이크 코드|2024] 1페이지까지 · 누적 665건 (요청 4659회)
[메이크 코드|2025] 1페이지까지 · 누적 665건 (요청 4660회)
[메이크 코드|2026] 1페이지까지 · 누적 665건 (요청 4661회)
[메이킷 AI 코드 클래스|2023] 1페이지까지 · 누적 665건 (요청 4662회)
[메이킷 AI 코드 클래스|2024] 1페이지까지 · 누적 665건 (요청 4663회)
[메이킷 AI 코드 클래스|2025] 1페이지까지 · 누적 665건 (요청 4664회)
[메이킷 AI 코드 클래스|2026] 1페이지까지 · 누적 665건 (요청 4665회)
[메이플스토리 월드|2023] 1페이지까지 · 누적 665건 (요청 4666회)
[메이플스토리 월드|2024] 1페이지까지 · 누적 665건 (요청 4667회)
[메이플스토리 월드|2025] 1페이지까지 · 누적 665건 (요청 4668회)
[메이플스토리 월드|2026] 1페이지까지 · 누적 665건 (요청 4669회)
[메타버스 코딩 SW|2023] 1페이지까지 · 누적 665건 (요청 4670회)
[메타버스 코딩 SW|2024] 1페이지까지 · 누적 665건 (요청 4671회)
[메타버스 코딩 SW|2025] 1페이지까지 · 누적 665건 (요청 4672회)
[메타버스 코딩 SW|2026] 1페이지까지 · 누적 665건 (요청 4673회)
[메타브|2023] 1페이지까지 · 누적 665건 (요청 4674회)
[메타브|2024] 1페이지까지 · 누적 665건 (요청 4675회)
[메타브|2025] 1페이지까지 · 누적 665건 (요청 4676회)
[메타브|2026] 1페이지까지 · 누적 665건 (요청 4677회)
[메타수학|2023] 1페이지까지 · 누적 665건 (요청 4678회)
[메타수학|2024] 1페이지까지 · 누적 666건 (요청 4680회)
[메타수학|2025] 1페이지까지 · 누적 667건 (요청 4682회)
[메타수학|2026] 1페이지까지 · 누적 668건 (요청 4684회)
[메타스쿨|2023] 1페이지까지 · 누적 668건 (요청 4685회)
[메타스쿨|2024] 1페이지까지 · 누적 668건 (요청 4686회)
[메타스쿨|2025] 1페이지까지 · 누적 668건 (요청 4687회)
[메타스쿨|2026] 1페이지까지 · 누적 668건 (요청 4688회)
[메타스포츠 SCHOOL - 온라인체육교실|2023] 1페이지까지 · 누적 668건 (요청 4689회)
[메타스포츠 SCHOOL - 온라인체육교실|2024] 1페이지까지 · 누적 668건 (요청 4690회)
[메타스포츠 SCHOOL - 온라인체육교실|2025] 1페이지까지 · 누적 668건 (요청 4691회)
[메타스포츠 SCHOOL - 온라인체육교실|2026] 1페이지까지 · 누적 668건 (요청 4692회)
[메타인지 OMR|2023] 1페이지까지 · 누적 668건 (요청 4693회)
[메타인지 OMR|2024] 1페이지까지 · 누적 668건 (요청 4694회)
[메타인지 OMR|2025] 1페이지까지 · 누적 668건 (요청 4695회)
[메타인지 OMR|2026] 1페이지까지 · 누적 668건 (요청 4696회)
[메타인지 단어장|2023] 1페이지까지 · 누적 668건 (요청 4697회)
[메타인지 단어장|2024] 1페이지까지 · 누적 668건 (요청 4698회)
[메타인지 단어장|2025] 1페이지까지 · 누적 668건 (요청 4699회)
[메타인지 단어장|2026] 1페이지까지 · 누적 668건 (요청 4700회)
[메타인지 플랫폼|2023] 1페이지까지 · 누적 668건 (요청 4701회)
[메타인지 플랫폼|2024] 1페이지까지 · 누적 668건 (요청 4702회)
[메타인지 플랫폼|2025] 1페이지까지 · 누적 668건 (요청 4703회)
[메타인지 플랫폼|2026] 1페이지까지 · 누적 668건 (요청 4704회)
[메타인지플랫폼|2023] 1페이지까지 · 누적 668건 (요청 4705회)
[메타인지플랫폼|2024] 1페이지까지 · 누적 668건 (요청 4706회)
[메타인지플랫폼|2025] 1페이지까지 · 누적 668건 (요청 4707회)
[메타인지플랫폼|2026] 1페이지까지 · 누적 668건 (요청 4708회)
[메타퀘스트 VR 기반 동시 미러링 시스템|2023] 1페이지까지 · 누적 668건 (요청 4709회)
[메타퀘스트 VR 기반 동시 미러링 시스템|2024] 1페이지까지 · 누적 668건 (요청 4710회)
[메타퀘스트 VR 기반 동시 미러링 시스템|2025] 1페이지까지 · 누적 668건 (요청 4711회)
[메타퀘스트 VR 기반 동시 미러링 시스템|2026] 1페이지까지 · 누적 668건 (요청 4712회)
[멘티미터|2023] 1페이지까지 · 누적 668건 (요청 4713회)
[멘티미터|2024] 1페이지까지 · 누적 668건 (요청 4714회)
[멘티미터|2025] 1페이지까지 · 누적 668건 (요청 4715회)
[멘티미터|2026] 1페이지까지 · 누적 668건 (요청 4716회)
[멜 키트|2023] 1페이지까지 · 누적 668건 (요청 4717회)
[멜 키트|2024] 1페이지까지 · 누적 668건 (요청 4718회)
[멜 키트|2025] 1페이지까지 · 누적 668건 (요청 4719회)
[멜 키트|2026] 1페이지까지 · 누적 668건 (요청 4720회)
[면접의 달인|2023] 1페이지까지 · 누적 668건 (요청 4721회)
[면접의 달인|2024] 1페이지까지 · 누적 668건 (요청 4722회)
[면접의 달인|2025] 1페이지까지 · 누적 668건 (요청 4723회)
[면접의 달인|2026] 1페이지까지 · 누적 668건 (요청 4724회)
[멸종위기동물 AR 구조대|2023] 1페이지까지 · 누적 668건 (요청 4725회)
[멸종위기동물 AR 구조대|2024] 1페이지까지 · 누적 668건 (요청 4726회)
[멸종위기동물 AR 구조대|2025] 1페이지까지 · 누적 668건 (요청 4727회)
[멸종위기동물 AR 구조대|2026] 1페이지까지 · 누적 668건 (요청 4728회)
[멸종위기동물 학습 시리즈|2023] 1페이지까지 · 누적 668건 (요청 4729회)
[멸종위기동물 학습 시리즈|2024] 1페이지까지 · 누적 668건 (요청 4730회)
[멸종위기동물 학습 시리즈|2025] 1페이지까지 · 누적 668건 (요청 4731회)
[멸종위기동물 학습 시리즈|2026] 1페이지까지 · 누적 668건 (요청 4732회)
[모니토|2023] 1페이지까지 · 누적 668건 (요청 4733회)
[모니토|2024] 1페이지까지 · 누적 668건 (요청 4734회)
[모니토|2025] 1페이지까지 · 누적 668건 (요청 4735회)
[모니토|2026] 1페이지까지 · 누적 668건 (요청 4736회)
[모델릭|2023] 1페이지까지 · 누적 668건 (요청 4737회)
[모델릭|2024] 1페이지까지 · 누적 668건 (요청 4738회)
[모델릭|2025] 1페이지까지 · 누적 668건 (요청 4739회)
[모델릭|2026] 1페이지까지 · 누적 668건 (요청 4740회)
[모두! ABCD|2023] 1페이지까지 · 누적 668건 (요청 4741회)
[모두! ABCD|2024] 1페이지까지 · 누적 668건 (요청 4742회)
[모두! ABCD|2025] 1페이지까지 · 누적 668건 (요청 4743회)
[모두! ABCD|2026] 1페이지까지 · 누적 668건 (요청 4744회)
[모두싸인|2023] 1페이지까지 · 누적 668건 (요청 4745회)
[모두싸인|2024] 1페이지까지 · 누적 668건 (요청 4746회)
[모두싸인|2025] 1페이지까지 · 누적 668건 (요청 4747회)
[모두싸인|2026] 1페이지까지 · 누적 668건 (요청 4748회)
[모두의 마이크로비트 실습 키트|2023] 1페이지까지 · 누적 668건 (요청 4749회)
[모두의 마이크로비트 실습 키트|2024] 1페이지까지 · 누적 668건 (요청 4750회)
[모두의 마이크로비트 실습 키트|2025] 1페이지까지 · 누적 668건 (요청 4751회)
[모두의 마이크로비트 실습 키트|2026] 1페이지까지 · 누적 668건 (요청 4752회)
[모두의 진로원픽|2023] 1페이지까지 · 누적 668건 (요청 4753회)
[모두의 진로원픽|2024] 1페이지까지 · 누적 668건 (요청 4754회)
[모두의 진로원픽|2025] 1페이지까지 · 누적 668건 (요청 4755회)
[모두의 진로원픽|2026] 1페이지까지 · 누적 668건 (요청 4756회)
[모두의 한국어|2023] 1페이지까지 · 누적 668건 (요청 4757회)
[모두의 한국어|2024] 1페이지까지 · 누적 668건 (요청 4758회)
[모두의 한국어|2025] 1페이지까지 · 누적 668건 (요청 4759회)
[모두의 한국어|2026] 1페이지까지 · 누적 668건 (요청 4760회)
[모두의땅|2023] 1페이지까지 · 누적 668건 (요청 4761회)
[모두의땅|2024] 1페이지까지 · 누적 668건 (요청 4762회)
[모두의땅|2025] 1페이지까지 · 누적 668건 (요청 4763회)
[모두의땅|2026] 1페이지까지 · 누적 668건 (요청 4764회)
[모두의땅 - 대한민국 땅값지도|2023] 1페이지까지 · 누적 668건 (요청 4765회)
[모두의땅 - 대한민국 땅값지도|2024] 1페이지까지 · 누적 668건 (요청 4766회)
[모두의땅 - 대한민국 땅값지도|2025] 1페이지까지 · 누적 668건 (요청 4767회)
[모두의땅 - 대한민국 땅값지도|2026] 1페이지까지 · 누적 668건 (요청 4768회)
[모두출판|2023] 1페이지까지 · 누적 668건 (요청 4769회)
[모두출판|2024] 1페이지까지 · 누적 668건 (요청 4770회)
[모두출판|2025] 1페이지까지 · 누적 668건 (요청 4771회)
[모두출판|2026] 1페이지까지 · 누적 668건 (요청 4772회)
[모디 플러스 마스터 키트|2023] 1페이지까지 · 누적 668건 (요청 4773회)
[모디 플러스 마스터 키트|2024] 1페이지까지 · 누적 668건 (요청 4774회)
[모디 플러스 마스터 키트|2025] 1페이지까지 · 누적 668건 (요청 4775회)
[모디 플러스 마스터 키트|2026] 1페이지까지 · 누적 668건 (요청 4776회)
[모모타로|2023] 1페이지까지 · 누적 668건 (요청 4777회)
[모모타로|2024] 1페이지까지 · 누적 668건 (요청 4778회)
[모모타로|2025] 1페이지까지 · 누적 668건 (요청 4779회)
[모모타로|2026] 1페이지까지 · 누적 668건 (요청 4780회)
[모션탭 멀티팩|2023] 1페이지까지 · 누적 668건 (요청 4781회)
[모션탭 멀티팩|2024] 1페이지까지 · 누적 668건 (요청 4782회)
[모션탭 멀티팩|2025] 1페이지까지 · 누적 668건 (요청 4783회)
[모션탭 멀티팩|2026] 1페이지까지 · 누적 668건 (요청 4784회)
[모션탭 스탠다드팩|2023] 1페이지까지 · 누적 668건 (요청 4785회)
[모션탭 스탠다드팩|2024] 1페이지까지 · 누적 668건 (요청 4786회)
[모션탭 스탠다드팩|2025] 1페이지까지 · 누적 668건 (요청 4787회)
[모션탭 스탠다드팩|2026] 1페이지까지 · 누적 668건 (요청 4788회)
[모션탭 엑스퍼트팩|2023] 1페이지까지 · 누적 668건 (요청 4789회)
[모션탭 엑스퍼트팩|2024] 1페이지까지 · 누적 668건 (요청 4790회)
[모션탭 엑스퍼트팩|2025] 1페이지까지 · 누적 668건 (요청 4791회)
[모션탭 엑스퍼트팩|2026] 1페이지까지 · 누적 668건 (요청 4792회)
[모션탭 퍼스널팩|2023] 1페이지까지 · 누적 668건 (요청 4793회)
[모션탭 퍼스널팩|2024] 1페이지까지 · 누적 668건 (요청 4794회)
[모션탭 퍼스널팩|2025] 1페이지까지 · 누적 668건 (요청 4795회)
[모션탭 퍼스널팩|2026] 1페이지까지 · 누적 668건 (요청 4796회)
[모아 학급회의|2023] 1페이지까지 · 누적 668건 (요청 4797회)
[모아 학급회의|2024] 1페이지까지 · 누적 668건 (요청 4798회)
[모아 학급회의|2025] 1페이지까지 · 누적 668건 (요청 4799회)
[모아 학급회의|2026] 1페이지까지 · 누적 668건 (요청 4800회)
[모아이|2023] 1페이지까지 · 누적 668건 (요청 4801회)
[모아이|2024] 1페이지까지 · 누적 668건 (요청 4802회)
[모아이|2025] 1페이지까지 · 누적 668건 (요청 4803회)
[모아이|2026] 1페이지까지 · 누적 668건 (요청 4804회)
[모아진/도서관 매거진|2023] 1페이지까지 · 누적 668건 (요청 4805회)
[모아진/도서관 매거진|2024] 1페이지까지 · 누적 668건 (요청 4806회)
[모아진/도서관 매거진|2025] 1페이지까지 · 누적 668건 (요청 4807회)
[모아진/도서관 매거진|2026] 1페이지까지 · 누적 668건 (요청 4808회)
[모자익 에듀케이션|2023] 1페이지까지 · 누적 668건 (요청 4809회)
[모자익 에듀케이션|2024] 1페이지까지 · 누적 668건 (요청 4810회)
[모자익 에듀케이션|2025] 1페이지까지 · 누적 668건 (요청 4811회)
[모자익 에듀케이션|2026] 1페이지까지 · 누적 668건 (요청 4812회)
[모킹버드 문제은행|2023] 1페이지까지 · 누적 668건 (요청 4813회)
[모킹버드 문제은행|2024] 1페이지까지 · 누적 668건 (요청 4814회)
[모킹버드 문제은행|2025] 1페이지까지 · 누적 668건 (요청 4815회)
[모킹버드 문제은행|2026] 1페이지까지 · 누적 668건 (요청 4816회)
[모티버솔루션|2023] 1페이지까지 · 누적 668건 (요청 4817회)
[모티버솔루션|2024] 1페이지까지 · 누적 668건 (요청 4818회)
[모티버솔루션|2025] 1페이지까지 · 누적 668건 (요청 4819회)
[모티버솔루션|2026] 1페이지까지 · 누적 668건 (요청 4820회)
[몬스터T|2023] 1페이지까지 · 누적 668건 (요청 4821회)
[몬스터T|2024] 1페이지까지 · 누적 668건 (요청 4822회)
[몬스터T|2025] 1페이지까지 · 누적 668건 (요청 4823회)
[몬스터T|2026] 1페이지까지 · 누적 668건 (요청 4824회)
[무니티|2023] 1페이지까지 · 누적 668건 (요청 4825회)
[무니티|2024] 1페이지까지 · 누적 668건 (요청 4826회)
[무니티|2025] 1페이지까지 · 누적 668건 (요청 4827회)
[무니티|2026] 1페이지까지 · 누적 668건 (요청 4828회)
[무선 멀티 Q 타이머 세트|2023] 1페이지까지 · 누적 668건 (요청 4829회)
[무선 멀티 Q 타이머 세트|2024] 1페이지까지 · 누적 668건 (요청 4830회)
[무선 멀티 Q 타이머 세트|2025] 1페이지까지 · 누적 668건 (요청 4831회)
[무선 멀티 Q 타이머 세트|2026] 1페이지까지 · 누적 668건 (요청 4832회)
[무선 멀티 점수판 세트|2023] 1페이지까지 · 누적 668건 (요청 4833회)
[무선 멀티 점수판 세트|2024] 1페이지까지 · 누적 668건 (요청 4834회)
[무선 멀티 점수판 세트|2025] 1페이지까지 · 누적 668건 (요청 4835회)
[무선 멀티 점수판 세트|2026] 1페이지까지 · 누적 668건 (요청 4836회)
[무선 버저 V2 4인용|2023] 1페이지까지 · 누적 668건 (요청 4837회)
[무선 버저 V2 4인용|2024] 1페이지까지 · 누적 668건 (요청 4838회)
[무선 버저 V2 4인용|2025] 1페이지까지 · 누적 668건 (요청 4839회)
[무선 버저 V2 4인용|2026] 1페이지까지 · 누적 668건 (요청 4840회)
[무선 버저 V3 4인용|2023] 1페이지까지 · 누적 668건 (요청 4841회)
[무선 버저 V3 4인용|2024] 1페이지까지 · 누적 668건 (요청 4842회)
[무선 버저 V3 4인용|2025] 1페이지까지 · 누적 668건 (요청 4843회)
[무선 버저 V3 4인용|2026] 1페이지까지 · 누적 668건 (요청 4844회)
[무선 버저 V4 4인용|2023] 1페이지까지 · 누적 668건 (요청 4845회)
[무선 버저 V4 4인용|2024] 1페이지까지 · 누적 668건 (요청 4846회)
[무선 버저 V4 4인용|2025] 1페이지까지 · 누적 668건 (요청 4847회)
[무선 버저 V4 4인용|2026] 1페이지까지 · 누적 668건 (요청 4848회)
[무선 투표기 317|2023] 1페이지까지 · 누적 668건 (요청 4849회)
[무선 투표기 317|2024] 1페이지까지 · 누적 668건 (요청 4850회)
[무선 투표기 317|2025] 1페이지까지 · 누적 668건 (요청 4851회)
[무선 투표기 317|2026] 1페이지까지 · 누적 668건 (요청 4852회)
[무선 투표기 319z|2023] 1페이지까지 · 누적 668건 (요청 4853회)
[무선 투표기 319z|2024] 1페이지까지 · 누적 668건 (요청 4854회)
[무선 투표기 319z|2025] 1페이지까지 · 누적 668건 (요청 4855회)
[무선 투표기 319z|2026] 1페이지까지 · 누적 668건 (요청 4856회)
[문수네집|2023] 1페이지까지 · 누적 668건 (요청 4857회)
[문수네집|2024] 1페이지까지 · 누적 668건 (요청 4858회)
[문수네집|2025] 1페이지까지 · 누적 668건 (요청 4859회)
[문수네집|2026] 1페이지까지 · 누적 668건 (요청 4860회)
[문제G|2023] 1페이지까지 · 누적 668건 (요청 4861회)
[문제G|2024] 1페이지까지 · 누적 668건 (요청 4862회)
[문제G|2025] 1페이지까지 · 누적 668건 (요청 4863회)
[문제G|2026] 1페이지까지 · 누적 668건 (요청 4864회)
[문해력 진단평가/트레이닝 AI 학습시스템|2023] 1페이지까지 · 누적 668건 (요청 4865회)
[문해력 진단평가/트레이닝 AI 학습시스템|2024] 1페이지까지 · 누적 668건 (요청 4866회)
[문해력 진단평가/트레이닝 AI 학습시스템|2025] 1페이지까지 · 누적 668건 (요청 4867회)
[문해력 진단평가/트레이닝 AI 학습시스템|2026] 1페이지까지 · 누적 668건 (요청 4868회)
[뮤지아 원|2023] 1페이지까지 · 누적 668건 (요청 4869회)
[뮤지아 원|2024] 1페이지까지 · 누적 668건 (요청 4870회)
[뮤지아 원|2025] 1페이지까지 · 누적 668건 (요청 4871회)
[뮤지아 원|2026] 1페이지까지 · 누적 668건 (요청 4872회)
[뮤직프로5.0|2023] 1페이지까지 · 누적 668건 (요청 4873회)
[뮤직프로5.0|2024] 1페이지까지 · 누적 668건 (요청 4874회)
[뮤직프로5.0|2025] 1페이지까지 · 누적 668건 (요청 4875회)
[뮤직프로5.0|2026] 1페이지까지 · 누적 668건 (요청 4876회)
[미니 소고 만들기 키트|2023] 1페이지까지 · 누적 668건 (요청 4877회)
[미니 소고 만들기 키트|2024] 1페이지까지 · 누적 668건 (요청 4878회)
[미니 소고 만들기 키트|2025] 1페이지까지 · 누적 668건 (요청 4879회)
[미니 소고 만들기 키트|2026] 1페이지까지 · 누적 668건 (요청 4880회)
[미니그로우|2023] 1페이지까지 · 누적 668건 (요청 4881회)
[미니그로우|2024] 1페이지까지 · 누적 668건 (요청 4882회)
[미니그로우|2025] 1페이지까지 · 누적 668건 (요청 4883회)
[미니그로우|2026] 1페이지까지 · 누적 668건 (요청 4884회)
[미니북|2023] 1페이지까지 · 누적 668건 (요청 4885회)
[미니북|2024] 1페이지까지 · 누적 668건 (요청 4886회)
[미니북|2025] 1페이지까지 · 누적 670건 (요청 4889회)
[미니북|2026] 1페이지까지 · 누적 675건 (요청 4895회)
[미래교육 VR교실 솔루션|2023] 1페이지까지 · 누적 675건 (요청 4896회)
[미래교육 VR교실 솔루션|2024] 1페이지까지 · 누적 675건 (요청 4897회)
[미래교육 VR교실 솔루션|2025] 1페이지까지 · 누적 675건 (요청 4898회)
[미래교육 VR교실 솔루션|2026] 1페이지까지 · 누적 675건 (요청 4899회)
[미래교육연구회 사이트|2023] 1페이지까지 · 누적 675건 (요청 4900회)
[미래교육연구회 사이트|2024] 1페이지까지 · 누적 675건 (요청 4901회)
[미래교육연구회 사이트|2025] 1페이지까지 · 누적 675건 (요청 4902회)
[미래교육연구회 사이트|2026] 1페이지까지 · 누적 675건 (요청 4903회)
[미래엔 AI·디지털 교육자료|2023] 1페이지까지 · 누적 675건 (요청 4904회)
[미래엔 AI·디지털 교육자료|2024] 1페이지까지 · 누적 675건 (요청 4905회)
[미래엔 AI·디지털 교육자료|2025] 1페이지까지 · 누적 675건 (요청 4906회)
[미래엔 AI·디지털 교육자료|2026] 1페이지까지 · 누적 675건 (요청 4907회)
[미래엔 엠티처|2023] 1페이지까지 · 누적 675건 (요청 4908회)
[미래엔 엠티처|2024] 1페이지까지 · 누적 675건 (요청 4909회)
[미래엔 엠티처|2025] 1페이지까지 · 누적 675건 (요청 4910회)
[미래엔 엠티처|2026] 1페이지까지 · 누적 675건 (요청 4911회)
[미래역량 어드벤처|2023] 1페이지까지 · 누적 675건 (요청 4912회)
[미래역량 어드벤처|2024] 1페이지까지 · 누적 675건 (요청 4913회)
[미래역량 어드벤처|2025] 1페이지까지 · 누적 675건 (요청 4914회)
[미래역량 어드벤처|2026] 1페이지까지 · 누적 675건 (요청 4915회)
[미리캔버스|2023] 1페이지까지 · 누적 676건 (요청 4917회)
[미리캔버스|2024] 1페이지까지 · 누적 693건 (요청 4935회)
[미리캔버스|2025] 1페이지까지 · 누적 722건 (요청 4965회)
[미리캔버스|2026] 1페이지까지 · 누적 727건 (요청 4971회)
[미리캔버스 Pro요금제 할인 프로모션|2023] 1페이지까지 · 누적 727건 (요청 4972회)
[미리캔버스 Pro요금제 할인 프로모션|2024] 1페이지까지 · 누적 727건 (요청 4973회)
[미리캔버스 Pro요금제 할인 프로모션|2025] 1페이지까지 · 누적 727건 (요청 4974회)
[미리캔버스 Pro요금제 할인 프로모션|2026] 1페이지까지 · 누적 727건 (요청 4975회)
[미세먼지측정키트Pro|2023] 1페이지까지 · 누적 727건 (요청 4976회)
[미세먼지측정키트Pro|2024] 1페이지까지 · 누적 727건 (요청 4977회)
[미세먼지측정키트Pro|2025] 1페이지까지 · 누적 727건 (요청 4978회)
[미세먼지측정키트Pro|2026] 1페이지까지 · 누적 727건 (요청 4979회)
[미소급식|2023] 1페이지까지 · 누적 727건 (요청 4980회)
[미소급식|2024] 1페이지까지 · 누적 727건 (요청 4981회)
[미소급식|2025] 1페이지까지 · 누적 727건 (요청 4982회)
[미소급식|2026] 1페이지까지 · 누적 727건 (요청 4983회)
[미주 AI|2023] 1페이지까지 · 누적 727건 (요청 4984회)
[미주 AI|2024] 1페이지까지 · 누적 727건 (요청 4985회)
[미주 AI|2025] 1페이지까지 · 누적 727건 (요청 4986회)
[미주 AI|2026] 1페이지까지 · 누적 727건 (요청 4987회)
[민주주의 바람의 나라|2023] 1페이지까지 · 누적 727건 (요청 4988회)
[민주주의 바람의 나라|2024] 1페이지까지 · 누적 727건 (요청 4989회)
[민주주의 바람의 나라|2025] 1페이지까지 · 누적 727건 (요청 4990회)
[민주주의 바람의 나라|2026] 1페이지까지 · 누적 727건 (요청 4991회)
[민트영어ㆍ화상영어서비스|2023] 1페이지까지 · 누적 727건 (요청 4992회)
[민트영어ㆍ화상영어서비스|2024] 1페이지까지 · 누적 727건 (요청 4993회)
[민트영어ㆍ화상영어서비스|2025] 1페이지까지 · 누적 727건 (요청 4994회)
[민트영어ㆍ화상영어서비스|2026] 1페이지까지 · 누적 727건 (요청 4995회)
[밀크T고등|2023] 1페이지까지 · 누적 727건 (요청 4996회)
[밀크T고등|2024] 1페이지까지 · 누적 727건 (요청 4997회)
[밀크T고등|2025] 1페이지까지 · 누적 727건 (요청 4998회)
[밀크T고등|2026] 1페이지까지 · 누적 727건 (요청 4999회)
[밀크T중학|2023] 1페이지까지 · 누적 727건 (요청 5000회)
[밀크T중학|2024] 1페이지까지 · 누적 727건 (요청 5001회)
[밀크T중학|2025] 1페이지까지 · 누적 727건 (요청 5002회)
[밀크T중학|2026] 1페이지까지 · 누적 727건 (요청 5003회)
[밀크T초등|2023] 1페이지까지 · 누적 728건 (요청 5005회)
[밀크T초등|2024] 1페이지까지 · 누적 728건 (요청 5006회)
[밀크T초등|2025] 1페이지까지 · 누적 728건 (요청 5007회)
[밀크T초등|2026] 1페이지까지 · 누적 728건 (요청 5008회)
[밋메이트|2023] 1페이지까지 · 누적 728건 (요청 5009회)
[밋메이트|2024] 1페이지까지 · 누적 728건 (요청 5010회)
[밋메이트|2025] 1페이지까지 · 누적 728건 (요청 5011회)
[밋메이트|2026] 1페이지까지 · 누적 728건 (요청 5012회)
[밍글봇 AI|2023] 1페이지까지 · 누적 728건 (요청 5013회)
[밍글봇 AI|2024] 1페이지까지 · 누적 728건 (요청 5014회)
[밍글봇 AI|2025] 1페이지까지 · 누적 728건 (요청 5015회)
[밍글봇 AI|2026] 1페이지까지 · 누적 728건 (요청 5016회)
[바로 쓰는 프링고 PRINGO 교육세트|2023] 1페이지까지 · 누적 728건 (요청 5017회)
[바로 쓰는 프링고 PRINGO 교육세트|2024] 1페이지까지 · 누적 728건 (요청 5018회)
[바로 쓰는 프링고 PRINGO 교육세트|2025] 1페이지까지 · 누적 728건 (요청 5019회)
[바로 쓰는 프링고 PRINGO 교육세트|2026] 1페이지까지 · 누적 728건 (요청 5020회)
[바른한글|2023] 1페이지까지 · 누적 728건 (요청 5021회)
[바른한글|2024] 1페이지까지 · 누적 728건 (요청 5022회)
[바른한글|2025] 1페이지까지 · 누적 728건 (요청 5023회)
[바른한글|2026] 1페이지까지 · 누적 728건 (요청 5024회)
[바른한글 한국어 맞춤법/문법 검사기|2023] 1페이지까지 · 누적 728건 (요청 5025회)
[바른한글 한국어 맞춤법/문법 검사기|2024] 1페이지까지 · 누적 728건 (요청 5026회)
[바른한글 한국어 맞춤법/문법 검사기|2025] 1페이지까지 · 누적 728건 (요청 5027회)
[바른한글 한국어 맞춤법/문법 검사기|2026] 1페이지까지 · 누적 728건 (요청 5028회)
[바운더리엑스 AI 웹앱서비스|2023] 1페이지까지 · 누적 728건 (요청 5029회)
[바운더리엑스 AI 웹앱서비스|2024] 1페이지까지 · 누적 728건 (요청 5030회)
[바운더리엑스 AI 웹앱서비스|2025] 1페이지까지 · 누적 728건 (요청 5031회)
[바운더리엑스 AI 웹앱서비스|2026] 1페이지까지 · 누적 728건 (요청 5032회)
[바이브블록|2023] 1페이지까지 · 누적 728건 (요청 5033회)
[바이브블록|2024] 1페이지까지 · 누적 728건 (요청 5034회)
[바이브블록|2025] 1페이지까지 · 누적 728건 (요청 5035회)
[바이브블록|2026] 1페이지까지 · 누적 728건 (요청 5036회)
[바이브온T|2023] 1페이지까지 · 누적 728건 (요청 5037회)
[바이브온T|2024] 1페이지까지 · 누적 728건 (요청 5038회)
[바이브온T|2025] 1페이지까지 · 누적 728건 (요청 5039회)
[바이브온T|2026] 1페이지까지 · 누적 728건 (요청 5040회)
[바이브클래스|2023] 1페이지까지 · 누적 728건 (요청 5041회)
[바이브클래스|2024] 1페이지까지 · 누적 728건 (요청 5042회)
[바이브클래스|2025] 1페이지까지 · 누적 728건 (요청 5043회)
[바이브클래스|2026] 1페이지까지 · 누적 728건 (요청 5044회)
[박스히어로|2023] 1페이지까지 · 누적 728건 (요청 5045회)
[박스히어로|2024] 1페이지까지 · 누적 728건 (요청 5046회)
[박스히어로|2025] 1페이지까지 · 누적 728건 (요청 5047회)
[박스히어로|2026] 1페이지까지 · 누적 728건 (요청 5048회)
[반디캠|2023] 1페이지까지 · 누적 728건 (요청 5049회)
[반디캠|2024] 1페이지까지 · 누적 728건 (요청 5050회)
[반디캠|2025] 1페이지까지 · 누적 728건 (요청 5051회)
[반디캠|2026] 1페이지까지 · 누적 728건 (요청 5052회)
[반디캠 맥 버전|2023] 1페이지까지 · 누적 728건 (요청 5053회)
[반디캠 맥 버전|2024] 1페이지까지 · 누적 728건 (요청 5054회)
[반디캠 맥 버전|2025] 1페이지까지 · 누적 728건 (요청 5055회)
[반디캠 맥 버전|2026] 1페이지까지 · 누적 728건 (요청 5056회)
[반디컷|2023] 1페이지까지 · 누적 728건 (요청 5057회)
[반디컷|2024] 1페이지까지 · 누적 728건 (요청 5058회)
[반디컷|2025] 1페이지까지 · 누적 728건 (요청 5059회)
[반디컷|2026] 1페이지까지 · 누적 728건 (요청 5060회)
[반려로봇 loona|2023] 1페이지까지 · 누적 728건 (요청 5061회)
[반려로봇 loona|2024] 1페이지까지 · 누적 728건 (요청 5062회)
[반려로봇 loona|2025] 1페이지까지 · 누적 728건 (요청 5063회)
[반려로봇 loona|2026] 1페이지까지 · 누적 728건 (요청 5064회)
[반짝클래스|2023] 1페이지까지 · 누적 728건 (요청 5065회)
[반짝클래스|2024] 1페이지까지 · 누적 728건 (요청 5066회)
[반짝클래스|2025] 1페이지까지 · 누적 728건 (요청 5067회)
[반짝클래스|2026] 1페이지까지 · 누적 728건 (요청 5068회)
[받침음절표|2023] 1페이지까지 · 누적 728건 (요청 5069회)
[받침음절표|2024] 1페이지까지 · 누적 728건 (요청 5070회)
[받침음절표|2025] 1페이지까지 · 누적 728건 (요청 5071회)
[받침음절표|2026] 1페이지까지 · 누적 728건 (요청 5072회)
[발달장애인 교육용 VR 콘텐츠|2023] 1페이지까지 · 누적 728건 (요청 5073회)
[발달장애인 교육용 VR 콘텐츠|2024] 1페이지까지 · 누적 728건 (요청 5074회)
[발달장애인 교육용 VR 콘텐츠|2025] 1페이지까지 · 누적 728건 (요청 5075회)
[발달장애인 교육용 VR 콘텐츠|2026] 1페이지까지 · 누적 728건 (요청 5076회)
[방구석연구소|2023] 1페이지까지 · 누적 728건 (요청 5077회)
[방구석연구소|2024] 1페이지까지 · 누적 728건 (요청 5078회)
[방구석연구소|2025] 1페이지까지 · 누적 728건 (요청 5079회)
[방구석연구소|2026] 1페이지까지 · 누적 728건 (요청 5080회)
[방문자예약시스템|2023] 1페이지까지 · 누적 728건 (요청 5081회)
[방문자예약시스템|2024] 1페이지까지 · 누적 728건 (요청 5082회)
[방문자예약시스템|2025] 1페이지까지 · 누적 728건 (요청 5083회)
[방문자예약시스템|2026] 1페이지까지 · 누적 728건 (요청 5084회)
[방송부 앱|2023] 1페이지까지 · 누적 728건 (요청 5085회)
[방송부 앱|2024] 1페이지까지 · 누적 728건 (요청 5086회)
[방송부 앱|2025] 1페이지까지 · 누적 728건 (요청 5087회)
[방송부 앱|2026] 1페이지까지 · 누적 728건 (요청 5088회)
[배움공책|2023] 1페이지까지 · 누적 728건 (요청 5089회)
[배움공책|2024] 1페이지까지 · 누적 730건 (요청 5092회)
[배움공책|2025] 1페이지까지 · 누적 733건 (요청 5096회)
[배움공책|2026] 1페이지까지 · 누적 735건 (요청 5099회)
[백제 미스터리 연구소|2023] 1페이지까지 · 누적 735건 (요청 5100회)
[백제 미스터리 연구소|2024] 1페이지까지 · 누적 735건 (요청 5101회)
[백제 미스터리 연구소|2025] 1페이지까지 · 누적 735건 (요청 5102회)
[백제 미스터리 연구소|2026] 1페이지까지 · 누적 735건 (요청 5103회)
[뱁믹스2|2023] 1페이지까지 · 누적 735건 (요청 5104회)
[뱁믹스2|2024] 1페이지까지 · 누적 735건 (요청 5105회)
[뱁믹스2|2025] 1페이지까지 · 누적 735건 (요청 5106회)
[뱁믹스2|2026] 1페이지까지 · 누적 736건 (요청 5108회)
[버추얼클래스|2023] 1페이지까지 · 누적 736건 (요청 5109회)
[버추얼클래스|2024] 1페이지까지 · 누적 736건 (요청 5110회)
[버추얼클래스|2025] 1페이지까지 · 누적 736건 (요청 5111회)
[버추얼클래스|2026] 1페이지까지 · 누적 736건 (요청 5112회)
[베스트사이트|2023] 1페이지까지 · 누적 736건 (요청 5113회)
[베스트사이트|2024] 1페이지까지 · 누적 736건 (요청 5114회)
[베스트사이트|2025] 1페이지까지 · 누적 736건 (요청 5115회)
[베스트사이트|2026] 1페이지까지 · 누적 736건 (요청 5116회)
[베티 - 모션 코딩|2023] 1페이지까지 · 누적 736건 (요청 5117회)
[베티 - 모션 코딩|2024] 1페이지까지 · 누적 736건 (요청 5118회)
[베티 - 모션 코딩|2025] 1페이지까지 · 누적 736건 (요청 5119회)
[베티 - 모션 코딩|2026] 1페이지까지 · 누적 736건 (요청 5120회)
[베티 주니어|2023] 1페이지까지 · 누적 736건 (요청 5121회)
[베티 주니어|2024] 1페이지까지 · 누적 736건 (요청 5122회)
[베티 주니어|2025] 1페이지까지 · 누적 736건 (요청 5123회)
[베티 주니어|2026] 1페이지까지 · 누적 736건 (요청 5124회)
[벨루가|2023] 1페이지까지 · 누적 736건 (요청 5125회)
[벨루가|2024] 1페이지까지 · 누적 736건 (요청 5126회)
[벨루가|2025] 1페이지까지 · 누적 736건 (요청 5127회)
[벨루가|2026] 1페이지까지 · 누적 736건 (요청 5128회)
[별빛로그|2023] 1페이지까지 · 누적 736건 (요청 5129회)
[별빛로그|2024] 1페이지까지 · 누적 736건 (요청 5130회)
[별빛로그|2025] 1페이지까지 · 누적 736건 (요청 5131회)
[별빛로그|2026] 1페이지까지 · 누적 736건 (요청 5132회)
[보건일지|2023] 1페이지까지 · 누적 736건 (요청 5133회)
[보건일지|2024] 1페이지까지 · 누적 738건 (요청 5136회)
[보건일지|2025] 1페이지까지 · 누적 780건 (요청 5179회)
[보건일지|2026] 1페이지까지 · 누적 809건 (요청 5209회)
[보고핏 AI 가상 피팅 솔루션|2023] 1페이지까지 · 누적 809건 (요청 5210회)
[보고핏 AI 가상 피팅 솔루션|2024] 1페이지까지 · 누적 809건 (요청 5211회)
[보고핏 AI 가상 피팅 솔루션|2025] 1페이지까지 · 누적 809건 (요청 5212회)
[보고핏 AI 가상 피팅 솔루션|2026] 1페이지까지 · 누적 809건 (요청 5213회)
[보다스쿨|2023] 1페이지까지 · 누적 809건 (요청 5214회)
[보다스쿨|2024] 1페이지까지 · 누적 809건 (요청 5215회)
[보다스쿨|2025] 1페이지까지 · 누적 809건 (요청 5216회)
[보다스쿨|2026] 1페이지까지 · 누적 809건 (요청 5217회)
[보라구 중국어 Class|2023] 1페이지까지 · 누적 809건 (요청 5218회)
[보라구 중국어 Class|2024] 1페이지까지 · 누적 809건 (요청 5219회)
[보라구 중국어 Class|2025] 1페이지까지 · 누적 809건 (요청 5220회)
[보라구 중국어 Class|2026] 1페이지까지 · 누적 809건 (요청 5221회)
[보은고 GPT|2023] 1페이지까지 · 누적 809건 (요청 5222회)
[보은고 GPT|2024] 1페이지까지 · 누적 809건 (요청 5223회)
[보은고 GPT|2025] 1페이지까지 · 누적 809건 (요청 5224회)
[보은고 GPT|2026] 1페이지까지 · 누적 809건 (요청 5225회)
[보카톡톡|2023] 1페이지까지 · 누적 809건 (요청 5226회)
[보카톡톡|2024] 1페이지까지 · 누적 809건 (요청 5227회)
[보카톡톡|2025] 1페이지까지 · 누적 809건 (요청 5228회)
[보카톡톡|2026] 1페이지까지 · 누적 809건 (요청 5229회)
[보행자를 위한 신호등|2023] 1페이지까지 · 누적 809건 (요청 5230회)
[보행자를 위한 신호등|2024] 1페이지까지 · 누적 809건 (요청 5231회)
[보행자를 위한 신호등|2025] 1페이지까지 · 누적 809건 (요청 5232회)
[보행자를 위한 신호등|2026] 1페이지까지 · 누적 809건 (요청 5233회)
[부산광역시 전자도서관|2023] 1페이지까지 · 누적 809건 (요청 5234회)
[부산광역시 전자도서관|2024] 1페이지까지 · 누적 809건 (요청 5235회)
[부산광역시 전자도서관|2025] 1페이지까지 · 누적 809건 (요청 5236회)
[부산광역시 전자도서관|2026] 1페이지까지 · 누적 809건 (요청 5237회)
[부산교육 AI 튜터 BeAT|2023] 1페이지까지 · 누적 809건 (요청 5238회)
[부산교육 AI 튜터 BeAT|2024] 1페이지까지 · 누적 809건 (요청 5239회)
[부산교육 AI 튜터 BeAT|2025] 1페이지까지 · 누적 809건 (요청 5240회)
[부산교육 AI 튜터 BeAT|2026] 1페이지까지 · 누적 809건 (요청 5241회)
[부산스스로학습터|2023] 1페이지까지 · 누적 809건 (요청 5242회)
[부산스스로학습터|2024] 1페이지까지 · 누적 809건 (요청 5243회)
[부산스스로학습터|2025] 1페이지까지 · 누적 809건 (요청 5244회)
[부산스스로학습터|2026] 1페이지까지 · 누적 809건 (요청 5245회)
[부산에듀원2.0|2023] 1페이지까지 · 누적 809건 (요청 5246회)
[부산에듀원2.0|2024] 1페이지까지 · 누적 809건 (요청 5247회)
[부산에듀원2.0|2025] 1페이지까지 · 누적 809건 (요청 5248회)
[부산에듀원2.0|2026] 1페이지까지 · 누적 809건 (요청 5249회)
[부산전자도서관|2023] 1페이지까지 · 누적 809건 (요청 5250회)
[부산전자도서관|2024] 1페이지까지 · 누적 809건 (요청 5251회)
[부산전자도서관|2025] 1페이지까지 · 누적 809건 (요청 5252회)
[부산전자도서관|2026] 1페이지까지 · 누적 809건 (요청 5253회)
[부엉이 소리 피리 키트|2023] 1페이지까지 · 누적 809건 (요청 5254회)
[부엉이 소리 피리 키트|2024] 1페이지까지 · 누적 809건 (요청 5255회)
[부엉이 소리 피리 키트|2025] 1페이지까지 · 누적 809건 (요청 5256회)
[부엉이 소리 피리 키트|2026] 1페이지까지 · 누적 809건 (요청 5257회)
[부지런 앱|2023] 1페이지까지 · 누적 809건 (요청 5258회)
[부지런 앱|2024] 1페이지까지 · 누적 809건 (요청 5259회)
[부지런 앱|2025] 1페이지까지 · 누적 809건 (요청 5260회)
[부지런 앱|2026] 1페이지까지 · 누적 809건 (요청 5261회)
[부커스|2023] 1페이지까지 · 누적 809건 (요청 5262회)
[부커스|2024] 1페이지까지 · 누적 809건 (요청 5263회)
[부커스|2025] 1페이지까지 · 누적 809건 (요청 5264회)
[부커스|2026] 1페이지까지 · 누적 809건 (요청 5265회)
[부커스 WHY ON|2023] 1페이지까지 · 누적 809건 (요청 5266회)
[부커스 WHY ON|2024] 1페이지까지 · 누적 809건 (요청 5267회)
[부커스 WHY ON|2025] 1페이지까지 · 누적 809건 (요청 5268회)
[부커스 WHY ON|2026] 1페이지까지 · 누적 809건 (요청 5269회)
[부커스 다문화ON|2023] 1페이지까지 · 누적 809건 (요청 5270회)
[부커스 다문화ON|2024] 1페이지까지 · 누적 809건 (요청 5271회)
[부커스 다문화ON|2025] 1페이지까지 · 누적 809건 (요청 5272회)
[부커스 다문화ON|2026] 1페이지까지 · 누적 809건 (요청 5273회)
[부커스 진로ON|2023] 1페이지까지 · 누적 809건 (요청 5274회)
[부커스 진로ON|2024] 1페이지까지 · 누적 809건 (요청 5275회)
[부커스 진로ON|2025] 1페이지까지 · 누적 809건 (요청 5276회)
[부커스 진로ON|2026] 1페이지까지 · 누적 809건 (요청 5277회)
[부크크|2023] 1페이지까지 · 누적 809건 (요청 5278회)
[부크크|2024] 1페이지까지 · 누적 809건 (요청 5279회)
[부크크|2025] 1페이지까지 · 누적 809건 (요청 5280회)
[부크크|2026] 1페이지까지 · 누적 809건 (요청 5281회)
[북레일|2023] 1페이지까지 · 누적 809건 (요청 5282회)
[북레일|2024] 1페이지까지 · 누적 809건 (요청 5283회)
[북레일|2025] 1페이지까지 · 누적 809건 (요청 5284회)
[북레일|2026] 1페이지까지 · 누적 809건 (요청 5285회)
[북적북적|2023] 1페이지까지 · 누적 809건 (요청 5286회)
[북적북적|2024] 1페이지까지 · 누적 821건 (요청 5299회)
[북적북적|2025] 1페이지까지 · 누적 885건 (요청 5364회)
[북적북적|2026] 1페이지까지 · 누적 908건 (요청 5388회)
[북컴퍼스|2023] 1페이지까지 · 누적 908건 (요청 5389회)
[북컴퍼스|2024] 1페이지까지 · 누적 908건 (요청 5390회)
[북컴퍼스|2025] 1페이지까지 · 누적 908건 (요청 5391회)
[북컴퍼스|2026] 1페이지까지 · 누적 908건 (요청 5392회)
[북크리에이터|2023] 1페이지까지 · 누적 908건 (요청 5393회)
[북크리에이터|2024] 1페이지까지 · 누적 908건 (요청 5394회)
[북크리에이터|2025] 1페이지까지 · 누적 910건 (요청 5397회)
[북크리에이터|2026] 1페이지까지 · 누적 912건 (요청 5400회)
[북토리|2023] 1페이지까지 · 누적 912건 (요청 5401회)
[북토리|2024] 1페이지까지 · 누적 912건 (요청 5402회)
[북토리|2025] 1페이지까지 · 누적 914건 (요청 5405회)
[북토리|2026] 1페이지까지 · 누적 916건 (요청 5408회)
[북토비 소장형 전자도서관|2023] 1페이지까지 · 누적 916건 (요청 5409회)
[북토비 소장형 전자도서관|2024] 1페이지까지 · 누적 916건 (요청 5410회)
[북토비 소장형 전자도서관|2025] 1페이지까지 · 누적 916건 (요청 5411회)
[북토비 소장형 전자도서관|2026] 1페이지까지 · 누적 916건 (요청 5412회)
[북토비 스마트 전자도서관|2023] 1페이지까지 · 누적 916건 (요청 5413회)
[북토비 스마트 전자도서관|2024] 1페이지까지 · 누적 916건 (요청 5414회)
[북토비 스마트 전자도서관|2025] 1페이지까지 · 누적 916건 (요청 5415회)
[북토비 스마트 전자도서관|2026] 1페이지까지 · 누적 916건 (요청 5416회)
[브레인탭 퀴즈마스터|2023] 1페이지까지 · 누적 916건 (요청 5417회)
[브레인탭 퀴즈마스터|2024] 1페이지까지 · 누적 916건 (요청 5418회)
[브레인탭 퀴즈마스터|2025] 1페이지까지 · 누적 916건 (요청 5419회)
[브레인탭 퀴즈마스터|2026] 1페이지까지 · 누적 916건 (요청 5420회)
[브로콜리 코딩|2023] 1페이지까지 · 누적 916건 (요청 5421회)
[브로콜리 코딩|2024] 1페이지까지 · 누적 916건 (요청 5422회)
[브로콜리 코딩|2025] 1페이지까지 · 누적 916건 (요청 5423회)
[브로콜리 코딩|2026] 1페이지까지 · 누적 916건 (요청 5424회)
[브릭셀 AI 페이지|2023] 1페이지까지 · 누적 916건 (요청 5425회)
[브릭셀 AI 페이지|2024] 1페이지까지 · 누적 916건 (요청 5426회)
[브릭셀 AI 페이지|2025] 1페이지까지 · 누적 916건 (요청 5427회)
[브릭셀 AI 페이지|2026] 1페이지까지 · 누적 916건 (요청 5428회)
[브릭셀 랜딩 페이지|2023] 1페이지까지 · 누적 916건 (요청 5429회)
[브릭셀 랜딩 페이지|2024] 1페이지까지 · 누적 916건 (요청 5430회)
[브릭셀 랜딩 페이지|2025] 1페이지까지 · 누적 916건 (요청 5431회)
[브릭셀 랜딩 페이지|2026] 1페이지까지 · 누적 916건 (요청 5432회)
[브릭셀 실시간 데이터 로깅 및 분석 페이지|2023] 1페이지까지 · 누적 916건 (요청 5433회)
[브릭셀 실시간 데이터 로깅 및 분석 페이지|2024] 1페이지까지 · 누적 916건 (요청 5434회)
[브릭셀 실시간 데이터 로깅 및 분석 페이지|2025] 1페이지까지 · 누적 916건 (요청 5435회)
[브릭셀 실시간 데이터 로깅 및 분석 페이지|2026] 1페이지까지 · 누적 916건 (요청 5436회)
[브릭셀 에디터 페이지|2023] 1페이지까지 · 누적 916건 (요청 5437회)
[브릭셀 에디터 페이지|2024] 1페이지까지 · 누적 916건 (요청 5438회)
[브릭셀 에디터 페이지|2025] 1페이지까지 · 누적 916건 (요청 5439회)
[브릭셀 에디터 페이지|2026] 1페이지까지 · 누적 916건 (요청 5440회)
[브릭셀 회로 설계 시뮬레이터 페이지|2023] 1페이지까지 · 누적 916건 (요청 5441회)
[브릭셀 회로 설계 시뮬레이터 페이지|2024] 1페이지까지 · 누적 916건 (요청 5442회)
[브릭셀 회로 설계 시뮬레이터 페이지|2025] 1페이지까지 · 누적 916건 (요청 5443회)
[브릭셀 회로 설계 시뮬레이터 페이지|2026] 1페이지까지 · 누적 916건 (요청 5444회)
[블럭토커|2023] 1페이지까지 · 누적 916건 (요청 5445회)
[블럭토커|2024] 1페이지까지 · 누적 916건 (요청 5446회)
[블럭토커|2025] 1페이지까지 · 누적 916건 (요청 5447회)
[블럭토커|2026] 1페이지까지 · 누적 916건 (요청 5448회)
[블록피아노|2023] 1페이지까지 · 누적 916건 (요청 5449회)
[블록피아노|2024] 1페이지까지 · 누적 916건 (요청 5450회)
[블록피아노|2025] 1페이지까지 · 누적 916건 (요청 5451회)
[블록피아노|2026] 1페이지까지 · 누적 916건 (요청 5452회)
[블루킷|2023] 1페이지까지 · 누적 916건 (요청 5453회)
[블루킷|2024] 1페이지까지 · 누적 917건 (요청 5455회)
[블루킷|2025] 1페이지까지 · 누적 918건 (요청 5457회)
[블루킷|2026] 1페이지까지 · 누적 920건 (요청 5460회)
[블루투스 스피커|2023] 1페이지까지 · 누적 923건 (요청 5464회)
[블루투스 스피커|2024] 1페이지까지 · 누적 934건 (요청 5476회)
[블루투스 스피커|2025] 1페이지까지 · 누적 979건 (요청 5522회)
[블루투스 스피커|2026] 1페이지까지 · 누적 1003건 (요청 5547회)
[비긴랩|2023] 1페이지까지 · 누적 1003건 (요청 5548회)
[비긴랩|2024] 1페이지까지 · 누적 1003건 (요청 5549회)
[비긴랩|2025] 1페이지까지 · 누적 1003건 (요청 5550회)
[비긴랩|2026] 1페이지까지 · 누적 1003건 (요청 5551회)
[비디오스튜|2023] 1페이지까지 · 누적 1003건 (요청 5552회)
[비디오스튜|2024] 1페이지까지 · 누적 1003건 (요청 5553회)
[비디오스튜|2025] 1페이지까지 · 누적 1003건 (요청 5554회)
[비디오스튜|2026] 1페이지까지 · 누적 1003건 (요청 5555회)
[비바부 잉글리시|2023] 1페이지까지 · 누적 1003건 (요청 5556회)
[비바부 잉글리시|2024] 1페이지까지 · 누적 1003건 (요청 5557회)
[비바부 잉글리시|2025] 1페이지까지 · 누적 1003건 (요청 5558회)
[비바부 잉글리시|2026] 1페이지까지 · 누적 1003건 (요청 5559회)
[비바샘 학습심리정서검사|2023] 1페이지까지 · 누적 1003건 (요청 5560회)
[비바샘 학습심리정서검사|2024] 1페이지까지 · 누적 1003건 (요청 5561회)
[비바샘 학습심리정서검사|2025] 1페이지까지 · 누적 1003건 (요청 5562회)
[비바샘 학습심리정서검사|2026] 1페이지까지 · 누적 1003건 (요청 5563회)
[비바클래스|2023] 1페이지까지 · 누적 1003건 (요청 5564회)
[비바클래스|2024] 1페이지까지 · 누적 1003건 (요청 5565회)
[비바클래스|2025] 1페이지까지 · 누적 1003건 (요청 5566회)
[비바클래스|2026] 1페이지까지 · 누적 1003건 (요청 5567회)
[비봇 Bee-Bot|2023] 1페이지까지 · 누적 1003건 (요청 5568회)
[비봇 Bee-Bot|2024] 1페이지까지 · 누적 1003건 (요청 5569회)
[비봇 Bee-Bot|2025] 1페이지까지 · 누적 1003건 (요청 5570회)
[비봇 Bee-Bot|2026] 1페이지까지 · 누적 1003건 (요청 5571회)
[비빙고|2023] 1페이지까지 · 누적 1003건 (요청 5572회)
[비빙고|2024] 1페이지까지 · 누적 1003건 (요청 5573회)
[비빙고|2025] 1페이지까지 · 누적 1003건 (요청 5574회)
[비빙고|2026] 1페이지까지 · 누적 1003건 (요청 5575회)
[비상교육 AI 디지털 교육자료 고등 공통수학 1|2023] 1페이지까지 · 누적 1003건 (요청 5576회)
[비상교육 AI 디지털 교육자료 고등 공통수학 1|2024] 1페이지까지 · 누적 1003건 (요청 5577회)
[비상교육 AI 디지털 교육자료 고등 공통수학 1|2025] 1페이지까지 · 누적 1003건 (요청 5578회)
[비상교육 AI 디지털 교육자료 고등 공통수학 1|2026] 1페이지까지 · 누적 1003건 (요청 5579회)
[비상교육 AI 디지털 교육자료 고등 공통수학 2|2023] 1페이지까지 · 누적 1003건 (요청 5580회)
[비상교육 AI 디지털 교육자료 고등 공통수학 2|2024] 1페이지까지 · 누적 1003건 (요청 5581회)
[비상교육 AI 디지털 교육자료 고등 공통수학 2|2025] 1페이지까지 · 누적 1003건 (요청 5582회)
[비상교육 AI 디지털 교육자료 고등 공통수학 2|2026] 1페이지까지 · 누적 1003건 (요청 5583회)
[비상교육 AI 디지털 교육자료 고등 공통수학1|2023] 1페이지까지 · 누적 1003건 (요청 5584회)
[비상교육 AI 디지털 교육자료 고등 공통수학1|2024] 1페이지까지 · 누적 1003건 (요청 5585회)
[비상교육 AI 디지털 교육자료 고등 공통수학1|2025] 1페이지까지 · 누적 1003건 (요청 5586회)
[비상교육 AI 디지털 교육자료 고등 공통수학1|2026] 1페이지까지 · 누적 1003건 (요청 5587회)
[비상교육 AI 디지털 교육자료 고등 공통수학2|2023] 1페이지까지 · 누적 1003건 (요청 5588회)
[비상교육 AI 디지털 교육자료 고등 공통수학2|2024] 1페이지까지 · 누적 1003건 (요청 5589회)
[비상교육 AI 디지털 교육자료 고등 공통수학2|2025] 1페이지까지 · 누적 1003건 (요청 5590회)
[비상교육 AI 디지털 교육자료 고등 공통수학2|2026] 1페이지까지 · 누적 1003건 (요청 5591회)
[비상교육 AI 디지털 교육자료 고등 공통영어 1|2023] 1페이지까지 · 누적 1003건 (요청 5592회)
[비상교육 AI 디지털 교육자료 고등 공통영어 1|2024] 1페이지까지 · 누적 1003건 (요청 5593회)
[비상교육 AI 디지털 교육자료 고등 공통영어 1|2025] 1페이지까지 · 누적 1003건 (요청 5594회)
[비상교육 AI 디지털 교육자료 고등 공통영어 1|2026] 1페이지까지 · 누적 1003건 (요청 5595회)
[비상교육 AI 디지털 교육자료 고등 공통영어 2|2023] 1페이지까지 · 누적 1003건 (요청 5596회)
[비상교육 AI 디지털 교육자료 고등 공통영어 2|2024] 1페이지까지 · 누적 1003건 (요청 5597회)
[비상교육 AI 디지털 교육자료 고등 공통영어 2|2025] 1페이지까지 · 누적 1003건 (요청 5598회)
[비상교육 AI 디지털 교육자료 고등 공통영어 2|2026] 1페이지까지 · 누적 1003건 (요청 5599회)
[비상교육 AI 디지털 교육자료 고등 공통영어1|2023] 1페이지까지 · 누적 1003건 (요청 5600회)
[비상교육 AI 디지털 교육자료 고등 공통영어1|2024] 1페이지까지 · 누적 1003건 (요청 5601회)
[비상교육 AI 디지털 교육자료 고등 공통영어1|2025] 1페이지까지 · 누적 1003건 (요청 5602회)
[비상교육 AI 디지털 교육자료 고등 공통영어1|2026] 1페이지까지 · 누적 1003건 (요청 5603회)
[비상교육 AI 디지털 교육자료 고등 공통영어2|2023] 1페이지까지 · 누적 1003건 (요청 5604회)
[비상교육 AI 디지털 교육자료 고등 공통영어2|2024] 1페이지까지 · 누적 1003건 (요청 5605회)
[비상교육 AI 디지털 교육자료 고등 공통영어2|2025] 1페이지까지 · 누적 1003건 (요청 5606회)
[비상교육 AI 디지털 교육자료 고등 공통영어2|2026] 1페이지까지 · 누적 1003건 (요청 5607회)
[비상교육 AI 디지털 교육자료 고등 정보|2023] 1페이지까지 · 누적 1003건 (요청 5608회)
[비상교육 AI 디지털 교육자료 고등 정보|2024] 1페이지까지 · 누적 1003건 (요청 5609회)
[비상교육 AI 디지털 교육자료 고등 정보|2025] 1페이지까지 · 누적 1003건 (요청 5610회)
[비상교육 AI 디지털 교육자료 고등 정보|2026] 1페이지까지 · 누적 1003건 (요청 5611회)
[비상교육 AI 디지털 교육자료 중학 수학 1|2023] 1페이지까지 · 누적 1003건 (요청 5612회)
[비상교육 AI 디지털 교육자료 중학 수학 1|2024] 1페이지까지 · 누적 1003건 (요청 5613회)
[비상교육 AI 디지털 교육자료 중학 수학 1|2025] 1페이지까지 · 누적 1003건 (요청 5614회)
[비상교육 AI 디지털 교육자료 중학 수학 1|2026] 1페이지까지 · 누적 1003건 (요청 5615회)
[비상교육 AI 디지털 교육자료 중학 수학 2|2023] 1페이지까지 · 누적 1003건 (요청 5616회)
[비상교육 AI 디지털 교육자료 중학 수학 2|2024] 1페이지까지 · 누적 1003건 (요청 5617회)
[비상교육 AI 디지털 교육자료 중학 수학 2|2025] 1페이지까지 · 누적 1003건 (요청 5618회)
[비상교육 AI 디지털 교육자료 중학 수학 2|2026] 1페이지까지 · 누적 1003건 (요청 5619회)
[비상교육 AI 디지털 교육자료 중학 수학2|2023] 1페이지까지 · 누적 1003건 (요청 5620회)
[비상교육 AI 디지털 교육자료 중학 수학2|2024] 1페이지까지 · 누적 1003건 (요청 5621회)
[비상교육 AI 디지털 교육자료 중학 수학2|2025] 1페이지까지 · 누적 1003건 (요청 5622회)
[비상교육 AI 디지털 교육자료 중학 수학2|2026] 1페이지까지 · 누적 1003건 (요청 5623회)
[비상교육 AI 디지털 교육자료 중학 영어 1|2023] 1페이지까지 · 누적 1003건 (요청 5624회)
[비상교육 AI 디지털 교육자료 중학 영어 1|2024] 1페이지까지 · 누적 1003건 (요청 5625회)
[비상교육 AI 디지털 교육자료 중학 영어 1|2025] 1페이지까지 · 누적 1003건 (요청 5626회)
[비상교육 AI 디지털 교육자료 중학 영어 1|2026] 1페이지까지 · 누적 1003건 (요청 5627회)
[비상교육 AI 디지털 교육자료 중학 영어 2|2023] 1페이지까지 · 누적 1003건 (요청 5628회)
[비상교육 AI 디지털 교육자료 중학 영어 2|2024] 1페이지까지 · 누적 1003건 (요청 5629회)
[비상교육 AI 디지털 교육자료 중학 영어 2|2025] 1페이지까지 · 누적 1003건 (요청 5630회)
[비상교육 AI 디지털 교육자료 중학 영어 2|2026] 1페이지까지 · 누적 1003건 (요청 5631회)
[비상교육 AI 디지털 교육자료 중학 영어1|2023] 1페이지까지 · 누적 1003건 (요청 5632회)
[비상교육 AI 디지털 교육자료 중학 영어1|2024] 1페이지까지 · 누적 1003건 (요청 5633회)
[비상교육 AI 디지털 교육자료 중학 영어1|2025] 1페이지까지 · 누적 1003건 (요청 5634회)
[비상교육 AI 디지털 교육자료 중학 영어1|2026] 1페이지까지 · 누적 1003건 (요청 5635회)
[비상교육 AI 디지털 교육자료 중학 정보|2023] 1페이지까지 · 누적 1003건 (요청 5636회)
[비상교육 AI 디지털 교육자료 중학 정보|2024] 1페이지까지 · 누적 1003건 (요청 5637회)
[비상교육 AI 디지털 교육자료 중학 정보|2025] 1페이지까지 · 누적 1003건 (요청 5638회)
[비상교육 AI 디지털 교육자료 중학 정보|2026] 1페이지까지 · 누적 1003건 (요청 5639회)
[비상교육 AI 디지털 교육자료 초등 수학 3-1|2023] 1페이지까지 · 누적 1003건 (요청 5640회)
[비상교육 AI 디지털 교육자료 초등 수학 3-1|2024] 1페이지까지 · 누적 1003건 (요청 5641회)
[비상교육 AI 디지털 교육자료 초등 수학 3-1|2025] 1페이지까지 · 누적 1003건 (요청 5642회)
[비상교육 AI 디지털 교육자료 초등 수학 3-1|2026] 1페이지까지 · 누적 1003건 (요청 5643회)
[비상교육 AI 디지털 교육자료 초등 수학 3-2|2023] 1페이지까지 · 누적 1003건 (요청 5644회)
[비상교육 AI 디지털 교육자료 초등 수학 3-2|2024] 1페이지까지 · 누적 1003건 (요청 5645회)
[비상교육 AI 디지털 교육자료 초등 수학 3-2|2025] 1페이지까지 · 누적 1003건 (요청 5646회)
[비상교육 AI 디지털 교육자료 초등 수학 3-2|2026] 1페이지까지 · 누적 1003건 (요청 5647회)
[비상교육 AI 디지털 교육자료 초등 수학 4-1|2023] 1페이지까지 · 누적 1003건 (요청 5648회)
[비상교육 AI 디지털 교육자료 초등 수학 4-1|2024] 1페이지까지 · 누적 1003건 (요청 5649회)
[비상교육 AI 디지털 교육자료 초등 수학 4-1|2025] 1페이지까지 · 누적 1003건 (요청 5650회)
[비상교육 AI 디지털 교육자료 초등 수학 4-1|2026] 1페이지까지 · 누적 1003건 (요청 5651회)
[비상교육 AI 디지털 교육자료 초등 수학 4-2|2023] 1페이지까지 · 누적 1003건 (요청 5652회)
[비상교육 AI 디지털 교육자료 초등 수학 4-2|2024] 1페이지까지 · 누적 1003건 (요청 5653회)
[비상교육 AI 디지털 교육자료 초등 수학 4-2|2025] 1페이지까지 · 누적 1003건 (요청 5654회)
[비상교육 AI 디지털 교육자료 초등 수학 4-2|2026] 1페이지까지 · 누적 1003건 (요청 5655회)
[비상교육 AI 디지털 교육자료 초등 수학 5-1|2023] 1페이지까지 · 누적 1003건 (요청 5656회)
[비상교육 AI 디지털 교육자료 초등 수학 5-1|2024] 1페이지까지 · 누적 1003건 (요청 5657회)
[비상교육 AI 디지털 교육자료 초등 수학 5-1|2025] 1페이지까지 · 누적 1003건 (요청 5658회)
[비상교육 AI 디지털 교육자료 초등 수학 5-1|2026] 1페이지까지 · 누적 1003건 (요청 5659회)
[비상교육 AI 디지털 교육자료 초등 수학 5-2|2023] 1페이지까지 · 누적 1003건 (요청 5660회)
[비상교육 AI 디지털 교육자료 초등 수학 5-2|2024] 1페이지까지 · 누적 1003건 (요청 5661회)
[비상교육 AI 디지털 교육자료 초등 수학 5-2|2025] 1페이지까지 · 누적 1003건 (요청 5662회)
[비상교육 AI 디지털 교육자료 초등 수학 5-2|2026] 1페이지까지 · 누적 1003건 (요청 5663회)
[비상교육 AI 디지털 교육자료 초등 수학 6-1|2023] 1페이지까지 · 누적 1003건 (요청 5664회)
[비상교육 AI 디지털 교육자료 초등 수학 6-1|2024] 1페이지까지 · 누적 1003건 (요청 5665회)
[비상교육 AI 디지털 교육자료 초등 수학 6-1|2025] 1페이지까지 · 누적 1003건 (요청 5666회)
[비상교육 AI 디지털 교육자료 초등 수학 6-1|2026] 1페이지까지 · 누적 1003건 (요청 5667회)
[비상교육 AI 디지털 교육자료 초등 수학 6-2|2023] 1페이지까지 · 누적 1003건 (요청 5668회)
[비상교육 AI 디지털 교육자료 초등 수학 6-2|2024] 1페이지까지 · 누적 1003건 (요청 5669회)
[비상교육 AI 디지털 교육자료 초등 수학 6-2|2025] 1페이지까지 · 누적 1003건 (요청 5670회)
[비상교육 AI 디지털 교육자료 초등 수학 6-2|2026] 1페이지까지 · 누적 1003건 (요청 5671회)
[비상교육 AI 디지털 교육자료 초등 영어 5|2023] 1페이지까지 · 누적 1003건 (요청 5672회)
[비상교육 AI 디지털 교육자료 초등 영어 5|2024] 1페이지까지 · 누적 1003건 (요청 5673회)
[비상교육 AI 디지털 교육자료 초등 영어 5|2025] 1페이지까지 · 누적 1003건 (요청 5674회)
[비상교육 AI 디지털 교육자료 초등 영어 5|2026] 1페이지까지 · 누적 1003건 (요청 5675회)
[비상교육 AI 디지털 교육자료 초등 영어 6|2023] 1페이지까지 · 누적 1003건 (요청 5676회)
[비상교육 AI 디지털 교육자료 초등 영어 6|2024] 1페이지까지 · 누적 1003건 (요청 5677회)
[비상교육 AI 디지털 교육자료 초등 영어 6|2025] 1페이지까지 · 누적 1003건 (요청 5678회)
[비상교육 AI 디지털 교육자료 초등 영어 6|2026] 1페이지까지 · 누적 1003건 (요청 5679회)
[비상교육 도형 길잡이|2023] 1페이지까지 · 누적 1003건 (요청 5680회)
[비상교육 도형 길잡이|2024] 1페이지까지 · 누적 1003건 (요청 5681회)
[비상교육 도형 길잡이|2025] 1페이지까지 · 누적 1003건 (요청 5682회)
[비상교육 도형 길잡이|2026] 1페이지까지 · 누적 1003건 (요청 5683회)
[비에프오제이|2023] 1페이지까지 · 누적 1003건 (요청 5684회)
[비에프오제이|2024] 1페이지까지 · 누적 1003건 (요청 5685회)
[비에프오제이|2025] 1페이지까지 · 누적 1003건 (요청 5686회)
[비에프오제이|2026] 1페이지까지 · 누적 1003건 (요청 5687회)
[비즈메카EZ|2023] 1페이지까지 · 누적 1003건 (요청 5688회)
[비즈메카EZ|2024] 1페이지까지 · 누적 1003건 (요청 5689회)
[비즈메카EZ|2025] 1페이지까지 · 누적 1003건 (요청 5690회)
[비즈메카EZ|2026] 1페이지까지 · 누적 1003건 (요청 5691회)
[비타, 지도안 생성|2023] 1페이지까지 · 누적 1003건 (요청 5692회)
[비타, 지도안 생성|2024] 1페이지까지 · 누적 1003건 (요청 5693회)
[비타, 지도안 생성|2025] 1페이지까지 · 누적 1003건 (요청 5694회)
[비타, 지도안 생성|2026] 1페이지까지 · 누적 1003건 (요청 5695회)
[비타뱅크|2023] 1페이지까지 · 누적 1003건 (요청 5696회)
[비타뱅크|2024] 1페이지까지 · 누적 1003건 (요청 5697회)
[비타뱅크|2025] 1페이지까지 · 누적 1003건 (요청 5698회)
[비타뱅크|2026] 1페이지까지 · 누적 1003건 (요청 5699회)
[비토미|2023] 1페이지까지 · 누적 1003건 (요청 5700회)
[비토미|2024] 1페이지까지 · 누적 1003건 (요청 5701회)
[비토미|2025] 1페이지까지 · 누적 1003건 (요청 5702회)
[비토미|2026] 1페이지까지 · 누적 1003건 (요청 5703회)
[비트런|2023] 1페이지까지 · 누적 1003건 (요청 5704회)
[비트런|2024] 1페이지까지 · 누적 1003건 (요청 5705회)
[비트런|2025] 1페이지까지 · 누적 1003건 (요청 5706회)
[비트런|2026] 1페이지까지 · 누적 1003건 (요청 5707회)
[비트브릭 마스터키트|2023] 1페이지까지 · 누적 1003건 (요청 5708회)
[비트브릭 마스터키트|2024] 1페이지까지 · 누적 1003건 (요청 5709회)
[비트브릭 마스터키트|2025] 1페이지까지 · 누적 1004건 (요청 5711회)
[비트브릭 마스터키트|2026] 1페이지까지 · 누적 1004건 (요청 5712회)
[비트브릭 스크래치 SW|2023] 1페이지까지 · 누적 1004건 (요청 5713회)
[비트브릭 스크래치 SW|2024] 1페이지까지 · 누적 1004건 (요청 5714회)
[비트브릭 스크래치 SW|2025] 1페이지까지 · 누적 1004건 (요청 5715회)
[비트브릭 스크래치 SW|2026] 1페이지까지 · 누적 1004건 (요청 5716회)
[비트브릭 스타터키트|2023] 1페이지까지 · 누적 1004건 (요청 5717회)
[비트브릭 스타터키트|2024] 1페이지까지 · 누적 1004건 (요청 5718회)
[비트브릭 스타터키트|2025] 1페이지까지 · 누적 1004건 (요청 5719회)
[비트브릭 스타터키트|2026] 1페이지까지 · 누적 1004건 (요청 5720회)
[비트블록|2023] 1페이지까지 · 누적 1004건 (요청 5721회)
[비트블록|2024] 1페이지까지 · 누적 1004건 (요청 5722회)
[비트블록|2025] 1페이지까지 · 누적 1004건 (요청 5723회)
[비트블록|2026] 1페이지까지 · 누적 1004건 (요청 5724회)
[비트스틱 키트|2023] 1페이지까지 · 누적 1004건 (요청 5725회)
[비트스틱 키트|2024] 1페이지까지 · 누적 1004건 (요청 5726회)
[비트스틱 키트|2025] 1페이지까지 · 누적 1004건 (요청 5727회)
[비트스틱 키트|2026] 1페이지까지 · 누적 1004건 (요청 5728회)
[비트팟화분키트|2023] 1페이지까지 · 누적 1004건 (요청 5729회)
[비트팟화분키트|2024] 1페이지까지 · 누적 1004건 (요청 5730회)
[비트팟화분키트|2025] 1페이지까지 · 누적 1004건 (요청 5731회)
[비트팟화분키트|2026] 1페이지까지 · 누적 1004건 (요청 5732회)
[빅가든|2023] 1페이지까지 · 누적 1004건 (요청 5733회)
[빅가든|2024] 1페이지까지 · 누적 1004건 (요청 5734회)
[빅가든|2025] 1페이지까지 · 누적 1004건 (요청 5735회)
[빅가든|2026] 1페이지까지 · 누적 1004건 (요청 5736회)
[빅카인즈|2023] 1페이지까지 · 누적 1004건 (요청 5737회)
[빅카인즈|2024] 1페이지까지 · 누적 1004건 (요청 5738회)
[빅카인즈|2025] 1페이지까지 · 누적 1004건 (요청 5739회)
[빅카인즈|2026] 1페이지까지 · 누적 1004건 (요청 5740회)
[빈치봇|2023] 1페이지까지 · 누적 1004건 (요청 5741회)
[빈치봇|2024] 1페이지까지 · 누적 1004건 (요청 5742회)
[빈치봇|2025] 1페이지까지 · 누적 1004건 (요청 5743회)
[빈치봇|2026] 1페이지까지 · 누적 1004건 (요청 5744회)
[빠띠 타운홀|2023] 1페이지까지 · 누적 1004건 (요청 5745회)
[빠띠 타운홀|2024] 1페이지까지 · 누적 1004건 (요청 5746회)
[빠띠 타운홀|2025] 1페이지까지 · 누적 1004건 (요청 5747회)
[빠띠 타운홀|2026] 1페이지까지 · 누적 1004건 (요청 5748회)
[삐오봇|2023] 1페이지까지 · 누적 1004건 (요청 5749회)
[삐오봇|2024] 1페이지까지 · 누적 1004건 (요청 5750회)
[삐오봇|2025] 1페이지까지 · 누적 1004건 (요청 5751회)
[삐오봇|2026] 1페이지까지 · 누적 1004건 (요청 5752회)
[사람인 AI 모의면접|2023] 1페이지까지 · 누적 1004건 (요청 5753회)
[사람인 AI 모의면접|2024] 1페이지까지 · 누적 1004건 (요청 5754회)
[사람인 AI 모의면접|2025] 1페이지까지 · 누적 1004건 (요청 5755회)
[사람인 AI 모의면접|2026] 1페이지까지 · 누적 1004건 (요청 5756회)
[사서의 달인|2023] 1페이지까지 · 누적 1004건 (요청 5757회)
[사서의 달인|2024] 1페이지까지 · 누적 1004건 (요청 5758회)
[사서의 달인|2025] 1페이지까지 · 누적 1004건 (요청 5759회)
[사서의 달인|2026] 1페이지까지 · 누적 1004건 (요청 5760회)
[사스다|2023] 1페이지까지 · 누적 1004건 (요청 5761회)
[사스다|2024] 1페이지까지 · 누적 1004건 (요청 5762회)
[사스다|2025] 1페이지까지 · 누적 1004건 (요청 5763회)
[사스다|2026] 1페이지까지 · 누적 1004건 (요청 5764회)
[사이냅 OCR|2023] 1페이지까지 · 누적 1004건 (요청 5765회)
[사이냅 OCR|2024] 1페이지까지 · 누적 1004건 (요청 5766회)
[사이냅 OCR|2025] 1페이지까지 · 누적 1004건 (요청 5767회)
[사이냅 OCR|2026] 1페이지까지 · 누적 1004건 (요청 5768회)
[사이냅 문서뷰어|2023] 1페이지까지 · 누적 1004건 (요청 5769회)
[사이냅 문서뷰어|2024] 1페이지까지 · 누적 1004건 (요청 5770회)
[사이냅 문서뷰어|2025] 1페이지까지 · 누적 1004건 (요청 5771회)
[사이냅 문서뷰어|2026] 1페이지까지 · 누적 1004건 (요청 5772회)
[사이냅 에디터|2023] 1페이지까지 · 누적 1004건 (요청 5773회)
[사이냅 에디터|2024] 1페이지까지 · 누적 1004건 (요청 5774회)
[사이냅 에디터|2025] 1페이지까지 · 누적 1004건 (요청 5775회)
[사이냅 에디터|2026] 1페이지까지 · 누적 1004건 (요청 5776회)
[사이냅 오피스|2023] 1페이지까지 · 누적 1004건 (요청 5777회)
[사이냅 오피스|2024] 1페이지까지 · 누적 1004건 (요청 5778회)
[사이냅 오피스|2025] 1페이지까지 · 누적 1004건 (요청 5779회)
[사이냅 오피스|2026] 1페이지까지 · 누적 1004건 (요청 5780회)
[사이버파이 베이직|2023] 1페이지까지 · 누적 1004건 (요청 5781회)
[사이버파이 베이직|2024] 1페이지까지 · 누적 1004건 (요청 5782회)
[사이버파이 베이직|2025] 1페이지까지 · 누적 1004건 (요청 5783회)
[사이버파이 베이직|2026] 1페이지까지 · 누적 1004건 (요청 5784회)
[사이버파이 인공지능 파이썬&블록코딩 KIT|2023] 1페이지까지 · 누적 1004건 (요청 5785회)
[사이버파이 인공지능 파이썬&블록코딩 KIT|2024] 1페이지까지 · 누적 1004건 (요청 5786회)
[사이버파이 인공지능 파이썬&블록코딩 KIT|2025] 1페이지까지 · 누적 1004건 (요청 5787회)
[사이버파이 인공지능 파이썬&블록코딩 KIT|2026] 1페이지까지 · 누적 1004건 (요청 5788회)
[사이버파이 프로젝트|2023] 1페이지까지 · 누적 1004건 (요청 5789회)
[사이버파이 프로젝트|2024] 1페이지까지 · 누적 1004건 (요청 5790회)
[사이버파이 프로젝트|2025] 1페이지까지 · 누적 1004건 (요청 5791회)
[사이버파이 프로젝트|2026] 1페이지까지 · 누적 1004건 (요청 5792회)
[사이버폭력 예방교육 종합서비스 도란도란|2023] 1페이지까지 · 누적 1004건 (요청 5793회)
[사이버폭력 예방교육 종합서비스 도란도란|2024] 1페이지까지 · 누적 1004건 (요청 5794회)
[사이버폭력 예방교육 종합서비스 도란도란|2025] 1페이지까지 · 누적 1004건 (요청 5795회)
[사이버폭력 예방교육 종합서비스 도란도란|2026] 1페이지까지 · 누적 1004건 (요청 5796회)
[사이언스 아티슨+ 교사용 웹|2023] 1페이지까지 · 누적 1004건 (요청 5797회)
[사이언스 아티슨+ 교사용 웹|2024] 1페이지까지 · 누적 1004건 (요청 5798회)
[사이언스 아티슨+ 교사용 웹|2025] 1페이지까지 · 누적 1004건 (요청 5799회)
[사이언스 아티슨+ 교사용 웹|2026] 1페이지까지 · 누적 1004건 (요청 5800회)
[사이언스올|2023] 1페이지까지 · 누적 1004건 (요청 5801회)
[사이언스올|2024] 1페이지까지 · 누적 1004건 (요청 5802회)
[사이언스올|2025] 1페이지까지 · 누적 1004건 (요청 5803회)
[사이언스올|2026] 1페이지까지 · 누적 1004건 (요청 5804회)
[사이언스큐브 무선 CO2/온습도센서|2023] 1페이지까지 · 누적 1004건 (요청 5805회)
[사이언스큐브 무선 CO2/온습도센서|2024] 1페이지까지 · 누적 1004건 (요청 5806회)
[사이언스큐브 무선 CO2/온습도센서|2025] 1페이지까지 · 누적 1004건 (요청 5807회)
[사이언스큐브 무선 CO2/온습도센서|2026] 1페이지까지 · 누적 1004건 (요청 5808회)
[사이언스큐브 무선 ORP 센서|2023] 1페이지까지 · 누적 1004건 (요청 5809회)
[사이언스큐브 무선 ORP 센서|2024] 1페이지까지 · 누적 1004건 (요청 5810회)
[사이언스큐브 무선 ORP 센서|2025] 1페이지까지 · 누적 1004건 (요청 5811회)
[사이언스큐브 무선 ORP 센서|2026] 1페이지까지 · 누적 1004건 (요청 5812회)
[사이언스큐브 무선 pH센서|2023] 1페이지까지 · 누적 1004건 (요청 5813회)
[사이언스큐브 무선 pH센서|2024] 1페이지까지 · 누적 1004건 (요청 5814회)
[사이언스큐브 무선 pH센서|2025] 1페이지까지 · 누적 1004건 (요청 5815회)
[사이언스큐브 무선 pH센서|2026] 1페이지까지 · 누적 1004건 (요청 5816회)
[사이언스큐브 무선 검류센서|2023] 1페이지까지 · 누적 1004건 (요청 5817회)
[사이언스큐브 무선 검류센서|2024] 1페이지까지 · 누적 1004건 (요청 5818회)
[사이언스큐브 무선 검류센서|2025] 1페이지까지 · 누적 1004건 (요청 5819회)
[사이언스큐브 무선 검류센서|2026] 1페이지까지 · 누적 1004건 (요청 5820회)
[사이언스큐브 무선 검전센서|2023] 1페이지까지 · 누적 1004건 (요청 5821회)
[사이언스큐브 무선 검전센서|2024] 1페이지까지 · 누적 1004건 (요청 5822회)
[사이언스큐브 무선 검전센서|2025] 1페이지까지 · 누적 1004건 (요청 5823회)
[사이언스큐브 무선 검전센서|2026] 1페이지까지 · 누적 1004건 (요청 5824회)
[사이언스큐브 무선 광학식DO센서|2023] 1페이지까지 · 누적 1004건 (요청 5825회)
[사이언스큐브 무선 광학식DO센서|2024] 1페이지까지 · 누적 1004건 (요청 5826회)
[사이언스큐브 무선 광학식DO센서|2025] 1페이지까지 · 누적 1004건 (요청 5827회)
[사이언스큐브 무선 광학식DO센서|2026] 1페이지까지 · 누적 1004건 (요청 5828회)
[사이언스큐브 무선 기상센서|2023] 1페이지까지 · 누적 1004건 (요청 5829회)
[사이언스큐브 무선 기상센서|2024] 1페이지까지 · 누적 1004건 (요청 5830회)
[사이언스큐브 무선 기상센서|2025] 1페이지까지 · 누적 1004건 (요청 5831회)
[사이언스큐브 무선 기상센서|2026] 1페이지까지 · 누적 1004건 (요청 5832회)
[사이언스큐브 무선 대기압/온도센서|2023] 1페이지까지 · 누적 1004건 (요청 5833회)
[사이언스큐브 무선 대기압/온도센서|2024] 1페이지까지 · 누적 1004건 (요청 5834회)
[사이언스큐브 무선 대기압/온도센서|2025] 1페이지까지 · 누적 1004건 (요청 5835회)
[사이언스큐브 무선 대기압/온도센서|2026] 1페이지까지 · 누적 1004건 (요청 5836회)
[사이언스큐브 무선 미세먼지센서|2023] 1페이지까지 · 누적 1004건 (요청 5837회)
[사이언스큐브 무선 미세먼지센서|2024] 1페이지까지 · 누적 1004건 (요청 5838회)
[사이언스큐브 무선 미세먼지센서|2025] 1페이지까지 · 누적 1004건 (요청 5839회)
[사이언스큐브 무선 미세먼지센서|2026] 1페이지까지 · 누적 1004건 (요청 5840회)
[사이언스큐브 무선 방사선센서|2023] 1페이지까지 · 누적 1004건 (요청 5841회)
[사이언스큐브 무선 방사선센서|2024] 1페이지까지 · 누적 1004건 (요청 5842회)
[사이언스큐브 무선 방사선센서|2025] 1페이지까지 · 누적 1004건 (요청 5843회)
[사이언스큐브 무선 방사선센서|2026] 1페이지까지 · 누적 1004건 (요청 5844회)
[사이언스큐브 무선 방울계수기|2023] 1페이지까지 · 누적 1004건 (요청 5845회)
[사이언스큐브 무선 방울계수기|2024] 1페이지까지 · 누적 1004건 (요청 5846회)
[사이언스큐브 무선 방울계수기|2025] 1페이지까지 · 누적 1004건 (요청 5847회)
[사이언스큐브 무선 방울계수기|2026] 1페이지까지 · 누적 1004건 (요청 5848회)
[사이언스큐브 무선 사운드센서|2023] 1페이지까지 · 누적 1004건 (요청 5849회)
[사이언스큐브 무선 사운드센서|2024] 1페이지까지 · 누적 1004건 (요청 5850회)
[사이언스큐브 무선 사운드센서|2025] 1페이지까지 · 누적 1004건 (요청 5851회)
[사이언스큐브 무선 사운드센서|2026] 1페이지까지 · 누적 1004건 (요청 5852회)
[사이언스큐브 무선 산소센서|2023] 1페이지까지 · 누적 1004건 (요청 5853회)
[사이언스큐브 무선 산소센서|2024] 1페이지까지 · 누적 1004건 (요청 5854회)
[사이언스큐브 무선 산소센서|2025] 1페이지까지 · 누적 1004건 (요청 5855회)
[사이언스큐브 무선 산소센서|2026] 1페이지까지 · 누적 1004건 (요청 5856회)
[사이언스큐브 무선 색도탁도센서|2023] 1페이지까지 · 누적 1004건 (요청 5857회)
[사이언스큐브 무선 색도탁도센서|2024] 1페이지까지 · 누적 1004건 (요청 5858회)
[사이언스큐브 무선 색도탁도센서|2025] 1페이지까지 · 누적 1004건 (요청 5859회)
[사이언스큐브 무선 색도탁도센서|2026] 1페이지까지 · 누적 1004건 (요청 5860회)
[사이언스큐브 무선 심박계센서|2023] 1페이지까지 · 누적 1004건 (요청 5861회)
[사이언스큐브 무선 심박계센서|2024] 1페이지까지 · 누적 1004건 (요청 5862회)
[사이언스큐브 무선 심박계센서|2025] 1페이지까지 · 누적 1004건 (요청 5863회)
[사이언스큐브 무선 심박계센서|2026] 1페이지까지 · 누적 1004건 (요청 5864회)
[사이언스큐브 무선 심전도센서|2023] 1페이지까지 · 누적 1004건 (요청 5865회)
[사이언스큐브 무선 심전도센서|2024] 1페이지까지 · 누적 1004건 (요청 5866회)
[사이언스큐브 무선 심전도센서|2025] 1페이지까지 · 누적 1004건 (요청 5867회)
[사이언스큐브 무선 심전도센서|2026] 1페이지까지 · 누적 1004건 (요청 5868회)
[사이언스큐브 무선 압력센서A|2023] 1페이지까지 · 누적 1004건 (요청 5869회)
[사이언스큐브 무선 압력센서A|2024] 1페이지까지 · 누적 1004건 (요청 5870회)
[사이언스큐브 무선 압력센서A|2025] 1페이지까지 · 누적 1004건 (요청 5871회)
[사이언스큐브 무선 압력센서A|2026] 1페이지까지 · 누적 1004건 (요청 5872회)
[사이언스큐브 무선 압력센서B|2023] 1페이지까지 · 누적 1004건 (요청 5873회)
[사이언스큐브 무선 압력센서B|2024] 1페이지까지 · 누적 1004건 (요청 5874회)
[사이언스큐브 무선 압력센서B|2025] 1페이지까지 · 누적 1004건 (요청 5875회)
[사이언스큐브 무선 압력센서B|2026] 1페이지까지 · 누적 1004건 (요청 5876회)
[사이언스큐브 무선 에너지센서|2023] 1페이지까지 · 누적 1004건 (요청 5877회)
[사이언스큐브 무선 에너지센서|2024] 1페이지까지 · 누적 1004건 (요청 5878회)
[사이언스큐브 무선 에너지센서|2025] 1페이지까지 · 누적 1004건 (요청 5879회)
[사이언스큐브 무선 에너지센서|2026] 1페이지까지 · 누적 1004건 (요청 5880회)
[사이언스큐브 무선 연직수온센서|2023] 1페이지까지 · 누적 1004건 (요청 5881회)
[사이언스큐브 무선 연직수온센서|2024] 1페이지까지 · 누적 1004건 (요청 5882회)
[사이언스큐브 무선 연직수온센서|2025] 1페이지까지 · 누적 1004건 (요청 5883회)
[사이언스큐브 무선 연직수온센서|2026] 1페이지까지 · 누적 1004건 (요청 5884회)
[사이언스큐브 무선 열전쌍온도센서|2023] 1페이지까지 · 누적 1004건 (요청 5885회)
[사이언스큐브 무선 열전쌍온도센서|2024] 1페이지까지 · 누적 1004건 (요청 5886회)
[사이언스큐브 무선 열전쌍온도센서|2025] 1페이지까지 · 누적 1004건 (요청 5887회)
[사이언스큐브 무선 열전쌍온도센서|2026] 1페이지까지 · 누적 1004건 (요청 5888회)
[사이언스큐브 무선 염도센서|2023] 1페이지까지 · 누적 1004건 (요청 5889회)
[사이언스큐브 무선 염도센서|2024] 1페이지까지 · 누적 1004건 (요청 5890회)
[사이언스큐브 무선 염도센서|2025] 1페이지까지 · 누적 1004건 (요청 5891회)
[사이언스큐브 무선 염도센서|2026] 1페이지까지 · 누적 1004건 (요청 5892회)
[사이언스큐브 무선 온습도센서|2023] 1페이지까지 · 누적 1004건 (요청 5893회)
[사이언스큐브 무선 온습도센서|2024] 1페이지까지 · 누적 1004건 (요청 5894회)
[사이언스큐브 무선 온습도센서|2025] 1페이지까지 · 누적 1004건 (요청 5895회)
[사이언스큐브 무선 온습도센서|2026] 1페이지까지 · 누적 1004건 (요청 5896회)
[사이언스큐브 무선 운동센서|2023] 1페이지까지 · 누적 1004건 (요청 5897회)
[사이언스큐브 무선 운동센서|2024] 1페이지까지 · 누적 1004건 (요청 5898회)
[사이언스큐브 무선 운동센서|2025] 1페이지까지 · 누적 1004건 (요청 5899회)
[사이언스큐브 무선 운동센서|2026] 1페이지까지 · 누적 1004건 (요청 5900회)
[사이언스큐브 무선 자기센서|2023] 1페이지까지 · 누적 1004건 (요청 5901회)
[사이언스큐브 무선 자기센서|2024] 1페이지까지 · 누적 1004건 (요청 5902회)
[사이언스큐브 무선 자기센서|2025] 1페이지까지 · 누적 1004건 (요청 5903회)
[사이언스큐브 무선 자기센서|2026] 1페이지까지 · 누적 1004건 (요청 5904회)
[사이언스큐브 무선 전극전용증폭기|2023] 1페이지까지 · 누적 1004건 (요청 5905회)
[사이언스큐브 무선 전극전용증폭기|2024] 1페이지까지 · 누적 1004건 (요청 5906회)
[사이언스큐브 무선 전극전용증폭기|2025] 1페이지까지 · 누적 1004건 (요청 5907회)
[사이언스큐브 무선 전극전용증폭기|2026] 1페이지까지 · 누적 1004건 (요청 5908회)
[사이언스큐브 무선 전도도센서|2023] 1페이지까지 · 누적 1004건 (요청 5909회)
[사이언스큐브 무선 전도도센서|2024] 1페이지까지 · 누적 1004건 (요청 5910회)
[사이언스큐브 무선 전도도센서|2025] 1페이지까지 · 누적 1004건 (요청 5911회)
[사이언스큐브 무선 전도도센서|2026] 1페이지까지 · 누적 1004건 (요청 5912회)
[사이언스큐브 무선 전류센서|2023] 1페이지까지 · 누적 1004건 (요청 5913회)
[사이언스큐브 무선 전류센서|2024] 1페이지까지 · 누적 1004건 (요청 5914회)
[사이언스큐브 무선 전류센서|2025] 1페이지까지 · 누적 1004건 (요청 5915회)
[사이언스큐브 무선 전류센서|2026] 1페이지까지 · 누적 1004건 (요청 5916회)
[사이언스큐브 무선 전압센서|2023] 1페이지까지 · 누적 1004건 (요청 5917회)
[사이언스큐브 무선 전압센서|2024] 1페이지까지 · 누적 1004건 (요청 5918회)
[사이언스큐브 무선 전압센서|2025] 1페이지까지 · 누적 1004건 (요청 5919회)
[사이언스큐브 무선 전압센서|2026] 1페이지까지 · 누적 1004건 (요청 5920회)
[사이언스큐브 무선 조도색도센서|2023] 1페이지까지 · 누적 1004건 (요청 5921회)
[사이언스큐브 무선 조도색도센서|2024] 1페이지까지 · 누적 1004건 (요청 5922회)
[사이언스큐브 무선 조도색도센서|2025] 1페이지까지 · 누적 1004건 (요청 5923회)
[사이언스큐브 무선 조도색도센서|2026] 1페이지까지 · 누적 1004건 (요청 5924회)
[사이언스큐브 무선 카트|2023] 1페이지까지 · 누적 1004건 (요청 5925회)
[사이언스큐브 무선 카트|2024] 1페이지까지 · 누적 1004건 (요청 5926회)
[사이언스큐브 무선 카트|2025] 1페이지까지 · 누적 1004건 (요청 5927회)
[사이언스큐브 무선 카트|2026] 1페이지까지 · 누적 1004건 (요청 5928회)
[사이언스큐브 무선 폐활량센서|2023] 1페이지까지 · 누적 1004건 (요청 5929회)
[사이언스큐브 무선 폐활량센서|2024] 1페이지까지 · 누적 1004건 (요청 5930회)
[사이언스큐브 무선 폐활량센서|2025] 1페이지까지 · 누적 1004건 (요청 5931회)
[사이언스큐브 무선 폐활량센서|2026] 1페이지까지 · 누적 1004건 (요청 5932회)
[사이언스큐브 무선 포토게이트|2023] 1페이지까지 · 누적 1004건 (요청 5933회)
[사이언스큐브 무선 포토게이트|2024] 1페이지까지 · 누적 1004건 (요청 5934회)
[사이언스큐브 무선 포토게이트|2025] 1페이지까지 · 누적 1004건 (요청 5935회)
[사이언스큐브 무선 포토게이트|2026] 1페이지까지 · 누적 1004건 (요청 5936회)
[사이언스큐브 무선 힘/가속도센서|2023] 1페이지까지 · 누적 1004건 (요청 5937회)
[사이언스큐브 무선 힘/가속도센서|2024] 1페이지까지 · 누적 1004건 (요청 5938회)
[사이언스큐브 무선 힘/가속도센서|2025] 1페이지까지 · 누적 1004건 (요청 5939회)
[사이언스큐브 무선 힘/가속도센서|2026] 1페이지까지 · 누적 1004건 (요청 5940회)
[사이언스타임|2023] 1페이지까지 · 누적 1004건 (요청 5941회)
[사이언스타임|2024] 1페이지까지 · 누적 1004건 (요청 5942회)
[사이언스타임|2025] 1페이지까지 · 누적 1004건 (요청 5943회)
[사이언스타임|2026] 1페이지까지 · 누적 1004건 (요청 5944회)
[상냥이|2023] 1페이지까지 · 누적 1004건 (요청 5945회)
[상냥이|2024] 1페이지까지 · 누적 1004건 (요청 5946회)
[상냥이|2025] 1페이지까지 · 누적 1004건 (요청 5947회)
[상냥이|2026] 1페이지까지 · 누적 1004건 (요청 5948회)
[상담지원 플랫폼 밍글 mingl|2023] 1페이지까지 · 누적 1004건 (요청 5949회)
[상담지원 플랫폼 밍글 mingl|2024] 1페이지까지 · 누적 1004건 (요청 5950회)
[상담지원 플랫폼 밍글 mingl|2025] 1페이지까지 · 누적 1004건 (요청 5951회)
[상담지원 플랫폼 밍글 mingl|2026] 1페이지까지 · 누적 1004건 (요청 5952회)
[상문연구사 홈페이지|2023] 1페이지까지 · 누적 1004건 (요청 5953회)
[상문연구사 홈페이지|2024] 1페이지까지 · 누적 1004건 (요청 5954회)
[상문연구사 홈페이지|2025] 1페이지까지 · 누적 1004건 (요청 5955회)
[상문연구사 홈페이지|2026] 1페이지까지 · 누적 1004건 (요청 5956회)
[상식플러스|2023] 1페이지까지 · 누적 1004건 (요청 5957회)
[상식플러스|2024] 1페이지까지 · 누적 1004건 (요청 5958회)
[상식플러스|2025] 1페이지까지 · 누적 1004건 (요청 5959회)
[상식플러스|2026] 1페이지까지 · 누적 1004건 (요청 5960회)
[상태창|2023] 1페이지까지 · 누적 1004건 (요청 5961회)
[상태창|2024] 1페이지까지 · 누적 1004건 (요청 5962회)
[상태창|2025] 1페이지까지 · 누적 1004건 (요청 5963회)
[상태창|2026] 1페이지까지 · 누적 1007건 (요청 5967회)
[샘보드+|2023] 1페이지까지 · 누적 1007건 (요청 5968회)
[샘보드+|2024] 1페이지까지 · 누적 1007건 (요청 5969회)
[샘보드+|2025] 1페이지까지 · 누적 1007건 (요청 5970회)
[샘보드+|2026] 1페이지까지 · 누적 1007건 (요청 5971회)
[샘퀴즈|2023] 1페이지까지 · 누적 1007건 (요청 5972회)
[샘퀴즈|2024] 1페이지까지 · 누적 1007건 (요청 5973회)
[샘퀴즈|2025] 1페이지까지 · 누적 1007건 (요청 5974회)
[샘퀴즈|2026] 1페이지까지 · 누적 1007건 (요청 5975회)
[생각대로 PYTHON 파이썬 첫걸음|2023] 1페이지까지 · 누적 1007건 (요청 5976회)
[생각대로 PYTHON 파이썬 첫걸음|2024] 1페이지까지 · 누적 1007건 (요청 5977회)
[생각대로 PYTHON 파이썬 첫걸음|2025] 1페이지까지 · 누적 1007건 (요청 5978회)
[생각대로 PYTHON 파이썬 첫걸음|2026] 1페이지까지 · 누적 1007건 (요청 5979회)
[생각을 키우는 과학 수업|2023] 1페이지까지 · 누적 1007건 (요청 5980회)
[생각을 키우는 과학 수업|2024] 1페이지까지 · 누적 1007건 (요청 5981회)
[생각을 키우는 과학 수업|2025] 1페이지까지 · 누적 1007건 (요청 5982회)
[생각을 키우는 과학 수업|2026] 1페이지까지 · 누적 1007건 (요청 5983회)
[생동감|2023] 1페이지까지 · 누적 1007건 (요청 5984회)
[생동감|2024] 1페이지까지 · 누적 1012건 (요청 5990회)
[생동감|2025] 1페이지까지 · 누적 1042건 (요청 6021회)
[생동감|2026] 1페이지까지 · 누적 1046건 (요청 6026회)
[생성 AI 종합 플랫폼 캔버스|2023] 1페이지까지 · 누적 1046건 (요청 6027회)
[생성 AI 종합 플랫폼 캔버스|2024] 1페이지까지 · 누적 1046건 (요청 6028회)
[생성 AI 종합 플랫폼 캔버스|2025] 1페이지까지 · 누적 1046건 (요청 6029회)
[생성 AI 종합 플랫폼 캔버스|2026] 1페이지까지 · 누적 1046건 (요청 6030회)
[서논술형 자동채점 솔비|2023] 1페이지까지 · 누적 1046건 (요청 6031회)
[서논술형 자동채점 솔비|2024] 1페이지까지 · 누적 1046건 (요청 6032회)
[서논술형 자동채점 솔비|2025] 1페이지까지 · 누적 1046건 (요청 6033회)
[서논술형 자동채점 솔비|2026] 1페이지까지 · 누적 1046건 (요청 6034회)
[서울 세계문화유산 가상여행 체험학습 KIT|2023] 1페이지까지 · 누적 1046건 (요청 6035회)
[서울 세계문화유산 가상여행 체험학습 KIT|2024] 1페이지까지 · 누적 1046건 (요청 6036회)
[서울 세계문화유산 가상여행 체험학습 KIT|2025] 1페이지까지 · 누적 1046건 (요청 6037회)
[서울 세계문화유산 가상여행 체험학습 KIT|2026] 1페이지까지 · 누적 1046건 (요청 6038회)
[서울 수학 ON 스페이스|2023] 1페이지까지 · 누적 1046건 (요청 6039회)
[서울 수학 ON 스페이스|2024] 1페이지까지 · 누적 1046건 (요청 6040회)
[서울 수학 ON 스페이스|2025] 1페이지까지 · 누적 1046건 (요청 6041회)
[서울 수학 ON 스페이스|2026] 1페이지까지 · 누적 1046건 (요청 6042회)
[서울 자라나 톡|2023] 1페이지까지 · 누적 1046건 (요청 6043회)
[서울 자라나 톡|2024] 1페이지까지 · 누적 1046건 (요청 6044회)
[서울 자라나 톡|2025] 1페이지까지 · 누적 1046건 (요청 6045회)
[서울 자라나 톡|2026] 1페이지까지 · 누적 1046건 (요청 6046회)
[서울 학생 미래 역량 진단 시스템|2023] 1페이지까지 · 누적 1046건 (요청 6047회)
[서울 학생 미래 역량 진단 시스템|2024] 1페이지까지 · 누적 1046건 (요청 6048회)
[서울 학생 미래 역량 진단 시스템|2025] 1페이지까지 · 누적 1046건 (요청 6049회)
[서울 학생 미래 역량 진단 시스템|2026] 1페이지까지 · 누적 1046건 (요청 6050회)
[서울진로진학정보센터|2023] 1페이지까지 · 누적 1046건 (요청 6051회)
[서울진로진학정보센터|2024] 1페이지까지 · 누적 1046건 (요청 6052회)
[서울진로진학정보센터|2025] 1페이지까지 · 누적 1046건 (요청 6053회)
[서울진로진학정보센터|2026] 1페이지까지 · 누적 1046건 (요청 6054회)
[서울특별시교육청전자도서관|2023] 1페이지까지 · 누적 1046건 (요청 6055회)
[서울특별시교육청전자도서관|2024] 1페이지까지 · 누적 1046건 (요청 6056회)
[서울특별시교육청전자도서관|2025] 1페이지까지 · 누적 1046건 (요청 6057회)
[서울특별시교육청전자도서관|2026] 1페이지까지 · 누적 1046건 (요청 6058회)
[선생님들을 위한 인공지능 활용 교육과 실제|2023] 1페이지까지 · 누적 1046건 (요청 6059회)
[선생님들을 위한 인공지능 활용 교육과 실제|2024] 1페이지까지 · 누적 1046건 (요청 6060회)
[선생님들을 위한 인공지능 활용 교육과 실제|2025] 1페이지까지 · 누적 1046건 (요청 6061회)
[선생님들을 위한 인공지능 활용 교육과 실제|2026] 1페이지까지 · 누적 1046건 (요청 6062회)
[선일 e-학생증|2023] 1페이지까지 · 누적 1046건 (요청 6063회)
[선일 e-학생증|2024] 1페이지까지 · 누적 1046건 (요청 6064회)
[선일 e-학생증|2025] 1페이지까지 · 누적 1046건 (요청 6065회)
[선일 e-학생증|2026] 1페이지까지 · 누적 1046건 (요청 6066회)
[선플재단 선플교육 및 봉사활동 프로그램|2023] 1페이지까지 · 누적 1046건 (요청 6067회)
[선플재단 선플교육 및 봉사활동 프로그램|2024] 1페이지까지 · 누적 1046건 (요청 6068회)
[선플재단 선플교육 및 봉사활동 프로그램|2025] 1페이지까지 · 누적 1046건 (요청 6069회)
[선플재단 선플교육 및 봉사활동 프로그램|2026] 1페이지까지 · 누적 1046건 (요청 6070회)
[설리번 플러스|2023] 1페이지까지 · 누적 1046건 (요청 6071회)
[설리번 플러스|2024] 1페이지까지 · 누적 1046건 (요청 6072회)
[설리번 플러스|2025] 1페이지까지 · 누적 1046건 (요청 6073회)
[설리번 플러스|2026] 1페이지까지 · 누적 1046건 (요청 6074회)
[세계 랜드마크 시리즈|2023] 1페이지까지 · 누적 1046건 (요청 6075회)
[세계 랜드마크 시리즈|2024] 1페이지까지 · 누적 1046건 (요청 6076회)
[세계 랜드마크 시리즈|2025] 1페이지까지 · 누적 1046건 (요청 6077회)
[세계 랜드마크 시리즈|2026] 1페이지까지 · 누적 1048건 (요청 6080회)
[세계의 전통가옥·의상·음식|2023] 1페이지까지 · 누적 1048건 (요청 6081회)
[세계의 전통가옥·의상·음식|2024] 1페이지까지 · 누적 1048건 (요청 6082회)
[세계의 전통가옥·의상·음식|2025] 1페이지까지 · 누적 1048건 (요청 6083회)
[세계의 전통가옥·의상·음식|2026] 1페이지까지 · 누적 1048건 (요청 6084회)
[세븐브릭스|2023] 1페이지까지 · 누적 1048건 (요청 6085회)
[세븐브릭스|2024] 1페이지까지 · 누적 1048건 (요청 6086회)
[세븐브릭스|2025] 1페이지까지 · 누적 1048건 (요청 6087회)
[세븐브릭스|2026] 1페이지까지 · 누적 1048건 (요청 6088회)
[세종 인공지능 맞춤형 교수학습 플랫폼|2023] 1페이지까지 · 누적 1048건 (요청 6089회)
[세종 인공지능 맞춤형 교수학습 플랫폼|2024] 1페이지까지 · 누적 1048건 (요청 6090회)
[세종 인공지능 맞춤형 교수학습 플랫폼|2025] 1페이지까지 · 누적 1048건 (요청 6091회)
[세종 인공지능 맞춤형 교수학습 플랫폼|2026] 1페이지까지 · 누적 1048건 (요청 6092회)
[세종북자람전자도서관|2023] 1페이지까지 · 누적 1048건 (요청 6093회)
[세종북자람전자도서관|2024] 1페이지까지 · 누적 1048건 (요청 6094회)
[세종북자람전자도서관|2025] 1페이지까지 · 누적 1048건 (요청 6095회)
[세종북자람전자도서관|2026] 1페이지까지 · 누적 1048건 (요청 6096회)
[세종시립도서관|2023] 1페이지까지 · 누적 1048건 (요청 6097회)
[세종시립도서관|2024] 1페이지까지 · 누적 1048건 (요청 6098회)
[세종시립도서관|2025] 1페이지까지 · 누적 1048건 (요청 6099회)
[세종시립도서관|2026] 1페이지까지 · 누적 1048건 (요청 6100회)
[세종특별자치시교육청 통합전자도서관|2023] 1페이지까지 · 누적 1048건 (요청 6101회)
[세종특별자치시교육청 통합전자도서관|2024] 1페이지까지 · 누적 1048건 (요청 6102회)
[세종특별자치시교육청 통합전자도서관|2025] 1페이지까지 · 누적 1048건 (요청 6103회)
[세종특별자치시교육청 통합전자도서관|2026] 1페이지까지 · 누적 1048건 (요청 6104회)
[세종파닉스AI|2023] 1페이지까지 · 누적 1048건 (요청 6105회)
[세종파닉스AI|2024] 1페이지까지 · 누적 1048건 (요청 6106회)
[세종파닉스AI|2025] 1페이지까지 · 누적 1048건 (요청 6107회)
[세종파닉스AI|2026] 1페이지까지 · 누적 1048건 (요청 6108회)
[세종한국어|2023] 1페이지까지 · 누적 1048건 (요청 6109회)
[세종한국어|2024] 1페이지까지 · 누적 1048건 (요청 6110회)
[세종한국어|2025] 1페이지까지 · 누적 1049건 (요청 6112회)
[세종한국어|2026] 1페이지까지 · 누적 1049건 (요청 6113회)
[세줄일기|2023] 1페이지까지 · 누적 1049건 (요청 6114회)
[세줄일기|2024] 1페이지까지 · 누적 1049건 (요청 6115회)
[세줄일기|2025] 1페이지까지 · 누적 1049건 (요청 6116회)
[세줄일기|2026] 1페이지까지 · 누적 1049건 (요청 6117회)
[세특업무 솔루션/세특라이트|2023] 1페이지까지 · 누적 1049건 (요청 6118회)
[세특업무 솔루션/세특라이트|2024] 1페이지까지 · 누적 1049건 (요청 6119회)
[세특업무 솔루션/세특라이트|2025] 1페이지까지 · 누적 1049건 (요청 6120회)
[세특업무 솔루션/세특라이트|2026] 1페이지까지 · 누적 1049건 (요청 6121회)
[셀탁족을 위한 콕! 찍어보는 탁구비법 기초편|2023] 1페이지까지 · 누적 1049건 (요청 6122회)
[셀탁족을 위한 콕! 찍어보는 탁구비법 기초편|2024] 1페이지까지 · 누적 1049건 (요청 6123회)
[셀탁족을 위한 콕! 찍어보는 탁구비법 기초편|2025] 1페이지까지 · 누적 1049건 (요청 6124회)
[셀탁족을 위한 콕! 찍어보는 탁구비법 기초편|2026] 1페이지까지 · 누적 1049건 (요청 6125회)
[셀프뷰|2023] 1페이지까지 · 누적 1049건 (요청 6126회)
[셀프뷰|2024] 1페이지까지 · 누적 1049건 (요청 6127회)
[셀프뷰|2025] 1페이지까지 · 누적 1049건 (요청 6128회)
[셀프뷰|2026] 1페이지까지 · 누적 1049건 (요청 6129회)
[셰르파XR 메타퀘스트3 스쿨키트|2023] 1페이지까지 · 누적 1049건 (요청 6130회)
[셰르파XR 메타퀘스트3 스쿨키트|2024] 1페이지까지 · 누적 1049건 (요청 6131회)
[셰르파XR 메타퀘스트3 스쿨키트|2025] 1페이지까지 · 누적 1049건 (요청 6132회)
[셰르파XR 메타퀘스트3 스쿨키트|2026] 1페이지까지 · 누적 1049건 (요청 6133회)
[셰프가든|2023] 1페이지까지 · 누적 1049건 (요청 6134회)
[셰프가든|2024] 1페이지까지 · 누적 1049건 (요청 6135회)
[셰프가든|2025] 1페이지까지 · 누적 1049건 (요청 6136회)
[셰프가든|2026] 1페이지까지 · 누적 1049건 (요청 6137회)
[소나스쿨|2023] 1페이지까지 · 누적 1049건 (요청 6138회)
[소나스쿨|2024] 1페이지까지 · 누적 1049건 (요청 6139회)
[소나스쿨|2025] 1페이지까지 · 누적 1049건 (요청 6140회)
[소나스쿨|2026] 1페이지까지 · 누적 1049건 (요청 6141회)
[소중한글|2023] 1페이지까지 · 누적 1049건 (요청 6142회)
[소중한글|2024] 1페이지까지 · 누적 1049건 (요청 6143회)
[소중한글|2025] 1페이지까지 · 누적 1049건 (요청 6144회)
[소중한글|2026] 1페이지까지 · 누적 1050건 (요청 6146회)
[소크룸 라이트|2023] 1페이지까지 · 누적 1050건 (요청 6147회)
[소크룸 라이트|2024] 1페이지까지 · 누적 1050건 (요청 6148회)
[소크룸 라이트|2025] 1페이지까지 · 누적 1050건 (요청 6149회)
[소크룸 라이트|2026] 1페이지까지 · 누적 1050건 (요청 6150회)
[소프트웨어야 놀자|2023] 1페이지까지 · 누적 1050건 (요청 6151회)
[소프트웨어야 놀자|2024] 1페이지까지 · 누적 1050건 (요청 6152회)
[소프트웨어야 놀자|2025] 1페이지까지 · 누적 1051건 (요청 6154회)
[소프트웨어야 놀자|2026] 1페이지까지 · 누적 1051건 (요청 6155회)
[손뼉등대|2023] 1페이지까지 · 누적 1051건 (요청 6156회)
[손뼉등대|2024] 1페이지까지 · 누적 1051건 (요청 6157회)
[손뼉등대|2025] 1페이지까지 · 누적 1051건 (요청 6158회)
[손뼉등대|2026] 1페이지까지 · 누적 1051건 (요청 6159회)
[손뼉자동차|2023] 1페이지까지 · 누적 1051건 (요청 6160회)
[손뼉자동차|2024] 1페이지까지 · 누적 1051건 (요청 6161회)
[손뼉자동차|2025] 1페이지까지 · 누적 1051건 (요청 6162회)
[손뼉자동차|2026] 1페이지까지 · 누적 1051건 (요청 6163회)
[송죽학사|2023] 1페이지까지 · 누적 1051건 (요청 6164회)
[송죽학사|2024] 1페이지까지 · 누적 1051건 (요청 6165회)
[송죽학사|2025] 1페이지까지 · 누적 1051건 (요청 6166회)
[송죽학사|2026] 1페이지까지 · 누적 1051건 (요청 6167회)
[수능영어 배경지식 기르기|2023] 1페이지까지 · 누적 1051건 (요청 6168회)
[수능영어 배경지식 기르기|2024] 1페이지까지 · 누적 1051건 (요청 6169회)
[수능영어 배경지식 기르기|2025] 1페이지까지 · 누적 1051건 (요청 6170회)
[수능영어 배경지식 기르기|2026] 1페이지까지 · 누적 1051건 (요청 6171회)
[수리안|2023] 1페이지까지 · 누적 1051건 (요청 6172회)
[수리안|2024] 1페이지까지 · 누적 1051건 (요청 6173회)
[수리안|2025] 1페이지까지 · 누적 1051건 (요청 6174회)
[수리안|2026] 1페이지까지 · 누적 1051건 (요청 6175회)
[수리책방|2023] 1페이지까지 · 누적 1051건 (요청 6176회)
[수리책방|2024] 1페이지까지 · 누적 1051건 (요청 6177회)
[수리책방|2025] 1페이지까지 · 누적 1053건 (요청 6180회)
[수리책방|2026] 1페이지까지 · 누적 1054건 (요청 6182회)
[수심달RED|2023] 1페이지까지 · 누적 1054건 (요청 6183회)
[수심달RED|2024] 1페이지까지 · 누적 1054건 (요청 6184회)
[수심달RED|2025] 1페이지까지 · 누적 1054건 (요청 6185회)
[수심달RED|2026] 1페이지까지 · 누적 1054건 (요청 6186회)
[수업의 달인|2023] 1페이지까지 · 누적 1054건 (요청 6187회)
[수업의 달인|2024] 1페이지까지 · 누적 1054건 (요청 6188회)
[수업의 달인|2025] 1페이지까지 · 누적 1054건 (요청 6189회)
[수업의 달인|2026] 1페이지까지 · 누적 1054건 (요청 6190회)
[수학 놀이터|2023] 1페이지까지 · 누적 1054건 (요청 6191회)
[수학 놀이터|2024] 1페이지까지 · 누적 1054건 (요청 6192회)
[수학 놀이터|2025] 1페이지까지 · 누적 1055건 (요청 6194회)
[수학 놀이터|2026] 1페이지까지 · 누적 1055건 (요청 6195회)
[수학 어드벤처|2023] 1페이지까지 · 누적 1055건 (요청 6196회)
[수학 어드벤처|2024] 1페이지까지 · 누적 1055건 (요청 6197회)
[수학 어드벤처|2025] 1페이지까지 · 누적 1055건 (요청 6198회)
[수학 어드벤처|2026] 1페이지까지 · 누적 1055건 (요청 6199회)
[수학게임아카이브|2023] 1페이지까지 · 누적 1055건 (요청 6200회)
[수학게임아카이브|2024] 1페이지까지 · 누적 1055건 (요청 6201회)
[수학게임아카이브|2025] 1페이지까지 · 누적 1055건 (요청 6202회)
[수학게임아카이브|2026] 1페이지까지 · 누적 1055건 (요청 6203회)
[수학대왕 CLASS|2023] 1페이지까지 · 누적 1055건 (요청 6204회)
[수학대왕 CLASS|2024] 1페이지까지 · 누적 1055건 (요청 6205회)
[수학대왕 CLASS|2025] 1페이지까지 · 누적 1055건 (요청 6206회)
[수학대왕 CLASS|2026] 1페이지까지 · 누적 1055건 (요청 6207회)
[수학아레나|2023] 1페이지까지 · 누적 1055건 (요청 6208회)
[수학아레나|2024] 1페이지까지 · 누적 1055건 (요청 6209회)
[수학아레나|2025] 1페이지까지 · 누적 1055건 (요청 6210회)
[수학아레나|2026] 1페이지까지 · 누적 1055건 (요청 6211회)
[수학자의 저주|2023] 1페이지까지 · 누적 1055건 (요청 6212회)
[수학자의 저주|2024] 1페이지까지 · 누적 1055건 (요청 6213회)
[수학자의 저주|2025] 1페이지까지 · 누적 1056건 (요청 6215회)
[수학자의 저주|2026] 1페이지까지 · 누적 1056건 (요청 6216회)
[수행평가 확인 및 전자서명 수합 관리 시스템|2023] 1페이지까지 · 누적 1056건 (요청 6217회)
[수행평가 확인 및 전자서명 수합 관리 시스템|2024] 1페이지까지 · 누적 1056건 (요청 6218회)
[수행평가 확인 및 전자서명 수합 관리 시스템|2025] 1페이지까지 · 누적 1056건 (요청 6219회)
[수행평가 확인 및 전자서명 수합 관리 시스템|2026] 1페이지까지 · 누적 1056건 (요청 6220회)
[수행평가·포트폴리오 교사 맞춤 솔루션 하마오|2023] 1페이지까지 · 누적 1056건 (요청 6221회)
[수행평가·포트폴리오 교사 맞춤 솔루션 하마오|2024] 1페이지까지 · 누적 1056건 (요청 6222회)
[수행평가·포트폴리오 교사 맞춤 솔루션 하마오|2025] 1페이지까지 · 누적 1056건 (요청 6223회)
[수행평가·포트폴리오 교사 맞춤 솔루션 하마오|2026] 1페이지까지 · 누적 1056건 (요청 6224회)
[술술학습대장간|2023] 1페이지까지 · 누적 1056건 (요청 6225회)
[술술학습대장간|2024] 1페이지까지 · 누적 1056건 (요청 6226회)
[술술학습대장간|2025] 1페이지까지 · 누적 1056건 (요청 6227회)
[술술학습대장간|2026] 1페이지까지 · 누적 1056건 (요청 6228회)
[숫자전쟁|2023] 1페이지까지 · 누적 1056건 (요청 6229회)
[숫자전쟁|2024] 1페이지까지 · 누적 1056건 (요청 6230회)
[숫자전쟁|2025] 1페이지까지 · 누적 1056건 (요청 6231회)
[숫자전쟁|2026] 1페이지까지 · 누적 1056건 (요청 6232회)
[숫자전쟁 보드게임|2023] 1페이지까지 · 누적 1056건 (요청 6233회)
[숫자전쟁 보드게임|2024] 1페이지까지 · 누적 1056건 (요청 6234회)
[숫자전쟁 보드게임|2025] 1페이지까지 · 누적 1056건 (요청 6235회)
[숫자전쟁 보드게임|2026] 1페이지까지 · 누적 1056건 (요청 6236회)
[숲속 곤충 도서관|2023] 1페이지까지 · 누적 1056건 (요청 6237회)
[숲속 곤충 도서관|2024] 1페이지까지 · 누적 1056건 (요청 6238회)
[숲속 곤충 도서관|2025] 1페이지까지 · 누적 1056건 (요청 6239회)
[숲속 곤충 도서관|2026] 1페이지까지 · 누적 1056건 (요청 6240회)
[슈베아 드론 코딩|2023] 1페이지까지 · 누적 1056건 (요청 6241회)
[슈베아 드론 코딩|2024] 1페이지까지 · 누적 1056건 (요청 6242회)
[슈베아 드론 코딩|2025] 1페이지까지 · 누적 1056건 (요청 6243회)
[슈베아 드론 코딩|2026] 1페이지까지 · 누적 1056건 (요청 6244회)
[슈퍼스쿨|2023] 1페이지까지 · 누적 1056건 (요청 6245회)
[슈퍼스쿨|2024] 1페이지까지 · 누적 1056건 (요청 6246회)
[슈퍼스쿨|2025] 1페이지까지 · 누적 1056건 (요청 6247회)
[슈퍼스쿨|2026] 1페이지까지 · 누적 1056건 (요청 6248회)
[슐터 집중력 학습기|2023] 1페이지까지 · 누적 1056건 (요청 6249회)
[슐터 집중력 학습기|2024] 1페이지까지 · 누적 1056건 (요청 6250회)
[슐터 집중력 학습기|2025] 1페이지까지 · 누적 1056건 (요청 6251회)
[슐터 집중력 학습기|2026] 1페이지까지 · 누적 1056건 (요청 6252회)
[슘페터 어드벤처 시즌2 보드게임|2023] 1페이지까지 · 누적 1056건 (요청 6253회)
[슘페터 어드벤처 시즌2 보드게임|2024] 1페이지까지 · 누적 1056건 (요청 6254회)
[슘페터 어드벤처 시즌2 보드게임|2025] 1페이지까지 · 누적 1056건 (요청 6255회)
[슘페터 어드벤처 시즌2 보드게임|2026] 1페이지까지 · 누적 1056건 (요청 6256회)
[스냅보드|2023] 1페이지까지 · 누적 1056건 (요청 6257회)
[스냅보드|2024] 1페이지까지 · 누적 1056건 (요청 6258회)
[스냅보드|2025] 1페이지까지 · 누적 1056건 (요청 6259회)
[스냅보드|2026] 1페이지까지 · 누적 1056건 (요청 6260회)
[스냅툰|2023] 1페이지까지 · 누적 1056건 (요청 6261회)
[스냅툰|2024] 1페이지까지 · 누적 1056건 (요청 6262회)
[스냅툰|2025] 1페이지까지 · 누적 1056건 (요청 6263회)
[스냅툰|2026] 1페이지까지 · 누적 1056건 (요청 6264회)
[스네일라|2023] 1페이지까지 · 누적 1056건 (요청 6265회)
[스네일라|2024] 1페이지까지 · 누적 1056건 (요청 6266회)
[스네일라|2025] 1페이지까지 · 누적 1056건 (요청 6267회)
[스네일라|2026] 1페이지까지 · 누적 1056건 (요청 6268회)
[스노클|2023] 1페이지까지 · 누적 1056건 (요청 6269회)
[스노클|2024] 1페이지까지 · 누적 1056건 (요청 6270회)
[스노클|2025] 1페이지까지 · 누적 1056건 (요청 6271회)
[스노클|2026] 1페이지까지 · 누적 1056건 (요청 6272회)
[스마일보건|2023] 1페이지까지 · 누적 1056건 (요청 6273회)
[스마일보건|2024] 1페이지까지 · 누적 1056건 (요청 6274회)
[스마일보건|2025] 1페이지까지 · 누적 1056건 (요청 6275회)
[스마일보건|2026] 1페이지까지 · 누적 1056건 (요청 6276회)
[스마일팟화분키트|2023] 1페이지까지 · 누적 1056건 (요청 6277회)
[스마일팟화분키트|2024] 1페이지까지 · 누적 1056건 (요청 6278회)
[스마일팟화분키트|2025] 1페이지까지 · 누적 1056건 (요청 6279회)
[스마일팟화분키트|2026] 1페이지까지 · 누적 1056건 (요청 6280회)
[스와이프랑|2023] 1페이지까지 · 누적 1056건 (요청 6281회)
[스와이프랑|2024] 1페이지까지 · 누적 1056건 (요청 6282회)
[스와이프랑|2025] 1페이지까지 · 누적 1056건 (요청 6283회)
[스와이프랑|2026] 1페이지까지 · 누적 1056건 (요청 6284회)
[스윙투앱|2023] 1페이지까지 · 누적 1056건 (요청 6285회)
[스윙투앱|2024] 1페이지까지 · 누적 1056건 (요청 6286회)
[스윙투앱|2025] 1페이지까지 · 누적 1056건 (요청 6287회)
[스윙투앱|2026] 1페이지까지 · 누적 1056건 (요청 6288회)
[스카티고|2023] 1페이지까지 · 누적 1056건 (요청 6289회)
[스카티고|2024] 1페이지까지 · 누적 1056건 (요청 6290회)
[스카티고|2025] 1페이지까지 · 누적 1056건 (요청 6291회)
[스카티고|2026] 1페이지까지 · 누적 1056건 (요청 6292회)
[스카티고 Scottie go!|2023] 1페이지까지 · 누적 1056건 (요청 6293회)
[스카티고 Scottie go!|2024] 1페이지까지 · 누적 1056건 (요청 6294회)
[스카티고 Scottie go!|2025] 1페이지까지 · 누적 1056건 (요청 6295회)
[스카티고 Scottie go!|2026] 1페이지까지 · 누적 1056건 (요청 6296회)
[스콜라|2023] 1페이지까지 · 누적 1056건 (요청 6297회)
[스콜라|2024] 1페이지까지 · 누적 1056건 (요청 6298회)
[스콜라|2025] 1페이지까지 · 누적 1056건 (요청 6299회)
[스콜라|2026] 1페이지까지 · 누적 1056건 (요청 6300회)
[스콜라스틱 리터러시 프로|2023] 1페이지까지 · 누적 1056건 (요청 6301회)
[스콜라스틱 리터러시 프로|2024] 1페이지까지 · 누적 1056건 (요청 6302회)
[스콜라스틱 리터러시 프로|2025] 1페이지까지 · 누적 1056건 (요청 6303회)
[스콜라스틱 리터러시 프로|2026] 1페이지까지 · 누적 1056건 (요청 6304회)
[스쿨PT|2023] 1페이지까지 · 누적 1056건 (요청 6305회)
[스쿨PT|2024] 1페이지까지 · 누적 1056건 (요청 6306회)
[스쿨PT|2025] 1페이지까지 · 누적 1056건 (요청 6307회)
[스쿨PT|2026] 1페이지까지 · 누적 1056건 (요청 6308회)
[스쿨네이처링|2023] 1페이지까지 · 누적 1056건 (요청 6309회)
[스쿨네이처링|2024] 1페이지까지 · 누적 1056건 (요청 6310회)
[스쿨네이처링|2025] 1페이지까지 · 누적 1056건 (요청 6311회)
[스쿨네이처링|2026] 1페이지까지 · 누적 1056건 (요청 6312회)
[스쿨노트|2023] 1페이지까지 · 누적 1056건 (요청 6313회)
[스쿨노트|2024] 1페이지까지 · 누적 1056건 (요청 6314회)
[스쿨노트|2025] 1페이지까지 · 누적 1056건 (요청 6315회)
[스쿨노트|2026] 1페이지까지 · 누적 1056건 (요청 6316회)
[스쿨닥터 보건일지|2023] 1페이지까지 · 누적 1056건 (요청 6317회)
[스쿨닥터 보건일지|2024] 1페이지까지 · 누적 1056건 (요청 6318회)
[스쿨닥터 보건일지|2025] 1페이지까지 · 누적 1056건 (요청 6319회)
[스쿨닥터 보건일지|2026] 1페이지까지 · 누적 1056건 (요청 6320회)
[스쿨라이프|2023] 1페이지까지 · 누적 1056건 (요청 6321회)
[스쿨라이프|2024] 1페이지까지 · 누적 1056건 (요청 6322회)
[스쿨라이프|2025] 1페이지까지 · 누적 1056건 (요청 6323회)
[스쿨라이프|2026] 1페이지까지 · 누적 1056건 (요청 6324회)
[스쿨링크|2023] 1페이지까지 · 누적 1056건 (요청 6325회)
[스쿨링크|2024] 1페이지까지 · 누적 1056건 (요청 6326회)
[스쿨링크|2025] 1페이지까지 · 누적 1056건 (요청 6327회)
[스쿨링크|2026] 1페이지까지 · 누적 1056건 (요청 6328회)
[스쿨마스터|2023] 1페이지까지 · 누적 1056건 (요청 6329회)
[스쿨마스터|2024] 1페이지까지 · 누적 1065건 (요청 6339회)
[스쿨마스터|2025] 1페이지까지 · 누적 1092건 (요청 6367회)
[스쿨마스터|2026] 1페이지까지 · 누적 1116건 (요청 6392회)
[스쿨박스|2023] 1페이지까지 · 누적 1116건 (요청 6393회)
[스쿨박스|2024] 1페이지까지 · 누적 1116건 (요청 6394회)
[스쿨박스|2025] 1페이지까지 · 누적 1116건 (요청 6395회)
[스쿨박스|2026] 1페이지까지 · 누적 1116건 (요청 6396회)
[스쿨보드|2023] 1페이지까지 · 누적 1116건 (요청 6397회)
[스쿨보드|2024] 1페이지까지 · 누적 1116건 (요청 6398회)
[스쿨보드|2025] 1페이지까지 · 누적 1116건 (요청 6399회)
[스쿨보드|2026] 1페이지까지 · 누적 1116건 (요청 6400회)
[스쿨북스|2023] 1페이지까지 · 누적 1116건 (요청 6401회)
[스쿨북스|2024] 1페이지까지 · 누적 1116건 (요청 6402회)
[스쿨북스|2025] 1페이지까지 · 누적 1116건 (요청 6403회)
[스쿨북스|2026] 1페이지까지 · 누적 1116건 (요청 6404회)
[스쿨웍스|2023] 1페이지까지 · 누적 1116건 (요청 6405회)
[스쿨웍스|2024] 1페이지까지 · 누적 1116건 (요청 6406회)
[스쿨웍스|2025] 1페이지까지 · 누적 1116건 (요청 6407회)
[스쿨웍스|2026] 1페이지까지 · 누적 1116건 (요청 6408회)
[스쿨존 보행중 스마트폰 사용제한 시스템|2023] 1페이지까지 · 누적 1116건 (요청 6409회)
[스쿨존 보행중 스마트폰 사용제한 시스템|2024] 1페이지까지 · 누적 1116건 (요청 6410회)
[스쿨존 보행중 스마트폰 사용제한 시스템|2025] 1페이지까지 · 누적 1116건 (요청 6411회)
[스쿨존 보행중 스마트폰 사용제한 시스템|2026] 1페이지까지 · 누적 1116건 (요청 6412회)
[스쿨톡|2023] 1페이지까지 · 누적 1116건 (요청 6413회)
[스쿨톡|2024] 1페이지까지 · 누적 1119건 (요청 6417회)
[스쿨톡|2025] 1페이지까지 · 누적 1120건 (요청 6419회)
[스쿨톡|2026] 1페이지까지 · 누적 1124건 (요청 6424회)
[스쿨투게더|2023] 1페이지까지 · 누적 1124건 (요청 6425회)
[스쿨투게더|2024] 1페이지까지 · 누적 1124건 (요청 6426회)
[스쿨투게더|2025] 1페이지까지 · 누적 1124건 (요청 6427회)
[스쿨투게더|2026] 1페이지까지 · 누적 1124건 (요청 6428회)
[스쿨포유|2023] 1페이지까지 · 누적 1124건 (요청 6429회)
[스쿨포유|2024] 1페이지까지 · 누적 1124건 (요청 6430회)
[스쿨포유|2025] 1페이지까지 · 누적 1124건 (요청 6431회)
[스쿨포유|2026] 1페이지까지 · 누적 1125건 (요청 6433회)
[스쿨폴리오|2023] 1페이지까지 · 누적 1125건 (요청 6434회)
[스쿨폴리오|2024] 1페이지까지 · 누적 1125건 (요청 6435회)
[스쿨폴리오|2025] 1페이지까지 · 누적 1125건 (요청 6436회)
[스쿨폴리오|2026] 1페이지까지 · 누적 1125건 (요청 6437회)
[스쿨프렌즈|2023] 1페이지까지 · 누적 1125건 (요청 6438회)
[스쿨프렌즈|2024] 1페이지까지 · 누적 1125건 (요청 6439회)
[스쿨프렌즈|2025] 1페이지까지 · 누적 1125건 (요청 6440회)
[스쿨프렌즈|2026] 1페이지까지 · 누적 1125건 (요청 6441회)
[스쿨플랫|2023] 1페이지까지 · 누적 1125건 (요청 6442회)
[스쿨플랫|2024] 1페이지까지 · 누적 1125건 (요청 6443회)
[스쿨플랫|2025] 1페이지까지 · 누적 1127건 (요청 6446회)
[스쿨플랫|2026] 1페이지까지 · 누적 1127건 (요청 6447회)
[스크래치|2023] 1페이지까지 · 누적 1127건 (요청 6448회)
[스크래치|2024] 1페이지까지 · 누적 1135건 (요청 6457회)
[스크래치|2025] 1페이지까지 · 누적 1168건 (요청 6491회)
[스크래치|2026] 1페이지까지 · 누적 1186건 (요청 6510회)
[스크래치 주니어|2023] 1페이지까지 · 누적 1186건 (요청 6511회)
[스크래치 주니어|2024] 1페이지까지 · 누적 1186건 (요청 6512회)
[스크래치 주니어|2025] 1페이지까지 · 누적 1186건 (요청 6513회)
[스크래치 주니어|2026] 1페이지까지 · 누적 1186건 (요청 6514회)
[스타랜드 파닉스|2023] 1페이지까지 · 누적 1186건 (요청 6515회)
[스타랜드 파닉스|2024] 1페이지까지 · 누적 1186건 (요청 6516회)
[스타랜드 파닉스|2025] 1페이지까지 · 누적 1186건 (요청 6517회)
[스타랜드 파닉스|2026] 1페이지까지 · 누적 1186건 (요청 6518회)
[스타트업 메이커_예비창업패키지 도전기|2023] 1페이지까지 · 누적 1186건 (요청 6519회)
[스타트업 메이커_예비창업패키지 도전기|2024] 1페이지까지 · 누적 1186건 (요청 6520회)
[스타트업 메이커_예비창업패키지 도전기|2025] 1페이지까지 · 누적 1186건 (요청 6521회)
[스타트업 메이커_예비창업패키지 도전기|2026] 1페이지까지 · 누적 1186건 (요청 6522회)
[스택 for ROBOID|2023] 1페이지까지 · 누적 1186건 (요청 6523회)
[스택 for ROBOID|2024] 1페이지까지 · 누적 1186건 (요청 6524회)
[스택 for ROBOID|2025] 1페이지까지 · 누적 1186건 (요청 6525회)
[스택 for ROBOID|2026] 1페이지까지 · 누적 1186건 (요청 6526회)
[스터디365|2023] 1페이지까지 · 누적 1186건 (요청 6527회)
[스터디365|2024] 1페이지까지 · 누적 1186건 (요청 6528회)
[스터디365|2025] 1페이지까지 · 누적 1186건 (요청 6529회)
[스터디365|2026] 1페이지까지 · 누적 1186건 (요청 6530회)
[스터디에이|2023] 1페이지까지 · 누적 1186건 (요청 6531회)
[스터디에이|2024] 1페이지까지 · 누적 1186건 (요청 6532회)
[스터디에이|2025] 1페이지까지 · 누적 1186건 (요청 6533회)
[스터디에이|2026] 1페이지까지 · 누적 1186건 (요청 6534회)
[스테이지드 플러스|2023] 1페이지까지 · 누적 1186건 (요청 6535회)
[스테이지드 플러스|2024] 1페이지까지 · 누적 1186건 (요청 6536회)
[스테이지드 플러스|2025] 1페이지까지 · 누적 1186건 (요청 6537회)
[스테이지드 플러스|2026] 1페이지까지 · 누적 1186건 (요청 6538회)
[스토리로 배우는 AI탐사 로봇 바우카|2023] 1페이지까지 · 누적 1186건 (요청 6539회)
[스토리로 배우는 AI탐사 로봇 바우카|2024] 1페이지까지 · 누적 1186건 (요청 6540회)
[스토리로 배우는 AI탐사 로봇 바우카|2025] 1페이지까지 · 누적 1186건 (요청 6541회)
[스토리로 배우는 AI탐사 로봇 바우카|2026] 1페이지까지 · 누적 1186건 (요청 6542회)
[스토리룸|2023] 1페이지까지 · 누적 1186건 (요청 6543회)
[스토리룸|2024] 1페이지까지 · 누적 1186건 (요청 6544회)
[스토리룸|2025] 1페이지까지 · 누적 1186건 (요청 6545회)
[스토리룸|2026] 1페이지까지 · 누적 1186건 (요청 6546회)
[스토리셀프|2023] 1페이지까지 · 누적 1186건 (요청 6547회)
[스토리셀프|2024] 1페이지까지 · 누적 1186건 (요청 6548회)
[스토리셀프|2025] 1페이지까지 · 누적 1186건 (요청 6549회)
[스토리셀프|2026] 1페이지까지 · 누적 1186건 (요청 6550회)
[스팀업 아카데미|2023] 1페이지까지 · 누적 1186건 (요청 6551회)
[스팀업 아카데미|2024] 1페이지까지 · 누적 1186건 (요청 6552회)
[스팀업 아카데미|2025] 1페이지까지 · 누적 1186건 (요청 6553회)
[스팀업 아카데미|2026] 1페이지까지 · 누적 1186건 (요청 6554회)
[스팀컵|2023] 1페이지까지 · 누적 1186건 (요청 6555회)
[스팀컵|2024] 1페이지까지 · 누적 1186건 (요청 6556회)
[스팀컵|2025] 1페이지까지 · 누적 1187건 (요청 6558회)
[스팀컵|2026] 1페이지까지 · 누적 1187건 (요청 6559회)
[스파크뷰|2023] 1페이지까지 · 누적 1187건 (요청 6560회)
[스파크뷰|2024] 1페이지까지 · 누적 1187건 (요청 6561회)
[스파크뷰|2025] 1페이지까지 · 누적 1187건 (요청 6562회)
[스파크뷰|2026] 1페이지까지 · 누적 1187건 (요청 6563회)
[스페이스틴 AI - 미래진로 탐색|2023] 1페이지까지 · 누적 1187건 (요청 6564회)
[스페이스틴 AI - 미래진로 탐색|2024] 1페이지까지 · 누적 1187건 (요청 6565회)
[스페이스틴 AI - 미래진로 탐색|2025] 1페이지까지 · 누적 1187건 (요청 6566회)
[스페이스틴 AI - 미래진로 탐색|2026] 1페이지까지 · 누적 1187건 (요청 6567회)
[스페이스틴 M - 마인드맵 역량분석|2023] 1페이지까지 · 누적 1187건 (요청 6568회)
[스페이스틴 M - 마인드맵 역량분석|2024] 1페이지까지 · 누적 1187건 (요청 6569회)
[스페이스틴 M - 마인드맵 역량분석|2025] 1페이지까지 · 누적 1187건 (요청 6570회)
[스페이스틴 M - 마인드맵 역량분석|2026] 1페이지까지 · 누적 1187건 (요청 6571회)
[스펙트로메트리|2023] 1페이지까지 · 누적 1187건 (요청 6572회)
[스펙트로메트리|2024] 1페이지까지 · 누적 1187건 (요청 6573회)
[스펙트로메트리|2025] 1페이지까지 · 누적 1187건 (요청 6574회)
[스펙트로메트리|2026] 1페이지까지 · 누적 1187건 (요청 6575회)
[스포디|2023] 1페이지까지 · 누적 1187건 (요청 6576회)
[스포디|2024] 1페이지까지 · 누적 1187건 (요청 6577회)
[스포디|2025] 1페이지까지 · 누적 1187건 (요청 6578회)
[스포디|2026] 1페이지까지 · 누적 1187건 (요청 6579회)
[스피킹라이즈|2023] 1페이지까지 · 누적 1187건 (요청 6580회)
[스피킹라이즈|2024] 1페이지까지 · 누적 1187건 (요청 6581회)
[스피킹라이즈|2025] 1페이지까지 · 누적 1187건 (요청 6582회)
[스피킹라이즈|2026] 1페이지까지 · 누적 1187건 (요청 6583회)
[스픽마스터|2023] 1페이지까지 · 누적 1187건 (요청 6584회)
[스픽마스터|2024] 1페이지까지 · 누적 1187건 (요청 6585회)
[스픽마스터|2025] 1페이지까지 · 누적 1187건 (요청 6586회)
[스픽마스터|2026] 1페이지까지 · 누적 1187건 (요청 6587회)
[슬기로운 말글마이너: YouTube 댓글편|2023] 1페이지까지 · 누적 1187건 (요청 6588회)
[슬기로운 말글마이너: YouTube 댓글편|2024] 1페이지까지 · 누적 1187건 (요청 6589회)
[슬기로운 말글마이너: YouTube 댓글편|2025] 1페이지까지 · 누적 1187건 (요청 6590회)
[슬기로운 말글마이너: YouTube 댓글편|2026] 1페이지까지 · 누적 1187건 (요청 6591회)
[슬기로운 말글마이너: 네이버 뉴스편|2023] 1페이지까지 · 누적 1187건 (요청 6592회)
[슬기로운 말글마이너: 네이버 뉴스편|2024] 1페이지까지 · 누적 1187건 (요청 6593회)
[슬기로운 말글마이너: 네이버 뉴스편|2025] 1페이지까지 · 누적 1187건 (요청 6594회)
[슬기로운 말글마이너: 네이버 뉴스편|2026] 1페이지까지 · 누적 1187건 (요청 6595회)
[슬기로운 탐구생활|2023] 1페이지까지 · 누적 1187건 (요청 6596회)
[슬기로운 탐구생활|2024] 1페이지까지 · 누적 1187건 (요청 6597회)
[슬기로운 탐구생활|2025] 1페이지까지 · 누적 1187건 (요청 6598회)
[슬기로운 탐구생활|2026] 1페이지까지 · 누적 1187건 (요청 6599회)
[슬래시페이지|2023] 1페이지까지 · 누적 1187건 (요청 6600회)
[슬래시페이지|2024] 1페이지까지 · 누적 1187건 (요청 6601회)
[슬래시페이지|2025] 1페이지까지 · 누적 1187건 (요청 6602회)
[슬래시페이지|2026] 1페이지까지 · 누적 1187건 (요청 6603회)
[시소노트|2023] 1페이지까지 · 누적 1187건 (요청 6604회)
[시소노트|2024] 1페이지까지 · 누적 1187건 (요청 6605회)
[시소노트|2025] 1페이지까지 · 누적 1187건 (요청 6606회)
[시소노트|2026] 1페이지까지 · 누적 1187건 (요청 6607회)
[식물의 집, 다육이 화분 만들기 체험 키트|2023] 1페이지까지 · 누적 1187건 (요청 6608회)
[식물의 집, 다육이 화분 만들기 체험 키트|2024] 1페이지까지 · 누적 1187건 (요청 6609회)
[식물의 집, 다육이 화분 만들기 체험 키트|2025] 1페이지까지 · 누적 1187건 (요청 6610회)
[식물의 집, 다육이 화분 만들기 체험 키트|2026] 1페이지까지 · 누적 1187건 (요청 6611회)
[식물카드 / 미래과학 AR|2023] 1페이지까지 · 누적 1187건 (요청 6612회)
[식물카드 / 미래과학 AR|2024] 1페이지까지 · 누적 1187건 (요청 6613회)
[식물카드 / 미래과학 AR|2025] 1페이지까지 · 누적 1187건 (요청 6614회)
[식물카드 / 미래과학 AR|2026] 1페이지까지 · 누적 1187건 (요청 6615회)
[신과 영웅의 大 서사시|2023] 1페이지까지 · 누적 1187건 (요청 6616회)
[신과 영웅의 大 서사시|2024] 1페이지까지 · 누적 1187건 (요청 6617회)
[신과 영웅의 大 서사시|2025] 1페이지까지 · 누적 1187건 (요청 6618회)
[신과 영웅의 大 서사시|2026] 1페이지까지 · 누적 1187건 (요청 6619회)
[신나는 AI 렌즈 스터디 키트|2023] 1페이지까지 · 누적 1187건 (요청 6620회)
[신나는 AI 렌즈 스터디 키트|2024] 1페이지까지 · 누적 1187건 (요청 6621회)
[신나는 AI 렌즈 스터디 키트|2025] 1페이지까지 · 누적 1187건 (요청 6622회)
[신나는 AI 렌즈 스터디 키트|2026] 1페이지까지 · 누적 1187건 (요청 6623회)
[신나는 팬플룻 키트|2023] 1페이지까지 · 누적 1187건 (요청 6624회)
[신나는 팬플룻 키트|2024] 1페이지까지 · 누적 1187건 (요청 6625회)
[신나는 팬플룻 키트|2025] 1페이지까지 · 누적 1187건 (요청 6626회)
[신나는 팬플룻 키트|2026] 1페이지까지 · 누적 1187건 (요청 6627회)
[신라의 비밀|2023] 1페이지까지 · 누적 1187건 (요청 6628회)
[신라의 비밀|2024] 1페이지까지 · 누적 1187건 (요청 6629회)
[신라의 비밀|2025] 1페이지까지 · 누적 1187건 (요청 6630회)
[신라의 비밀|2026] 1페이지까지 · 누적 1187건 (요청 6631회)
[실내놀이 MX존|2023] 1페이지까지 · 누적 1187건 (요청 6632회)
[실내놀이 MX존|2024] 1페이지까지 · 누적 1187건 (요청 6633회)
[실내놀이 MX존|2025] 1페이지까지 · 누적 1187건 (요청 6634회)
[실내놀이 MX존|2026] 1페이지까지 · 누적 1187건 (요청 6635회)
[심그라운드|2023] 1페이지까지 · 누적 1187건 (요청 6636회)
[심그라운드|2024] 1페이지까지 · 누적 1187건 (요청 6637회)
[심그라운드|2025] 1페이지까지 · 누적 1187건 (요청 6638회)
[심그라운드|2026] 1페이지까지 · 누적 1187건 (요청 6639회)
[심리 검사|2023] 1페이지까지 · 누적 1206건 (요청 6659회)
[심리 검사|2024] 1페이지까지 · 누적 1225건 (요청 6679회)
[심리 검사|2025] 1페이지까지 · 누적 1262건 (요청 6717회)
[심리 검사|2026] 1페이지까지 · 누적 1292건 (요청 6748회)
[심스페이스|2023] 1페이지까지 · 누적 1292건 (요청 6749회)
[심스페이스|2024] 1페이지까지 · 누적 1292건 (요청 6750회)
[심스페이스|2025] 1페이지까지 · 누적 1293건 (요청 6752회)
[심스페이스|2026] 1페이지까지 · 누적 1294건 (요청 6754회)
[싸다보카|2023] 1페이지까지 · 누적 1294건 (요청 6755회)
[싸다보카|2024] 1페이지까지 · 누적 1294건 (요청 6756회)
[싸다보카|2025] 1페이지까지 · 누적 1294건 (요청 6757회)
[싸다보카|2026] 1페이지까지 · 누적 1294건 (요청 6758회)
[써클플라잉 키트|2023] 1페이지까지 · 누적 1294건 (요청 6759회)
[써클플라잉 키트|2024] 1페이지까지 · 누적 1294건 (요청 6760회)
[써클플라잉 키트|2025] 1페이지까지 · 누적 1294건 (요청 6761회)
[써클플라잉 키트|2026] 1페이지까지 · 누적 1294건 (요청 6762회)
[쎄듀런|2023] 1페이지까지 · 누적 1294건 (요청 6763회)
[쎄듀런|2024] 1페이지까지 · 누적 1294건 (요청 6764회)
[쎄듀런|2025] 1페이지까지 · 누적 1294건 (요청 6765회)
[쎄듀런|2026] 1페이지까지 · 누적 1294건 (요청 6766회)
[쎈 진학 나침판|2023] 1페이지까지 · 누적 1294건 (요청 6767회)
[쎈 진학 나침판|2024] 1페이지까지 · 누적 1294건 (요청 6768회)
[쎈 진학 나침판|2025] 1페이지까지 · 누적 1294건 (요청 6769회)
[쎈 진학 나침판|2026] 1페이지까지 · 누적 1294건 (요청 6770회)
[쏠브릿지|2023] 1페이지까지 · 누적 1294건 (요청 6771회)
[쏠브릿지|2024] 1페이지까지 · 누적 1294건 (요청 6772회)
[쏠브릿지|2025] 1페이지까지 · 누적 1294건 (요청 6773회)
[쏠브릿지|2026] 1페이지까지 · 누적 1294건 (요청 6774회)
[쓰다듬다|2023] 1페이지까지 · 누적 1294건 (요청 6775회)
[쓰다듬다|2024] 1페이지까지 · 누적 1294건 (요청 6776회)
[쓰다듬다|2025] 1페이지까지 · 누적 1294건 (요청 6777회)
[쓰다듬다|2026] 1페이지까지 · 누적 1294건 (요청 6778회)
[씨드깃발 & DIY 깃발|2023] 1페이지까지 · 누적 1294건 (요청 6779회)
[씨드깃발 & DIY 깃발|2024] 1페이지까지 · 누적 1294건 (요청 6780회)
[씨드깃발 & DIY 깃발|2025] 1페이지까지 · 누적 1294건 (요청 6781회)
[씨드깃발 & DIY 깃발|2026] 1페이지까지 · 누적 1294건 (요청 6782회)
[씨드볼|2023] 1페이지까지 · 누적 1294건 (요청 6783회)
[씨드볼|2024] 1페이지까지 · 누적 1294건 (요청 6784회)
[씨드볼|2025] 1페이지까지 · 누적 1294건 (요청 6785회)
[씨드볼|2026] 1페이지까지 · 누적 1294건 (요청 6786회)
[씨드볼만들기 키트|2023] 1페이지까지 · 누적 1294건 (요청 6787회)
[씨드볼만들기 키트|2024] 1페이지까지 · 누적 1294건 (요청 6788회)
[씨드볼만들기 키트|2025] 1페이지까지 · 누적 1294건 (요청 6789회)
[씨드볼만들기 키트|2026] 1페이지까지 · 누적 1294건 (요청 6790회)
[씨드스푼|2023] 1페이지까지 · 누적 1294건 (요청 6791회)
[씨드스푼|2024] 1페이지까지 · 누적 1294건 (요청 6792회)
[씨드스푼|2025] 1페이지까지 · 누적 1294건 (요청 6793회)
[씨드스푼|2026] 1페이지까지 · 누적 1294건 (요청 6794회)
[씨드쿠키|2023] 1페이지까지 · 누적 1294건 (요청 6795회)
[씨드쿠키|2024] 1페이지까지 · 누적 1294건 (요청 6796회)
[씨드쿠키|2025] 1페이지까지 · 누적 1294건 (요청 6797회)
[씨드쿠키|2026] 1페이지까지 · 누적 1294건 (요청 6798회)
[씨드택 4종 세트|2023] 1페이지까지 · 누적 1294건 (요청 6799회)
[씨드택 4종 세트|2024] 1페이지까지 · 누적 1294건 (요청 6800회)
[씨드택 4종 세트|2025] 1페이지까지 · 누적 1294건 (요청 6801회)
[씨드택 4종 세트|2026] 1페이지까지 · 누적 1294건 (요청 6802회)
[씨마스 고등 정보 AI 디지털 교육자료|2023] 1페이지까지 · 누적 1294건 (요청 6803회)
[씨마스 고등 정보 AI 디지털 교육자료|2024] 1페이지까지 · 누적 1294건 (요청 6804회)
[씨마스 고등 정보 AI 디지털 교육자료|2025] 1페이지까지 · 누적 1294건 (요청 6805회)
[씨마스 고등 정보 AI 디지털 교육자료|2026] 1페이지까지 · 누적 1294건 (요청 6806회)
[씨마스 중학 정보 AI 디지털 교육자료|2023] 1페이지까지 · 누적 1294건 (요청 6807회)
[씨마스 중학 정보 AI 디지털 교육자료|2024] 1페이지까지 · 누적 1294건 (요청 6808회)
[씨마스 중학 정보 AI 디지털 교육자료|2025] 1페이지까지 · 누적 1294건 (요청 6809회)
[씨마스 중학 정보 AI 디지털 교육자료|2026] 1페이지까지 · 누적 1294건 (요청 6810회)
[씽링크|2023] 1페이지까지 · 누적 1294건 (요청 6811회)
[씽링크|2024] 1페이지까지 · 누적 1294건 (요청 6812회)
[씽링크|2025] 1페이지까지 · 누적 1294건 (요청 6813회)
[씽링크|2026] 1페이지까지 · 누적 1294건 (요청 6814회)
[씽크로스|2023] 1페이지까지 · 누적 1294건 (요청 6815회)
[씽크로스|2024] 1페이지까지 · 누적 1294건 (요청 6816회)
[씽크로스|2025] 1페이지까지 · 누적 1294건 (요청 6817회)
[씽크로스|2026] 1페이지까지 · 누적 1294건 (요청 6818회)
[아동 청소년 행동평가척도 교사용|2023] 1페이지까지 · 누적 1294건 (요청 6819회)
[아동 청소년 행동평가척도 교사용|2024] 1페이지까지 · 누적 1294건 (요청 6820회)
[아동 청소년 행동평가척도 교사용|2025] 1페이지까지 · 누적 1294건 (요청 6821회)
[아동 청소년 행동평가척도 교사용|2026] 1페이지까지 · 누적 1294건 (요청 6822회)
[아동 청소년 행동평가척도 부모용|2023] 1페이지까지 · 누적 1294건 (요청 6823회)
[아동 청소년 행동평가척도 부모용|2024] 1페이지까지 · 누적 1294건 (요청 6824회)
[아동 청소년 행동평가척도 부모용|2025] 1페이지까지 · 누적 1294건 (요청 6825회)
[아동 청소년 행동평가척도 부모용|2026] 1페이지까지 · 누적 1294건 (요청 6826회)
[아두이노 20가지 프로젝트 키트|2023] 1페이지까지 · 누적 1294건 (요청 6827회)
[아두이노 20가지 프로젝트 키트|2024] 1페이지까지 · 누적 1294건 (요청 6828회)
[아두이노 20가지 프로젝트 키트|2025] 1페이지까지 · 누적 1294건 (요청 6829회)
[아두이노 20가지 프로젝트 키트|2026] 1페이지까지 · 누적 1294건 (요청 6830회)
[아두이노 AI 나만의 스탠드|2023] 1페이지까지 · 누적 1294건 (요청 6831회)
[아두이노 AI 나만의 스탠드|2024] 1페이지까지 · 누적 1294건 (요청 6832회)
[아두이노 AI 나만의 스탠드|2025] 1페이지까지 · 누적 1294건 (요청 6833회)
[아두이노 AI 나만의 스탠드|2026] 1페이지까지 · 누적 1294건 (요청 6834회)
[아두이노 DIY 공기청정기 만들기 키트|2023] 1페이지까지 · 누적 1294건 (요청 6835회)
[아두이노 DIY 공기청정기 만들기 키트|2024] 1페이지까지 · 누적 1294건 (요청 6836회)
[아두이노 DIY 공기청정기 만들기 키트|2025] 1페이지까지 · 누적 1294건 (요청 6837회)
[아두이노 DIY 공기청정기 만들기 키트|2026] 1페이지까지 · 누적 1294건 (요청 6838회)
[아두이노 게임기|2023] 1페이지까지 · 누적 1294건 (요청 6839회)
[아두이노 게임기|2024] 1페이지까지 · 누적 1294건 (요청 6840회)
[아두이노 게임기|2025] 1페이지까지 · 누적 1294건 (요청 6841회)
[아두이노 게임기|2026] 1페이지까지 · 누적 1294건 (요청 6842회)
[아두이노 돌고래휴지통 DIY 코딩교육키트|2023] 1페이지까지 · 누적 1294건 (요청 6843회)
[아두이노 돌고래휴지통 DIY 코딩교육키트|2024] 1페이지까지 · 누적 1294건 (요청 6844회)
[아두이노 돌고래휴지통 DIY 코딩교육키트|2025] 1페이지까지 · 누적 1294건 (요청 6845회)
[아두이노 돌고래휴지통 DIY 코딩교육키트|2026] 1페이지까지 · 누적 1294건 (요청 6846회)
[아두이노 블록코딩 게임 만들기 키트|2023] 1페이지까지 · 누적 1294건 (요청 6847회)
[아두이노 블록코딩 게임 만들기 키트|2024] 1페이지까지 · 누적 1294건 (요청 6848회)
[아두이노 블록코딩 게임 만들기 키트|2025] 1페이지까지 · 누적 1294건 (요청 6849회)
[아두이노 블록코딩 게임 만들기 키트|2026] 1페이지까지 · 누적 1294건 (요청 6850회)
[아두이노 스마트시티 만들기 키트|2023] 1페이지까지 · 누적 1294건 (요청 6851회)
[아두이노 스마트시티 만들기 키트|2024] 1페이지까지 · 누적 1294건 (요청 6852회)
[아두이노 스마트시티 만들기 키트|2025] 1페이지까지 · 누적 1294건 (요청 6853회)
[아두이노 스마트시티 만들기 키트|2026] 1페이지까지 · 누적 1294건 (요청 6854회)
[아두이노 스스로 움직이는 AI 로봇팔 키트|2023] 1페이지까지 · 누적 1294건 (요청 6855회)
[아두이노 스스로 움직이는 AI 로봇팔 키트|2024] 1페이지까지 · 누적 1294건 (요청 6856회)
[아두이노 스스로 움직이는 AI 로봇팔 키트|2025] 1페이지까지 · 누적 1294건 (요청 6857회)
[아두이노 스스로 움직이는 AI 로봇팔 키트|2026] 1페이지까지 · 누적 1294건 (요청 6858회)
[아두이노 악어룰렛 만들기 DIY 코딩교육키트|2023] 1페이지까지 · 누적 1294건 (요청 6859회)
[아두이노 악어룰렛 만들기 DIY 코딩교육키트|2024] 1페이지까지 · 누적 1294건 (요청 6860회)
[아두이노 악어룰렛 만들기 DIY 코딩교육키트|2025] 1페이지까지 · 누적 1294건 (요청 6861회)
[아두이노 악어룰렛 만들기 DIY 코딩교육키트|2026] 1페이지까지 · 누적 1294건 (요청 6862회)
[아두이노 올인원 교육용 키트|2023] 1페이지까지 · 누적 1294건 (요청 6863회)
[아두이노 올인원 교육용 키트|2024] 1페이지까지 · 누적 1294건 (요청 6864회)
[아두이노 올인원 교육용 키트|2025] 1페이지까지 · 누적 1294건 (요청 6865회)
[아두이노 올인원 교육용 키트|2026] 1페이지까지 · 누적 1294건 (요청 6866회)
[아두이노 올인원 키트 V2|2023] 1페이지까지 · 누적 1294건 (요청 6867회)
[아두이노 올인원 키트 V2|2024] 1페이지까지 · 누적 1294건 (요청 6868회)
[아두이노 올인원 키트 V2|2025] 1페이지까지 · 누적 1294건 (요청 6869회)
[아두이노 올인원 키트 V2|2026] 1페이지까지 · 누적 1294건 (요청 6870회)
[아두이노 우리집 작은 텃밭 스마트팜 키트|2023] 1페이지까지 · 누적 1294건 (요청 6871회)
[아두이노 우리집 작은 텃밭 스마트팜 키트|2024] 1페이지까지 · 누적 1294건 (요청 6872회)
[아두이노 우리집 작은 텃밭 스마트팜 키트|2025] 1페이지까지 · 누적 1294건 (요청 6873회)
[아두이노 우리집 작은 텃밭 스마트팜 키트|2026] 1페이지까지 · 누적 1294건 (요청 6874회)
[아두이노 자율주행 AI 로봇 만들기 키트|2023] 1페이지까지 · 누적 1294건 (요청 6875회)
[아두이노 자율주행 AI 로봇 만들기 키트|2024] 1페이지까지 · 누적 1294건 (요청 6876회)
[아두이노 자율주행 AI 로봇 만들기 키트|2025] 1페이지까지 · 누적 1294건 (요청 6877회)
[아두이노 자율주행 AI 로봇 만들기 키트|2026] 1페이지까지 · 누적 1294건 (요청 6878회)
[아두이노 조이스틱|2023] 1페이지까지 · 누적 1294건 (요청 6879회)
[아두이노 조이스틱|2024] 1페이지까지 · 누적 1294건 (요청 6880회)
[아두이노 조이스틱|2025] 1페이지까지 · 누적 1294건 (요청 6881회)
[아두이노 조이스틱|2026] 1페이지까지 · 누적 1294건 (요청 6882회)
[아두이노 폭탄룰렛 만들기 DIY코딩교육키트|2023] 1페이지까지 · 누적 1294건 (요청 6883회)
[아두이노 폭탄룰렛 만들기 DIY코딩교육키트|2024] 1페이지까지 · 누적 1294건 (요청 6884회)
[아두이노 폭탄룰렛 만들기 DIY코딩교육키트|2025] 1페이지까지 · 누적 1294건 (요청 6885회)
[아두이노 폭탄룰렛 만들기 DIY코딩교육키트|2026] 1페이지까지 · 누적 1294건 (요청 6886회)
[아두이노 피아노|2023] 1페이지까지 · 누적 1294건 (요청 6887회)
[아두이노 피아노|2024] 1페이지까지 · 누적 1294건 (요청 6888회)
[아두이노 피아노|2025] 1페이지까지 · 누적 1294건 (요청 6889회)
[아두이노 피아노|2026] 1페이지까지 · 누적 1294건 (요청 6890회)
[아두이노 회전룰렛 만들기 DIY 코딩교육키트|2023] 1페이지까지 · 누적 1294건 (요청 6891회)
[아두이노 회전룰렛 만들기 DIY 코딩교육키트|2024] 1페이지까지 · 누적 1294건 (요청 6892회)
[아두이노 회전룰렛 만들기 DIY 코딩교육키트|2025] 1페이지까지 · 누적 1294건 (요청 6893회)
[아두이노 회전룰렛 만들기 DIY 코딩교육키트|2026] 1페이지까지 · 누적 1294건 (요청 6894회)
[아두이노로 만드는 나만의 핀볼 머신 키트|2023] 1페이지까지 · 누적 1294건 (요청 6895회)
[아두이노로 만드는 나만의 핀볼 머신 키트|2024] 1페이지까지 · 누적 1294건 (요청 6896회)
[아두이노로 만드는 나만의 핀볼 머신 키트|2025] 1페이지까지 · 누적 1294건 (요청 6897회)
[아두이노로 만드는 나만의 핀볼 머신 키트|2026] 1페이지까지 · 누적 1294건 (요청 6898회)
[아라폼|2023] 1페이지까지 · 누적 1294건 (요청 6899회)
[아라폼|2024] 1페이지까지 · 누적 1294건 (요청 6900회)
[아라폼|2025] 1페이지까지 · 누적 1294건 (요청 6901회)
[아라폼|2026] 1페이지까지 · 누적 1294건 (요청 6902회)
[아레나 축구|2023] 1페이지까지 · 누적 1294건 (요청 6903회)
[아레나 축구|2024] 1페이지까지 · 누적 1294건 (요청 6904회)
[아레나 축구|2025] 1페이지까지 · 누적 1294건 (요청 6905회)
[아레나 축구|2026] 1페이지까지 · 누적 1294건 (요청 6906회)
[아레나 테이블축구|2023] 1페이지까지 · 누적 1294건 (요청 6907회)
[아레나 테이블축구|2024] 1페이지까지 · 누적 1294건 (요청 6908회)
[아레나 테이블축구|2025] 1페이지까지 · 누적 1294건 (요청 6909회)
[아레나 테이블축구|2026] 1페이지까지 · 누적 1294건 (요청 6910회)
[아르고스 클래스룸|2023] 1페이지까지 · 누적 1294건 (요청 6911회)
[아르고스 클래스룸|2024] 1페이지까지 · 누적 1294건 (요청 6912회)
[아르고스 클래스룸|2025] 1페이지까지 · 누적 1294건 (요청 6913회)
[아르고스 클래스룸|2026] 1페이지까지 · 누적 1294건 (요청 6914회)
[아산시립도서관 전자도서관|2023] 1페이지까지 · 누적 1294건 (요청 6915회)
[아산시립도서관 전자도서관|2024] 1페이지까지 · 누적 1294건 (요청 6916회)
[아산시립도서관 전자도서관|2025] 1페이지까지 · 누적 1294건 (요청 6917회)
[아산시립도서관 전자도서관|2026] 1페이지까지 · 누적 1294건 (요청 6918회)
[아슬아슬 중심이 키트|2023] 1페이지까지 · 누적 1294건 (요청 6919회)
[아슬아슬 중심이 키트|2024] 1페이지까지 · 누적 1294건 (요청 6920회)
[아슬아슬 중심이 키트|2025] 1페이지까지 · 누적 1294건 (요청 6921회)
[아슬아슬 중심이 키트|2026] 1페이지까지 · 누적 1294건 (요청 6922회)
[아이글|2023] 1페이지까지 · 누적 1294건 (요청 6923회)
[아이글|2024] 1페이지까지 · 누적 1294건 (요청 6924회)
[아이글|2025] 1페이지까지 · 누적 1294건 (요청 6925회)
[아이글|2026] 1페이지까지 · 누적 1294건 (요청 6926회)
[아이다|2023] 1페이지까지 · 누적 1294건 (요청 6927회)
[아이다|2024] 1페이지까지 · 누적 1294건 (요청 6928회)
[아이다|2025] 1페이지까지 · 누적 1295건 (요청 6930회)
[아이다|2026] 1페이지까지 · 누적 1295건 (요청 6931회)
[아이드리|2023] 1페이지까지 · 누적 1295건 (요청 6932회)
[아이드리|2024] 1페이지까지 · 누적 1295건 (요청 6933회)
[아이드리|2025] 1페이지까지 · 누적 1295건 (요청 6934회)
[아이드리|2026] 1페이지까지 · 누적 1295건 (요청 6935회)
[아이들이북 e러닝|2023] 1페이지까지 · 누적 1295건 (요청 6936회)
[아이들이북 e러닝|2024] 1페이지까지 · 누적 1295건 (요청 6937회)
[아이들이북 e러닝|2025] 1페이지까지 · 누적 1295건 (요청 6938회)
[아이들이북 e러닝|2026] 1페이지까지 · 누적 1295건 (요청 6939회)
[아이들이북 리딩클럽|2023] 1페이지까지 · 누적 1295건 (요청 6940회)
[아이들이북 리딩클럽|2024] 1페이지까지 · 누적 1295건 (요청 6941회)
[아이들이북 리딩클럽|2025] 1페이지까지 · 누적 1295건 (요청 6942회)
[아이들이북 리딩클럽|2026] 1페이지까지 · 누적 1295건 (요청 6943회)
[아이봄|2023] 1페이지까지 · 누적 1295건 (요청 6944회)
[아이봄|2024] 1페이지까지 · 누적 1295건 (요청 6945회)
[아이봄|2025] 1페이지까지 · 누적 1295건 (요청 6946회)
[아이봄|2026] 1페이지까지 · 누적 1295건 (요청 6947회)
[아이블|2023] 1페이지까지 · 누적 1295건 (요청 6948회)
[아이블|2024] 1페이지까지 · 누적 1295건 (요청 6949회)
[아이블|2025] 1페이지까지 · 누적 1295건 (요청 6950회)
[아이블|2026] 1페이지까지 · 누적 1295건 (요청 6951회)
[아이비책|2023] 1페이지까지 · 누적 1295건 (요청 6952회)
[아이비책|2024] 1페이지까지 · 누적 1295건 (요청 6953회)
[아이비책|2025] 1페이지까지 · 누적 1295건 (요청 6954회)
[아이비책|2026] 1페이지까지 · 누적 1295건 (요청 6955회)
[아이설렘 수학|2023] 1페이지까지 · 누적 1295건 (요청 6956회)
[아이설렘 수학|2024] 1페이지까지 · 누적 1295건 (요청 6957회)
[아이설렘 수학|2025] 1페이지까지 · 누적 1295건 (요청 6958회)
[아이설렘 수학|2026] 1페이지까지 · 누적 1295건 (요청 6959회)
[아이설렘 한글|2023] 1페이지까지 · 누적 1295건 (요청 6960회)
[아이설렘 한글|2024] 1페이지까지 · 누적 1295건 (요청 6961회)
[아이설렘 한글|2025] 1페이지까지 · 누적 1295건 (요청 6962회)
[아이설렘 한글|2026] 1페이지까지 · 누적 1295건 (요청 6963회)
[아이설렘 한글과 아이설렘 수학|2023] 1페이지까지 · 누적 1295건 (요청 6964회)
[아이설렘 한글과 아이설렘 수학|2024] 1페이지까지 · 누적 1295건 (요청 6965회)
[아이설렘 한글과 아이설렘 수학|2025] 1페이지까지 · 누적 1295건 (요청 6966회)
[아이설렘 한글과 아이설렘 수학|2026] 1페이지까지 · 누적 1295건 (요청 6967회)
[아이스크림 스쿨런|2023] 1페이지까지 · 누적 1295건 (요청 6968회)
[아이스크림 스쿨런|2024] 1페이지까지 · 누적 1295건 (요청 6969회)
[아이스크림 스쿨런|2025] 1페이지까지 · 누적 1295건 (요청 6970회)
[아이스크림 스쿨런|2026] 1페이지까지 · 누적 1296건 (요청 6972회)
[아이스크림 툴킷|2023] 1페이지까지 · 누적 1296건 (요청 6973회)
[아이스크림 툴킷|2024] 1페이지까지 · 누적 1296건 (요청 6974회)
[아이스크림 툴킷|2025] 1페이지까지 · 누적 1296건 (요청 6975회)
[아이스크림 툴킷|2026] 1페이지까지 · 누적 1296건 (요청 6976회)
[아이스크림 홈런|2023] 1페이지까지 · 누적 1296건 (요청 6977회)
[아이스크림 홈런|2024] 1페이지까지 · 누적 1298건 (요청 6980회)
[아이스크림 홈런|2025] 1페이지까지 · 누적 1300건 (요청 6983회)
[아이스크림 홈런|2026] 1페이지까지 · 누적 1303건 (요청 6987회)
[아이스크림S|2023] 1페이지까지 · 누적 1303건 (요청 6988회)
[아이스크림S|2024] 1페이지까지 · 누적 1303건 (요청 6989회)
[아이스크림S|2025] 1페이지까지 · 누적 1303건 (요청 6990회)
[아이스크림S|2026] 1페이지까지 · 누적 1303건 (요청 6991회)
[아이알리미|2023] 1페이지까지 · 누적 1303건 (요청 6992회)
[아이알리미|2024] 1페이지까지 · 누적 1303건 (요청 6993회)
[아이알리미|2025] 1페이지까지 · 누적 1303건 (요청 6994회)
[아이알리미|2026] 1페이지까지 · 누적 1303건 (요청 6995회)
[아이점프런|2023] 1페이지까지 · 누적 1303건 (요청 6996회)
[아이점프런|2024] 1페이지까지 · 누적 1303건 (요청 6997회)
[아이점프런|2025] 1페이지까지 · 누적 1303건 (요청 6998회)
[아이점프런|2026] 1페이지까지 · 누적 1303건 (요청 6999회)
[아이캔노트|2023] 1페이지까지 · 누적 1303건 (요청 7000회)
[아이캔노트|2024] 1페이지까지 · 누적 1303건 (요청 7001회)
[아이캔노트|2025] 1페이지까지 · 누적 1303건 (요청 7002회)
[아이캔노트|2026] 1페이지까지 · 누적 1303건 (요청 7003회)
[아이캔스크린|2023] 1페이지까지 · 누적 1303건 (요청 7004회)
[아이캔스크린|2024] 1페이지까지 · 누적 1303건 (요청 7005회)
[아이캔스크린|2025] 1페이지까지 · 누적 1303건 (요청 7006회)
[아이캔스크린|2026] 1페이지까지 · 누적 1303건 (요청 7007회)
[아이캔줌잇|2023] 1페이지까지 · 누적 1303건 (요청 7008회)
[아이캔줌잇|2024] 1페이지까지 · 누적 1303건 (요청 7009회)
[아이캔줌잇|2025] 1페이지까지 · 누적 1303건 (요청 7010회)
[아이캔줌잇|2026] 1페이지까지 · 누적 1303건 (요청 7011회)
[아이쿠카|2023] 1페이지까지 · 누적 1303건 (요청 7012회)
[아이쿠카|2024] 1페이지까지 · 누적 1303건 (요청 7013회)
[아이쿠카|2025] 1페이지까지 · 누적 1303건 (요청 7014회)
[아이쿠카|2026] 1페이지까지 · 누적 1303건 (요청 7015회)
[아이톡톡|2023] 1페이지까지 · 누적 1304건 (요청 7017회)
[아이톡톡|2024] 1페이지까지 · 누적 1316건 (요청 7030회)
[아이톡톡|2025] 1페이지까지 · 누적 1334건 (요청 7049회)
[아이톡톡|2026] 1페이지까지 · 누적 1336건 (요청 7052회)
[아이핏|2023] 1페이지까지 · 누적 1336건 (요청 7053회)
[아이핏|2024] 1페이지까지 · 누적 1336건 (요청 7054회)
[아이핏|2025] 1페이지까지 · 누적 1336건 (요청 7055회)
[아이핏|2026] 1페이지까지 · 누적 1336건 (요청 7056회)
[아이핏 전용 소프트웨어|2023] 1페이지까지 · 누적 1336건 (요청 7057회)
[아이핏 전용 소프트웨어|2024] 1페이지까지 · 누적 1336건 (요청 7058회)
[아이핏 전용 소프트웨어|2025] 1페이지까지 · 누적 1336건 (요청 7059회)
[아이핏 전용 소프트웨어|2026] 1페이지까지 · 누적 1336건 (요청 7060회)
[아지틴즈|2023] 1페이지까지 · 누적 1336건 (요청 7061회)
[아지틴즈|2024] 1페이지까지 · 누적 1336건 (요청 7062회)
[아지틴즈|2025] 1페이지까지 · 누적 1336건 (요청 7063회)
[아지틴즈|2026] 1페이지까지 · 누적 1336건 (요청 7064회)
[아침나라 교과서 학습자료|2023] 1페이지까지 · 누적 1336건 (요청 7065회)
[아침나라 교과서 학습자료|2024] 1페이지까지 · 누적 1336건 (요청 7066회)
[아침나라 교과서 학습자료|2025] 1페이지까지 · 누적 1336건 (요청 7067회)
[아침나라 교과서 학습자료|2026] 1페이지까지 · 누적 1336건 (요청 7068회)
[아케오|2023] 1페이지까지 · 누적 1336건 (요청 7069회)
[아케오|2024] 1페이지까지 · 누적 1336건 (요청 7070회)
[아케오|2025] 1페이지까지 · 누적 1336건 (요청 7071회)
[아케오|2026] 1페이지까지 · 누적 1336건 (요청 7072회)
[아크릴램프키트|2023] 1페이지까지 · 누적 1336건 (요청 7073회)
[아크릴램프키트|2024] 1페이지까지 · 누적 1336건 (요청 7074회)
[아크릴램프키트|2025] 1페이지까지 · 누적 1336건 (요청 7075회)
[아크릴램프키트|2026] 1페이지까지 · 누적 1336건 (요청 7076회)
[아키스케치|2023] 1페이지까지 · 누적 1336건 (요청 7077회)
[아키스케치|2024] 1페이지까지 · 누적 1336건 (요청 7078회)
[아키스케치|2025] 1페이지까지 · 누적 1336건 (요청 7079회)
[아키스케치|2026] 1페이지까지 · 누적 1336건 (요청 7080회)
[아키조블록 연필꽂이 키트|2023] 1페이지까지 · 누적 1336건 (요청 7081회)
[아키조블록 연필꽂이 키트|2024] 1페이지까지 · 누적 1336건 (요청 7082회)
[아키조블록 연필꽂이 키트|2025] 1페이지까지 · 누적 1336건 (요청 7083회)
[아키조블록 연필꽂이 키트|2026] 1페이지까지 · 누적 1336건 (요청 7084회)
[아트봇|2023] 1페이지까지 · 누적 1336건 (요청 7085회)
[아트봇|2024] 1페이지까지 · 누적 1336건 (요청 7086회)
[아트봇|2025] 1페이지까지 · 누적 1336건 (요청 7087회)
[아트봇|2026] 1페이지까지 · 누적 1336건 (요청 7088회)
[아트봉봉스쿨|2023] 1페이지까지 · 누적 1336건 (요청 7089회)
[아트봉봉스쿨|2024] 1페이지까지 · 누적 1336건 (요청 7090회)
[아트봉봉스쿨|2025] 1페이지까지 · 누적 1340건 (요청 7095회)
[아트봉봉스쿨|2026] 1페이지까지 · 누적 1340건 (요청 7096회)
[아트앤컬처 초등 미술|2023] 1페이지까지 · 누적 1340건 (요청 7097회)
[아트앤컬처 초등 미술|2024] 1페이지까지 · 누적 1340건 (요청 7098회)
[아트앤컬처 초등 미술|2025] 1페이지까지 · 누적 1340건 (요청 7099회)
[아트앤컬처 초등 미술|2026] 1페이지까지 · 누적 1340건 (요청 7100회)
[아티클러 / 타임즈코어|2023] 1페이지까지 · 누적 1340건 (요청 7101회)
[아티클러 / 타임즈코어|2024] 1페이지까지 · 누적 1340건 (요청 7102회)
[아티클러 / 타임즈코어|2025] 1페이지까지 · 누적 1340건 (요청 7103회)
[아티클러 / 타임즈코어|2026] 1페이지까지 · 누적 1340건 (요청 7104회)
[아하오호|2023] 1페이지까지 · 누적 1340건 (요청 7105회)
[아하오호|2024] 1페이지까지 · 누적 1340건 (요청 7106회)
[아하오호|2025] 1페이지까지 · 누적 1340건 (요청 7107회)
[아하오호|2026] 1페이지까지 · 누적 1340건 (요청 7108회)
[악어룰렛|2023] 1페이지까지 · 누적 1340건 (요청 7109회)
[악어룰렛|2024] 1페이지까지 · 누적 1340건 (요청 7110회)
[악어룰렛|2025] 1페이지까지 · 누적 1340건 (요청 7111회)
[악어룰렛|2026] 1페이지까지 · 누적 1340건 (요청 7112회)
[안전 룩보드 서비스|2023] 1페이지까지 · 누적 1340건 (요청 7113회)
[안전 룩보드 서비스|2024] 1페이지까지 · 누적 1340건 (요청 7114회)
[안전 룩보드 서비스|2025] 1페이지까지 · 누적 1340건 (요청 7115회)
[안전 룩보드 서비스|2026] 1페이지까지 · 누적 1340건 (요청 7116회)
[안전교육, 안전한 생활 시리즈|2023] 1페이지까지 · 누적 1340건 (요청 7117회)
[안전교육, 안전한 생활 시리즈|2024] 1페이지까지 · 누적 1340건 (요청 7118회)
[안전교육, 안전한 생활 시리즈|2025] 1페이지까지 · 누적 1340건 (요청 7119회)
[안전교육, 안전한 생활 시리즈|2026] 1페이지까지 · 누적 1340건 (요청 7120회)
[알고스쿨|2023] 1페이지까지 · 누적 1340건 (요청 7121회)
[알고스쿨|2024] 1페이지까지 · 누적 1340건 (요청 7122회)
[알고스쿨|2025] 1페이지까지 · 누적 1340건 (요청 7123회)
[알고스쿨|2026] 1페이지까지 · 누적 1340건 (요청 7124회)
[알기 쉽게 배우는 3D 프린터|2023] 1페이지까지 · 누적 1340건 (요청 7125회)
[알기 쉽게 배우는 3D 프린터|2024] 1페이지까지 · 누적 1340건 (요청 7126회)
[알기 쉽게 배우는 3D 프린터|2025] 1페이지까지 · 누적 1340건 (요청 7127회)
[알기 쉽게 배우는 3D 프린터|2026] 1페이지까지 · 누적 1340건 (요청 7128회)
[알바생 시뮬레이터!|2023] 1페이지까지 · 누적 1340건 (요청 7129회)
[알바생 시뮬레이터!|2024] 1페이지까지 · 누적 1340건 (요청 7130회)
[알바생 시뮬레이터!|2025] 1페이지까지 · 누적 1340건 (요청 7131회)
[알바생 시뮬레이터!|2026] 1페이지까지 · 누적 1340건 (요청 7132회)
[알버트 AI|2023] 1페이지까지 · 누적 1340건 (요청 7133회)
[알버트 AI|2024] 1페이지까지 · 누적 1340건 (요청 7134회)
[알버트 AI|2025] 1페이지까지 · 누적 1340건 (요청 7135회)
[알버트 AI|2026] 1페이지까지 · 누적 1340건 (요청 7136회)
[알지?|2023] 1페이지까지 · 누적 1340건 (요청 7137회)
[알지?|2024] 1페이지까지 · 누적 1340건 (요청 7138회)
[알지?|2025] 1페이지까지 · 누적 1340건 (요청 7139회)
[알지?|2026] 1페이지까지 · 누적 1340건 (요청 7140회)
[알지오매스|2023] 1페이지까지 · 누적 1340건 (요청 7141회)
[알지오매스|2024] 1페이지까지 · 누적 1340건 (요청 7142회)
[알지오매스|2025] 1페이지까지 · 누적 1341건 (요청 7144회)
[알지오매스|2026] 1페이지까지 · 누적 1341건 (요청 7145회)
[알툴즈 통합팩 2022|2023] 1페이지까지 · 누적 1341건 (요청 7146회)
[알툴즈 통합팩 2022|2024] 1페이지까지 · 누적 1341건 (요청 7147회)
[알툴즈 통합팩 2022|2025] 1페이지까지 · 누적 1341건 (요청 7148회)
[알툴즈 통합팩 2022|2026] 1페이지까지 · 누적 1341건 (요청 7149회)
[알티노 라이트|2023] 1페이지까지 · 누적 1341건 (요청 7150회)
[알티노 라이트|2024] 1페이지까지 · 누적 1341건 (요청 7151회)
[알티노 라이트|2025] 1페이지까지 · 누적 1342건 (요청 7153회)
[알티노 라이트|2026] 1페이지까지 · 누적 1342건 (요청 7154회)
[알파지니|2023] 1페이지까지 · 누적 1342건 (요청 7155회)
[알파지니|2024] 1페이지까지 · 누적 1342건 (요청 7156회)
[알파지니|2025] 1페이지까지 · 누적 1342건 (요청 7157회)
[알파지니|2026] 1페이지까지 · 누적 1342건 (요청 7158회)
[애니셋 미디어크리에이터|2023] 1페이지까지 · 누적 1342건 (요청 7159회)
[애니셋 미디어크리에이터|2024] 1페이지까지 · 누적 1342건 (요청 7160회)
[애니셋 미디어크리에이터|2025] 1페이지까지 · 누적 1342건 (요청 7161회)
[애니셋 미디어크리에이터|2026] 1페이지까지 · 누적 1342건 (요청 7162회)
[애스크매스|2023] 1페이지까지 · 누적 1342건 (요청 7163회)
[애스크매스|2024] 1페이지까지 · 누적 1342건 (요청 7164회)
[애스크매스|2025] 1페이지까지 · 누적 1342건 (요청 7165회)
[애스크매스|2026] 1페이지까지 · 누적 1342건 (요청 7166회)
[앱 인벤터 한 권으로 끝내기|2023] 1페이지까지 · 누적 1342건 (요청 7167회)
[앱 인벤터 한 권으로 끝내기|2024] 1페이지까지 · 누적 1342건 (요청 7168회)
[앱 인벤터 한 권으로 끝내기|2025] 1페이지까지 · 누적 1342건 (요청 7169회)
[앱 인벤터 한 권으로 끝내기|2026] 1페이지까지 · 누적 1342건 (요청 7170회)
[앱티핏|2023] 1페이지까지 · 누적 1342건 (요청 7171회)
[앱티핏|2024] 1페이지까지 · 누적 1342건 (요청 7172회)
[앱티핏|2025] 1페이지까지 · 누적 1342건 (요청 7173회)
[앱티핏|2026] 1페이지까지 · 누적 1342건 (요청 7174회)
[야미코딩|2023] 1페이지까지 · 누적 1342건 (요청 7175회)
[야미코딩|2024] 1페이지까지 · 누적 1342건 (요청 7176회)
[야미코딩|2025] 1페이지까지 · 누적 1342건 (요청 7177회)
[야미코딩|2026] 1페이지까지 · 누적 1342건 (요청 7178회)
[어세스타 심리검사 서비스|2023] 1페이지까지 · 누적 1342건 (요청 7179회)
[어세스타 심리검사 서비스|2024] 1페이지까지 · 누적 1342건 (요청 7180회)
[어세스타 심리검사 서비스|2025] 1페이지까지 · 누적 1342건 (요청 7181회)
[어세스타 심리검사 서비스|2026] 1페이지까지 · 누적 1342건 (요청 7182회)
[어썸봇|2023] 1페이지까지 · 누적 1342건 (요청 7183회)
[어썸봇|2024] 1페이지까지 · 누적 1342건 (요청 7184회)
[어썸봇|2025] 1페이지까지 · 누적 1342건 (요청 7185회)
[어썸봇|2026] 1페이지까지 · 누적 1342건 (요청 7186회)
[어썸월드 메이커 키트|2023] 1페이지까지 · 누적 1342건 (요청 7187회)
[어썸월드 메이커 키트|2024] 1페이지까지 · 누적 1342건 (요청 7188회)
[어썸월드 메이커 키트|2025] 1페이지까지 · 누적 1342건 (요청 7189회)
[어썸월드 메이커 키트|2026] 1페이지까지 · 누적 1342건 (요청 7190회)
[어썸코드|2023] 1페이지까지 · 누적 1342건 (요청 7191회)
[어썸코드|2024] 1페이지까지 · 누적 1342건 (요청 7192회)
[어썸코드|2025] 1페이지까지 · 누적 1342건 (요청 7193회)
[어썸코드|2026] 1페이지까지 · 누적 1342건 (요청 7194회)
[어썸키트|2023] 1페이지까지 · 누적 1342건 (요청 7195회)
[어썸키트|2024] 1페이지까지 · 누적 1342건 (요청 7196회)
[어썸키트|2025] 1페이지까지 · 누적 1342건 (요청 7197회)
[어썸키트|2026] 1페이지까지 · 누적 1342건 (요청 7198회)
[어울림|2023] 2페이지까지 · 누적 1491건 (요청 7349회)
[어울림|2024] 3페이지까지 · 누적 1719건 (요청 7580회)
[어울림|2025] 13페이지까지 · 누적 2726건 (요청 8600회)
[어울림|2026] 7페이지까지 · 누적 3221건 (요청 9102회)
[어피니티버블|2023] 1페이지까지 · 누적 3221건 (요청 9103회)
[어피니티버블|2024] 1페이지까지 · 누적 3221건 (요청 9104회)
[어피니티버블|2025] 1페이지까지 · 누적 3221건 (요청 9105회)
[어피니티버블|2026] 1페이지까지 · 누적 3221건 (요청 9106회)
[에너지 환경 과학 키트|2023] 1페이지까지 · 누적 3221건 (요청 9107회)
[에너지 환경 과학 키트|2024] 1페이지까지 · 누적 3221건 (요청 9108회)
[에너지 환경 과학 키트|2025] 1페이지까지 · 누적 3221건 (요청 9109회)
[에너지 환경 과학 키트|2026] 1페이지까지 · 누적 3221건 (요청 9110회)
[에듀나비|2023] 1페이지까지 · 누적 3221건 (요청 9111회)
[에듀나비|2024] 1페이지까지 · 누적 3221건 (요청 9112회)
[에듀나비|2025] 1페이지까지 · 누적 3221건 (요청 9113회)
[에듀나비|2026] 1페이지까지 · 누적 3221건 (요청 9114회)
[에듀넷|2023] 1페이지까지 · 누적 3221건 (요청 9115회)
[에듀넷|2024] 1페이지까지 · 누적 3221건 (요청 9116회)
[에듀넷|2025] 1페이지까지 · 누적 3221건 (요청 9117회)
[에듀넷|2026] 1페이지까지 · 누적 3221건 (요청 9118회)
[에듀덱|2023] 1페이지까지 · 누적 3221건 (요청 9119회)
[에듀덱|2024] 1페이지까지 · 누적 3221건 (요청 9120회)
[에듀덱|2025] 1페이지까지 · 누적 3221건 (요청 9121회)
[에듀덱|2026] 1페이지까지 · 누적 3221건 (요청 9122회)
[에듀립|2023] 1페이지까지 · 누적 3221건 (요청 9123회)
[에듀립|2024] 1페이지까지 · 누적 3221건 (요청 9124회)
[에듀립|2025] 1페이지까지 · 누적 3221건 (요청 9125회)
[에듀립|2026] 1페이지까지 · 누적 3221건 (요청 9126회)
[에듀링커|2023] 1페이지까지 · 누적 3221건 (요청 9127회)
[에듀링커|2024] 1페이지까지 · 누적 3221건 (요청 9128회)
[에듀링커|2025] 1페이지까지 · 누적 3221건 (요청 9129회)
[에듀링커|2026] 1페이지까지 · 누적 3221건 (요청 9130회)
[에듀뱅크|2023] 1페이지까지 · 누적 3221건 (요청 9131회)
[에듀뱅크|2024] 1페이지까지 · 누적 3221건 (요청 9132회)
[에듀뱅크|2025] 1페이지까지 · 누적 3221건 (요청 9133회)
[에듀뱅크|2026] 1페이지까지 · 누적 3221건 (요청 9134회)
[에듀베이지|2023] 1페이지까지 · 누적 3221건 (요청 9135회)
[에듀베이지|2024] 1페이지까지 · 누적 3221건 (요청 9136회)
[에듀베이지|2025] 1페이지까지 · 누적 3221건 (요청 9137회)
[에듀베이지|2026] 1페이지까지 · 누적 3221건 (요청 9138회)
[에듀에이블|2023] 1페이지까지 · 누적 3221건 (요청 9139회)
[에듀에이블|2024] 1페이지까지 · 누적 3221건 (요청 9140회)
[에듀에이블|2025] 1페이지까지 · 누적 3221건 (요청 9141회)
[에듀에이블|2026] 1페이지까지 · 누적 3221건 (요청 9142회)
[에듀원엑스|2023] 1페이지까지 · 누적 3221건 (요청 9143회)
[에듀원엑스|2024] 1페이지까지 · 누적 3221건 (요청 9144회)
[에듀원엑스|2025] 1페이지까지 · 누적 3221건 (요청 9145회)
[에듀원엑스|2026] 1페이지까지 · 누적 3221건 (요청 9146회)
[에듀인애스크 원어민 화상영어|2023] 1페이지까지 · 누적 3221건 (요청 9147회)
[에듀인애스크 원어민 화상영어|2024] 1페이지까지 · 누적 3221건 (요청 9148회)
[에듀인애스크 원어민 화상영어|2025] 1페이지까지 · 누적 3221건 (요청 9149회)
[에듀인애스크 원어민 화상영어|2026] 1페이지까지 · 누적 3221건 (요청 9150회)
[에듀집|2023] 1페이지까지 · 누적 3221건 (요청 9151회)
[에듀집|2024] 1페이지까지 · 누적 3221건 (요청 9152회)
[에듀집|2025] 1페이지까지 · 누적 3221건 (요청 9153회)
[에듀집|2026] 1페이지까지 · 누적 3221건 (요청 9154회)
[에듀창고|2023] 1페이지까지 · 누적 3221건 (요청 9155회)
[에듀창고|2024] 1페이지까지 · 누적 3221건 (요청 9156회)
[에듀창고|2025] 1페이지까지 · 누적 3221건 (요청 9157회)
[에듀창고|2026] 1페이지까지 · 누적 3221건 (요청 9158회)
[에듀칩|2023] 1페이지까지 · 누적 3221건 (요청 9159회)
[에듀칩|2024] 1페이지까지 · 누적 3221건 (요청 9160회)
[에듀칩|2025] 1페이지까지 · 누적 3221건 (요청 9161회)
[에듀칩|2026] 1페이지까지 · 누적 3221건 (요청 9162회)
[에듀코디|2023] 1페이지까지 · 누적 3221건 (요청 9163회)
[에듀코디|2024] 1페이지까지 · 누적 3221건 (요청 9164회)
[에듀코디|2025] 1페이지까지 · 누적 3221건 (요청 9165회)
[에듀코디|2026] 1페이지까지 · 누적 3221건 (요청 9166회)
[에듀트리|2023] 1페이지까지 · 누적 3221건 (요청 9167회)
[에듀트리|2024] 1페이지까지 · 누적 3221건 (요청 9168회)
[에듀트리|2025] 1페이지까지 · 누적 3221건 (요청 9169회)
[에듀트리|2026] 1페이지까지 · 누적 3221건 (요청 9170회)
[에듀플로우|2023] 1페이지까지 · 누적 3221건 (요청 9171회)
[에듀플로우|2024] 1페이지까지 · 누적 3221건 (요청 9172회)
[에듀플로우|2025] 1페이지까지 · 누적 3221건 (요청 9173회)
[에듀플로우|2026] 1페이지까지 · 누적 3221건 (요청 9174회)
[에듀픽|2023] 1페이지까지 · 누적 3221건 (요청 9175회)
[에듀픽|2024] 1페이지까지 · 누적 3221건 (요청 9176회)
[에듀픽|2025] 1페이지까지 · 누적 3221건 (요청 9177회)
[에듀픽|2026] 1페이지까지 · 누적 3221건 (요청 9178회)
[에듀핏|2023] 1페이지까지 · 누적 3221건 (요청 9179회)
[에듀핏|2024] 1페이지까지 · 누적 3221건 (요청 9180회)
[에듀핏|2025] 1페이지까지 · 누적 3221건 (요청 9181회)
[에듀핏|2026] 1페이지까지 · 누적 3221건 (요청 9182회)
[에듀헬퍼|2023] 1페이지까지 · 누적 3221건 (요청 9183회)
[에듀헬퍼|2024] 1페이지까지 · 누적 3221건 (요청 9184회)
[에듀헬퍼|2025] 1페이지까지 · 누적 3221건 (요청 9185회)
[에듀헬퍼|2026] 1페이지까지 · 누적 3221건 (요청 9186회)
[에드퍼즐|2023] 1페이지까지 · 누적 3221건 (요청 9187회)
[에드퍼즐|2024] 1페이지까지 · 누적 3221건 (요청 9188회)
[에드퍼즐|2025] 1페이지까지 · 누적 3221건 (요청 9189회)
[에드퍼즐|2026] 1페이지까지 · 누적 3221건 (요청 9190회)
[에디트AI|2023] 1페이지까지 · 누적 3221건 (요청 9191회)
[에디트AI|2024] 1페이지까지 · 누적 3221건 (요청 9192회)
[에디트AI|2025] 1페이지까지 · 누적 3221건 (요청 9193회)
[에디트AI|2026] 1페이지까지 · 누적 3221건 (요청 9194회)
[에스덕 과학 코스웨어|2023] 1페이지까지 · 누적 3221건 (요청 9195회)
[에스덕 과학 코스웨어|2024] 1페이지까지 · 누적 3221건 (요청 9196회)
[에스덕 과학 코스웨어|2025] 1페이지까지 · 누적 3221건 (요청 9197회)
[에스덕 과학 코스웨어|2026] 1페이지까지 · 누적 3221건 (요청 9198회)
[에스에이치코드|2023] 1페이지까지 · 누적 3221건 (요청 9199회)
[에스에이치코드|2024] 1페이지까지 · 누적 3221건 (요청 9200회)
[에스에이치코드|2025] 1페이지까지 · 누적 3221건 (요청 9201회)
[에스에이치코드|2026] 1페이지까지 · 누적 3221건 (요청 9202회)
[에스엠 라이브스케치|2023] 1페이지까지 · 누적 3221건 (요청 9203회)
[에스엠 라이브스케치|2024] 1페이지까지 · 누적 3221건 (요청 9204회)
[에스엠 라이브스케치|2025] 1페이지까지 · 누적 3221건 (요청 9205회)
[에스엠 라이브스케치|2026] 1페이지까지 · 누적 3221건 (요청 9206회)
[에어페인트|2023] 1페이지까지 · 누적 3221건 (요청 9207회)
[에어페인트|2024] 1페이지까지 · 누적 3221건 (요청 9208회)
[에어페인트|2025] 1페이지까지 · 누적 3221건 (요청 9209회)
[에어페인트|2026] 1페이지까지 · 누적 3221건 (요청 9210회)
[에이블드 핑퐁로봇|2023] 1페이지까지 · 누적 3221건 (요청 9211회)
[에이블드 핑퐁로봇|2024] 1페이지까지 · 누적 3221건 (요청 9212회)
[에이블드 핑퐁로봇|2025] 1페이지까지 · 누적 3221건 (요청 9213회)
[에이블드 핑퐁로봇|2026] 1페이지까지 · 누적 3221건 (요청 9214회)
[에이아이런|2023] 1페이지까지 · 누적 3221건 (요청 9215회)
[에이아이런|2024] 1페이지까지 · 누적 3221건 (요청 9216회)
[에이아이런|2025] 1페이지까지 · 누적 3221건 (요청 9217회)
[에이아이런|2026] 1페이지까지 · 누적 3221건 (요청 9218회)
[에이탐스|2023] 1페이지까지 · 누적 3221건 (요청 9219회)
[에이탐스|2024] 1페이지까지 · 누적 3221건 (요청 9220회)
[에이탐스|2025] 1페이지까지 · 누적 3221건 (요청 9221회)
[에이탐스|2026] 1페이지까지 · 누적 3221건 (요청 9222회)
[에이탐스 AI기반 탐구·진로 플랫폼|2023] 1페이지까지 · 누적 3221건 (요청 9223회)
[에이탐스 AI기반 탐구·진로 플랫폼|2024] 1페이지까지 · 누적 3221건 (요청 9224회)
[에이탐스 AI기반 탐구·진로 플랫폼|2025] 1페이지까지 · 누적 3221건 (요청 9225회)
[에이탐스 AI기반 탐구·진로 플랫폼|2026] 1페이지까지 · 누적 3221건 (요청 9226회)
[에코백 만들기 키트|2023] 1페이지까지 · 누적 3221건 (요청 9227회)
[에코백 만들기 키트|2024] 1페이지까지 · 누적 3221건 (요청 9228회)
[에코백 만들기 키트|2025] 1페이지까지 · 누적 3221건 (요청 9229회)
[에코백 만들기 키트|2026] 1페이지까지 · 누적 3221건 (요청 9230회)
[에코빌리지|2023] 1페이지까지 · 누적 3221건 (요청 9231회)
[에코빌리지|2024] 1페이지까지 · 누적 3221건 (요청 9232회)
[에코빌리지|2025] 1페이지까지 · 누적 3221건 (요청 9233회)
[에코빌리지|2026] 1페이지까지 · 누적 3221건 (요청 9234회)
[에코서클|2023] 1페이지까지 · 누적 3221건 (요청 9235회)
[에코서클|2024] 1페이지까지 · 누적 3221건 (요청 9236회)
[에코서클|2025] 1페이지까지 · 누적 3221건 (요청 9237회)
[에코서클|2026] 1페이지까지 · 누적 3221건 (요청 9238회)
[에코스토리2|2023] 1페이지까지 · 누적 3221건 (요청 9239회)
[에코스토리2|2024] 1페이지까지 · 누적 3221건 (요청 9240회)
[에코스토리2|2025] 1페이지까지 · 누적 3221건 (요청 9241회)
[에코스토리2|2026] 1페이지까지 · 누적 3221건 (요청 9242회)
[에코조이|2023] 1페이지까지 · 누적 3221건 (요청 9243회)
[에코조이|2024] 1페이지까지 · 누적 3221건 (요청 9244회)
[에코조이|2025] 1페이지까지 · 누적 3221건 (요청 9245회)
[에코조이|2026] 1페이지까지 · 누적 3221건 (요청 9246회)
[에코컵가든|2023] 1페이지까지 · 누적 3221건 (요청 9247회)
[에코컵가든|2024] 1페이지까지 · 누적 3221건 (요청 9248회)
[에코컵가든|2025] 1페이지까지 · 누적 3221건 (요청 9249회)
[에코컵가든|2026] 1페이지까지 · 누적 3221건 (요청 9250회)
[엔그램|2023] 1페이지까지 · 누적 3221건 (요청 9251회)
[엔그램|2024] 1페이지까지 · 누적 3221건 (요청 9252회)
[엔그램|2025] 1페이지까지 · 누적 3221건 (요청 9253회)
[엔그램|2026] 1페이지까지 · 누적 3221건 (요청 9254회)
[엔그램 클래스|2023] 1페이지까지 · 누적 3221건 (요청 9255회)
[엔그램 클래스|2024] 1페이지까지 · 누적 3221건 (요청 9256회)
[엔그램 클래스|2025] 1페이지까지 · 누적 3221건 (요청 9257회)
[엔그램 클래스|2026] 1페이지까지 · 누적 3221건 (요청 9258회)
[엔닷캐드|2023] 1페이지까지 · 누적 3221건 (요청 9259회)
[엔닷캐드|2024] 1페이지까지 · 누적 3221건 (요청 9260회)
[엔닷캐드|2025] 1페이지까지 · 누적 3221건 (요청 9261회)
[엔닷캐드|2026] 1페이지까지 · 누적 3221건 (요청 9262회)
[엔스케이프, 브이레이 외 기타|2023] 1페이지까지 · 누적 3221건 (요청 9263회)
[엔스케이프, 브이레이 외 기타|2024] 1페이지까지 · 누적 3221건 (요청 9264회)
[엔스케이프, 브이레이 외 기타|2025] 1페이지까지 · 누적 3221건 (요청 9265회)
[엔스케이프, 브이레이 외 기타|2026] 1페이지까지 · 누적 3221건 (요청 9266회)
[엔이능률 AIDT 교육자료|2023] 1페이지까지 · 누적 3221건 (요청 9267회)
[엔이능률 AIDT 교육자료|2024] 1페이지까지 · 누적 3221건 (요청 9268회)
[엔이능률 AIDT 교육자료|2025] 1페이지까지 · 누적 3221건 (요청 9269회)
[엔이능률 AIDT 교육자료|2026] 1페이지까지 · 누적 3221건 (요청 9270회)
[엔이능률 AIDT 교육자료 )|2023] 1페이지까지 · 누적 3221건 (요청 9271회)
[엔이능률 AIDT 교육자료 )|2024] 1페이지까지 · 누적 3221건 (요청 9272회)
[엔이능률 AIDT 교육자료 )|2025] 1페이지까지 · 누적 3221건 (요청 9273회)
[엔이능률 AIDT 교육자료 )|2026] 1페이지까지 · 누적 3221건 (요청 9274회)
[엔이타임즈 영자신문 코스웨어|2023] 1페이지까지 · 누적 3221건 (요청 9275회)
[엔이타임즈 영자신문 코스웨어|2024] 1페이지까지 · 누적 3221건 (요청 9276회)
[엔이타임즈 영자신문 코스웨어|2025] 1페이지까지 · 누적 3221건 (요청 9277회)
[엔이타임즈 영자신문 코스웨어|2026] 1페이지까지 · 누적 3221건 (요청 9278회)
[엔이티처|2023] 1페이지까지 · 누적 3221건 (요청 9279회)
[엔이티처|2024] 1페이지까지 · 누적 3221건 (요청 9280회)
[엔이티처|2025] 1페이지까지 · 누적 3221건 (요청 9281회)
[엔이티처|2026] 1페이지까지 · 누적 3221건 (요청 9282회)
[엔트리|2023] 1페이지까지 · 누적 3222건 (요청 9284회)
[엔트리|2024] 1페이지까지 · 누적 3222건 (요청 9285회)
[엔트리|2025] 1페이지까지 · 누적 3222건 (요청 9286회)
[엔트리|2026] 1페이지까지 · 누적 3223건 (요청 9288회)
[엔트리 인공지능과 함께하는 토리드론|2023] 1페이지까지 · 누적 3223건 (요청 9289회)
[엔트리 인공지능과 함께하는 토리드론|2024] 1페이지까지 · 누적 3223건 (요청 9290회)
[엔트리 인공지능과 함께하는 토리드론|2025] 1페이지까지 · 누적 3223건 (요청 9291회)
[엔트리 인공지능과 함께하는 토리드론|2026] 1페이지까지 · 누적 3223건 (요청 9292회)
[엔트리 코딩교육 전자 글로켄슈필 키트|2023] 1페이지까지 · 누적 3223건 (요청 9293회)
[엔트리 코딩교육 전자 글로켄슈필 키트|2024] 1페이지까지 · 누적 3223건 (요청 9294회)
[엔트리 코딩교육 전자 글로켄슈필 키트|2025] 1페이지까지 · 누적 3223건 (요청 9295회)
[엔트리 코딩교육 전자 글로켄슈필 키트|2026] 1페이지까지 · 누적 3223건 (요청 9296회)
[엔트리 코딩교육 전자드럼 고급형 키트|2023] 1페이지까지 · 누적 3223건 (요청 9297회)
[엔트리 코딩교육 전자드럼 고급형 키트|2024] 1페이지까지 · 누적 3223건 (요청 9298회)
[엔트리 코딩교육 전자드럼 고급형 키트|2025] 1페이지까지 · 누적 3223건 (요청 9299회)
[엔트리 코딩교육 전자드럼 고급형 키트|2026] 1페이지까지 · 누적 3223건 (요청 9300회)
[엔트리 코딩교육 전자드럼 기본형 키트|2023] 1페이지까지 · 누적 3223건 (요청 9301회)
[엔트리 코딩교육 전자드럼 기본형 키트|2024] 1페이지까지 · 누적 3223건 (요청 9302회)
[엔트리 코딩교육 전자드럼 기본형 키트|2025] 1페이지까지 · 누적 3223건 (요청 9303회)
[엔트리 코딩교육 전자드럼 기본형 키트|2026] 1페이지까지 · 누적 3223건 (요청 9304회)
[엔트리 코딩교육 전자피아노 고급형 키트|2023] 1페이지까지 · 누적 3223건 (요청 9305회)
[엔트리 코딩교육 전자피아노 고급형 키트|2024] 1페이지까지 · 누적 3223건 (요청 9306회)
[엔트리 코딩교육 전자피아노 고급형 키트|2025] 1페이지까지 · 누적 3223건 (요청 9307회)
[엔트리 코딩교육 전자피아노 고급형 키트|2026] 1페이지까지 · 누적 3223건 (요청 9308회)
[엔트리 코딩교육 전자피아노 기본형 키트|2023] 1페이지까지 · 누적 3223건 (요청 9309회)
[엔트리 코딩교육 전자피아노 기본형 키트|2024] 1페이지까지 · 누적 3223건 (요청 9310회)
[엔트리 코딩교육 전자피아노 기본형 키트|2025] 1페이지까지 · 누적 3223건 (요청 9311회)
[엔트리 코딩교육 전자피아노 기본형 키트|2026] 1페이지까지 · 누적 3223건 (요청 9312회)
[엔트리AI와 함께하는 사회정서학습|2023] 1페이지까지 · 누적 3223건 (요청 9313회)
[엔트리AI와 함께하는 사회정서학습|2024] 1페이지까지 · 누적 3223건 (요청 9314회)
[엔트리AI와 함께하는 사회정서학습|2025] 1페이지까지 · 누적 3223건 (요청 9315회)
[엔트리AI와 함께하는 사회정서학습|2026] 1페이지까지 · 누적 3223건 (요청 9316회)
[엘라스쿨|2023] 1페이지까지 · 누적 3223건 (요청 9317회)
[엘라스쿨|2024] 1페이지까지 · 누적 3223건 (요청 9318회)
[엘라스쿨|2025] 1페이지까지 · 누적 3223건 (요청 9319회)
[엘라스쿨|2026] 1페이지까지 · 누적 3223건 (요청 9320회)
[엘리스 AI·디지털 교육자료|2023] 1페이지까지 · 누적 3223건 (요청 9321회)
[엘리스 AI·디지털 교육자료|2024] 1페이지까지 · 누적 3223건 (요청 9322회)
[엘리스 AI·디지털 교육자료|2025] 1페이지까지 · 누적 3223건 (요청 9323회)
[엘리스 AI·디지털 교육자료|2026] 1페이지까지 · 누적 3223건 (요청 9324회)
[엘리스LXP|2023] 1페이지까지 · 누적 3223건 (요청 9325회)
[엘리스LXP|2024] 1페이지까지 · 누적 3223건 (요청 9326회)
[엘리스LXP|2025] 1페이지까지 · 누적 3223건 (요청 9327회)
[엘리스LXP|2026] 1페이지까지 · 누적 3223건 (요청 9328회)
[엘리프|2023] 1페이지까지 · 누적 3223건 (요청 9329회)
[엘리프|2024] 1페이지까지 · 누적 3223건 (요청 9330회)
[엘리프|2025] 1페이지까지 · 누적 3223건 (요청 9331회)
[엘리프|2026] 1페이지까지 · 누적 3223건 (요청 9332회)
[엘사스픽|2023] 1페이지까지 · 누적 3223건 (요청 9333회)
[엘사스픽|2024] 1페이지까지 · 누적 3223건 (요청 9334회)
[엘사스픽|2025] 1페이지까지 · 누적 3223건 (요청 9335회)
[엘사스픽|2026] 1페이지까지 · 누적 3223건 (요청 9336회)
[엠봇2|2023] 1페이지까지 · 누적 3223건 (요청 9337회)
[엠봇2|2024] 1페이지까지 · 누적 3223건 (요청 9338회)
[엠봇2|2025] 1페이지까지 · 누적 3223건 (요청 9339회)
[엠봇2|2026] 1페이지까지 · 누적 3223건 (요청 9340회)
[엠타이니 디스커버 키트|2023] 1페이지까지 · 누적 3223건 (요청 9341회)
[엠타이니 디스커버 키트|2024] 1페이지까지 · 누적 3223건 (요청 9342회)
[엠타이니 디스커버 키트|2025] 1페이지까지 · 누적 3223건 (요청 9343회)
[엠타이니 디스커버 키트|2026] 1페이지까지 · 누적 3223건 (요청 9344회)
[연산왕|2023] 1페이지까지 · 누적 3223건 (요청 9345회)
[연산왕|2024] 1페이지까지 · 누적 3223건 (요청 9346회)
[연산왕|2025] 1페이지까지 · 누적 3223건 (요청 9347회)
[연산왕|2026] 1페이지까지 · 누적 3223건 (요청 9348회)
[열린교문 사이트 내 교수학습 자료|2023] 1페이지까지 · 누적 3223건 (요청 9349회)
[열린교문 사이트 내 교수학습 자료|2024] 1페이지까지 · 누적 3223건 (요청 9350회)
[열린교문 사이트 내 교수학습 자료|2025] 1페이지까지 · 누적 3223건 (요청 9351회)
[열린교문 사이트 내 교수학습 자료|2026] 1페이지까지 · 누적 3223건 (요청 9352회)
[열품타|2023] 1페이지까지 · 누적 3223건 (요청 9353회)
[열품타|2024] 1페이지까지 · 누적 3223건 (요청 9354회)
[열품타|2025] 1페이지까지 · 누적 3230건 (요청 9362회)
[열품타|2026] 1페이지까지 · 누적 3231건 (요청 9364회)
[영어 독학러를 위한 왕초보 탈출|2023] 1페이지까지 · 누적 3231건 (요청 9365회)
[영어 독학러를 위한 왕초보 탈출|2024] 1페이지까지 · 누적 3231건 (요청 9366회)
[영어 독학러를 위한 왕초보 탈출|2025] 1페이지까지 · 누적 3231건 (요청 9367회)
[영어 독학러를 위한 왕초보 탈출|2026] 1페이지까지 · 누적 3231건 (요청 9368회)
[영웅문S#, 영웅문4|2023] 1페이지까지 · 누적 3231건 (요청 9369회)
[영웅문S#, 영웅문4|2024] 1페이지까지 · 누적 3231건 (요청 9370회)
[영웅문S#, 영웅문4|2025] 1페이지까지 · 누적 3231건 (요청 9371회)
[영웅문S#, 영웅문4|2026] 1페이지까지 · 누적 3231건 (요청 9372회)
[예스이십사 소장형 전자도서관|2023] 1페이지까지 · 누적 3231건 (요청 9373회)
[예스이십사 소장형 전자도서관|2024] 1페이지까지 · 누적 3231건 (요청 9374회)
[예스이십사 소장형 전자도서관|2025] 1페이지까지 · 누적 3231건 (요청 9375회)
[예스이십사 소장형 전자도서관|2026] 1페이지까지 · 누적 3231건 (요청 9376회)
[오늘도 디지털 게시판|2023] 1페이지까지 · 누적 3231건 (요청 9377회)
[오늘도 디지털 게시판|2024] 1페이지까지 · 누적 3231건 (요청 9378회)
[오늘도 디지털 게시판|2025] 1페이지까지 · 누적 3231건 (요청 9379회)
[오늘도 디지털 게시판|2026] 1페이지까지 · 누적 3231건 (요청 9380회)
[오늘의 영단어로 실력 Up|2023] 1페이지까지 · 누적 3231건 (요청 9381회)
[오늘의 영단어로 실력 Up|2024] 1페이지까지 · 누적 3231건 (요청 9382회)
[오늘의 영단어로 실력 Up|2025] 1페이지까지 · 누적 3231건 (요청 9383회)
[오늘의 영단어로 실력 Up|2026] 1페이지까지 · 누적 3231건 (요청 9384회)
[오늘의 일기|2023] 1페이지까지 · 누적 3231건 (요청 9385회)
[오늘의 일기|2024] 1페이지까지 · 누적 3231건 (요청 9386회)
[오늘의 일기|2025] 1페이지까지 · 누적 3231건 (요청 9387회)
[오늘의 일기|2026] 1페이지까지 · 누적 3231건 (요청 9388회)
[오늘의 행복|2023] 1페이지까지 · 누적 3231건 (요청 9389회)
[오늘의 행복|2024] 1페이지까지 · 누적 3231건 (요청 9390회)
[오늘의 행복|2025] 1페이지까지 · 누적 3231건 (요청 9391회)
[오늘의 행복|2026] 1페이지까지 · 누적 3231건 (요청 9392회)
[오디언 오디오북|2023] 1페이지까지 · 누적 3231건 (요청 9393회)
[오디언 오디오북|2024] 1페이지까지 · 누적 3231건 (요청 9394회)
[오디언 오디오북|2025] 1페이지까지 · 누적 3231건 (요청 9395회)
[오디언 오디오북|2026] 1페이지까지 · 누적 3231건 (요청 9396회)
[오딩가 잉글리시|2023] 1페이지까지 · 누적 3231건 (요청 9397회)
[오딩가 잉글리시|2024] 1페이지까지 · 누적 3231건 (요청 9398회)
[오딩가 잉글리시|2025] 1페이지까지 · 누적 3231건 (요청 9399회)
[오딩가 잉글리시|2026] 1페이지까지 · 누적 3231건 (요청 9400회)
[오래영어|2023] 1페이지까지 · 누적 3231건 (요청 9401회)
[오래영어|2024] 1페이지까지 · 누적 3231건 (요청 9402회)
[오래영어|2025] 1페이지까지 · 누적 3231건 (요청 9403회)
[오래영어|2026] 1페이지까지 · 누적 3231건 (요청 9404회)
[오르골 만들기 DIY 코딩 교육 키트|2023] 1페이지까지 · 누적 3231건 (요청 9405회)
[오르골 만들기 DIY 코딩 교육 키트|2024] 1페이지까지 · 누적 3231건 (요청 9406회)
[오르골 만들기 DIY 코딩 교육 키트|2025] 1페이지까지 · 누적 3231건 (요청 9407회)
[오르골 만들기 DIY 코딩 교육 키트|2026] 1페이지까지 · 누적 3231건 (요청 9408회)
[오르조 클래스|2023] 1페이지까지 · 누적 3231건 (요청 9409회)
[오르조 클래스|2024] 1페이지까지 · 누적 3231건 (요청 9410회)
[오르조 클래스|2025] 1페이지까지 · 누적 3231건 (요청 9411회)
[오르조 클래스|2026] 1페이지까지 · 누적 3231건 (요청 9412회)
[오비스|2023] 1페이지까지 · 누적 3231건 (요청 9413회)
[오비스|2024] 1페이지까지 · 누적 3231건 (요청 9414회)
[오비스|2025] 1페이지까지 · 누적 3231건 (요청 9415회)
[오비스|2026] 1페이지까지 · 누적 3231건 (요청 9416회)
[오색버나 만들기 키트|2023] 1페이지까지 · 누적 3231건 (요청 9417회)
[오색버나 만들기 키트|2024] 1페이지까지 · 누적 3231건 (요청 9418회)
[오색버나 만들기 키트|2025] 1페이지까지 · 누적 3231건 (요청 9419회)
[오색버나 만들기 키트|2026] 1페이지까지 · 누적 3231건 (요청 9420회)
[오엠알스캔 프로|2023] 1페이지까지 · 누적 3231건 (요청 9421회)
[오엠알스캔 프로|2024] 1페이지까지 · 누적 3231건 (요청 9422회)
[오엠알스캔 프로|2025] 1페이지까지 · 누적 3231건 (요청 9423회)
[오엠알스캔 프로|2026] 1페이지까지 · 누적 3231건 (요청 9424회)
[오엠알커리어넷|2023] 1페이지까지 · 누적 3231건 (요청 9425회)
[오엠알커리어넷|2024] 1페이지까지 · 누적 3231건 (요청 9426회)
[오엠알커리어넷|2025] 1페이지까지 · 누적 3231건 (요청 9427회)
[오엠알커리어넷|2026] 1페이지까지 · 누적 3231건 (요청 9428회)
[오즈아이|2023] 1페이지까지 · 누적 3231건 (요청 9429회)
[오즈아이|2024] 1페이지까지 · 누적 3231건 (요청 9430회)
[오즈아이|2025] 1페이지까지 · 누적 3231건 (요청 9431회)
[오즈아이|2026] 1페이지까지 · 누적 3231건 (요청 9432회)
[오케스트라2|2023] 1페이지까지 · 누적 3231건 (요청 9433회)
[오케스트라2|2024] 1페이지까지 · 누적 3231건 (요청 9434회)
[오케스트라2|2025] 1페이지까지 · 누적 3231건 (요청 9435회)
[오케스트라2|2026] 1페이지까지 · 누적 3231건 (요청 9436회)
[오토아이|2023] 1페이지까지 · 누적 3231건 (요청 9437회)
[오토아이|2024] 1페이지까지 · 누적 3231건 (요청 9438회)
[오토아이|2025] 1페이지까지 · 누적 3231건 (요청 9439회)
[오토아이|2026] 1페이지까지 · 누적 3231건 (요청 9440회)
[오페라 망원경 키트|2023] 1페이지까지 · 누적 3231건 (요청 9441회)
[오페라 망원경 키트|2024] 1페이지까지 · 누적 3231건 (요청 9442회)
[오페라 망원경 키트|2025] 1페이지까지 · 누적 3231건 (요청 9443회)
[오페라 망원경 키트|2026] 1페이지까지 · 누적 3231건 (요청 9444회)
[오픈배지|2023] 1페이지까지 · 누적 3231건 (요청 9445회)
[오픈배지|2024] 1페이지까지 · 누적 3231건 (요청 9446회)
[오픈배지|2025] 1페이지까지 · 누적 3231건 (요청 9447회)
[오픈배지|2026] 1페이지까지 · 누적 3231건 (요청 9448회)
[옥수수|2023] 1페이지까지 · 누적 3231건 (요청 9449회)
[옥수수|2024] 1페이지까지 · 누적 3240건 (요청 9459회)
[옥수수|2025] 1페이지까지 · 누적 3262건 (요청 9482회)
[옥수수|2026] 1페이지까지 · 누적 3270건 (요청 9491회)
[옥토스튜디오|2023] 1페이지까지 · 누적 3270건 (요청 9492회)
[옥토스튜디오|2024] 1페이지까지 · 누적 3270건 (요청 9493회)
[옥토스튜디오|2025] 1페이지까지 · 누적 3270건 (요청 9494회)
[옥토스튜디오|2026] 1페이지까지 · 누적 3270건 (요청 9495회)
[온더바이트|2023] 1페이지까지 · 누적 3270건 (요청 9496회)
[온더바이트|2024] 1페이지까지 · 누적 3270건 (요청 9497회)
[온더바이트|2025] 1페이지까지 · 누적 3270건 (요청 9498회)
[온더바이트|2026] 1페이지까지 · 누적 3270건 (요청 9499회)
[온디딤|2023] 1페이지까지 · 누적 3270건 (요청 9500회)
[온디딤|2024] 1페이지까지 · 누적 3270건 (요청 9501회)
[온디딤|2025] 1페이지까지 · 누적 3270건 (요청 9502회)
[온디딤|2026] 1페이지까지 · 누적 3270건 (요청 9503회)
[온디바이스 AI키트 파이브레인|2023] 1페이지까지 · 누적 3270건 (요청 9504회)
[온디바이스 AI키트 파이브레인|2024] 1페이지까지 · 누적 3270건 (요청 9505회)
[온디바이스 AI키트 파이브레인|2025] 1페이지까지 · 누적 3270건 (요청 9506회)
[온디바이스 AI키트 파이브레인|2026] 1페이지까지 · 누적 3270건 (요청 9507회)
[온리원|2023] 1페이지까지 · 누적 3270건 (요청 9508회)
[온리원|2024] 1페이지까지 · 누적 3270건 (요청 9509회)
[온리원|2025] 1페이지까지 · 누적 3270건 (요청 9510회)
[온리원|2026] 1페이지까지 · 누적 3270건 (요청 9511회)
[온마음 성장펫|2023] 1페이지까지 · 누적 3270건 (요청 9512회)
[온마음 성장펫|2024] 1페이지까지 · 누적 3270건 (요청 9513회)
[온마음 성장펫|2025] 1페이지까지 · 누적 3270건 (요청 9514회)
[온마음 성장펫|2026] 1페이지까지 · 누적 3270건 (요청 9515회)
[온맘_국립특수교육원|2023] 1페이지까지 · 누적 3270건 (요청 9516회)
[온맘_국립특수교육원|2024] 1페이지까지 · 누적 3270건 (요청 9517회)
[온맘_국립특수교육원|2025] 1페이지까지 · 누적 3270건 (요청 9518회)
[온맘_국립특수교육원|2026] 1페이지까지 · 누적 3270건 (요청 9519회)
[온생각 시스템|2023] 1페이지까지 · 누적 3270건 (요청 9520회)
[온생각 시스템|2024] 1페이지까지 · 누적 3270건 (요청 9521회)
[온생각 시스템|2025] 1페이지까지 · 누적 3270건 (요청 9522회)
[온생각 시스템|2026] 1페이지까지 · 누적 3270건 (요청 9523회)
[온웨이에듀 / 종합관리시스템|2023] 1페이지까지 · 누적 3270건 (요청 9524회)
[온웨이에듀 / 종합관리시스템|2024] 1페이지까지 · 누적 3270건 (요청 9525회)
[온웨이에듀 / 종합관리시스템|2025] 1페이지까지 · 누적 3270건 (요청 9526회)
[온웨이에듀 / 종합관리시스템|2026] 1페이지까지 · 누적 3270건 (요청 9527회)
[온한글 한글해득 지원 시스템|2023] 1페이지까지 · 누적 3270건 (요청 9528회)
[온한글 한글해득 지원 시스템|2024] 1페이지까지 · 누적 3270건 (요청 9529회)
[온한글 한글해득 지원 시스템|2025] 1페이지까지 · 누적 3270건 (요청 9530회)
[온한글 한글해득 지원 시스템|2026] 1페이지까지 · 누적 3270건 (요청 9531회)
[올리브AI|2023] 1페이지까지 · 누적 3270건 (요청 9532회)
[올리브AI|2024] 1페이지까지 · 누적 3270건 (요청 9533회)
[올리브AI|2025] 1페이지까지 · 누적 3271건 (요청 9535회)
[올리브AI|2026] 1페이지까지 · 누적 3271건 (요청 9536회)
[올리에듀|2023] 1페이지까지 · 누적 3271건 (요청 9537회)
[올리에듀|2024] 1페이지까지 · 누적 3271건 (요청 9538회)
[올리에듀|2025] 1페이지까지 · 누적 3271건 (요청 9539회)
[올리에듀|2026] 1페이지까지 · 누적 3271건 (요청 9540회)
[올바디|2023] 1페이지까지 · 누적 3271건 (요청 9541회)
[올바디|2024] 1페이지까지 · 누적 3271건 (요청 9542회)
[올바디|2025] 1페이지까지 · 누적 3271건 (요청 9543회)
[올바디|2026] 1페이지까지 · 누적 3271건 (요청 9544회)
[올바른 책 읽기|2023] 1페이지까지 · 누적 3271건 (요청 9545회)
[올바른 책 읽기|2024] 1페이지까지 · 누적 3271건 (요청 9546회)
[올바른 책 읽기|2025] 1페이지까지 · 누적 3271건 (요청 9547회)
[올바른 책 읽기|2026] 1페이지까지 · 누적 3271건 (요청 9548회)
[올인북 교양/문화 지식인 32권|2023] 1페이지까지 · 누적 3271건 (요청 9549회)
[올인북 교양/문화 지식인 32권|2024] 1페이지까지 · 누적 3271건 (요청 9550회)
[올인북 교양/문화 지식인 32권|2025] 1페이지까지 · 누적 3271건 (요청 9551회)
[올인북 교양/문화 지식인 32권|2026] 1페이지까지 · 누적 3271건 (요청 9552회)
[올인북 문해력 특공대 56권|2023] 1페이지까지 · 누적 3271건 (요청 9553회)
[올인북 문해력 특공대 56권|2024] 1페이지까지 · 누적 3271건 (요청 9554회)
[올인북 문해력 특공대 56권|2025] 1페이지까지 · 누적 3271건 (요청 9555회)
[올인북 문해력 특공대 56권|2026] 1페이지까지 · 누적 3271건 (요청 9556회)
[올인북 자연과학 특공대 77권|2023] 1페이지까지 · 누적 3271건 (요청 9557회)
[올인북 자연과학 특공대 77권|2024] 1페이지까지 · 누적 3271건 (요청 9558회)
[올인북 자연과학 특공대 77권|2025] 1페이지까지 · 누적 3271건 (요청 9559회)
[올인북 자연과학 특공대 77권|2026] 1페이지까지 · 누적 3271건 (요청 9560회)
[올인북 천년의 지혜 31권|2023] 1페이지까지 · 누적 3271건 (요청 9561회)
[올인북 천년의 지혜 31권|2024] 1페이지까지 · 누적 3271건 (요청 9562회)
[올인북 천년의 지혜 31권|2025] 1페이지까지 · 누적 3271건 (요청 9563회)
[올인북 천년의 지혜 31권|2026] 1페이지까지 · 누적 3271건 (요청 9564회)
[옴니핏 마인드케어|2023] 1페이지까지 · 누적 3271건 (요청 9565회)
[옴니핏 마인드케어|2024] 1페이지까지 · 누적 3271건 (요청 9566회)
[옴니핏 마인드케어|2025] 1페이지까지 · 누적 3271건 (요청 9567회)
[옴니핏 마인드케어|2026] 1페이지까지 · 누적 3271건 (요청 9568회)
[옴니핏 브레인|2023] 1페이지까지 · 누적 3271건 (요청 9569회)
[옴니핏 브레인|2024] 1페이지까지 · 누적 3271건 (요청 9570회)
[옴니핏 브레인|2025] 1페이지까지 · 누적 3271건 (요청 9571회)
[옴니핏 브레인|2026] 1페이지까지 · 누적 3271건 (요청 9572회)
[옴니핏브레인트레이닝|2023] 1페이지까지 · 누적 3271건 (요청 9573회)
[옴니핏브레인트레이닝|2024] 1페이지까지 · 누적 3271건 (요청 9574회)
[옴니핏브레인트레이닝|2025] 1페이지까지 · 누적 3271건 (요청 9575회)
[옴니핏브레인트레이닝|2026] 1페이지까지 · 누적 3271건 (요청 9576회)
[와사비|2023] 1페이지까지 · 누적 3271건 (요청 9577회)
[와사비|2024] 1페이지까지 · 누적 3271건 (요청 9578회)
[와사비|2025] 1페이지까지 · 누적 3271건 (요청 9579회)
[와사비|2026] 1페이지까지 · 누적 3272건 (요청 9581회)
[와우아이디어스|2023] 1페이지까지 · 누적 3272건 (요청 9582회)
[와우아이디어스|2024] 1페이지까지 · 누적 3272건 (요청 9583회)
[와우아이디어스|2025] 1페이지까지 · 누적 3272건 (요청 9584회)
[와우아이디어스|2026] 1페이지까지 · 누적 3272건 (요청 9585회)
[와캠퍼스|2023] 1페이지까지 · 누적 3272건 (요청 9586회)
[와캠퍼스|2024] 1페이지까지 · 누적 3272건 (요청 9587회)
[와캠퍼스|2025] 1페이지까지 · 누적 3272건 (요청 9588회)
[와캠퍼스|2026] 1페이지까지 · 누적 3272건 (요청 9589회)
[완주 학교자율시간 디지털 교육학습자료|2023] 1페이지까지 · 누적 3272건 (요청 9590회)
[완주 학교자율시간 디지털 교육학습자료|2024] 1페이지까지 · 누적 3272건 (요청 9591회)
[완주 학교자율시간 디지털 교육학습자료|2025] 1페이지까지 · 누적 3272건 (요청 9592회)
[완주 학교자율시간 디지털 교육학습자료|2026] 1페이지까지 · 누적 3272건 (요청 9593회)
[왓퀴즈|2023] 1페이지까지 · 누적 3272건 (요청 9594회)
[왓퀴즈|2024] 1페이지까지 · 누적 3272건 (요청 9595회)
[왓퀴즈|2025] 1페이지까지 · 누적 3272건 (요청 9596회)
[왓퀴즈|2026] 1페이지까지 · 누적 3273건 (요청 9598회)
[외솔한국|2023] 1페이지까지 · 누적 3273건 (요청 9599회)
[외솔한국|2024] 1페이지까지 · 누적 3273건 (요청 9600회)
[외솔한국|2025] 1페이지까지 · 누적 3273건 (요청 9601회)
[외솔한국|2026] 1페이지까지 · 누적 3273건 (요청 9602회)
[용산e|2023] 1페이지까지 · 누적 3273건 (요청 9603회)
[용산e|2024] 1페이지까지 · 누적 3273건 (요청 9604회)
[용산e|2025] 1페이지까지 · 누적 3273건 (요청 9605회)
[용산e|2026] 1페이지까지 · 누적 3273건 (요청 9606회)
[용코바코|2023] 1페이지까지 · 누적 3273건 (요청 9607회)
[용코바코|2024] 1페이지까지 · 누적 3273건 (요청 9608회)
[용코바코|2025] 1페이지까지 · 누적 3273건 (요청 9609회)
[용코바코|2026] 1페이지까지 · 누적 3273건 (요청 9610회)
[우리가 만드는 인공지능|2023] 1페이지까지 · 누적 3273건 (요청 9611회)
[우리가 만드는 인공지능|2024] 1페이지까지 · 누적 3273건 (요청 9612회)
[우리가 만드는 인공지능|2025] 1페이지까지 · 누적 3273건 (요청 9613회)
[우리가 만드는 인공지능|2026] 1페이지까지 · 누적 3273건 (요청 9614회)
[우리반|2023] 1페이지까지 · 누적 3274건 (요청 9616회)
[우리반|2024] 1페이지까지 · 누적 3276건 (요청 9619회)
[우리반|2025] 1페이지까지 · 누적 3283건 (요청 9627회)
[우리반|2026] 1페이지까지 · 누적 3289건 (요청 9634회)
[우리반 T셀파|2023] 1페이지까지 · 누적 3289건 (요청 9635회)
[우리반 T셀파|2024] 1페이지까지 · 누적 3289건 (요청 9636회)
[우리반 T셀파|2025] 1페이지까지 · 누적 3289건 (요청 9637회)
[우리반 T셀파|2026] 1페이지까지 · 누적 3289건 (요청 9638회)
[우리반클루|2023] 1페이지까지 · 누적 3289건 (요청 9639회)
[우리반클루|2024] 1페이지까지 · 누적 3289건 (요청 9640회)
[우리반클루|2025] 1페이지까지 · 누적 3289건 (요청 9641회)
[우리반클루|2026] 1페이지까지 · 누적 3289건 (요청 9642회)
[우리아이 교수학습 플랫폼|2023] 1페이지까지 · 누적 3289건 (요청 9643회)
[우리아이 교수학습 플랫폼|2024] 1페이지까지 · 누적 3289건 (요청 9644회)
[우리아이 교수학습 플랫폼|2025] 1페이지까지 · 누적 3289건 (요청 9645회)
[우리아이 교수학습 플랫폼|2026] 1페이지까지 · 누적 3289건 (요청 9646회)
[우리아이AI 질문나눔터|2023] 1페이지까지 · 누적 3289건 (요청 9647회)
[우리아이AI 질문나눔터|2024] 1페이지까지 · 누적 3289건 (요청 9648회)
[우리아이AI 질문나눔터|2025] 1페이지까지 · 누적 3289건 (요청 9649회)
[우리아이AI 질문나눔터|2026] 1페이지까지 · 누적 3289건 (요청 9650회)
[우주산업 진로탐험|2023] 1페이지까지 · 누적 3289건 (요청 9651회)
[우주산업 진로탐험|2024] 1페이지까지 · 누적 3289건 (요청 9652회)
[우주산업 진로탐험|2025] 1페이지까지 · 누적 3289건 (요청 9653회)
[우주산업 진로탐험|2026] 1페이지까지 · 누적 3289건 (요청 9654회)
[운동능력 분석 AI 시스템|2023] 1페이지까지 · 누적 3289건 (요청 9655회)
[운동능력 분석 AI 시스템|2024] 1페이지까지 · 누적 3289건 (요청 9656회)
[운동능력 분석 AI 시스템|2025] 1페이지까지 · 누적 3289건 (요청 9657회)
[운동능력 분석 AI 시스템|2026] 1페이지까지 · 누적 3289건 (요청 9658회)
[울산 인공지능 맞춤형 교수학습 플랫폼|2023] 1페이지까지 · 누적 3289건 (요청 9659회)
[울산 인공지능 맞춤형 교수학습 플랫폼|2024] 1페이지까지 · 누적 3289건 (요청 9660회)
[울산 인공지능 맞춤형 교수학습 플랫폼|2025] 1페이지까지 · 누적 3289건 (요청 9661회)
[울산 인공지능 맞춤형 교수학습 플랫폼|2026] 1페이지까지 · 누적 3289건 (요청 9662회)
[울산아이꿈터|2023] 1페이지까지 · 누적 3289건 (요청 9663회)
[울산아이꿈터|2024] 1페이지까지 · 누적 3289건 (요청 9664회)
[울산아이꿈터|2025] 1페이지까지 · 누적 3289건 (요청 9665회)
[울산아이꿈터|2026] 1페이지까지 · 누적 3289건 (요청 9666회)
[울산전자도서관|2023] 1페이지까지 · 누적 3289건 (요청 9667회)
[울산전자도서관|2024] 1페이지까지 · 누적 3289건 (요청 9668회)
[울산전자도서관|2025] 1페이지까지 · 누적 3289건 (요청 9669회)
[울산전자도서관|2026] 1페이지까지 · 누적 3289건 (요청 9670회)
[울주통합도서관 전자도서관|2023] 1페이지까지 · 누적 3289건 (요청 9671회)
[울주통합도서관 전자도서관|2024] 1페이지까지 · 누적 3289건 (요청 9672회)
[울주통합도서관 전자도서관|2025] 1페이지까지 · 누적 3289건 (요청 9673회)
[울주통합도서관 전자도서관|2026] 1페이지까지 · 누적 3289건 (요청 9674회)
[워드월|2023] 1페이지까지 · 누적 3289건 (요청 9675회)
[워드월|2024] 1페이지까지 · 누적 3289건 (요청 9676회)
[워드월|2025] 1페이지까지 · 누적 3293건 (요청 9681회)
[워드월|2026] 1페이지까지 · 누적 3294건 (요청 9683회)
[워드클라우드 생성기|2023] 1페이지까지 · 누적 3294건 (요청 9684회)
[워드클라우드 생성기|2024] 1페이지까지 · 누적 3294건 (요청 9685회)
[워드클라우드 생성기|2025] 1페이지까지 · 누적 3294건 (요청 9686회)
[워드클라우드 생성기|2026] 1페이지까지 · 누적 3294건 (요청 9687회)
[워드킹덤|2023] 1페이지까지 · 누적 3294건 (요청 9688회)
[워드킹덤|2024] 1페이지까지 · 누적 3294건 (요청 9689회)
[워드킹덤|2025] 1페이지까지 · 누적 3294건 (요청 9690회)
[워드킹덤|2026] 1페이지까지 · 누적 3294건 (요청 9691회)
[워크온|2023] 1페이지까지 · 누적 3294건 (요청 9692회)
[워크온|2024] 1페이지까지 · 누적 3294건 (요청 9693회)
[워크온|2025] 1페이지까지 · 누적 3296건 (요청 9696회)
[워크온|2026] 1페이지까지 · 누적 3296건 (요청 9697회)
[워킹 로봇 키트|2023] 1페이지까지 · 누적 3296건 (요청 9698회)
[워킹 로봇 키트|2024] 1페이지까지 · 누적 3296건 (요청 9699회)
[워킹 로봇 키트|2025] 1페이지까지 · 누적 3296건 (요청 9700회)
[워킹 로봇 키트|2026] 1페이지까지 · 누적 3296건 (요청 9701회)
[워킹로봇|2023] 1페이지까지 · 누적 3296건 (요청 9702회)
[워킹로봇|2024] 1페이지까지 · 누적 3296건 (요청 9703회)
[워킹로봇|2025] 1페이지까지 · 누적 3296건 (요청 9704회)
[워킹로봇|2026] 1페이지까지 · 누적 3296건 (요청 9705회)
[웍스AI|2023] 1페이지까지 · 누적 3296건 (요청 9706회)
[웍스AI|2024] 1페이지까지 · 누적 3296건 (요청 9707회)
[웍스AI|2025] 1페이지까지 · 누적 3296건 (요청 9708회)
[웍스AI|2026] 1페이지까지 · 누적 3296건 (요청 9709회)
[원격 조종기 for ROBOID|2023] 1페이지까지 · 누적 3296건 (요청 9710회)
[원격 조종기 for ROBOID|2024] 1페이지까지 · 누적 3296건 (요청 9711회)
[원격 조종기 for ROBOID|2025] 1페이지까지 · 누적 3296건 (요청 9712회)
[원격 조종기 for ROBOID|2026] 1페이지까지 · 누적 3296건 (요청 9713회)
[원격영상 진로멘토링|2023] 1페이지까지 · 누적 3296건 (요청 9714회)
[원격영상 진로멘토링|2024] 1페이지까지 · 누적 3296건 (요청 9715회)
[원격영상 진로멘토링|2025] 1페이지까지 · 누적 3296건 (요청 9716회)
[원격영상 진로멘토링|2026] 1페이지까지 · 누적 3296건 (요청 9717회)
[원더클래스|2023] 1페이지까지 · 누적 3296건 (요청 9718회)
[원더클래스|2024] 1페이지까지 · 누적 3296건 (요청 9719회)
[원더클래스|2025] 1페이지까지 · 누적 3296건 (요청 9720회)
[원더클래스|2026] 1페이지까지 · 누적 3296건 (요청 9721회)
[원아워|2023] 1페이지까지 · 누적 3296건 (요청 9722회)
[원아워|2024] 1페이지까지 · 누적 3299건 (요청 9726회)
[원아워|2025] 1페이지까지 · 누적 3299건 (요청 9727회)
[원아워|2026] 1페이지까지 · 누적 3300건 (요청 9729회)
[원어민 화상영어|2023] 1페이지까지 · 누적 3300건 (요청 9730회)
[원어민 화상영어|2024] 1페이지까지 · 누적 3301건 (요청 9732회)
[원어민 화상영어|2025] 1페이지까지 · 누적 3302건 (요청 9734회)
[원어민 화상영어|2026] 1페이지까지 · 누적 3303건 (요청 9736회)
[원형나무 벽시계 키트|2023] 1페이지까지 · 누적 3303건 (요청 9737회)
[원형나무 벽시계 키트|2024] 1페이지까지 · 누적 3303건 (요청 9738회)
[원형나무 벽시계 키트|2025] 1페이지까지 · 누적 3303건 (요청 9739회)
[원형나무 벽시계 키트|2026] 1페이지까지 · 누적 3303건 (요청 9740회)
[웨이그라운드|2023] 1페이지까지 · 누적 3303건 (요청 9741회)
[웨이그라운드|2024] 1페이지까지 · 누적 3303건 (요청 9742회)
[웨이그라운드|2025] 1페이지까지 · 누적 3303건 (요청 9743회)
[웨이그라운드|2026] 1페이지까지 · 누적 3303건 (요청 9744회)
[웨이메이커 마블런|2023] 1페이지까지 · 누적 3303건 (요청 9745회)
[웨이메이커 마블런|2024] 1페이지까지 · 누적 3303건 (요청 9746회)
[웨이메이커 마블런|2025] 1페이지까지 · 누적 3303건 (요청 9747회)
[웨이메이커 마블런|2026] 1페이지까지 · 누적 3303건 (요청 9748회)
[웨일 스페이스|2023] 1페이지까지 · 누적 3303건 (요청 9749회)
[웨일 스페이스|2024] 1페이지까지 · 누적 3303건 (요청 9750회)
[웨일 스페이스|2025] 1페이지까지 · 누적 3303건 (요청 9751회)
[웨일 스페이스|2026] 1페이지까지 · 누적 3303건 (요청 9752회)
[웰라이트|2023] 1페이지까지 · 누적 3303건 (요청 9753회)
[웰라이트|2024] 1페이지까지 · 누적 3303건 (요청 9754회)
[웰라이트|2025] 1페이지까지 · 누적 3303건 (요청 9755회)
[웰라이트|2026] 1페이지까지 · 누적 3303건 (요청 9756회)
[웰리미 한글 진단 검사|2023] 1페이지까지 · 누적 3303건 (요청 9757회)
[웰리미 한글 진단 검사|2024] 1페이지까지 · 누적 3303건 (요청 9758회)
[웰리미 한글 진단 검사|2025] 1페이지까지 · 누적 3303건 (요청 9759회)
[웰리미 한글 진단 검사|2026] 1페이지까지 · 누적 3303건 (요청 9760회)
[웹용 디지털 마인드맵 ThinkWise|2023] 1페이지까지 · 누적 3303건 (요청 9761회)
[웹용 디지털 마인드맵 ThinkWise|2024] 1페이지까지 · 누적 3303건 (요청 9762회)
[웹용 디지털 마인드맵 ThinkWise|2025] 1페이지까지 · 누적 3303건 (요청 9763회)
[웹용 디지털 마인드맵 ThinkWise|2026] 1페이지까지 · 누적 3303건 (요청 9764회)
[위두랑|2023] 1페이지까지 · 누적 3303건 (요청 9765회)
[위두랑|2024] 1페이지까지 · 누적 3303건 (요청 9766회)
[위두랑|2025] 1페이지까지 · 누적 3303건 (요청 9767회)
[위두랑|2026] 1페이지까지 · 누적 3303건 (요청 9768회)
[위로그|2023] 1페이지까지 · 누적 3303건 (요청 9769회)
[위로그|2024] 1페이지까지 · 누적 3303건 (요청 9770회)
[위로그|2025] 1페이지까지 · 누적 3303건 (요청 9771회)
[위로그|2026] 1페이지까지 · 누적 3304건 (요청 9773회)
[위비디오|2023] 1페이지까지 · 누적 3304건 (요청 9774회)
[위비디오|2024] 1페이지까지 · 누적 3304건 (요청 9775회)
[위비디오|2025] 1페이지까지 · 누적 3304건 (요청 9776회)
[위비디오|2026] 1페이지까지 · 누적 3304건 (요청 9777회)
[위스토리|2023] 1페이지까지 · 누적 3304건 (요청 9778회)
[위스토리|2024] 1페이지까지 · 누적 3304건 (요청 9779회)
[위스토리|2025] 1페이지까지 · 누적 3304건 (요청 9780회)
[위스토리|2026] 1페이지까지 · 누적 3304건 (요청 9781회)
[위즈AI|2023] 1페이지까지 · 누적 3304건 (요청 9782회)
[위즈AI|2024] 1페이지까지 · 누적 3304건 (요청 9783회)
[위즈AI|2025] 1페이지까지 · 누적 3304건 (요청 9784회)
[위즈AI|2026] 1페이지까지 · 누적 3304건 (요청 9785회)
[위즈덤박스|2023] 1페이지까지 · 누적 3304건 (요청 9786회)
[위즈덤박스|2024] 1페이지까지 · 누적 3304건 (요청 9787회)
[위즈덤박스|2025] 1페이지까지 · 누적 3304건 (요청 9788회)
[위즈덤박스|2026] 1페이지까지 · 누적 3304건 (요청 9789회)
[위즈밴드|2023] 1페이지까지 · 누적 3304건 (요청 9790회)
[위즈밴드|2024] 1페이지까지 · 누적 3304건 (요청 9791회)
[위즈밴드|2025] 1페이지까지 · 누적 3304건 (요청 9792회)
[위즈밴드|2026] 1페이지까지 · 누적 3304건 (요청 9793회)
[위즈윙에듀|2023] 1페이지까지 · 누적 3304건 (요청 9794회)
[위즈윙에듀|2024] 1페이지까지 · 누적 3304건 (요청 9795회)
[위즈윙에듀|2025] 1페이지까지 · 누적 3304건 (요청 9796회)
[위즈윙에듀|2026] 1페이지까지 · 누적 3304건 (요청 9797회)
[위즈컨트롤러|2023] 1페이지까지 · 누적 3304건 (요청 9798회)
[위즈컨트롤러|2024] 1페이지까지 · 누적 3304건 (요청 9799회)
[위즈컨트롤러|2025] 1페이지까지 · 누적 3304건 (요청 9800회)
[위즈컨트롤러|2026] 1페이지까지 · 누적 3304건 (요청 9801회)
[위티버스 늘봄학교용|2023] 1페이지까지 · 누적 3304건 (요청 9802회)
[위티버스 늘봄학교용|2024] 1페이지까지 · 누적 3304건 (요청 9803회)
[위티버스 늘봄학교용|2025] 1페이지까지 · 누적 3304건 (요청 9804회)
[위티버스 늘봄학교용|2026] 1페이지까지 · 누적 3304건 (요청 9805회)
[위티버스 유아기관용|2023] 1페이지까지 · 누적 3304건 (요청 9806회)
[위티버스 유아기관용|2024] 1페이지까지 · 누적 3304건 (요청 9807회)
[위티버스 유아기관용|2025] 1페이지까지 · 누적 3304건 (요청 9808회)
[위티버스 유아기관용|2026] 1페이지까지 · 누적 3304건 (요청 9809회)
[유네스코 세계유산 6종, 18종|2023] 1페이지까지 · 누적 3304건 (요청 9810회)
[유네스코 세계유산 6종, 18종|2024] 1페이지까지 · 누적 3304건 (요청 9811회)
[유네스코 세계유산 6종, 18종|2025] 1페이지까지 · 누적 3304건 (요청 9812회)
[유네스코 세계유산 6종, 18종|2026] 1페이지까지 · 누적 3304건 (요청 9813회)
[유레카 통계와 분석|2023] 1페이지까지 · 누적 3304건 (요청 9814회)
[유레카 통계와 분석|2024] 1페이지까지 · 누적 3304건 (요청 9815회)
[유레카 통계와 분석|2025] 1페이지까지 · 누적 3304건 (요청 9816회)
[유레카 통계와 분석|2026] 1페이지까지 · 누적 3304건 (요청 9817회)
[유클래스|2023] 1페이지까지 · 누적 3304건 (요청 9818회)
[유클래스|2024] 1페이지까지 · 누적 3305건 (요청 9820회)
[유클래스|2025] 1페이지까지 · 누적 3305건 (요청 9821회)
[유클래스|2026] 1페이지까지 · 누적 3305건 (요청 9822회)
[윤소프트 보건일지|2023] 1페이지까지 · 누적 3305건 (요청 9823회)
[윤소프트 보건일지|2024] 1페이지까지 · 누적 3305건 (요청 9824회)
[윤소프트 보건일지|2025] 1페이지까지 · 누적 3305건 (요청 9825회)
[윤소프트 보건일지|2026] 1페이지까지 · 누적 3305건 (요청 9826회)
[음악과생활|2023] 1페이지까지 · 누적 3305건 (요청 9827회)
[음악과생활|2024] 1페이지까지 · 누적 3305건 (요청 9828회)
[음악과생활|2025] 1페이지까지 · 누적 3305건 (요청 9829회)
[음악과생활|2026] 1페이지까지 · 누적 3305건 (요청 9830회)
[의사랑|2023] 1페이지까지 · 누적 3305건 (요청 9831회)
[의사랑|2024] 1페이지까지 · 누적 3305건 (요청 9832회)
[의사랑|2025] 1페이지까지 · 누적 3306건 (요청 9834회)
[의사랑|2026] 1페이지까지 · 누적 3306건 (요청 9835회)
[이대로티처스|2023] 1페이지까지 · 누적 3306건 (요청 9836회)
[이대로티처스|2024] 1페이지까지 · 누적 3306건 (요청 9837회)
[이대로티처스|2025] 1페이지까지 · 누적 3306건 (요청 9838회)
[이대로티처스|2026] 1페이지까지 · 누적 3306건 (요청 9839회)
[이동식 전동 높낮이 스탠드|2023] 1페이지까지 · 누적 3306건 (요청 9840회)
[이동식 전동 높낮이 스탠드|2024] 1페이지까지 · 누적 3306건 (요청 9841회)
[이동식 전동 높낮이 스탠드|2025] 1페이지까지 · 누적 3306건 (요청 9842회)
[이동식 전동 높낮이 스탠드|2026] 1페이지까지 · 누적 3306건 (요청 9843회)
[이로진학|2023] 1페이지까지 · 누적 3306건 (요청 9844회)
[이로진학|2024] 1페이지까지 · 누적 3306건 (요청 9845회)
[이로진학|2025] 1페이지까지 · 누적 3306건 (요청 9846회)
[이로진학|2026] 1페이지까지 · 누적 3306건 (요청 9847회)
[이미지 기반 학내망 스마트 채점|2023] 1페이지까지 · 누적 3306건 (요청 9848회)
[이미지 기반 학내망 스마트 채점|2024] 1페이지까지 · 누적 3306건 (요청 9849회)
[이미지 기반 학내망 스마트 채점|2025] 1페이지까지 · 누적 3306건 (요청 9850회)
[이미지 기반 학내망 스마트 채점|2026] 1페이지까지 · 누적 3306건 (요청 9851회)
[이브스의 위기생명 상담소|2023] 1페이지까지 · 누적 3306건 (요청 9852회)
[이브스의 위기생명 상담소|2024] 1페이지까지 · 누적 3306건 (요청 9853회)
[이브스의 위기생명 상담소|2025] 1페이지까지 · 누적 3306건 (요청 9854회)
[이브스의 위기생명 상담소|2026] 1페이지까지 · 누적 3306건 (요청 9855회)
[이석찬|2023] 1페이지까지 · 누적 3306건 (요청 9856회)
[이석찬|2024] 1페이지까지 · 누적 3306건 (요청 9857회)
[이석찬|2025] 1페이지까지 · 누적 3306건 (요청 9858회)
[이석찬|2026] 1페이지까지 · 누적 3306건 (요청 9859회)
[이엠클래스|2023] 1페이지까지 · 누적 3306건 (요청 9860회)
[이엠클래스|2024] 1페이지까지 · 누적 3306건 (요청 9861회)
[이엠클래스|2025] 1페이지까지 · 누적 3306건 (요청 9862회)
[이엠클래스|2026] 1페이지까지 · 누적 3306건 (요청 9863회)
[이우코드업|2023] 1페이지까지 · 누적 3306건 (요청 9864회)
[이우코드업|2024] 1페이지까지 · 누적 3306건 (요청 9865회)
[이우코드업|2025] 1페이지까지 · 누적 3306건 (요청 9866회)
[이우코드업|2026] 1페이지까지 · 누적 3306건 (요청 9867회)
[이음AI|2023] 1페이지까지 · 누적 3306건 (요청 9868회)
[이음AI|2024] 1페이지까지 · 누적 3306건 (요청 9869회)
[이음AI|2025] 1페이지까지 · 누적 3307건 (요청 9871회)
[이음AI|2026] 1페이지까지 · 누적 3311건 (요청 9876회)
[이음클래스|2023] 1페이지까지 · 누적 3311건 (요청 9877회)
[이음클래스|2024] 1페이지까지 · 누적 3311건 (요청 9878회)
[이음클래스|2025] 1페이지까지 · 누적 3311건 (요청 9879회)
[이음클래스|2026] 1페이지까지 · 누적 3311건 (요청 9880회)
[이젠교육|2023] 1페이지까지 · 누적 3311건 (요청 9881회)
[이젠교육|2024] 1페이지까지 · 누적 3311건 (요청 9882회)
[이젠교육|2025] 1페이지까지 · 누적 3311건 (요청 9883회)
[이젠교육|2026] 1페이지까지 · 누적 3311건 (요청 9884회)
[이주배경학생 리드포스쿨|2023] 1페이지까지 · 누적 3311건 (요청 9885회)
[이주배경학생 리드포스쿨|2024] 1페이지까지 · 누적 3311건 (요청 9886회)
[이주배경학생 리드포스쿨|2025] 1페이지까지 · 누적 3311건 (요청 9887회)
[이주배경학생 리드포스쿨|2026] 1페이지까지 · 누적 3311건 (요청 9888회)
[이지메이커|2023] 1페이지까지 · 누적 3312건 (요청 9890회)
[이지메이커|2024] 1페이지까지 · 누적 3314건 (요청 9893회)
[이지메이커|2025] 1페이지까지 · 누적 3320건 (요청 9900회)
[이지메이커|2026] 1페이지까지 · 누적 3327건 (요청 9908회)
[이지블록스|2023] 1페이지까지 · 누적 3327건 (요청 9909회)
[이지블록스|2024] 1페이지까지 · 누적 3327건 (요청 9910회)
[이지블록스|2025] 1페이지까지 · 누적 3327건 (요청 9911회)
[이지블록스|2026] 1페이지까지 · 누적 3327건 (요청 9912회)
[이지스트|2023] 1페이지까지 · 누적 3327건 (요청 9913회)
[이지스트|2024] 1페이지까지 · 누적 3327건 (요청 9914회)
[이지스트|2025] 1페이지까지 · 누적 3327건 (요청 9915회)
[이지스트|2026] 1페이지까지 · 누적 3327건 (요청 9916회)
[이지에듀|2023] 1페이지까지 · 누적 3327건 (요청 9917회)
[이지에듀|2024] 1페이지까지 · 누적 3330건 (요청 9921회)
[이지에듀|2025] 1페이지까지 · 누적 3336건 (요청 9928회)
[이지에듀|2026] 1페이지까지 · 누적 3342건 (요청 9935회)
[이지에듀 투게더|2023] 1페이지까지 · 누적 3342건 (요청 9936회)
[이지에듀 투게더|2024] 1페이지까지 · 누적 3342건 (요청 9937회)
[이지에듀 투게더|2025] 1페이지까지 · 누적 3342건 (요청 9938회)
[이지에듀 투게더|2026] 1페이지까지 · 누적 3342건 (요청 9939회)
[이지온|2023] 1페이지까지 · 누적 3342건 (요청 9940회)
[이지온|2024] 1페이지까지 · 누적 3342건 (요청 9941회)
[이지온|2025] 1페이지까지 · 누적 3342건 (요청 9942회)
[이지온|2026] 1페이지까지 · 누적 3342건 (요청 9943회)
[이지캠퍼스|2023] 1페이지까지 · 누적 3342건 (요청 9944회)
[이지캠퍼스|2024] 1페이지까지 · 누적 3342건 (요청 9945회)
[이지캠퍼스|2025] 1페이지까지 · 누적 3342건 (요청 9946회)
[이지캠퍼스|2026] 1페이지까지 · 누적 3342건 (요청 9947회)
[이지투표기 100|2023] 1페이지까지 · 누적 3342건 (요청 9948회)
[이지투표기 100|2024] 1페이지까지 · 누적 3342건 (요청 9949회)
[이지투표기 100|2025] 1페이지까지 · 누적 3342건 (요청 9950회)
[이지투표기 100|2026] 1페이지까지 · 누적 3342건 (요청 9951회)
[이지파이썬|2023] 1페이지까지 · 누적 3342건 (요청 9952회)
[이지파이썬|2024] 1페이지까지 · 누적 3342건 (요청 9953회)
[이지파이썬|2025] 1페이지까지 · 누적 3342건 (요청 9954회)
[이지파이썬|2026] 1페이지까지 · 누적 3342건 (요청 9955회)
[이지펜|2023] 1페이지까지 · 누적 3342건 (요청 9956회)
[이지펜|2024] 1페이지까지 · 누적 3342건 (요청 9957회)
[이지펜|2025] 1페이지까지 · 누적 3342건 (요청 9958회)
[이지펜|2026] 1페이지까지 · 누적 3342건 (요청 9959회)
[이집트|2023] 1페이지까지 · 누적 3342건 (요청 9960회)
[이집트|2024] 1페이지까지 · 누적 3342건 (요청 9961회)
[이집트|2025] 1페이지까지 · 누적 3342건 (요청 9962회)
[이집트|2026] 1페이지까지 · 누적 3342건 (요청 9963회)
[이타시티|2023] 1페이지까지 · 누적 3342건 (요청 9964회)
[이타시티|2024] 1페이지까지 · 누적 3342건 (요청 9965회)
[이타시티|2025] 1페이지까지 · 누적 3342건 (요청 9966회)
[이타시티|2026] 1페이지까지 · 누적 3342건 (요청 9967회)
[이티보드 스마트 코딩 키트|2023] 1페이지까지 · 누적 3342건 (요청 9968회)
[이티보드 스마트 코딩 키트|2024] 1페이지까지 · 누적 3342건 (요청 9969회)
[이티보드 스마트 코딩 키트|2025] 1페이지까지 · 누적 3342건 (요청 9970회)
[이티보드 스마트 코딩 키트|2026] 1페이지까지 · 누적 3342건 (요청 9971회)
[이퓨쳐 영어전자도서관|2023] 1페이지까지 · 누적 3342건 (요청 9972회)
[이퓨쳐 영어전자도서관|2024] 1페이지까지 · 누적 3342건 (요청 9973회)
[이퓨쳐 영어전자도서관|2025] 1페이지까지 · 누적 3342건 (요청 9974회)
[이퓨쳐 영어전자도서관|2026] 1페이지까지 · 누적 3342건 (요청 9975회)
[이프CH|2023] 1페이지까지 · 누적 3342건 (요청 9976회)
[이프CH|2024] 1페이지까지 · 누적 3342건 (요청 9977회)
[이프CH|2025] 1페이지까지 · 누적 3342건 (요청 9978회)
[이프CH|2026] 1페이지까지 · 누적 3342건 (요청 9979회)
[인공지능 AI 윤리 메모리게임 기초편|2023] 1페이지까지 · 누적 3342건 (요청 9980회)
[인공지능 AI 윤리 메모리게임 기초편|2024] 1페이지까지 · 누적 3342건 (요청 9981회)
[인공지능 AI 윤리 메모리게임 기초편|2025] 1페이지까지 · 누적 3342건 (요청 9982회)
[인공지능 AI 윤리 메모리게임 기초편|2026] 1페이지까지 · 누적 3342건 (요청 9983회)
[인공지능 AI 윤리 메모리게임 심화편|2023] 1페이지까지 · 누적 3342건 (요청 9984회)
[인공지능 AI 윤리 메모리게임 심화편|2024] 1페이지까지 · 누적 3342건 (요청 9985회)
[인공지능 AI 윤리 메모리게임 심화편|2025] 1페이지까지 · 누적 3342건 (요청 9986회)
[인공지능 AI 윤리 메모리게임 심화편|2026] 1페이지까지 · 누적 3342건 (요청 9987회)
[인공지능 AI 윤리 질문카드 게임 기초심화편|2023] 1페이지까지 · 누적 3342건 (요청 9988회)
[인공지능 AI 윤리 질문카드 게임 기초심화편|2024] 1페이지까지 · 누적 3342건 (요청 9989회)
[인공지능 AI 윤리 질문카드 게임 기초심화편|2025] 1페이지까지 · 누적 3342건 (요청 9990회)
[인공지능 AI 윤리 질문카드 게임 기초심화편|2026] 1페이지까지 · 누적 3342건 (요청 9991회)
[인공지능 AI 윤리 탐험대 보드게임 기초편|2023] 1페이지까지 · 누적 3342건 (요청 9992회)
[인공지능 AI 윤리 탐험대 보드게임 기초편|2024] 1페이지까지 · 누적 3342건 (요청 9993회)
[인공지능 AI 윤리 탐험대 보드게임 기초편|2025] 1페이지까지 · 누적 3342건 (요청 9994회)
[인공지능 AI 윤리 탐험대 보드게임 기초편|2026] 1페이지까지 · 누적 3342건 (요청 9995회)
[인공지능 AI 윤리 탐험대 보드게임 심화편|2023] 1페이지까지 · 누적 3342건 (요청 9996회)
[인공지능 AI 윤리 탐험대 보드게임 심화편|2024] 1페이지까지 · 누적 3342건 (요청 9997회)
[인공지능 AI 윤리 탐험대 보드게임 심화편|2025] 1페이지까지 · 누적 3342건 (요청 9998회)
[인공지능 AI 윤리 탐험대 보드게임 심화편|2026] 1페이지까지 · 누적 3342건 (요청 9999회)
[인공지능 기반 진로 컨설팅|2023] 1페이지까지 · 누적 3342건 (요청 10000회)
[인공지능 기반 진로 컨설팅|2024] 1페이지까지 · 누적 3342건 (요청 10001회)
[인공지능 기반 진로 컨설팅|2025] 1페이지까지 · 누적 3342건 (요청 10002회)
[인공지능 기반 진로 컨설팅|2026] 1페이지까지 · 누적 3342건 (요청 10003회)
[인공지능 맞춤형 교수학습 플랫폼|2023] 1페이지까지 · 누적 3342건 (요청 10004회)
[인공지능 맞춤형 교수학습 플랫폼|2024] 1페이지까지 · 누적 3342건 (요청 10005회)
[인공지능 맞춤형 교수학습 플랫폼|2025] 1페이지까지 · 누적 3342건 (요청 10006회)
[인공지능 맞춤형 교수학습 플랫폼|2026] 1페이지까지 · 누적 3342건 (요청 10007회)
[인공지능 맞춤형 교수학습 플랫폼 AIEP|2023] 1페이지까지 · 누적 3342건 (요청 10008회)
[인공지능 맞춤형 교수학습 플랫폼 AIEP|2024] 1페이지까지 · 누적 3342건 (요청 10009회)
[인공지능 맞춤형 교수학습 플랫폼 AIEP|2025] 1페이지까지 · 누적 3342건 (요청 10010회)
[인공지능 맞춤형 교수학습 플랫폼 AIEP|2026] 1페이지까지 · 누적 3342건 (요청 10011회)
[인공지능 맞춤형 교수학습 플랫폼 바당|2023] 1페이지까지 · 누적 3342건 (요청 10012회)
[인공지능 맞춤형 교수학습 플랫폼 바당|2024] 1페이지까지 · 누적 3342건 (요청 10013회)
[인공지능 맞춤형 교수학습 플랫폼 바당|2025] 1페이지까지 · 누적 3342건 (요청 10014회)
[인공지능 맞춤형 교수학습 플랫폼 바당|2026] 1페이지까지 · 누적 3342건 (요청 10015회)
[인공지능 선풍기|2023] 1페이지까지 · 누적 3342건 (요청 10016회)
[인공지능 선풍기|2024] 1페이지까지 · 누적 3342건 (요청 10017회)
[인공지능 선풍기|2025] 1페이지까지 · 누적 3342건 (요청 10018회)
[인공지능 선풍기|2026] 1페이지까지 · 누적 3342건 (요청 10019회)
[인공지능 제작소|2023] 1페이지까지 · 누적 3342건 (요청 10020회)
[인공지능 제작소|2024] 1페이지까지 · 누적 3342건 (요청 10021회)
[인공지능 제작소|2025] 1페이지까지 · 누적 3342건 (요청 10022회)
[인공지능 제작소|2026] 1페이지까지 · 누적 3342건 (요청 10023회)
[인공지능 현관문|2023] 1페이지까지 · 누적 3342건 (요청 10024회)
[인공지능 현관문|2024] 1페이지까지 · 누적 3342건 (요청 10025회)
[인공지능 현관문|2025] 1페이지까지 · 누적 3342건 (요청 10026회)
[인공지능 현관문|2026] 1페이지까지 · 누적 3342건 (요청 10027회)
[인공지능대입면접시스템|2023] 1페이지까지 · 누적 3342건 (요청 10028회)
[인공지능대입면접시스템|2024] 1페이지까지 · 누적 3342건 (요청 10029회)
[인공지능대입면접시스템|2025] 1페이지까지 · 누적 3342건 (요청 10030회)
[인공지능대입면접시스템|2026] 1페이지까지 · 누적 3342건 (요청 10031회)
[인공지능면접시스템|2023] 1페이지까지 · 누적 3342건 (요청 10032회)
[인공지능면접시스템|2024] 1페이지까지 · 누적 3342건 (요청 10033회)
[인공지능면접시스템|2025] 1페이지까지 · 누적 3342건 (요청 10034회)
[인공지능면접시스템|2026] 1페이지까지 · 누적 3342건 (요청 10035회)
[인공지능자격증|2023] 1페이지까지 · 누적 3342건 (요청 10036회)
[인공지능자격증|2024] 1페이지까지 · 누적 3342건 (요청 10037회)
[인공지능자격증|2025] 1페이지까지 · 누적 3342건 (요청 10038회)
[인공지능자격증|2026] 1페이지까지 · 누적 3342건 (요청 10039회)
[인마인드|2023] 1페이지까지 · 누적 3342건 (요청 10040회)
[인마인드|2024] 1페이지까지 · 누적 3342건 (요청 10041회)
[인마인드|2025] 1페이지까지 · 누적 3342건 (요청 10042회)
[인마인드|2026] 1페이지까지 · 누적 3342건 (요청 10043회)
[인벤처 AI|2023] 1페이지까지 · 누적 3342건 (요청 10044회)
[인벤처 AI|2024] 1페이지까지 · 누적 3342건 (요청 10045회)
[인벤처 AI|2025] 1페이지까지 · 누적 3342건 (요청 10046회)
[인벤처 AI|2026] 1페이지까지 · 누적 3342건 (요청 10047회)
[인천e지|2023] 1페이지까지 · 누적 3342건 (요청 10048회)
[인천e지|2024] 1페이지까지 · 누적 3342건 (요청 10049회)
[인천e지|2025] 1페이지까지 · 누적 3342건 (요청 10050회)
[인천e지|2026] 1페이지까지 · 누적 3342건 (요청 10051회)
[인천e지 앱|2023] 1페이지까지 · 누적 3342건 (요청 10052회)
[인천e지 앱|2024] 1페이지까지 · 누적 3342건 (요청 10053회)
[인천e지 앱|2025] 1페이지까지 · 누적 3342건 (요청 10054회)
[인천e지 앱|2026] 1페이지까지 · 누적 3342건 (요청 10055회)
[인천광역시교육청통합전자도서관|2023] 1페이지까지 · 누적 3342건 (요청 10056회)
[인천광역시교육청통합전자도서관|2024] 1페이지까지 · 누적 3342건 (요청 10057회)
[인천광역시교육청통합전자도서관|2025] 1페이지까지 · 누적 3342건 (요청 10058회)
[인천광역시교육청통합전자도서관|2026] 1페이지까지 · 누적 3342건 (요청 10059회)
[인천무크|2023] 1페이지까지 · 누적 3342건 (요청 10060회)
[인천무크|2024] 1페이지까지 · 누적 3342건 (요청 10061회)
[인천무크|2025] 1페이지까지 · 누적 3342건 (요청 10062회)
[인천무크|2026] 1페이지까지 · 누적 3342건 (요청 10063회)
[인천바로알기 앱|2023] 1페이지까지 · 누적 3342건 (요청 10064회)
[인천바로알기 앱|2024] 1페이지까지 · 누적 3342건 (요청 10065회)
[인천바로알기 앱|2025] 1페이지까지 · 누적 3342건 (요청 10066회)
[인천바로알기 앱|2026] 1페이지까지 · 누적 3342건 (요청 10067회)
[인천사이버진로교육원|2023] 1페이지까지 · 누적 3342건 (요청 10068회)
[인천사이버진로교육원|2024] 1페이지까지 · 누적 3342건 (요청 10069회)
[인천사이버진로교육원|2025] 1페이지까지 · 누적 3342건 (요청 10070회)
[인천사이버진로교육원|2026] 1페이지까지 · 누적 3342건 (요청 10071회)
[인천직업계고.kr|2023] 1페이지까지 · 누적 3342건 (요청 10072회)
[인천직업계고.kr|2024] 1페이지까지 · 누적 3342건 (요청 10073회)
[인천직업계고.kr|2025] 1페이지까지 · 누적 3342건 (요청 10074회)
[인천직업계고.kr|2026] 1페이지까지 · 누적 3342건 (요청 10075회)
[인터렉티브 화이트보드|2023] 1페이지까지 · 누적 3346건 (요청 10080회)
[인터렉티브 화이트보드|2024] 1페이지까지 · 누적 3346건 (요청 10081회)
[인터렉티브 화이트보드|2025] 1페이지까지 · 누적 3352건 (요청 10088회)
[인터렉티브 화이트보드|2026] 1페이지까지 · 누적 3352건 (요청 10089회)
[인파이니 키즈|2023] 1페이지까지 · 누적 3352건 (요청 10090회)
[인파이니 키즈|2024] 1페이지까지 · 누적 3352건 (요청 10091회)
[인파이니 키즈|2025] 1페이지까지 · 누적 3352건 (요청 10092회)
[인파이니 키즈|2026] 1페이지까지 · 누적 3352건 (요청 10093회)
[인프런|2023] 1페이지까지 · 누적 3352건 (요청 10094회)
[인프런|2024] 1페이지까지 · 누적 3352건 (요청 10095회)
[인프런|2025] 1페이지까지 · 누적 3353건 (요청 10097회)
[인프런|2026] 1페이지까지 · 누적 3353건 (요청 10098회)
[일단어 던전|2023] 1페이지까지 · 누적 3353건 (요청 10099회)
[일단어 던전|2024] 1페이지까지 · 누적 3353건 (요청 10100회)
[일단어 던전|2025] 1페이지까지 · 누적 3353건 (요청 10101회)
[일단어 던전|2026] 1페이지까지 · 누적 3353건 (요청 10102회)
[일본왕개미관찰키트|2023] 1페이지까지 · 누적 3353건 (요청 10103회)
[일본왕개미관찰키트|2024] 1페이지까지 · 누적 3353건 (요청 10104회)
[일본왕개미관찰키트|2025] 1페이지까지 · 누적 3353건 (요청 10105회)
[일본왕개미관찰키트|2026] 1페이지까지 · 누적 3353건 (요청 10106회)
[일프로연산|2023] 1페이지까지 · 누적 3353건 (요청 10107회)
[일프로연산|2024] 1페이지까지 · 누적 3353건 (요청 10108회)
[일프로연산|2025] 1페이지까지 · 누적 3354건 (요청 10110회)
[일프로연산|2026] 1페이지까지 · 누적 3354건 (요청 10111회)
[읽기와 쓰기 모두, <이지펜>|2023] 1페이지까지 · 누적 3354건 (요청 10112회)
[읽기와 쓰기 모두, <이지펜>|2024] 1페이지까지 · 누적 3354건 (요청 10113회)
[읽기와 쓰기 모두, <이지펜>|2025] 1페이지까지 · 누적 3354건 (요청 10114회)
[읽기와 쓰기 모두, <이지펜>|2026] 1페이지까지 · 누적 3354건 (요청 10115회)
[임팩트 스페이스|2023] 1페이지까지 · 누적 3354건 (요청 10116회)
[임팩트 스페이스|2024] 1페이지까지 · 누적 3354건 (요청 10117회)
[임팩트 스페이스|2025] 1페이지까지 · 누적 3354건 (요청 10118회)
[임팩트 스페이스|2026] 1페이지까지 · 누적 3354건 (요청 10119회)
[입시SPACE|2023] 1페이지까지 · 누적 3354건 (요청 10120회)
[입시SPACE|2024] 1페이지까지 · 누적 3354건 (요청 10121회)
[입시SPACE|2025] 1페이지까지 · 누적 3354건 (요청 10122회)
[입시SPACE|2026] 1페이지까지 · 누적 3354건 (요청 10123회)
[입시내비|2023] 1페이지까지 · 누적 3354건 (요청 10124회)
[입시내비|2024] 1페이지까지 · 누적 3354건 (요청 10125회)
[입시내비|2025] 1페이지까지 · 누적 3354건 (요청 10126회)
[입시내비|2026] 1페이지까지 · 누적 3354건 (요청 10127회)
[잉글리쉬캐슬|2023] 1페이지까지 · 누적 3354건 (요청 10128회)
[잉글리쉬캐슬|2024] 1페이지까지 · 누적 3354건 (요청 10129회)
[잉글리쉬캐슬|2025] 1페이지까지 · 누적 3354건 (요청 10130회)
[잉글리쉬캐슬|2026] 1페이지까지 · 누적 3354건 (요청 10131회)
[잉글리쉬캐슬 AI:영어|2023] 1페이지까지 · 누적 3354건 (요청 10132회)
[잉글리쉬캐슬 AI:영어|2024] 1페이지까지 · 누적 3354건 (요청 10133회)
[잉글리쉬캐슬 AI:영어|2025] 1페이지까지 · 누적 3354건 (요청 10134회)
[잉글리쉬캐슬 AI:영어|2026] 1페이지까지 · 누적 3354건 (요청 10135회)
[자동채점 체크바다|2023] 1페이지까지 · 누적 3354건 (요청 10136회)
[자동채점 체크바다|2024] 1페이지까지 · 누적 3354건 (요청 10137회)
[자동채점 체크바다|2025] 1페이지까지 · 누적 3354건 (요청 10138회)
[자동채점 체크바다|2026] 1페이지까지 · 누적 3354건 (요청 10139회)
[자바실험실|2023] 1페이지까지 · 누적 3354건 (요청 10140회)
[자바실험실|2024] 1페이지까지 · 누적 3354건 (요청 10141회)
[자바실험실|2025] 1페이지까지 · 누적 3354건 (요청 10142회)
[자바실험실|2026] 1페이지까지 · 누적 3354건 (요청 10143회)
[자원그물맵|2023] 1페이지까지 · 누적 3354건 (요청 10144회)
[자원그물맵|2024] 1페이지까지 · 누적 3354건 (요청 10145회)
[자원그물맵|2025] 1페이지까지 · 누적 3354건 (요청 10146회)
[자원그물맵|2026] 1페이지까지 · 누적 3354건 (요청 10147회)
[자율주행로봇 만들기 DIY 코딩 교육 키트|2023] 1페이지까지 · 누적 3354건 (요청 10148회)
[자율주행로봇 만들기 DIY 코딩 교육 키트|2024] 1페이지까지 · 누적 3354건 (요청 10149회)
[자율주행로봇 만들기 DIY 코딩 교육 키트|2025] 1페이지까지 · 누적 3354건 (요청 10150회)
[자율주행로봇 만들기 DIY 코딩 교육 키트|2026] 1페이지까지 · 누적 3354건 (요청 10151회)
[자작자작|2023] 1페이지까지 · 누적 3354건 (요청 10152회)
[자작자작|2024] 1페이지까지 · 누적 3357건 (요청 10156회)
[자작자작|2025] 1페이지까지 · 누적 3362건 (요청 10162회)
[자작자작|2026] 1페이지까지 · 누적 3370건 (요청 10171회)
[잡에이블_국립특수교육원|2023] 1페이지까지 · 누적 3370건 (요청 10172회)
[잡에이블_국립특수교육원|2024] 1페이지까지 · 누적 3370건 (요청 10173회)
[잡에이블_국립특수교육원|2025] 1페이지까지 · 누적 3370건 (요청 10174회)
[잡에이블_국립특수교육원|2026] 1페이지까지 · 누적 3370건 (요청 10175회)
[장영실의 디지털 트윈: 하늘·비·시간을 읽다|2023] 1페이지까지 · 누적 3370건 (요청 10176회)
[장영실의 디지털 트윈: 하늘·비·시간을 읽다|2024] 1페이지까지 · 누적 3370건 (요청 10177회)
[장영실의 디지털 트윈: 하늘·비·시간을 읽다|2025] 1페이지까지 · 누적 3370건 (요청 10178회)
[장영실의 디지털 트윈: 하늘·비·시간을 읽다|2026] 1페이지까지 · 누적 3370건 (요청 10179회)
[장평 포털|2023] 1페이지까지 · 누적 3370건 (요청 10180회)
[장평 포털|2024] 1페이지까지 · 누적 3370건 (요청 10181회)
[장평 포털|2025] 1페이지까지 · 누적 3370건 (요청 10182회)
[장평 포털|2026] 1페이지까지 · 누적 3370건 (요청 10183회)
[장학퀴즈세트|2023] 1페이지까지 · 누적 3370건 (요청 10184회)
[장학퀴즈세트|2024] 1페이지까지 · 누적 3370건 (요청 10185회)
[장학퀴즈세트|2025] 1페이지까지 · 누적 3370건 (요청 10186회)
[장학퀴즈세트|2026] 1페이지까지 · 누적 3370건 (요청 10187회)
[재무빅데이터분석사 자격시험|2023] 1페이지까지 · 누적 3370건 (요청 10188회)
[재무빅데이터분석사 자격시험|2024] 1페이지까지 · 누적 3370건 (요청 10189회)
[재무빅데이터분석사 자격시험|2025] 1페이지까지 · 누적 3370건 (요청 10190회)
[재무빅데이터분석사 자격시험|2026] 1페이지까지 · 누적 3370건 (요청 10191회)
[잼S 학교공용형|2023] 1페이지까지 · 누적 3370건 (요청 10192회)
[잼S 학교공용형|2024] 1페이지까지 · 누적 3370건 (요청 10193회)
[잼S 학교공용형|2025] 1페이지까지 · 누적 3370건 (요청 10194회)
[잼S 학교공용형|2026] 1페이지까지 · 누적 3370건 (요청 10195회)
[잼S 학생개별형|2023] 1페이지까지 · 누적 3370건 (요청 10196회)
[잼S 학생개별형|2024] 1페이지까지 · 누적 3370건 (요청 10197회)
[잼S 학생개별형|2025] 1페이지까지 · 누적 3370건 (요청 10198회)
[잼S 학생개별형|2026] 1페이지까지 · 누적 3370건 (요청 10199회)
[잼잼400|2023] 1페이지까지 · 누적 3370건 (요청 10200회)
[잼잼400|2024] 1페이지까지 · 누적 3370건 (요청 10201회)
[잼잼400|2025] 1페이지까지 · 누적 3370건 (요청 10202회)
[잼잼400|2026] 1페이지까지 · 누적 3370건 (요청 10203회)
[저스트 온 스터디|2023] 1페이지까지 · 누적 3370건 (요청 10204회)
[저스트 온 스터디|2024] 1페이지까지 · 누적 3370건 (요청 10205회)
[저스트 온 스터디|2025] 1페이지까지 · 누적 3370건 (요청 10206회)
[저스트 온 스터디|2026] 1페이지까지 · 누적 3370건 (요청 10207회)
[전기전문가 2|2023] 1페이지까지 · 누적 3370건 (요청 10208회)
[전기전문가 2|2024] 1페이지까지 · 누적 3370건 (요청 10209회)
[전기전문가 2|2025] 1페이지까지 · 누적 3370건 (요청 10210회)
[전기전문가 2|2026] 1페이지까지 · 누적 3370건 (요청 10211회)
[전기전문가1|2023] 1페이지까지 · 누적 3370건 (요청 10212회)
[전기전문가1|2024] 1페이지까지 · 누적 3370건 (요청 10213회)
[전기전문가1|2025] 1페이지까지 · 누적 3370건 (요청 10214회)
[전기전문가1|2026] 1페이지까지 · 누적 3370건 (요청 10215회)
[전남광주 게이미피케이션 연구회|2023] 1페이지까지 · 누적 3370건 (요청 10216회)
[전남광주 게이미피케이션 연구회|2024] 1페이지까지 · 누적 3370건 (요청 10217회)
[전남광주 게이미피케이션 연구회|2025] 1페이지까지 · 누적 3370건 (요청 10218회)
[전남광주 게이미피케이션 연구회|2026] 1페이지까지 · 누적 3370건 (요청 10219회)
[전남광주통합특별시 광주도서관|2023] 1페이지까지 · 누적 3370건 (요청 10220회)
[전남광주통합특별시 광주도서관|2024] 1페이지까지 · 누적 3370건 (요청 10221회)
[전남광주통합특별시 광주도서관|2025] 1페이지까지 · 누적 3370건 (요청 10222회)
[전남광주통합특별시 광주도서관|2026] 1페이지까지 · 누적 3370건 (요청 10223회)
[전남광주통합특별시교육청 광주통합도서관|2023] 1페이지까지 · 누적 3370건 (요청 10224회)
[전남광주통합특별시교육청 광주통합도서관|2024] 1페이지까지 · 누적 3370건 (요청 10225회)
[전남광주통합특별시교육청 광주통합도서관|2025] 1페이지까지 · 누적 3370건 (요청 10226회)
[전남광주통합특별시교육청 광주통합도서관|2026] 1페이지까지 · 누적 3370건 (요청 10227회)
[전남도서관|2023] 1페이지까지 · 누적 3370건 (요청 10228회)
[전남도서관|2024] 1페이지까지 · 누적 3370건 (요청 10229회)
[전남도서관|2025] 1페이지까지 · 누적 3370건 (요청 10230회)
[전남도서관|2026] 1페이지까지 · 누적 3370건 (요청 10231회)
[전남메타스쿨|2023] 1페이지까지 · 누적 3370건 (요청 10232회)
[전남메타스쿨|2024] 1페이지까지 · 누적 3370건 (요청 10233회)
[전남메타스쿨|2025] 1페이지까지 · 누적 3370건 (요청 10234회)
[전남메타스쿨|2026] 1페이지까지 · 누적 3370건 (요청 10235회)
[전라남도교육청 전자도서관|2023] 1페이지까지 · 누적 3370건 (요청 10236회)
[전라남도교육청 전자도서관|2024] 1페이지까지 · 누적 3370건 (요청 10237회)
[전라남도교육청 전자도서관|2025] 1페이지까지 · 누적 3370건 (요청 10238회)
[전라남도교육청 전자도서관|2026] 1페이지까지 · 누적 3370건 (요청 10239회)
[전문가용 대입상담프로그램|2023] 1페이지까지 · 누적 3370건 (요청 10240회)
[전문가용 대입상담프로그램|2024] 1페이지까지 · 누적 3370건 (요청 10241회)
[전문가용 대입상담프로그램|2025] 1페이지까지 · 누적 3370건 (요청 10242회)
[전문가용 대입상담프로그램|2026] 1페이지까지 · 누적 3370건 (요청 10243회)
[전북 인공지능 맞춤형 교수학습 플랫폼|2023] 1페이지까지 · 누적 3370건 (요청 10244회)
[전북 인공지능 맞춤형 교수학습 플랫폼|2024] 1페이지까지 · 누적 3370건 (요청 10245회)
[전북 인공지능 맞춤형 교수학습 플랫폼|2025] 1페이지까지 · 누적 3370건 (요청 10246회)
[전북 인공지능 맞춤형 교수학습 플랫폼|2026] 1페이지까지 · 누적 3370건 (요청 10247회)
[전북특별자치도교육청 전자도서관|2023] 1페이지까지 · 누적 3370건 (요청 10248회)
[전북특별자치도교육청 전자도서관|2024] 1페이지까지 · 누적 3370건 (요청 10249회)
[전북특별자치도교육청 전자도서관|2025] 1페이지까지 · 누적 3370건 (요청 10250회)
[전북특별자치도교육청 전자도서관|2026] 1페이지까지 · 누적 3370건 (요청 10251회)
[전자계약/싸인오케이|2023] 1페이지까지 · 누적 3370건 (요청 10252회)
[전자계약/싸인오케이|2024] 1페이지까지 · 누적 3370건 (요청 10253회)
[전자계약/싸인오케이|2025] 1페이지까지 · 누적 3370건 (요청 10254회)
[전자계약/싸인오케이|2026] 1페이지까지 · 누적 3370건 (요청 10255회)
[전자연구노트 구노|2023] 1페이지까지 · 누적 3370건 (요청 10256회)
[전자연구노트 구노|2024] 1페이지까지 · 누적 3370건 (요청 10257회)
[전자연구노트 구노|2025] 1페이지까지 · 누적 3370건 (요청 10258회)
[전자연구노트 구노|2026] 1페이지까지 · 누적 3370건 (요청 10259회)
[점프잇나우|2023] 1페이지까지 · 누적 3370건 (요청 10260회)
[점프잇나우|2024] 1페이지까지 · 누적 3370건 (요청 10261회)
[점프잇나우|2025] 1페이지까지 · 누적 3370건 (요청 10262회)
[점프잇나우|2026] 1페이지까지 · 누적 3370건 (요청 10263회)
[점프투게더|2023] 1페이지까지 · 누적 3370건 (요청 10264회)
[점프투게더|2024] 1페이지까지 · 누적 3370건 (요청 10265회)
[점프투게더|2025] 1페이지까지 · 누적 3370건 (요청 10266회)
[점프투게더|2026] 1페이지까지 · 누적 3370건 (요청 10267회)
[정보과 교육 이론과 실제|2023] 1페이지까지 · 누적 3370건 (요청 10268회)
[정보과 교육 이론과 실제|2024] 1페이지까지 · 누적 3370건 (요청 10269회)
[정보과 교육 이론과 실제|2025] 1페이지까지 · 누적 3370건 (요청 10270회)
[정보과 교육 이론과 실제|2026] 1페이지까지 · 누적 3370건 (요청 10271회)
[정서행동특성검사 AMPQ-3-1|2023] 1페이지까지 · 누적 3370건 (요청 10272회)
[정서행동특성검사 AMPQ-3-1|2024] 1페이지까지 · 누적 3370건 (요청 10273회)
[정서행동특성검사 AMPQ-3-1|2025] 1페이지까지 · 누적 3370건 (요청 10274회)
[정서행동특성검사 AMPQ-3-1|2026] 1페이지까지 · 누적 3370건 (요청 10275회)
[제니코그 AI|2023] 1페이지까지 · 누적 3370건 (요청 10276회)
[제니코그 AI|2024] 1페이지까지 · 누적 3370건 (요청 10277회)
[제니코그 AI|2025] 1페이지까지 · 누적 3370건 (요청 10278회)
[제니코그 AI|2026] 1페이지까지 · 누적 3370건 (요청 10279회)
[제이씨블록|2023] 1페이지까지 · 누적 3370건 (요청 10280회)
[제이씨블록|2024] 1페이지까지 · 누적 3370건 (요청 10281회)
[제이씨블록|2025] 1페이지까지 · 누적 3370건 (요청 10282회)
[제이씨블록|2026] 1페이지까지 · 누적 3370건 (요청 10283회)
[제주 세계자연유산 가상여행 체험학습 KIT|2023] 1페이지까지 · 누적 3370건 (요청 10284회)
[제주 세계자연유산 가상여행 체험학습 KIT|2024] 1페이지까지 · 누적 3370건 (요청 10285회)
[제주 세계자연유산 가상여행 체험학습 KIT|2025] 1페이지까지 · 누적 3370건 (요청 10286회)
[제주 세계자연유산 가상여행 체험학습 KIT|2026] 1페이지까지 · 누적 3370건 (요청 10287회)
[젠디아|2023] 1페이지까지 · 누적 3370건 (요청 10288회)
[젠디아|2024] 1페이지까지 · 누적 3370건 (요청 10289회)
[젠디아|2025] 1페이지까지 · 누적 3370건 (요청 10290회)
[젠디아|2026] 1페이지까지 · 누적 3370건 (요청 10291회)
[젭 스쿨|2023] 1페이지까지 · 누적 3370건 (요청 10292회)
[젭 스쿨|2024] 1페이지까지 · 누적 3370건 (요청 10293회)
[젭 스쿨|2025] 1페이지까지 · 누적 3370건 (요청 10294회)
[젭 스쿨|2026] 1페이지까지 · 누적 3370건 (요청 10295회)
[젭 퀴즈|2023] 1페이지까지 · 누적 3370건 (요청 10296회)
[젭 퀴즈|2024] 1페이지까지 · 누적 3370건 (요청 10297회)
[젭 퀴즈|2025] 1페이지까지 · 누적 3370건 (요청 10298회)
[젭 퀴즈|2026] 1페이지까지 · 누적 3372건 (요청 10301회)
[조이듀|2023] 1페이지까지 · 누적 3372건 (요청 10302회)
[조이듀|2024] 1페이지까지 · 누적 3372건 (요청 10303회)
[조이듀|2025] 1페이지까지 · 누적 3372건 (요청 10304회)
[조이듀|2026] 1페이지까지 · 누적 3372건 (요청 10305회)
[조이코그|2023] 1페이지까지 · 누적 3372건 (요청 10306회)
[조이코그|2024] 1페이지까지 · 누적 3372건 (요청 10307회)
[조이코그|2025] 1페이지까지 · 누적 3372건 (요청 10308회)
[조이코그|2026] 1페이지까지 · 누적 3372건 (요청 10309회)
[주니어 타임즈 + 온라인 학습관|2023] 1페이지까지 · 누적 3372건 (요청 10310회)
[주니어 타임즈 + 온라인 학습관|2024] 1페이지까지 · 누적 3372건 (요청 10311회)
[주니어 타임즈 + 온라인 학습관|2025] 1페이지까지 · 누적 3372건 (요청 10312회)
[주니어 타임즈 + 온라인 학습관|2026] 1페이지까지 · 누적 3372건 (요청 10313회)
[주미 AI|2023] 1페이지까지 · 누적 3372건 (요청 10314회)
[주미 AI|2024] 1페이지까지 · 누적 3372건 (요청 10315회)
[주미 AI|2025] 1페이지까지 · 누적 3372건 (요청 10316회)
[주미 AI|2026] 1페이지까지 · 누적 3372건 (요청 10317회)
[주미 AI / 주미 AI 스크래치|2023] 1페이지까지 · 누적 3372건 (요청 10318회)
[주미 AI / 주미 AI 스크래치|2024] 1페이지까지 · 누적 3372건 (요청 10319회)
[주미 AI / 주미 AI 스크래치|2025] 1페이지까지 · 누적 3372건 (요청 10320회)
[주미 AI / 주미 AI 스크래치|2026] 1페이지까지 · 누적 3372건 (요청 10321회)
[주미 AI / 주미 AI 앱|2023] 1페이지까지 · 누적 3372건 (요청 10322회)
[주미 AI / 주미 AI 앱|2024] 1페이지까지 · 누적 3372건 (요청 10323회)
[주미 AI / 주미 AI 앱|2025] 1페이지까지 · 누적 3372건 (요청 10324회)
[주미 AI / 주미 AI 앱|2026] 1페이지까지 · 누적 3372건 (요청 10325회)
[주미 미니|2023] 1페이지까지 · 누적 3372건 (요청 10326회)
[주미 미니|2024] 1페이지까지 · 누적 3372건 (요청 10327회)
[주미 미니|2025] 1페이지까지 · 누적 3372건 (요청 10328회)
[주미 미니|2026] 1페이지까지 · 누적 3372건 (요청 10329회)
[주미 미니 / 주미 미니 앱|2023] 1페이지까지 · 누적 3372건 (요청 10330회)
[주미 미니 / 주미 미니 앱|2024] 1페이지까지 · 누적 3372건 (요청 10331회)
[주미 미니 / 주미 미니 앱|2025] 1페이지까지 · 누적 3372건 (요청 10332회)
[주미 미니 / 주미 미니 앱|2026] 1페이지까지 · 누적 3372건 (요청 10333회)
[주이즈|2023] 1페이지까지 · 누적 3372건 (요청 10334회)
[주이즈|2024] 1페이지까지 · 누적 3372건 (요청 10335회)
[주이즈|2025] 1페이지까지 · 누적 3372건 (요청 10336회)
[주이즈|2026] 1페이지까지 · 누적 3372건 (요청 10337회)
[중•고등 Reading|2023] 1페이지까지 · 누적 3372건 (요청 10338회)
[중•고등 Reading|2024] 1페이지까지 · 누적 3372건 (요청 10339회)
[중•고등 Reading|2025] 1페이지까지 · 누적 3372건 (요청 10340회)
[중•고등 Reading|2026] 1페이지까지 · 누적 3372건 (요청 10341회)
[중•고등 Reading&Writing|2023] 1페이지까지 · 누적 3372건 (요청 10342회)
[중•고등 Reading&Writing|2024] 1페이지까지 · 누적 3372건 (요청 10343회)
[중•고등 Reading&Writing|2025] 1페이지까지 · 누적 3372건 (요청 10344회)
[중•고등 Reading&Writing|2026] 1페이지까지 · 누적 3372건 (요청 10345회)
[중고등 비바샘|2023] 1페이지까지 · 누적 3372건 (요청 10346회)
[중고등 비바샘|2024] 1페이지까지 · 누적 3372건 (요청 10347회)
[중고등 비바샘|2025] 1페이지까지 · 누적 3372건 (요청 10348회)
[중고등 비바샘|2026] 1페이지까지 · 누적 3372건 (요청 10349회)
[중고등한문 학습영상 및 자료|2023] 1페이지까지 · 누적 3372건 (요청 10350회)
[중고등한문 학습영상 및 자료|2024] 1페이지까지 · 누적 3372건 (요청 10351회)
[중고등한문 학습영상 및 자료|2025] 1페이지까지 · 누적 3372건 (요청 10352회)
[중고등한문 학습영상 및 자료|2026] 1페이지까지 · 누적 3372건 (요청 10353회)
[중등 기초학력 온채움 시스템|2023] 1페이지까지 · 누적 3372건 (요청 10354회)
[중등 기초학력 온채움 시스템|2024] 1페이지까지 · 누적 3372건 (요청 10355회)
[중등 기초학력 온채움 시스템|2025] 1페이지까지 · 누적 3372건 (요청 10356회)
[중등 기초학력 온채움 시스템|2026] 1페이지까지 · 누적 3372건 (요청 10357회)
[중등 온평가 시스템|2023] 1페이지까지 · 누적 3372건 (요청 10358회)
[중등 온평가 시스템|2024] 1페이지까지 · 누적 3372건 (요청 10359회)
[중등 온평가 시스템|2025] 1페이지까지 · 누적 3372건 (요청 10360회)
[중등 온평가 시스템|2026] 1페이지까지 · 누적 3372건 (요청 10361회)
[중등 정보 AI 디지털 교육자료|2023] 1페이지까지 · 누적 3372건 (요청 10362회)
[중등 정보 AI 디지털 교육자료|2024] 1페이지까지 · 누적 3372건 (요청 10363회)
[중등 정보 AI 디지털 교육자료|2025] 1페이지까지 · 누적 3372건 (요청 10364회)
[중등 정보 AI 디지털 교육자료|2026] 1페이지까지 · 누적 3372건 (요청 10365회)
[중량형 버나 만들기 키트|2023] 1페이지까지 · 누적 3372건 (요청 10366회)
[중량형 버나 만들기 키트|2024] 1페이지까지 · 누적 3372건 (요청 10367회)
[중량형 버나 만들기 키트|2025] 1페이지까지 · 누적 3372건 (요청 10368회)
[중량형 버나 만들기 키트|2026] 1페이지까지 · 누적 3372건 (요청 10369회)
[중학 수학 1 김동재 AI 디지털 교육자료|2023] 1페이지까지 · 누적 3372건 (요청 10370회)
[중학 수학 1 김동재 AI 디지털 교육자료|2024] 1페이지까지 · 누적 3372건 (요청 10371회)
[중학 수학 1 김동재 AI 디지털 교육자료|2025] 1페이지까지 · 누적 3372건 (요청 10372회)
[중학 수학 1 김동재 AI 디지털 교육자료|2026] 1페이지까지 · 누적 3372건 (요청 10373회)
[중학 수학 1 김화경 AI 디지털 교육자료|2023] 1페이지까지 · 누적 3372건 (요청 10374회)
[중학 수학 1 김화경 AI 디지털 교육자료|2024] 1페이지까지 · 누적 3372건 (요청 10375회)
[중학 수학 1 김화경 AI 디지털 교육자료|2025] 1페이지까지 · 누적 3372건 (요청 10376회)
[중학 수학 1 김화경 AI 디지털 교육자료|2026] 1페이지까지 · 누적 3372건 (요청 10377회)
[중학 수학 2 김동재 AI 디지털 교육자료|2023] 1페이지까지 · 누적 3372건 (요청 10378회)
[중학 수학 2 김동재 AI 디지털 교육자료|2024] 1페이지까지 · 누적 3372건 (요청 10379회)
[중학 수학 2 김동재 AI 디지털 교육자료|2025] 1페이지까지 · 누적 3372건 (요청 10380회)
[중학 수학 2 김동재 AI 디지털 교육자료|2026] 1페이지까지 · 누적 3372건 (요청 10381회)
[중학 수학 2 김화경 AI 디지털 교육자료|2023] 1페이지까지 · 누적 3372건 (요청 10382회)
[중학 수학 2 김화경 AI 디지털 교육자료|2024] 1페이지까지 · 누적 3372건 (요청 10383회)
[중학 수학 2 김화경 AI 디지털 교육자료|2025] 1페이지까지 · 누적 3372건 (요청 10384회)
[중학 수학 2 김화경 AI 디지털 교육자료|2026] 1페이지까지 · 누적 3372건 (요청 10385회)
[중학 영어 1 소영순 AI 디지털 교육자료|2023] 1페이지까지 · 누적 3372건 (요청 10386회)
[중학 영어 1 소영순 AI 디지털 교육자료|2024] 1페이지까지 · 누적 3372건 (요청 10387회)
[중학 영어 1 소영순 AI 디지털 교육자료|2025] 1페이지까지 · 누적 3372건 (요청 10388회)
[중학 영어 1 소영순 AI 디지털 교육자료|2026] 1페이지까지 · 누적 3372건 (요청 10389회)
[중학 영어 1 이상기 AI 디지털 교육자료|2023] 1페이지까지 · 누적 3372건 (요청 10390회)
[중학 영어 1 이상기 AI 디지털 교육자료|2024] 1페이지까지 · 누적 3372건 (요청 10391회)
[중학 영어 1 이상기 AI 디지털 교육자료|2025] 1페이지까지 · 누적 3372건 (요청 10392회)
[중학 영어 1 이상기 AI 디지털 교육자료|2026] 1페이지까지 · 누적 3372건 (요청 10393회)
[중학 영어 2 소영순 AI 디지털 교육자료|2023] 1페이지까지 · 누적 3372건 (요청 10394회)
[중학 영어 2 소영순 AI 디지털 교육자료|2024] 1페이지까지 · 누적 3372건 (요청 10395회)
[중학 영어 2 소영순 AI 디지털 교육자료|2025] 1페이지까지 · 누적 3372건 (요청 10396회)
[중학 영어 2 소영순 AI 디지털 교육자료|2026] 1페이지까지 · 누적 3372건 (요청 10397회)
[중학 영어 2 이상기 AI 디지털 교육자료|2023] 1페이지까지 · 누적 3372건 (요청 10398회)
[중학 영어 2 이상기 AI 디지털 교육자료|2024] 1페이지까지 · 누적 3372건 (요청 10399회)
[중학 영어 2 이상기 AI 디지털 교육자료|2025] 1페이지까지 · 누적 3372건 (요청 10400회)
[중학 영어 2 이상기 AI 디지털 교육자료|2026] 1페이지까지 · 누적 3372건 (요청 10401회)
[중학 정보 김현철 AI 디지털 교육자료|2023] 1페이지까지 · 누적 3372건 (요청 10402회)
[중학 정보 김현철 AI 디지털 교육자료|2024] 1페이지까지 · 누적 3372건 (요청 10403회)
[중학 정보 김현철 AI 디지털 교육자료|2025] 1페이지까지 · 누적 3372건 (요청 10404회)
[중학 정보 김현철 AI 디지털 교육자료|2026] 1페이지까지 · 누적 3372건 (요청 10405회)
[중학교 생활 중국어 교과서 - 전자저작물|2023] 1페이지까지 · 누적 3372건 (요청 10406회)
[중학교 생활 중국어 교과서 - 전자저작물|2024] 1페이지까지 · 누적 3372건 (요청 10407회)
[중학교 생활 중국어 교과서 - 전자저작물|2025] 1페이지까지 · 누적 3372건 (요청 10408회)
[중학교 생활 중국어 교과서 - 전자저작물|2026] 1페이지까지 · 누적 3372건 (요청 10409회)
[중학교 수학 1 AI 디지털 교육자료|2023] 1페이지까지 · 누적 3372건 (요청 10410회)
[중학교 수학 1 AI 디지털 교육자료|2024] 1페이지까지 · 누적 3372건 (요청 10411회)
[중학교 수학 1 AI 디지털 교육자료|2025] 1페이지까지 · 누적 3372건 (요청 10412회)
[중학교 수학 1 AI 디지털 교육자료|2026] 1페이지까지 · 누적 3372건 (요청 10413회)
[중학교 수학 2 AI 디지털 교육자료|2023] 1페이지까지 · 누적 3372건 (요청 10414회)
[중학교 수학 2 AI 디지털 교육자료|2024] 1페이지까지 · 누적 3372건 (요청 10415회)
[중학교 수학 2 AI 디지털 교육자료|2025] 1페이지까지 · 누적 3372건 (요청 10416회)
[중학교 수학 2 AI 디지털 교육자료|2026] 1페이지까지 · 누적 3372건 (요청 10417회)
[중학교 영어 1 AI 디지털 교육자료|2023] 1페이지까지 · 누적 3372건 (요청 10418회)
[중학교 영어 1 AI 디지털 교육자료|2024] 1페이지까지 · 누적 3372건 (요청 10419회)
[중학교 영어 1 AI 디지털 교육자료|2025] 1페이지까지 · 누적 3372건 (요청 10420회)
[중학교 영어 1 AI 디지털 교육자료|2026] 1페이지까지 · 누적 3372건 (요청 10421회)
[중학교 영어 2 AI 디지털 교육자료|2023] 1페이지까지 · 누적 3372건 (요청 10422회)
[중학교 영어 2 AI 디지털 교육자료|2024] 1페이지까지 · 누적 3372건 (요청 10423회)
[중학교 영어 2 AI 디지털 교육자료|2025] 1페이지까지 · 누적 3372건 (요청 10424회)
[중학교 영어 2 AI 디지털 교육자료|2026] 1페이지까지 · 누적 3372건 (요청 10425회)
[지게차 조작훈련 시뮬레이터|2023] 1페이지까지 · 누적 3372건 (요청 10426회)
[지게차 조작훈련 시뮬레이터|2024] 1페이지까지 · 누적 3372건 (요청 10427회)
[지게차 조작훈련 시뮬레이터|2025] 1페이지까지 · 누적 3372건 (요청 10428회)
[지게차 조작훈련 시뮬레이터|2026] 1페이지까지 · 누적 3372건 (요청 10429회)
[지구보호 환경 액자|2023] 1페이지까지 · 누적 3372건 (요청 10430회)
[지구보호 환경 액자|2024] 1페이지까지 · 누적 3372건 (요청 10431회)
[지구보호 환경 액자|2025] 1페이지까지 · 누적 3372건 (요청 10432회)
[지구보호 환경 액자|2026] 1페이지까지 · 누적 3372건 (요청 10433회)
[지난지난이|2023] 1페이지까지 · 누적 3372건 (요청 10434회)
[지난지난이|2024] 1페이지까지 · 누적 3372건 (요청 10435회)
[지난지난이|2025] 1페이지까지 · 누적 3372건 (요청 10436회)
[지난지난이|2026] 1페이지까지 · 누적 3372건 (요청 10437회)
[지능형 과학실 ON|2023] 1페이지까지 · 누적 3372건 (요청 10438회)
[지능형 과학실 ON|2024] 1페이지까지 · 누적 3372건 (요청 10439회)
[지능형 과학실 ON|2025] 1페이지까지 · 누적 3372건 (요청 10440회)
[지능형 과학실 ON|2026] 1페이지까지 · 누적 3372건 (요청 10441회)
[지능형과학실 키트|2023] 1페이지까지 · 누적 3372건 (요청 10442회)
[지능형과학실 키트|2024] 1페이지까지 · 누적 3372건 (요청 10443회)
[지능형과학실 키트|2025] 1페이지까지 · 누적 3372건 (요청 10444회)
[지능형과학실 키트|2026] 1페이지까지 · 누적 3372건 (요청 10445회)
[지능형과학실 포톤 과학 VR|2023] 1페이지까지 · 누적 3372건 (요청 10446회)
[지능형과학실 포톤 과학 VR|2024] 1페이지까지 · 누적 3372건 (요청 10447회)
[지능형과학실 포톤 과학 VR|2025] 1페이지까지 · 누적 3372건 (요청 10448회)
[지능형과학실 포톤 과학 VR|2026] 1페이지까지 · 누적 3372건 (요청 10449회)
[지니스쿨|2023] 1페이지까지 · 누적 3372건 (요청 10450회)
[지니스쿨|2024] 1페이지까지 · 누적 3372건 (요청 10451회)
[지니스쿨|2025] 1페이지까지 · 누적 3372건 (요청 10452회)
[지니스쿨|2026] 1페이지까지 · 누적 3372건 (요청 10453회)
[지니아튜터|2023] 1페이지까지 · 누적 3372건 (요청 10454회)
[지니아튜터|2024] 1페이지까지 · 누적 3373건 (요청 10456회)
[지니아튜터|2025] 1페이지까지 · 누적 3375건 (요청 10459회)
[지니아튜터|2026] 1페이지까지 · 누적 3375건 (요청 10460회)
[지니어스키트 블록|2023] 1페이지까지 · 누적 3375건 (요청 10461회)
[지니어스키트 블록|2024] 1페이지까지 · 누적 3375건 (요청 10462회)
[지니어스키트 블록|2025] 1페이지까지 · 누적 3375건 (요청 10463회)
[지니어스키트 블록|2026] 1페이지까지 · 누적 3375건 (요청 10464회)
[지니어스키트 스타터팩|2023] 1페이지까지 · 누적 3375건 (요청 10465회)
[지니어스키트 스타터팩|2024] 1페이지까지 · 누적 3375건 (요청 10466회)
[지니어스키트 스타터팩|2025] 1페이지까지 · 누적 3376건 (요청 10468회)
[지니어스키트 스타터팩|2026] 1페이지까지 · 누적 3376건 (요청 10469회)
[지니와|2023] 1페이지까지 · 누적 3376건 (요청 10470회)
[지니와|2024] 1페이지까지 · 누적 3376건 (요청 10471회)
[지니와|2025] 1페이지까지 · 누적 3376건 (요청 10472회)
[지니와|2026] 1페이지까지 · 누적 3376건 (요청 10473회)
[지니키즈|2023] 1페이지까지 · 누적 3376건 (요청 10474회)
[지니키즈|2024] 1페이지까지 · 누적 3376건 (요청 10475회)
[지니키즈|2025] 1페이지까지 · 누적 3376건 (요청 10476회)
[지니키즈|2026] 1페이지까지 · 누적 3376건 (요청 10477회)
[지스타캐드|2023] 1페이지까지 · 누적 3376건 (요청 10478회)
[지스타캐드|2024] 1페이지까지 · 누적 3376건 (요청 10479회)
[지스타캐드|2025] 1페이지까지 · 누적 3376건 (요청 10480회)
[지스타캐드|2026] 1페이지까지 · 누적 3376건 (요청 10481회)
[지스타캐드 GstarCAD|2023] 1페이지까지 · 누적 3376건 (요청 10482회)
[지스타캐드 GstarCAD|2024] 1페이지까지 · 누적 3376건 (요청 10483회)
[지스타캐드 GstarCAD|2025] 1페이지까지 · 누적 3376건 (요청 10484회)
[지스타캐드 GstarCAD|2026] 1페이지까지 · 누적 3376건 (요청 10485회)
[지식재산정보검색서비스|2023] 1페이지까지 · 누적 3376건 (요청 10486회)
[지식재산정보검색서비스|2024] 1페이지까지 · 누적 3376건 (요청 10487회)
[지식재산정보검색서비스|2025] 1페이지까지 · 누적 3376건 (요청 10488회)
[지식재산정보검색서비스|2026] 1페이지까지 · 누적 3376건 (요청 10489회)
[지오체인지|2023] 1페이지까지 · 누적 3376건 (요청 10490회)
[지오체인지|2024] 1페이지까지 · 누적 3376건 (요청 10491회)
[지오체인지|2025] 1페이지까지 · 누적 3376건 (요청 10492회)
[지오체인지|2026] 1페이지까지 · 누적 3376건 (요청 10493회)
[지피톡|2023] 1페이지까지 · 누적 3376건 (요청 10494회)
[지피톡|2024] 1페이지까지 · 누적 3376건 (요청 10495회)
[지피톡|2025] 1페이지까지 · 누적 3376건 (요청 10496회)
[지피톡|2026] 1페이지까지 · 누적 3376건 (요청 10497회)
[지학사 고등 공통수학1 AIDT 교육자료|2023] 1페이지까지 · 누적 3376건 (요청 10498회)
[지학사 고등 공통수학1 AIDT 교육자료|2024] 1페이지까지 · 누적 3376건 (요청 10499회)
[지학사 고등 공통수학1 AIDT 교육자료|2025] 1페이지까지 · 누적 3376건 (요청 10500회)
[지학사 고등 공통수학1 AIDT 교육자료|2026] 1페이지까지 · 누적 3376건 (요청 10501회)
[지학사 고등 공통수학2 AIDT 교육자료|2023] 1페이지까지 · 누적 3376건 (요청 10502회)
[지학사 고등 공통수학2 AIDT 교육자료|2024] 1페이지까지 · 누적 3376건 (요청 10503회)
[지학사 고등 공통수학2 AIDT 교육자료|2025] 1페이지까지 · 누적 3376건 (요청 10504회)
[지학사 고등 공통수학2 AIDT 교육자료|2026] 1페이지까지 · 누적 3376건 (요청 10505회)
[지학사 고등 공통영어1 AIDT 교육자료|2023] 1페이지까지 · 누적 3376건 (요청 10506회)
[지학사 고등 공통영어1 AIDT 교육자료|2024] 1페이지까지 · 누적 3376건 (요청 10507회)
[지학사 고등 공통영어1 AIDT 교육자료|2025] 1페이지까지 · 누적 3376건 (요청 10508회)
[지학사 고등 공통영어1 AIDT 교육자료|2026] 1페이지까지 · 누적 3376건 (요청 10509회)
[지학사 고등 공통영어2 AIDT 교육자료|2023] 1페이지까지 · 누적 3376건 (요청 10510회)
[지학사 고등 공통영어2 AIDT 교육자료|2024] 1페이지까지 · 누적 3376건 (요청 10511회)
[지학사 고등 공통영어2 AIDT 교육자료|2025] 1페이지까지 · 누적 3376건 (요청 10512회)
[지학사 고등 공통영어2 AIDT 교육자료|2026] 1페이지까지 · 누적 3376건 (요청 10513회)
[지학사 중학 수학 1 AIDT 교육자료|2023] 1페이지까지 · 누적 3376건 (요청 10514회)
[지학사 중학 수학 1 AIDT 교육자료|2024] 1페이지까지 · 누적 3376건 (요청 10515회)
[지학사 중학 수학 1 AIDT 교육자료|2025] 1페이지까지 · 누적 3376건 (요청 10516회)
[지학사 중학 수학 1 AIDT 교육자료|2026] 1페이지까지 · 누적 3376건 (요청 10517회)
[지학사 중학 수학 2 AIDT 교육자료|2023] 1페이지까지 · 누적 3376건 (요청 10518회)
[지학사 중학 수학 2 AIDT 교육자료|2024] 1페이지까지 · 누적 3376건 (요청 10519회)
[지학사 중학 수학 2 AIDT 교육자료|2025] 1페이지까지 · 누적 3376건 (요청 10520회)
[지학사 중학 수학 2 AIDT 교육자료|2026] 1페이지까지 · 누적 3376건 (요청 10521회)
[지학사 중학 영어 1 AIDT 교육자료|2023] 1페이지까지 · 누적 3376건 (요청 10522회)
[지학사 중학 영어 1 AIDT 교육자료|2024] 1페이지까지 · 누적 3376건 (요청 10523회)
[지학사 중학 영어 1 AIDT 교육자료|2025] 1페이지까지 · 누적 3376건 (요청 10524회)
[지학사 중학 영어 1 AIDT 교육자료|2026] 1페이지까지 · 누적 3376건 (요청 10525회)
[지학사 중학 영어 2 AIDT 교육자료|2023] 1페이지까지 · 누적 3376건 (요청 10526회)
[지학사 중학 영어 2 AIDT 교육자료|2024] 1페이지까지 · 누적 3376건 (요청 10527회)
[지학사 중학 영어 2 AIDT 교육자료|2025] 1페이지까지 · 누적 3376건 (요청 10528회)
[지학사 중학 영어 2 AIDT 교육자료|2026] 1페이지까지 · 누적 3376건 (요청 10529회)
[직스캐드 AX|2023] 1페이지까지 · 누적 3376건 (요청 10530회)
[직스캐드 AX|2024] 1페이지까지 · 누적 3376건 (요청 10531회)
[직스캐드 AX|2025] 1페이지까지 · 누적 3376건 (요청 10532회)
[직스캐드 AX|2026] 1페이지까지 · 누적 3376건 (요청 10533회)
[직업계고 채움119|2023] 1페이지까지 · 누적 3376건 (요청 10534회)
[직업계고 채움119|2024] 1페이지까지 · 누적 3376건 (요청 10535회)
[직업계고 채움119|2025] 1페이지까지 · 누적 3376건 (요청 10536회)
[직업계고 채움119|2026] 1페이지까지 · 누적 3376건 (요청 10537회)
[직업학과사전|2023] 1페이지까지 · 누적 3376건 (요청 10538회)
[직업학과사전|2024] 1페이지까지 · 누적 3376건 (요청 10539회)
[직업학과사전|2025] 1페이지까지 · 누적 3376건 (요청 10540회)
[직업학과사전|2026] 1페이지까지 · 누적 3376건 (요청 10541회)
[직코 2축 로봇팔|2023] 1페이지까지 · 누적 3376건 (요청 10542회)
[직코 2축 로봇팔|2024] 1페이지까지 · 누적 3376건 (요청 10543회)
[직코 2축 로봇팔|2025] 1페이지까지 · 누적 3376건 (요청 10544회)
[직코 2축 로봇팔|2026] 1페이지까지 · 누적 3376건 (요청 10545회)
[직코 AI 카메라|2023] 1페이지까지 · 누적 3376건 (요청 10546회)
[직코 AI 카메라|2024] 1페이지까지 · 누적 3376건 (요청 10547회)
[직코 AI 카메라|2025] 1페이지까지 · 누적 3376건 (요청 10548회)
[직코 AI 카메라|2026] 1페이지까지 · 누적 3376건 (요청 10549회)
[직코 RC카|2023] 1페이지까지 · 누적 3376건 (요청 10550회)
[직코 RC카|2024] 1페이지까지 · 누적 3376건 (요청 10551회)
[직코 RC카|2025] 1페이지까지 · 누적 3376건 (요청 10552회)
[직코 RC카|2026] 1페이지까지 · 누적 3376건 (요청 10553회)
[직코 드론|2023] 1페이지까지 · 누적 3376건 (요청 10554회)
[직코 드론|2024] 1페이지까지 · 누적 3376건 (요청 10555회)
[직코 드론|2025] 1페이지까지 · 누적 3376건 (요청 10556회)
[직코 드론|2026] 1페이지까지 · 누적 3376건 (요청 10557회)
[직코 모빌리티|2023] 1페이지까지 · 누적 3376건 (요청 10558회)
[직코 모빌리티|2024] 1페이지까지 · 누적 3376건 (요청 10559회)
[직코 모빌리티|2025] 1페이지까지 · 누적 3376건 (요청 10560회)
[직코 모빌리티|2026] 1페이지까지 · 누적 3376건 (요청 10561회)
[직코 스마트팜|2023] 1페이지까지 · 누적 3376건 (요청 10562회)
[직코 스마트팜|2024] 1페이지까지 · 누적 3376건 (요청 10563회)
[직코 스마트팜|2025] 1페이지까지 · 누적 3376건 (요청 10564회)
[직코 스마트팜|2026] 1페이지까지 · 누적 3376건 (요청 10565회)
[직코 애니멀키링|2023] 1페이지까지 · 누적 3376건 (요청 10566회)
[직코 애니멀키링|2024] 1페이지까지 · 누적 3376건 (요청 10567회)
[직코 애니멀키링|2025] 1페이지까지 · 누적 3376건 (요청 10568회)
[직코 애니멀키링|2026] 1페이지까지 · 누적 3376건 (요청 10569회)
[직코베이직|2023] 1페이지까지 · 누적 3376건 (요청 10570회)
[직코베이직|2024] 1페이지까지 · 누적 3376건 (요청 10571회)
[직코베이직|2025] 1페이지까지 · 누적 3376건 (요청 10572회)
[직코베이직|2026] 1페이지까지 · 누적 3376건 (요청 10573회)
[진단수학|2023] 1페이지까지 · 누적 3376건 (요청 10574회)
[진단수학|2024] 1페이지까지 · 누적 3376건 (요청 10575회)
[진단수학|2025] 1페이지까지 · 누적 3376건 (요청 10576회)
[진단수학|2026] 1페이지까지 · 누적 3376건 (요청 10577회)
[진로교육, 나의 성장나무 만들기|2023] 1페이지까지 · 누적 3376건 (요청 10578회)
[진로교육, 나의 성장나무 만들기|2024] 1페이지까지 · 누적 3376건 (요청 10579회)
[진로교육, 나의 성장나무 만들기|2025] 1페이지까지 · 누적 3376건 (요청 10580회)
[진로교육, 나의 성장나무 만들기|2026] 1페이지까지 · 누적 3376건 (요청 10581회)
[진로교육, 다양한 직업 세상|2023] 1페이지까지 · 누적 3376건 (요청 10582회)
[진로교육, 다양한 직업 세상|2024] 1페이지까지 · 누적 3376건 (요청 10583회)
[진로교육, 다양한 직업 세상|2025] 1페이지까지 · 누적 3376건 (요청 10584회)
[진로교육, 다양한 직업 세상|2026] 1페이지까지 · 누적 3376건 (요청 10585회)
[진로교육, 미래의 나의 모습 그리기|2023] 1페이지까지 · 누적 3376건 (요청 10586회)
[진로교육, 미래의 나의 모습 그리기|2024] 1페이지까지 · 누적 3376건 (요청 10587회)
[진로교육, 미래의 나의 모습 그리기|2025] 1페이지까지 · 누적 3376건 (요청 10588회)
[진로교육, 미래의 나의 모습 그리기|2026] 1페이지까지 · 누적 3376건 (요청 10589회)
[진로이음|2023] 1페이지까지 · 누적 3376건 (요청 10590회)
[진로이음|2024] 1페이지까지 · 누적 3376건 (요청 10591회)
[진로이음|2025] 1페이지까지 · 누적 3376건 (요청 10592회)
[진로이음|2026] 1페이지까지 · 누적 3376건 (요청 10593회)
[진로정보망 커리어넷|2023] 1페이지까지 · 누적 3376건 (요청 10594회)
[진로정보망 커리어넷|2024] 1페이지까지 · 누적 3376건 (요청 10595회)
[진로정보망 커리어넷|2025] 1페이지까지 · 누적 3376건 (요청 10596회)
[진로정보망 커리어넷|2026] 1페이지까지 · 누적 3376건 (요청 10597회)
[진로종합검사 / 올리닻|2023] 1페이지까지 · 누적 3376건 (요청 10598회)
[진로종합검사 / 올리닻|2024] 1페이지까지 · 누적 3376건 (요청 10599회)
[진로종합검사 / 올리닻|2025] 1페이지까지 · 누적 3376건 (요청 10600회)
[진로종합검사 / 올리닻|2026] 1페이지까지 · 누적 3376건 (요청 10601회)
[진로진학 솔루션/웨이메이커|2023] 1페이지까지 · 누적 3376건 (요청 10602회)
[진로진학 솔루션/웨이메이커|2024] 1페이지까지 · 누적 3376건 (요청 10603회)
[진로진학 솔루션/웨이메이커|2025] 1페이지까지 · 누적 3376건 (요청 10604회)
[진로진학 솔루션/웨이메이커|2026] 1페이지까지 · 누적 3376건 (요청 10605회)
[진로진학웹플랫폼 '오늘도'|2023] 1페이지까지 · 누적 3376건 (요청 10606회)
[진로진학웹플랫폼 '오늘도'|2024] 1페이지까지 · 누적 3376건 (요청 10607회)
[진로진학웹플랫폼 '오늘도'|2025] 1페이지까지 · 누적 3376건 (요청 10608회)
[진로진학웹플랫폼 '오늘도'|2026] 1페이지까지 · 누적 3376건 (요청 10609회)
[진로추천 플랫폼 메이저맵|2023] 1페이지까지 · 누적 3376건 (요청 10610회)
[진로추천 플랫폼 메이저맵|2024] 1페이지까지 · 누적 3376건 (요청 10611회)
[진로추천 플랫폼 메이저맵|2025] 1페이지까지 · 누적 3376건 (요청 10612회)
[진로추천 플랫폼 메이저맵|2026] 1페이지까지 · 누적 3376건 (요청 10613회)
[진진리서치 학사지원 원스톱 솔루션|2023] 1페이지까지 · 누적 3376건 (요청 10614회)
[진진리서치 학사지원 원스톱 솔루션|2024] 1페이지까지 · 누적 3376건 (요청 10615회)
[진진리서치 학사지원 원스톱 솔루션|2025] 1페이지까지 · 누적 3376건 (요청 10616회)
[진진리서치 학사지원 원스톱 솔루션|2026] 1페이지까지 · 누적 3376건 (요청 10617회)
[진학 PEN AI|2023] 1페이지까지 · 누적 3376건 (요청 10618회)
[진학 PEN AI|2024] 1페이지까지 · 누적 3376건 (요청 10619회)
[진학 PEN AI|2025] 1페이지까지 · 누적 3376건 (요청 10620회)
[진학 PEN AI|2026] 1페이지까지 · 누적 3376건 (요청 10621회)
[진학관리프로그램|2023] 1페이지까지 · 누적 3376건 (요청 10622회)
[진학관리프로그램|2024] 1페이지까지 · 누적 3376건 (요청 10623회)
[진학관리프로그램|2025] 1페이지까지 · 누적 3376건 (요청 10624회)
[진학관리프로그램|2026] 1페이지까지 · 누적 3376건 (요청 10625회)
[진학통/진학사 학생관리프로그램|2023] 1페이지까지 · 누적 3376건 (요청 10626회)
[진학통/진학사 학생관리프로그램|2024] 1페이지까지 · 누적 3376건 (요청 10627회)
[진학통/진학사 학생관리프로그램|2025] 1페이지까지 · 누적 3376건 (요청 10628회)
[진학통/진학사 학생관리프로그램|2026] 1페이지까지 · 누적 3376건 (요청 10629회)
[질문의 계단|2023] 1페이지까지 · 누적 3376건 (요청 10630회)
[질문의 계단|2024] 1페이지까지 · 누적 3376건 (요청 10631회)
[질문의 계단|2025] 1페이지까지 · 누적 3376건 (요청 10632회)
[질문의 계단|2026] 1페이지까지 · 누적 3376건 (요청 10633회)
[질문이 POP하는 AI 질문나눔터|2023] 1페이지까지 · 누적 3376건 (요청 10634회)
[질문이 POP하는 AI 질문나눔터|2024] 1페이지까지 · 누적 3376건 (요청 10635회)
[질문이 POP하는 AI 질문나눔터|2025] 1페이지까지 · 누적 3376건 (요청 10636회)
[질문이 POP하는 AI 질문나눔터|2026] 1페이지까지 · 누적 3376건 (요청 10637회)
[질문하마|2023] 1페이지까지 · 누적 3376건 (요청 10638회)
[질문하마|2024] 1페이지까지 · 누적 3376건 (요청 10639회)
[질문하마|2025] 1페이지까지 · 누적 3376건 (요청 10640회)
[질문하마|2026] 1페이지까지 · 누적 3376건 (요청 10641회)
[짱구개미관찰키트|2023] 1페이지까지 · 누적 3376건 (요청 10642회)
[짱구개미관찰키트|2024] 1페이지까지 · 누적 3376건 (요청 10643회)
[짱구개미관찰키트|2025] 1페이지까지 · 누적 3376건 (요청 10644회)
[짱구개미관찰키트|2026] 1페이지까지 · 누적 3376건 (요청 10645회)
[쪼물락 코딩블록|2023] 1페이지까지 · 누적 3376건 (요청 10646회)
[쪼물락 코딩블록|2024] 1페이지까지 · 누적 3376건 (요청 10647회)
[쪼물락 코딩블록|2025] 1페이지까지 · 누적 3376건 (요청 10648회)
[쪼물락 코딩블록|2026] 1페이지까지 · 누적 3376건 (요청 10649회)
[쪽지 - 교실 내 공유 플랫폼|2023] 1페이지까지 · 누적 3376건 (요청 10650회)
[쪽지 - 교실 내 공유 플랫폼|2024] 1페이지까지 · 누적 3376건 (요청 10651회)
[쪽지 - 교실 내 공유 플랫폼|2025] 1페이지까지 · 누적 3376건 (요청 10652회)
[쪽지 - 교실 내 공유 플랫폼|2026] 1페이지까지 · 누적 3376건 (요청 10653회)
[차곡차곡|2023] 1페이지까지 · 누적 3376건 (요청 10654회)
[차곡차곡|2024] 1페이지까지 · 누적 3376건 (요청 10655회)
[차곡차곡|2025] 1페이지까지 · 누적 3377건 (요청 10657회)
[차곡차곡|2026] 1페이지까지 · 누적 3378건 (요청 10659회)
[차별화된 영어단어 프로그램 보카트레인|2023] 1페이지까지 · 누적 3378건 (요청 10660회)
[차별화된 영어단어 프로그램 보카트레인|2024] 1페이지까지 · 누적 3378건 (요청 10661회)
[차별화된 영어단어 프로그램 보카트레인|2025] 1페이지까지 · 누적 3378건 (요청 10662회)
[차별화된 영어단어 프로그램 보카트레인|2026] 1페이지까지 · 누적 3378건 (요청 10663회)
[차이의 놀이|2023] 1페이지까지 · 누적 3378건 (요청 10664회)
[차이의 놀이|2024] 1페이지까지 · 누적 3379건 (요청 10666회)
[차이의 놀이|2025] 1페이지까지 · 누적 3380건 (요청 10668회)
[차이의 놀이|2026] 1페이지까지 · 누적 3380건 (요청 10669회)
[차이팡 수학|2023] 1페이지까지 · 누적 3380건 (요청 10670회)
[차이팡 수학|2024] 1페이지까지 · 누적 3380건 (요청 10671회)
[차이팡 수학|2025] 1페이지까지 · 누적 3380건 (요청 10672회)
[차이팡 수학|2026] 1페이지까지 · 누적 3380건 (요청 10673회)
[차이팡 영어|2023] 1페이지까지 · 누적 3380건 (요청 10674회)
[차이팡 영어|2024] 1페이지까지 · 누적 3380건 (요청 10675회)
[차이팡 영어|2025] 1페이지까지 · 누적 3380건 (요청 10676회)
[차이팡 영어|2026] 1페이지까지 · 누적 3380건 (요청 10677회)
[차이팡 중국어|2023] 1페이지까지 · 누적 3380건 (요청 10678회)
[차이팡 중국어|2024] 1페이지까지 · 누적 3380건 (요청 10679회)
[차이팡 중국어|2025] 1페이지까지 · 누적 3380건 (요청 10680회)
[차이팡 중국어|2026] 1페이지까지 · 누적 3380건 (요청 10681회)
[차이팡 한글|2023] 1페이지까지 · 누적 3380건 (요청 10682회)
[차이팡 한글|2024] 1페이지까지 · 누적 3380건 (요청 10683회)
[차이팡 한글|2025] 1페이지까지 · 누적 3380건 (요청 10684회)
[차이팡 한글|2026] 1페이지까지 · 누적 3380건 (요청 10685회)
[차이팡키즈 색칠놀이|2023] 1페이지까지 · 누적 3380건 (요청 10686회)
[차이팡키즈 색칠놀이|2024] 1페이지까지 · 누적 3380건 (요청 10687회)
[차이팡키즈 색칠놀이|2025] 1페이지까지 · 누적 3380건 (요청 10688회)
[차이팡키즈 색칠놀이|2026] 1페이지까지 · 누적 3380건 (요청 10689회)
[차이팡키즈 안전교육|2023] 1페이지까지 · 누적 3380건 (요청 10690회)
[차이팡키즈 안전교육|2024] 1페이지까지 · 누적 3380건 (요청 10691회)
[차이팡키즈 안전교육|2025] 1페이지까지 · 누적 3380건 (요청 10692회)
[차이팡키즈 안전교육|2026] 1페이지까지 · 누적 3380건 (요청 10693회)
[참잘했어요 프린트학습지|2023] 1페이지까지 · 누적 3380건 (요청 10694회)
[참잘했어요 프린트학습지|2024] 1페이지까지 · 누적 3380건 (요청 10695회)
[참잘했어요 프린트학습지|2025] 1페이지까지 · 누적 3380건 (요청 10696회)
[참잘했어요 프린트학습지|2026] 1페이지까지 · 누적 3380건 (요청 10697회)
[창의력 두뇌개발 OTE블록|2023] 1페이지까지 · 누적 3380건 (요청 10698회)
[창의력 두뇌개발 OTE블록|2024] 1페이지까지 · 누적 3380건 (요청 10699회)
[창의력 두뇌개발 OTE블록|2025] 1페이지까지 · 누적 3380건 (요청 10700회)
[창의력 두뇌개발 OTE블록|2026] 1페이지까지 · 누적 3380건 (요청 10701회)
[창작진동카 만들기 키트|2023] 1페이지까지 · 누적 3380건 (요청 10702회)
[창작진동카 만들기 키트|2024] 1페이지까지 · 누적 3380건 (요청 10703회)
[창작진동카 만들기 키트|2025] 1페이지까지 · 누적 3380건 (요청 10704회)
[창작진동카 만들기 키트|2026] 1페이지까지 · 누적 3380건 (요청 10705회)
[찾아가는 AI 체험학습|2023] 1페이지까지 · 누적 3380건 (요청 10706회)
[찾아가는 AI 체험학습|2024] 1페이지까지 · 누적 3380건 (요청 10707회)
[찾아가는 AI 체험학습|2025] 1페이지까지 · 누적 3380건 (요청 10708회)
[찾아가는 AI 체험학습|2026] 1페이지까지 · 누적 3380건 (요청 10709회)
[책걸음|2023] 1페이지까지 · 누적 3380건 (요청 10710회)
[책걸음|2024] 1페이지까지 · 누적 3380건 (요청 10711회)
[책걸음|2025] 1페이지까지 · 누적 3380건 (요청 10712회)
[책걸음|2026] 1페이지까지 · 누적 3380건 (요청 10713회)
[책스책|2023] 1페이지까지 · 누적 3380건 (요청 10714회)
[책스책|2024] 1페이지까지 · 누적 3380건 (요청 10715회)
[책스책|2025] 1페이지까지 · 누적 3380건 (요청 10716회)
[책스책|2026] 1페이지까지 · 누적 3380건 (요청 10717회)
[책열매|2023] 1페이지까지 · 누적 3381건 (요청 10719회)
[책열매|2024] 1페이지까지 · 누적 3384건 (요청 10723회)
[책열매|2025] 1페이지까지 · 누적 3387건 (요청 10727회)
[책열매|2026] 1페이지까지 · 누적 3388건 (요청 10729회)
[챗메이트|2023] 1페이지까지 · 누적 3388건 (요청 10730회)
[챗메이트|2024] 1페이지까지 · 누적 3388건 (요청 10731회)
[챗메이트|2025] 1페이지까지 · 누적 3388건 (요청 10732회)
[챗메이트|2026] 1페이지까지 · 누적 3388건 (요청 10733회)
[처음 한글책|2023] 1페이지까지 · 누적 3388건 (요청 10734회)
[처음 한글책|2024] 1페이지까지 · 누적 3388건 (요청 10735회)
[처음 한글책|2025] 1페이지까지 · 누적 3388건 (요청 10736회)
[처음 한글책|2026] 1페이지까지 · 누적 3388건 (요청 10737회)
[천사일지|2023] 1페이지까지 · 누적 3388건 (요청 10738회)
[천사일지|2024] 1페이지까지 · 누적 3388건 (요청 10739회)
[천사일지|2025] 1페이지까지 · 누적 3388건 (요청 10740회)
[천사일지|2026] 1페이지까지 · 누적 3388건 (요청 10741회)
[천안시 전자도서관|2023] 1페이지까지 · 누적 3388건 (요청 10742회)
[천안시 전자도서관|2024] 1페이지까지 · 누적 3388건 (요청 10743회)
[천안시 전자도서관|2025] 1페이지까지 · 누적 3388건 (요청 10744회)
[천안시 전자도서관|2026] 1페이지까지 · 누적 3388건 (요청 10745회)
[청소년 행동평가척도 자기보고용|2023] 1페이지까지 · 누적 3388건 (요청 10746회)
[청소년 행동평가척도 자기보고용|2024] 1페이지까지 · 누적 3388건 (요청 10747회)
[청소년 행동평가척도 자기보고용|2025] 1페이지까지 · 누적 3388건 (요청 10748회)
[청소년 행동평가척도 자기보고용|2026] 1페이지까지 · 누적 3388건 (요청 10749회)
[체리 스쿨|2023] 1페이지까지 · 누적 3388건 (요청 10750회)
[체리 스쿨|2024] 1페이지까지 · 누적 3388건 (요청 10751회)
[체리 스쿨|2025] 1페이지까지 · 누적 3388건 (요청 10752회)
[체리 스쿨|2026] 1페이지까지 · 누적 3388건 (요청 10753회)
[체리팟|2023] 1페이지까지 · 누적 3388건 (요청 10754회)
[체리팟|2024] 1페이지까지 · 누적 3388건 (요청 10755회)
[체리팟|2025] 1페이지까지 · 누적 3388건 (요청 10756회)
[체리팟|2026] 1페이지까지 · 누적 3388건 (요청 10757회)
[체육과건강|2023] 1페이지까지 · 누적 3388건 (요청 10758회)
[체육과건강|2024] 1페이지까지 · 누적 3388건 (요청 10759회)
[체육과건강|2025] 1페이지까지 · 누적 3388건 (요청 10760회)
[체육과건강|2026] 1페이지까지 · 누적 3388건 (요청 10761회)
[체육볶음|2023] 1페이지까지 · 누적 3388건 (요청 10762회)
[체육볶음|2024] 1페이지까지 · 누적 3388건 (요청 10763회)
[체육볶음|2025] 1페이지까지 · 누적 3388건 (요청 10764회)
[체육볶음|2026] 1페이지까지 · 누적 3388건 (요청 10765회)
[첵스쿨|2023] 1페이지까지 · 누적 3388건 (요청 10766회)
[첵스쿨|2024] 1페이지까지 · 누적 3388건 (요청 10767회)
[첵스쿨|2025] 1페이지까지 · 누적 3388건 (요청 10768회)
[첵스쿨|2026] 1페이지까지 · 누적 3388건 (요청 10769회)
[초등 AI 체험 놀이터 아이노우|2023] 1페이지까지 · 누적 3388건 (요청 10770회)
[초등 AI 체험 놀이터 아이노우|2024] 1페이지까지 · 누적 3388건 (요청 10771회)
[초등 AI 체험 놀이터 아이노우|2025] 1페이지까지 · 누적 3388건 (요청 10772회)
[초등 AI 체험 놀이터 아이노우|2026] 1페이지까지 · 누적 3388건 (요청 10773회)
[초등 글쓰기 매주 3단어 - 표현력 키우기 1단계|2023] 1페이지까지 · 누적 3388건 (요청 10774회)
[초등 글쓰기 매주 3단어 - 표현력 키우기 1단계|2024] 1페이지까지 · 누적 3388건 (요청 10775회)
[초등 글쓰기 매주 3단어 - 표현력 키우기 1단계|2025] 1페이지까지 · 누적 3388건 (요청 10776회)
[초등 글쓰기 매주 3단어 - 표현력 키우기 1단계|2026] 1페이지까지 · 누적 3388건 (요청 10777회)
[초등 기초학력 온채움 시스템|2023] 1페이지까지 · 누적 3388건 (요청 10778회)
[초등 기초학력 온채움 시스템|2024] 1페이지까지 · 누적 3388건 (요청 10779회)
[초등 기초학력 온채움 시스템|2025] 1페이지까지 · 누적 3388건 (요청 10780회)
[초등 기초학력 온채움 시스템|2026] 1페이지까지 · 누적 3388건 (요청 10781회)
[초등 비바샘|2023] 1페이지까지 · 누적 3388건 (요청 10782회)
[초등 비바샘|2024] 1페이지까지 · 누적 3388건 (요청 10783회)
[초등 비바샘|2025] 1페이지까지 · 누적 3388건 (요청 10784회)
[초등 비바샘|2026] 1페이지까지 · 누적 3388건 (요청 10785회)
[초등 수학 3-1|2023] 1페이지까지 · 누적 3388건 (요청 10786회)
[초등 수학 3-1|2024] 1페이지까지 · 누적 3388건 (요청 10787회)
[초등 수학 3-1|2025] 1페이지까지 · 누적 3388건 (요청 10788회)
[초등 수학 3-1|2026] 1페이지까지 · 누적 3388건 (요청 10789회)
[초등 수학 3-1 박만구 AI 디지털 교육자료|2023] 1페이지까지 · 누적 3388건 (요청 10790회)
[초등 수학 3-1 박만구 AI 디지털 교육자료|2024] 1페이지까지 · 누적 3388건 (요청 10791회)
[초등 수학 3-1 박만구 AI 디지털 교육자료|2025] 1페이지까지 · 누적 3388건 (요청 10792회)
[초등 수학 3-1 박만구 AI 디지털 교육자료|2026] 1페이지까지 · 누적 3388건 (요청 10793회)
[초등 수학 3-1 한대희 AI 디지털 교육자료|2023] 1페이지까지 · 누적 3388건 (요청 10794회)
[초등 수학 3-1 한대희 AI 디지털 교육자료|2024] 1페이지까지 · 누적 3388건 (요청 10795회)
[초등 수학 3-1 한대희 AI 디지털 교육자료|2025] 1페이지까지 · 누적 3388건 (요청 10796회)
[초등 수학 3-1 한대희 AI 디지털 교육자료|2026] 1페이지까지 · 누적 3388건 (요청 10797회)
[초등 수학 3-2|2023] 1페이지까지 · 누적 3388건 (요청 10798회)
[초등 수학 3-2|2024] 1페이지까지 · 누적 3388건 (요청 10799회)
[초등 수학 3-2|2025] 1페이지까지 · 누적 3388건 (요청 10800회)
[초등 수학 3-2|2026] 1페이지까지 · 누적 3388건 (요청 10801회)
[초등 수학 3-2 박만구 AI 디지털 교육자료|2023] 1페이지까지 · 누적 3388건 (요청 10802회)
[초등 수학 3-2 박만구 AI 디지털 교육자료|2024] 1페이지까지 · 누적 3388건 (요청 10803회)
[초등 수학 3-2 박만구 AI 디지털 교육자료|2025] 1페이지까지 · 누적 3388건 (요청 10804회)
[초등 수학 3-2 박만구 AI 디지털 교육자료|2026] 1페이지까지 · 누적 3388건 (요청 10805회)
[초등 수학 3-2 한대희 AI 디지털 교육자료|2023] 1페이지까지 · 누적 3388건 (요청 10806회)
[초등 수학 3-2 한대희 AI 디지털 교육자료|2024] 1페이지까지 · 누적 3388건 (요청 10807회)
[초등 수학 3-2 한대희 AI 디지털 교육자료|2025] 1페이지까지 · 누적 3388건 (요청 10808회)
[초등 수학 3-2 한대희 AI 디지털 교육자료|2026] 1페이지까지 · 누적 3388건 (요청 10809회)
[초등 수학 4-1|2023] 1페이지까지 · 누적 3388건 (요청 10810회)
[초등 수학 4-1|2024] 1페이지까지 · 누적 3388건 (요청 10811회)
[초등 수학 4-1|2025] 1페이지까지 · 누적 3388건 (요청 10812회)
[초등 수학 4-1|2026] 1페이지까지 · 누적 3388건 (요청 10813회)
[초등 수학 4-1 박만구 AI 디지털 교육자료|2023] 1페이지까지 · 누적 3388건 (요청 10814회)
[초등 수학 4-1 박만구 AI 디지털 교육자료|2024] 1페이지까지 · 누적 3388건 (요청 10815회)
[초등 수학 4-1 박만구 AI 디지털 교육자료|2025] 1페이지까지 · 누적 3388건 (요청 10816회)
[초등 수학 4-1 박만구 AI 디지털 교육자료|2026] 1페이지까지 · 누적 3388건 (요청 10817회)
[초등 수학 4-1 한대희 AI 디지털 교육자료|2023] 1페이지까지 · 누적 3388건 (요청 10818회)
[초등 수학 4-1 한대희 AI 디지털 교육자료|2024] 1페이지까지 · 누적 3388건 (요청 10819회)
[초등 수학 4-1 한대희 AI 디지털 교육자료|2025] 1페이지까지 · 누적 3388건 (요청 10820회)
[초등 수학 4-1 한대희 AI 디지털 교육자료|2026] 1페이지까지 · 누적 3388건 (요청 10821회)
[초등 수학 4-2|2023] 1페이지까지 · 누적 3388건 (요청 10822회)
[초등 수학 4-2|2024] 1페이지까지 · 누적 3388건 (요청 10823회)
[초등 수학 4-2|2025] 1페이지까지 · 누적 3388건 (요청 10824회)
[초등 수학 4-2|2026] 1페이지까지 · 누적 3388건 (요청 10825회)
[초등 수학 4-2 박만구 AI 디지털 교육자료|2023] 1페이지까지 · 누적 3388건 (요청 10826회)
[초등 수학 4-2 박만구 AI 디지털 교육자료|2024] 1페이지까지 · 누적 3388건 (요청 10827회)
[초등 수학 4-2 박만구 AI 디지털 교육자료|2025] 1페이지까지 · 누적 3388건 (요청 10828회)
[초등 수학 4-2 박만구 AI 디지털 교육자료|2026] 1페이지까지 · 누적 3388건 (요청 10829회)
[초등 수학 4-2 한대희 AI 디지털 교육자료|2023] 1페이지까지 · 누적 3388건 (요청 10830회)
[초등 수학 4-2 한대희 AI 디지털 교육자료|2024] 1페이지까지 · 누적 3388건 (요청 10831회)
[초등 수학 4-2 한대희 AI 디지털 교육자료|2025] 1페이지까지 · 누적 3388건 (요청 10832회)
[초등 수학 4-2 한대희 AI 디지털 교육자료|2026] 1페이지까지 · 누적 3388건 (요청 10833회)
[초등 수학 5-1|2023] 1페이지까지 · 누적 3388건 (요청 10834회)
[초등 수학 5-1|2024] 1페이지까지 · 누적 3388건 (요청 10835회)
[초등 수학 5-1|2025] 1페이지까지 · 누적 3388건 (요청 10836회)
[초등 수학 5-1|2026] 1페이지까지 · 누적 3388건 (요청 10837회)
[초등 수학 5-1 박만구 AI 디지털 교육자료|2023] 1페이지까지 · 누적 3388건 (요청 10838회)
[초등 수학 5-1 박만구 AI 디지털 교육자료|2024] 1페이지까지 · 누적 3388건 (요청 10839회)
[초등 수학 5-1 박만구 AI 디지털 교육자료|2025] 1페이지까지 · 누적 3388건 (요청 10840회)
[초등 수학 5-1 박만구 AI 디지털 교육자료|2026] 1페이지까지 · 누적 3388건 (요청 10841회)
[초등 수학 5-1 한대희 AI 디지털 교육자료|2023] 1페이지까지 · 누적 3388건 (요청 10842회)
[초등 수학 5-1 한대희 AI 디지털 교육자료|2024] 1페이지까지 · 누적 3388건 (요청 10843회)
[초등 수학 5-1 한대희 AI 디지털 교육자료|2025] 1페이지까지 · 누적 3388건 (요청 10844회)
[초등 수학 5-1 한대희 AI 디지털 교육자료|2026] 1페이지까지 · 누적 3388건 (요청 10845회)
[초등 수학 5-2|2023] 1페이지까지 · 누적 3388건 (요청 10846회)
[초등 수학 5-2|2024] 1페이지까지 · 누적 3388건 (요청 10847회)
[초등 수학 5-2|2025] 1페이지까지 · 누적 3388건 (요청 10848회)
[초등 수학 5-2|2026] 1페이지까지 · 누적 3388건 (요청 10849회)
[초등 수학 5-2 박만구 AI 디지털 교육자료|2023] 1페이지까지 · 누적 3388건 (요청 10850회)
[초등 수학 5-2 박만구 AI 디지털 교육자료|2024] 1페이지까지 · 누적 3388건 (요청 10851회)
[초등 수학 5-2 박만구 AI 디지털 교육자료|2025] 1페이지까지 · 누적 3388건 (요청 10852회)
[초등 수학 5-2 박만구 AI 디지털 교육자료|2026] 1페이지까지 · 누적 3388건 (요청 10853회)
[초등 수학 5-2 한대희 AI 디지털 교육자료|2023] 1페이지까지 · 누적 3388건 (요청 10854회)
[초등 수학 5-2 한대희 AI 디지털 교육자료|2024] 1페이지까지 · 누적 3388건 (요청 10855회)
[초등 수학 5-2 한대희 AI 디지털 교육자료|2025] 1페이지까지 · 누적 3388건 (요청 10856회)
[초등 수학 5-2 한대희 AI 디지털 교육자료|2026] 1페이지까지 · 누적 3388건 (요청 10857회)
[초등 수학 6-1|2023] 1페이지까지 · 누적 3388건 (요청 10858회)
[초등 수학 6-1|2024] 1페이지까지 · 누적 3388건 (요청 10859회)
[초등 수학 6-1|2025] 1페이지까지 · 누적 3388건 (요청 10860회)
[초등 수학 6-1|2026] 1페이지까지 · 누적 3388건 (요청 10861회)
[초등 수학 6-1 박만구 AI 디지털 교육자료|2023] 1페이지까지 · 누적 3388건 (요청 10862회)
[초등 수학 6-1 박만구 AI 디지털 교육자료|2024] 1페이지까지 · 누적 3388건 (요청 10863회)
[초등 수학 6-1 박만구 AI 디지털 교육자료|2025] 1페이지까지 · 누적 3388건 (요청 10864회)
[초등 수학 6-1 박만구 AI 디지털 교육자료|2026] 1페이지까지 · 누적 3388건 (요청 10865회)
[초등 수학 6-1 한대희 AI 디지털 교육자료|2023] 1페이지까지 · 누적 3388건 (요청 10866회)
[초등 수학 6-1 한대희 AI 디지털 교육자료|2024] 1페이지까지 · 누적 3388건 (요청 10867회)
[초등 수학 6-1 한대희 AI 디지털 교육자료|2025] 1페이지까지 · 누적 3388건 (요청 10868회)
[초등 수학 6-1 한대희 AI 디지털 교육자료|2026] 1페이지까지 · 누적 3388건 (요청 10869회)
[초등 수학 6-2|2023] 1페이지까지 · 누적 3388건 (요청 10870회)
[초등 수학 6-2|2024] 1페이지까지 · 누적 3388건 (요청 10871회)
[초등 수학 6-2|2025] 1페이지까지 · 누적 3388건 (요청 10872회)
[초등 수학 6-2|2026] 1페이지까지 · 누적 3388건 (요청 10873회)
[초등 수학 6-2 박만구 AI 디지털 교육자료|2023] 1페이지까지 · 누적 3388건 (요청 10874회)
[초등 수학 6-2 박만구 AI 디지털 교육자료|2024] 1페이지까지 · 누적 3388건 (요청 10875회)
[초등 수학 6-2 박만구 AI 디지털 교육자료|2025] 1페이지까지 · 누적 3388건 (요청 10876회)
[초등 수학 6-2 박만구 AI 디지털 교육자료|2026] 1페이지까지 · 누적 3388건 (요청 10877회)
[초등 수학 6-2 한대희 AI 디지털 교육자료|2023] 1페이지까지 · 누적 3388건 (요청 10878회)
[초등 수학 6-2 한대희 AI 디지털 교육자료|2024] 1페이지까지 · 누적 3388건 (요청 10879회)
[초등 수학 6-2 한대희 AI 디지털 교육자료|2025] 1페이지까지 · 누적 3388건 (요청 10880회)
[초등 수학 6-2 한대희 AI 디지털 교육자료|2026] 1페이지까지 · 누적 3388건 (요청 10881회)
[초등 영어 3|2023] 1페이지까지 · 누적 3388건 (요청 10882회)
[초등 영어 3|2024] 1페이지까지 · 누적 3388건 (요청 10883회)
[초등 영어 3|2025] 1페이지까지 · 누적 3388건 (요청 10884회)
[초등 영어 3|2026] 1페이지까지 · 누적 3388건 (요청 10885회)
[초등 영어 3 김태은 AI 디지털 교육자료|2023] 1페이지까지 · 누적 3388건 (요청 10886회)
[초등 영어 3 김태은 AI 디지털 교육자료|2024] 1페이지까지 · 누적 3388건 (요청 10887회)
[초등 영어 3 김태은 AI 디지털 교육자료|2025] 1페이지까지 · 누적 3388건 (요청 10888회)
[초등 영어 3 김태은 AI 디지털 교육자료|2026] 1페이지까지 · 누적 3388건 (요청 10889회)
[초등 영어 3 이동환 AI 디지털 교육자료|2023] 1페이지까지 · 누적 3388건 (요청 10890회)
[초등 영어 3 이동환 AI 디지털 교육자료|2024] 1페이지까지 · 누적 3388건 (요청 10891회)
[초등 영어 3 이동환 AI 디지털 교육자료|2025] 1페이지까지 · 누적 3388건 (요청 10892회)
[초등 영어 3 이동환 AI 디지털 교육자료|2026] 1페이지까지 · 누적 3388건 (요청 10893회)
[초등 영어 3 함순애 AI 디지털 교육자료|2023] 1페이지까지 · 누적 3388건 (요청 10894회)
[초등 영어 3 함순애 AI 디지털 교육자료|2024] 1페이지까지 · 누적 3388건 (요청 10895회)
[초등 영어 3 함순애 AI 디지털 교육자료|2025] 1페이지까지 · 누적 3388건 (요청 10896회)
[초등 영어 3 함순애 AI 디지털 교육자료|2026] 1페이지까지 · 누적 3388건 (요청 10897회)
[초등 영어 4|2023] 1페이지까지 · 누적 3388건 (요청 10898회)
[초등 영어 4|2024] 1페이지까지 · 누적 3388건 (요청 10899회)
[초등 영어 4|2025] 1페이지까지 · 누적 3388건 (요청 10900회)
[초등 영어 4|2026] 1페이지까지 · 누적 3388건 (요청 10901회)
[초등 영어 4 김태은 AI 디지털 교육자료|2023] 1페이지까지 · 누적 3388건 (요청 10902회)
[초등 영어 4 김태은 AI 디지털 교육자료|2024] 1페이지까지 · 누적 3388건 (요청 10903회)
[초등 영어 4 김태은 AI 디지털 교육자료|2025] 1페이지까지 · 누적 3388건 (요청 10904회)
[초등 영어 4 김태은 AI 디지털 교육자료|2026] 1페이지까지 · 누적 3388건 (요청 10905회)
[초등 영어 4 이동환 AI 디지털 교육자료|2023] 1페이지까지 · 누적 3388건 (요청 10906회)
[초등 영어 4 이동환 AI 디지털 교육자료|2024] 1페이지까지 · 누적 3388건 (요청 10907회)
[초등 영어 4 이동환 AI 디지털 교육자료|2025] 1페이지까지 · 누적 3388건 (요청 10908회)
[초등 영어 4 이동환 AI 디지털 교육자료|2026] 1페이지까지 · 누적 3388건 (요청 10909회)
[초등 영어 4 함순애 AI 디지털 교육자료|2023] 1페이지까지 · 누적 3388건 (요청 10910회)
[초등 영어 4 함순애 AI 디지털 교육자료|2024] 1페이지까지 · 누적 3388건 (요청 10911회)
[초등 영어 4 함순애 AI 디지털 교육자료|2025] 1페이지까지 · 누적 3388건 (요청 10912회)
[초등 영어 4 함순애 AI 디지털 교육자료|2026] 1페이지까지 · 누적 3388건 (요청 10913회)
[초등 영어 5|2023] 1페이지까지 · 누적 3388건 (요청 10914회)
[초등 영어 5|2024] 1페이지까지 · 누적 3388건 (요청 10915회)
[초등 영어 5|2025] 1페이지까지 · 누적 3388건 (요청 10916회)
[초등 영어 5|2026] 1페이지까지 · 누적 3388건 (요청 10917회)
[초등 영어 5 김태은 AI 디지털 교육자료|2023] 1페이지까지 · 누적 3388건 (요청 10918회)
[초등 영어 5 김태은 AI 디지털 교육자료|2024] 1페이지까지 · 누적 3388건 (요청 10919회)
[초등 영어 5 김태은 AI 디지털 교육자료|2025] 1페이지까지 · 누적 3388건 (요청 10920회)
[초등 영어 5 김태은 AI 디지털 교육자료|2026] 1페이지까지 · 누적 3388건 (요청 10921회)
[초등 영어 5 이동환 AI 디지털 교육자료|2023] 1페이지까지 · 누적 3388건 (요청 10922회)
[초등 영어 5 이동환 AI 디지털 교육자료|2024] 1페이지까지 · 누적 3388건 (요청 10923회)
[초등 영어 5 이동환 AI 디지털 교육자료|2025] 1페이지까지 · 누적 3388건 (요청 10924회)
[초등 영어 5 이동환 AI 디지털 교육자료|2026] 1페이지까지 · 누적 3388건 (요청 10925회)
[초등 영어 5 함순애 AI 디지털 교육자료|2023] 1페이지까지 · 누적 3388건 (요청 10926회)
[초등 영어 5 함순애 AI 디지털 교육자료|2024] 1페이지까지 · 누적 3388건 (요청 10927회)
[초등 영어 5 함순애 AI 디지털 교육자료|2025] 1페이지까지 · 누적 3388건 (요청 10928회)
[초등 영어 5 함순애 AI 디지털 교육자료|2026] 1페이지까지 · 누적 3388건 (요청 10929회)
[초등 영어 6|2023] 1페이지까지 · 누적 3388건 (요청 10930회)
[초등 영어 6|2024] 1페이지까지 · 누적 3388건 (요청 10931회)
[초등 영어 6|2025] 1페이지까지 · 누적 3388건 (요청 10932회)
[초등 영어 6|2026] 1페이지까지 · 누적 3388건 (요청 10933회)
[초등 영어 6 김태은 AI 디지털 교육자료|2023] 1페이지까지 · 누적 3388건 (요청 10934회)
[초등 영어 6 김태은 AI 디지털 교육자료|2024] 1페이지까지 · 누적 3388건 (요청 10935회)
[초등 영어 6 김태은 AI 디지털 교육자료|2025] 1페이지까지 · 누적 3388건 (요청 10936회)
[초등 영어 6 김태은 AI 디지털 교육자료|2026] 1페이지까지 · 누적 3388건 (요청 10937회)
[초등 영어 6 이동환 AI 디지털 교육자료|2023] 1페이지까지 · 누적 3388건 (요청 10938회)
[초등 영어 6 이동환 AI 디지털 교육자료|2024] 1페이지까지 · 누적 3388건 (요청 10939회)
[초등 영어 6 이동환 AI 디지털 교육자료|2025] 1페이지까지 · 누적 3388건 (요청 10940회)
[초등 영어 6 이동환 AI 디지털 교육자료|2026] 1페이지까지 · 누적 3388건 (요청 10941회)
[초등 영어 6 함순애 AI 디지털 교육자료|2023] 1페이지까지 · 누적 3388건 (요청 10942회)
[초등 영어 6 함순애 AI 디지털 교육자료|2024] 1페이지까지 · 누적 3388건 (요청 10943회)
[초등 영어 6 함순애 AI 디지털 교육자료|2025] 1페이지까지 · 누적 3388건 (요청 10944회)
[초등 영어 6 함순애 AI 디지털 교육자료|2026] 1페이지까지 · 누적 3388건 (요청 10945회)
[초등 온라인 영어 콘텐츠|2023] 1페이지까지 · 누적 3388건 (요청 10946회)
[초등 온라인 영어 콘텐츠|2024] 1페이지까지 · 누적 3388건 (요청 10947회)
[초등 온라인 영어 콘텐츠|2025] 1페이지까지 · 누적 3388건 (요청 10948회)
[초등 온라인 영어 콘텐츠|2026] 1페이지까지 · 누적 3388건 (요청 10949회)
[초등 온평가 시스템|2023] 1페이지까지 · 누적 3388건 (요청 10950회)
[초등 온평가 시스템|2024] 1페이지까지 · 누적 3388건 (요청 10951회)
[초등 온평가 시스템|2025] 1페이지까지 · 누적 3388건 (요청 10952회)
[초등 온평가 시스템|2026] 1페이지까지 · 누적 3388건 (요청 10953회)
[초등연구학교상설전시관|2023] 1페이지까지 · 누적 3388건 (요청 10954회)
[초등연구학교상설전시관|2024] 1페이지까지 · 누적 3388건 (요청 10955회)
[초등연구학교상설전시관|2025] 1페이지까지 · 누적 3388건 (요청 10956회)
[초등연구학교상설전시관|2026] 1페이지까지 · 누적 3388건 (요청 10957회)
[초등영어활용노트 어휘|2023] 1페이지까지 · 누적 3388건 (요청 10958회)
[초등영어활용노트 어휘|2024] 1페이지까지 · 누적 3388건 (요청 10959회)
[초등영어활용노트 어휘|2025] 1페이지까지 · 누적 3388건 (요청 10960회)
[초등영어활용노트 어휘|2026] 1페이지까지 · 누적 3388건 (요청 10961회)
[초등학교 정보여행|2023] 1페이지까지 · 누적 3388건 (요청 10962회)
[초등학교 정보여행|2024] 1페이지까지 · 누적 3388건 (요청 10963회)
[초등학교 정보여행|2025] 1페이지까지 · 누적 3388건 (요청 10964회)
[초등학교 정보여행|2026] 1페이지까지 · 누적 3388건 (요청 10965회)
[초록발자국|2023] 1페이지까지 · 누적 3388건 (요청 10966회)
[초록발자국|2024] 1페이지까지 · 누적 3388건 (요청 10967회)
[초록발자국|2025] 1페이지까지 · 누적 3405건 (요청 10985회)
[초록발자국|2026] 1페이지까지 · 누적 3405건 (요청 10986회)
[초록지도|2023] 1페이지까지 · 누적 3405건 (요청 10987회)
[초록지도|2024] 1페이지까지 · 누적 3405건 (요청 10988회)
[초록지도|2025] 1페이지까지 · 누적 3405건 (요청 10989회)
[초록지도|2026] 1페이지까지 · 누적 3405건 (요청 10990회)
[초코마에|2023] 1페이지까지 · 누적 3405건 (요청 10991회)
[초코마에|2024] 1페이지까지 · 누적 3405건 (요청 10992회)
[초코마에|2025] 1페이지까지 · 누적 3405건 (요청 10993회)
[초코마에|2026] 1페이지까지 · 누적 3405건 (요청 10994회)
[초코클래스|2023] 1페이지까지 · 누적 3405건 (요청 10995회)
[초코클래스|2024] 1페이지까지 · 누적 3405건 (요청 10996회)
[초코클래스|2025] 1페이지까지 · 누적 3405건 (요청 10997회)
[초코클래스|2026] 1페이지까지 · 누적 3405건 (요청 10998회)
[초코파이썬|2023] 1페이지까지 · 누적 3405건 (요청 10999회)
[초코파이썬|2024] 1페이지까지 · 누적 3405건 (요청 11000회)
[초코파이썬|2025] 1페이지까지 · 누적 3405건 (요청 11001회)
[초코파이썬|2026] 1페이지까지 · 누적 3405건 (요청 11002회)
[초코파이썬 AI SW|2023] 1페이지까지 · 누적 3405건 (요청 11003회)
[초코파이썬 AI SW|2024] 1페이지까지 · 누적 3405건 (요청 11004회)
[초코파이썬 AI SW|2025] 1페이지까지 · 누적 3405건 (요청 11005회)
[초코파이썬 AI SW|2026] 1페이지까지 · 누적 3405건 (요청 11006회)
[최소성취수준보장 예방지도 출석부|2023] 1페이지까지 · 누적 3405건 (요청 11007회)
[최소성취수준보장 예방지도 출석부|2024] 1페이지까지 · 누적 3405건 (요청 11008회)
[최소성취수준보장 예방지도 출석부|2025] 1페이지까지 · 누적 3405건 (요청 11009회)
[최소성취수준보장 예방지도 출석부|2026] 1페이지까지 · 누적 3405건 (요청 11010회)
[추리추리춤추리|2023] 1페이지까지 · 누적 3405건 (요청 11011회)
[추리추리춤추리|2024] 1페이지까지 · 누적 3405건 (요청 11012회)
[추리추리춤추리|2025] 1페이지까지 · 누적 3405건 (요청 11013회)
[추리추리춤추리|2026] 1페이지까지 · 누적 3405건 (요청 11014회)
[출결관리 시스템|2023] 1페이지까지 · 누적 3405건 (요청 11015회)
[출결관리 시스템|2024] 1페이지까지 · 누적 3405건 (요청 11016회)
[출결관리 시스템|2025] 1페이지까지 · 누적 3405건 (요청 11017회)
[출결관리 시스템|2026] 1페이지까지 · 누적 3405건 (요청 11018회)
[출동! 멸종위기 동물 구조 작전 몬스터카|2023] 1페이지까지 · 누적 3405건 (요청 11019회)
[출동! 멸종위기 동물 구조 작전 몬스터카|2024] 1페이지까지 · 누적 3405건 (요청 11020회)
[출동! 멸종위기 동물 구조 작전 몬스터카|2025] 1페이지까지 · 누적 3405건 (요청 11021회)
[출동! 멸종위기 동물 구조 작전 몬스터카|2026] 1페이지까지 · 누적 3405건 (요청 11022회)
[충남진로이력관리시스템|2023] 1페이지까지 · 누적 3405건 (요청 11023회)
[충남진로이력관리시스템|2024] 1페이지까지 · 누적 3405건 (요청 11024회)
[충남진로이력관리시스템|2025] 1페이지까지 · 누적 3405건 (요청 11025회)
[충남진로이력관리시스템|2026] 1페이지까지 · 누적 3405건 (요청 11026회)
[충북 학생 체인지 플랫폼|2023] 1페이지까지 · 누적 3405건 (요청 11027회)
[충북 학생 체인지 플랫폼|2024] 1페이지까지 · 누적 3405건 (요청 11028회)
[충북 학생 체인지 플랫폼|2025] 1페이지까지 · 누적 3405건 (요청 11029회)
[충북 학생 체인지 플랫폼|2026] 1페이지까지 · 누적 3405건 (요청 11030회)
[충북온라인학교 수업 관리 시스템|2023] 1페이지까지 · 누적 3405건 (요청 11031회)
[충북온라인학교 수업 관리 시스템|2024] 1페이지까지 · 누적 3405건 (요청 11032회)
[충북온라인학교 수업 관리 시스템|2025] 1페이지까지 · 누적 3405건 (요청 11033회)
[충북온라인학교 수업 관리 시스템|2026] 1페이지까지 · 누적 3405건 (요청 11034회)
[충청남도교육청 통합도서관|2023] 1페이지까지 · 누적 3405건 (요청 11035회)
[충청남도교육청 통합도서관|2024] 1페이지까지 · 누적 3405건 (요청 11036회)
[충청남도교육청 통합도서관|2025] 1페이지까지 · 누적 3405건 (요청 11037회)
[충청남도교육청 통합도서관|2026] 1페이지까지 · 누적 3405건 (요청 11038회)
[치즈스틱|2023] 1페이지까지 · 누적 3405건 (요청 11039회)
[치즈스틱|2024] 1페이지까지 · 누적 3406건 (요청 11041회)
[치즈스틱|2025] 1페이지까지 · 누적 3407건 (요청 11043회)
[치즈스틱|2026] 1페이지까지 · 누적 3408건 (요청 11045회)
[친환경 STEAM 융합 교구 '아트봇 '|2023] 1페이지까지 · 누적 3408건 (요청 11046회)
[친환경 STEAM 융합 교구 '아트봇 '|2024] 1페이지까지 · 누적 3408건 (요청 11047회)
[친환경 STEAM 융합 교구 '아트봇 '|2025] 1페이지까지 · 누적 3408건 (요청 11048회)
[친환경 STEAM 융합 교구 '아트봇 '|2026] 1페이지까지 · 누적 3408건 (요청 11049회)
[친환경 전기자동차|2023] 1페이지까지 · 누적 3408건 (요청 11050회)
[친환경 전기자동차|2024] 1페이지까지 · 누적 3408건 (요청 11051회)
[친환경 전기자동차|2025] 1페이지까지 · 누적 3408건 (요청 11052회)
[친환경 전기자동차|2026] 1페이지까지 · 누적 3408건 (요청 11053회)
[칭찬모아|2023] 1페이지까지 · 누적 3408건 (요청 11054회)
[칭찬모아|2024] 1페이지까지 · 누적 3408건 (요청 11055회)
[칭찬모아|2025] 1페이지까지 · 누적 3408건 (요청 11056회)
[칭찬모아|2026] 1페이지까지 · 누적 3408건 (요청 11057회)
[카그모테스트|2023] 1페이지까지 · 누적 3408건 (요청 11058회)
[카그모테스트|2024] 1페이지까지 · 누적 3408건 (요청 11059회)
[카그모테스트|2025] 1페이지까지 · 누적 3408건 (요청 11060회)
[카그모테스트|2026] 1페이지까지 · 누적 3408건 (요청 11061회)
[카디오링크|2023] 1페이지까지 · 누적 3408건 (요청 11062회)
[카디오링크|2024] 1페이지까지 · 누적 3408건 (요청 11063회)
[카디오링크|2025] 1페이지까지 · 누적 3408건 (요청 11064회)
[카디오링크|2026] 1페이지까지 · 누적 3408건 (요청 11065회)
[카미봇파이AI|2023] 1페이지까지 · 누적 3408건 (요청 11066회)
[카미봇파이AI|2024] 1페이지까지 · 누적 3408건 (요청 11067회)
[카미봇파이AI|2025] 1페이지까지 · 누적 3408건 (요청 11068회)
[카미봇파이AI|2026] 1페이지까지 · 누적 3408건 (요청 11069회)
[카카오톡 및 톡채널, 카카오맵, 카카오메일|2023] 1페이지까지 · 누적 3408건 (요청 11070회)
[카카오톡 및 톡채널, 카카오맵, 카카오메일|2024] 1페이지까지 · 누적 3408건 (요청 11071회)
[카카오톡 및 톡채널, 카카오맵, 카카오메일|2025] 1페이지까지 · 누적 3408건 (요청 11072회)
[카카오톡 및 톡채널, 카카오맵, 카카오메일|2026] 1페이지까지 · 누적 3408건 (요청 11073회)
[카피킬러|2023] 1페이지까지 · 누적 3408건 (요청 11074회)
[카피킬러|2024] 1페이지까지 · 누적 3408건 (요청 11075회)
[카피킬러|2025] 1페이지까지 · 누적 3408건 (요청 11076회)
[카피킬러|2026] 1페이지까지 · 누적 3408건 (요청 11077회)
[카피킬러스쿨|2023] 1페이지까지 · 누적 3408건 (요청 11078회)
[카피킬러스쿨|2024] 1페이지까지 · 누적 3408건 (요청 11079회)
[카피킬러스쿨|2025] 1페이지까지 · 누적 3408건 (요청 11080회)
[카피킬러스쿨|2026] 1페이지까지 · 누적 3408건 (요청 11081회)
[카훗 화이트보드|2023] 1페이지까지 · 누적 3408건 (요청 11082회)
[카훗 화이트보드|2024] 1페이지까지 · 누적 3408건 (요청 11083회)
[카훗 화이트보드|2025] 1페이지까지 · 누적 3408건 (요청 11084회)
[카훗 화이트보드|2026] 1페이지까지 · 누적 3408건 (요청 11085회)
[칼리지스|2023] 1페이지까지 · 누적 3408건 (요청 11086회)
[칼리지스|2024] 1페이지까지 · 누적 3408건 (요청 11087회)
[칼리지스|2025] 1페이지까지 · 누적 3408건 (요청 11088회)
[칼리지스|2026] 1페이지까지 · 누적 3408건 (요청 11089회)
[캐럿AI|2023] 1페이지까지 · 누적 3408건 (요청 11090회)
[캐럿AI|2024] 1페이지까지 · 누적 3408건 (요청 11091회)
[캐럿AI|2025] 1페이지까지 · 누적 3408건 (요청 11092회)
[캐럿AI|2026] 1페이지까지 · 누적 3408건 (요청 11093회)
[캘리그라퍼 키트|2023] 1페이지까지 · 누적 3408건 (요청 11094회)
[캘리그라퍼 키트|2024] 1페이지까지 · 누적 3408건 (요청 11095회)
[캘리그라퍼 키트|2025] 1페이지까지 · 누적 3408건 (요청 11096회)
[캘리그라퍼 키트|2026] 1페이지까지 · 누적 3408건 (요청 11097회)
[캠스몬|2023] 1페이지까지 · 누적 3408건 (요청 11098회)
[캠스몬|2024] 1페이지까지 · 누적 3408건 (요청 11099회)
[캠스몬|2025] 1페이지까지 · 누적 3408건 (요청 11100회)
[캠스몬|2026] 1페이지까지 · 누적 3408건 (요청 11101회)
[캣그라스 & 리필|2023] 1페이지까지 · 누적 3408건 (요청 11102회)
[캣그라스 & 리필|2024] 1페이지까지 · 누적 3408건 (요청 11103회)
[캣그라스 & 리필|2025] 1페이지까지 · 누적 3408건 (요청 11104회)
[캣그라스 & 리필|2026] 1페이지까지 · 누적 3408건 (요청 11105회)
[커넥트|2023] 1페이지까지 · 누적 3409건 (요청 11107회)
[커넥트|2024] 1페이지까지 · 누적 3409건 (요청 11108회)
[커넥트|2025] 1페이지까지 · 누적 3424건 (요청 11124회)
[커넥트|2026] 1페이지까지 · 누적 3429건 (요청 11130회)
[커리어킷|2023] 1페이지까지 · 누적 3429건 (요청 11131회)
[커리어킷|2024] 1페이지까지 · 누적 3429건 (요청 11132회)
[커리어킷|2025] 1페이지까지 · 누적 3429건 (요청 11133회)
[커리어킷|2026] 1페이지까지 · 누적 3429건 (요청 11134회)
[커리즌|2023] 1페이지까지 · 누적 3429건 (요청 11135회)
[커리즌|2024] 1페이지까지 · 누적 3429건 (요청 11136회)
[커리즌|2025] 1페이지까지 · 누적 3429건 (요청 11137회)
[커리즌|2026] 1페이지까지 · 누적 3429건 (요청 11138회)
[커뮤니샷|2023] 1페이지까지 · 누적 3429건 (요청 11139회)
[커뮤니샷|2024] 1페이지까지 · 누적 3429건 (요청 11140회)
[커뮤니샷|2025] 1페이지까지 · 누적 3429건 (요청 11141회)
[커뮤니샷|2026] 1페이지까지 · 누적 3429건 (요청 11142회)
[컵 글라이더 키트|2023] 1페이지까지 · 누적 3429건 (요청 11143회)
[컵 글라이더 키트|2024] 1페이지까지 · 누적 3429건 (요청 11144회)
[컵 글라이더 키트|2025] 1페이지까지 · 누적 3429건 (요청 11145회)
[컵 글라이더 키트|2026] 1페이지까지 · 누적 3429건 (요청 11146회)
[컵가든|2023] 1페이지까지 · 누적 3429건 (요청 11147회)
[컵가든|2024] 1페이지까지 · 누적 3429건 (요청 11148회)
[컵가든|2025] 1페이지까지 · 누적 3431건 (요청 11151회)
[컵가든|2026] 1페이지까지 · 누적 3431건 (요청 11152회)
[케이닷아이그림|2023] 1페이지까지 · 누적 3431건 (요청 11153회)
[케이닷아이그림|2024] 1페이지까지 · 누적 3431건 (요청 11154회)
[케이닷아이그림|2025] 1페이지까지 · 누적 3431건 (요청 11155회)
[케이닷아이그림|2026] 1페이지까지 · 누적 3431건 (요청 11156회)
[케이렙|2023] 1페이지까지 · 누적 3431건 (요청 11157회)
[케이렙|2024] 1페이지까지 · 누적 3431건 (요청 11158회)
[케이렙|2025] 1페이지까지 · 누적 3431건 (요청 11159회)
[케이렙|2026] 1페이지까지 · 누적 3431건 (요청 11160회)
[케이파닉스한글|2023] 1페이지까지 · 누적 3431건 (요청 11161회)
[케이파닉스한글|2024] 1페이지까지 · 누적 3431건 (요청 11162회)
[케이파닉스한글|2025] 1페이지까지 · 누적 3431건 (요청 11163회)
[케이파닉스한글|2026] 1페이지까지 · 누적 3431건 (요청 11164회)
[케이핌즈|2023] 1페이지까지 · 누적 3431건 (요청 11165회)
[케이핌즈|2024] 1페이지까지 · 누적 3431건 (요청 11166회)
[케이핌즈|2025] 1페이지까지 · 누적 3431건 (요청 11167회)
[케이핌즈|2026] 1페이지까지 · 누적 3431건 (요청 11168회)
[코그업플레이|2023] 1페이지까지 · 누적 3431건 (요청 11169회)
[코그업플레이|2024] 1페이지까지 · 누적 3431건 (요청 11170회)
[코그업플레이|2025] 1페이지까지 · 누적 3431건 (요청 11171회)
[코그업플레이|2026] 1페이지까지 · 누적 3431건 (요청 11172회)
[코드닷오알지|2023] 1페이지까지 · 누적 3431건 (요청 11173회)
[코드닷오알지|2024] 1페이지까지 · 누적 3431건 (요청 11174회)
[코드닷오알지|2025] 1페이지까지 · 누적 3431건 (요청 11175회)
[코드닷오알지|2026] 1페이지까지 · 누적 3431건 (요청 11176회)
[코드닷오알지 스튜디오|2023] 1페이지까지 · 누적 3431건 (요청 11177회)
[코드닷오알지 스튜디오|2024] 1페이지까지 · 누적 3431건 (요청 11178회)
[코드닷오알지 스튜디오|2025] 1페이지까지 · 누적 3431건 (요청 11179회)
[코드닷오알지 스튜디오|2026] 1페이지까지 · 누적 3431건 (요청 11180회)
[코드론 / 로킷 브릭|2023] 1페이지까지 · 누적 3431건 (요청 11181회)
[코드론 / 로킷 브릭|2024] 1페이지까지 · 누적 3431건 (요청 11182회)
[코드론 / 로킷 브릭|2025] 1페이지까지 · 누적 3431건 (요청 11183회)
[코드론 / 로킷 브릭|2026] 1페이지까지 · 누적 3431건 (요청 11184회)
[코드론 / 블록클리|2023] 1페이지까지 · 누적 3431건 (요청 11185회)
[코드론 / 블록클리|2024] 1페이지까지 · 누적 3431건 (요청 11186회)
[코드론 / 블록클리|2025] 1페이지까지 · 누적 3431건 (요청 11187회)
[코드론 / 블록클리|2026] 1페이지까지 · 누적 3431건 (요청 11188회)
[코드론 EDU|2023] 1페이지까지 · 누적 3431건 (요청 11189회)
[코드론 EDU|2024] 1페이지까지 · 누적 3431건 (요청 11190회)
[코드론 EDU|2025] 1페이지까지 · 누적 3431건 (요청 11191회)
[코드론 EDU|2026] 1페이지까지 · 누적 3431건 (요청 11192회)
[코드론 미니|2023] 1페이지까지 · 누적 3431건 (요청 11193회)
[코드론 미니|2024] 1페이지까지 · 누적 3431건 (요청 11194회)
[코드론 미니|2025] 1페이지까지 · 누적 3433건 (요청 11197회)
[코드론 미니|2026] 1페이지까지 · 누적 3433건 (요청 11198회)
[코드마에스트로|2023] 1페이지까지 · 누적 3433건 (요청 11199회)
[코드마에스트로|2024] 1페이지까지 · 누적 3433건 (요청 11200회)
[코드마에스트로|2025] 1페이지까지 · 누적 3433건 (요청 11201회)
[코드마에스트로|2026] 1페이지까지 · 누적 3433건 (요청 11202회)
[코드모스|2023] 1페이지까지 · 누적 3434건 (요청 11204회)
[코드모스|2024] 1페이지까지 · 누적 3439건 (요청 11210회)
[코드모스|2025] 1페이지까지 · 누적 3440건 (요청 11212회)
[코드모스|2026] 1페이지까지 · 누적 3440건 (요청 11213회)
[코드몽키|2023] 1페이지까지 · 누적 3440건 (요청 11214회)
[코드몽키|2024] 1페이지까지 · 누적 3440건 (요청 11215회)
[코드몽키|2025] 1페이지까지 · 누적 3440건 (요청 11216회)
[코드몽키|2026] 1페이지까지 · 누적 3440건 (요청 11217회)
[코드스타트|2023] 1페이지까지 · 누적 3440건 (요청 11218회)
[코드스타트|2024] 1페이지까지 · 누적 3440건 (요청 11219회)
[코드스타트|2025] 1페이지까지 · 누적 3440건 (요청 11220회)
[코드스타트|2026] 1페이지까지 · 누적 3440건 (요청 11221회)
[코드쌤봇|2023] 1페이지까지 · 누적 3440건 (요청 11222회)
[코드쌤봇|2024] 1페이지까지 · 누적 3440건 (요청 11223회)
[코드쌤봇|2025] 1페이지까지 · 누적 3440건 (요청 11224회)
[코드쌤봇|2026] 1페이지까지 · 누적 3440건 (요청 11225회)
[코드온|2023] 1페이지까지 · 누적 3440건 (요청 11226회)
[코드온|2024] 1페이지까지 · 누적 3440건 (요청 11227회)
[코드온|2025] 1페이지까지 · 누적 3440건 (요청 11228회)
[코드온|2026] 1페이지까지 · 누적 3440건 (요청 11229회)
[코드위즈|2023] 1페이지까지 · 누적 3440건 (요청 11230회)
[코드위즈|2024] 1페이지까지 · 누적 3440건 (요청 11231회)
[코드위즈|2025] 1페이지까지 · 누적 3440건 (요청 11232회)
[코드위즈|2026] 1페이지까지 · 누적 3440건 (요청 11233회)
[코드이썬|2023] 1페이지까지 · 누적 3440건 (요청 11234회)
[코드이썬|2024] 1페이지까지 · 누적 3440건 (요청 11235회)
[코드이썬|2025] 1페이지까지 · 누적 3440건 (요청 11236회)
[코드이썬|2026] 1페이지까지 · 누적 3440건 (요청 11237회)
[코드잇|2023] 1페이지까지 · 누적 3440건 (요청 11238회)
[코드잇|2024] 1페이지까지 · 누적 3440건 (요청 11239회)
[코드잇|2025] 1페이지까지 · 누적 3440건 (요청 11240회)
[코드잇|2026] 1페이지까지 · 누적 3440건 (요청 11241회)
[코드코렉트|2023] 1페이지까지 · 누적 3440건 (요청 11242회)
[코드코렉트|2024] 1페이지까지 · 누적 3440건 (요청 11243회)
[코드코렉트|2025] 1페이지까지 · 누적 3440건 (요청 11244회)
[코드코렉트|2026] 1페이지까지 · 누적 3440건 (요청 11245회)
[코드트리|2023] 1페이지까지 · 누적 3440건 (요청 11246회)
[코드트리|2024] 1페이지까지 · 누적 3440건 (요청 11247회)
[코드트리|2025] 1페이지까지 · 누적 3440건 (요청 11248회)
[코드트리|2026] 1페이지까지 · 누적 3440건 (요청 11249회)
[코드프렌즈|2023] 1페이지까지 · 누적 3440건 (요청 11250회)
[코드프렌즈|2024] 1페이지까지 · 누적 3440건 (요청 11251회)
[코드프렌즈|2025] 1페이지까지 · 누적 3440건 (요청 11252회)
[코드프렌즈|2026] 1페이지까지 · 누적 3440건 (요청 11253회)
[코들 AI 클래스룸|2023] 1페이지까지 · 누적 3440건 (요청 11254회)
[코들 AI 클래스룸|2024] 1페이지까지 · 누적 3440건 (요청 11255회)
[코들 AI 클래스룸|2025] 1페이지까지 · 누적 3440건 (요청 11256회)
[코들 AI 클래스룸|2026] 1페이지까지 · 누적 3440건 (요청 11257회)
[코들리|2023] 1페이지까지 · 누적 3440건 (요청 11258회)
[코들리|2024] 1페이지까지 · 누적 3440건 (요청 11259회)
[코들리|2025] 1페이지까지 · 누적 3440건 (요청 11260회)
[코들리|2026] 1페이지까지 · 누적 3440건 (요청 11261회)
[코디로키|2023] 1페이지까지 · 누적 3440건 (요청 11262회)
[코디로키|2024] 1페이지까지 · 누적 3440건 (요청 11263회)
[코디로키|2025] 1페이지까지 · 누적 3440건 (요청 11264회)
[코디로키|2026] 1페이지까지 · 누적 3440건 (요청 11265회)
[코디마스터 NFC출석체크|2023] 1페이지까지 · 누적 3440건 (요청 11266회)
[코디마스터 NFC출석체크|2024] 1페이지까지 · 누적 3440건 (요청 11267회)
[코디마스터 NFC출석체크|2025] 1페이지까지 · 누적 3440건 (요청 11268회)
[코디마스터 NFC출석체크|2026] 1페이지까지 · 누적 3440건 (요청 11269회)
[코디마스터 방과후관리시스템|2023] 1페이지까지 · 누적 3440건 (요청 11270회)
[코디마스터 방과후관리시스템|2024] 1페이지까지 · 누적 3440건 (요청 11271회)
[코디마스터 방과후관리시스템|2025] 1페이지까지 · 누적 3440건 (요청 11272회)
[코디마스터 방과후관리시스템|2026] 1페이지까지 · 누적 3440건 (요청 11273회)
[코디마스터 자유학기제관리시스템|2023] 1페이지까지 · 누적 3440건 (요청 11274회)
[코디마스터 자유학기제관리시스템|2024] 1페이지까지 · 누적 3440건 (요청 11275회)
[코디마스터 자유학기제관리시스템|2025] 1페이지까지 · 누적 3440건 (요청 11276회)
[코디마스터 자유학기제관리시스템|2026] 1페이지까지 · 누적 3440건 (요청 11277회)
[코디마스터-방과후관리플랫폼|2023] 1페이지까지 · 누적 3440건 (요청 11278회)
[코디마스터-방과후관리플랫폼|2024] 1페이지까지 · 누적 3440건 (요청 11279회)
[코디마스터-방과후관리플랫폼|2025] 1페이지까지 · 누적 3440건 (요청 11280회)
[코디마스터-방과후관리플랫폼|2026] 1페이지까지 · 누적 3440건 (요청 11281회)
[코디플레이|2023] 1페이지까지 · 누적 3440건 (요청 11282회)
[코디플레이|2024] 1페이지까지 · 누적 3440건 (요청 11283회)
[코디플레이|2025] 1페이지까지 · 누적 3440건 (요청 11284회)
[코디플레이|2026] 1페이지까지 · 누적 3440건 (요청 11285회)
[코딩로봇 네오스파이더|2023] 1페이지까지 · 누적 3440건 (요청 11286회)
[코딩로봇 네오스파이더|2024] 1페이지까지 · 누적 3440건 (요청 11287회)
[코딩로봇 네오스파이더|2025] 1페이지까지 · 누적 3440건 (요청 11288회)
[코딩로봇 네오스파이더|2026] 1페이지까지 · 누적 3440건 (요청 11289회)
[코딩로봇 로이|2023] 1페이지까지 · 누적 3440건 (요청 11290회)
[코딩로봇 로이|2024] 1페이지까지 · 누적 3440건 (요청 11291회)
[코딩로봇 로이|2025] 1페이지까지 · 누적 3440건 (요청 11292회)
[코딩로봇 로이|2026] 1페이지까지 · 누적 3440건 (요청 11293회)
[코딩스쿨|2023] 1페이지까지 · 누적 3440건 (요청 11294회)
[코딩스쿨|2024] 1페이지까지 · 누적 3440건 (요청 11295회)
[코딩스쿨|2025] 1페이지까지 · 누적 3440건 (요청 11296회)
[코딩스쿨|2026] 1페이지까지 · 누적 3440건 (요청 11297회)
[코딩판다|2023] 1페이지까지 · 누적 3440건 (요청 11298회)
[코딩판다|2024] 1페이지까지 · 누적 3440건 (요청 11299회)
[코딩판다|2025] 1페이지까지 · 누적 3440건 (요청 11300회)
[코딩판다|2026] 1페이지까지 · 누적 3440건 (요청 11301회)
[코비하우스VR|2023] 1페이지까지 · 누적 3440건 (요청 11302회)
[코비하우스VR|2024] 1페이지까지 · 누적 3440건 (요청 11303회)
[코비하우스VR|2025] 1페이지까지 · 누적 3440건 (요청 11304회)
[코비하우스VR|2026] 1페이지까지 · 누적 3440건 (요청 11305회)
[코스모스 AI|2023] 1페이지까지 · 누적 3440건 (요청 11306회)
[코스모스 AI|2024] 1페이지까지 · 누적 3440건 (요청 11307회)
[코스모스 AI|2025] 1페이지까지 · 누적 3440건 (요청 11308회)
[코스모스 AI|2026] 1페이지까지 · 누적 3440건 (요청 11309회)
[코알라보드|2023] 1페이지까지 · 누적 3440건 (요청 11310회)
[코알라보드|2024] 1페이지까지 · 누적 3440건 (요청 11311회)
[코알라보드|2025] 1페이지까지 · 누적 3440건 (요청 11312회)
[코알라보드|2026] 1페이지까지 · 누적 3440건 (요청 11313회)
[코에듀|2023] 1페이지까지 · 누적 3440건 (요청 11314회)
[코에듀|2024] 1페이지까지 · 누적 3440건 (요청 11315회)
[코에듀|2025] 1페이지까지 · 누적 3440건 (요청 11316회)
[코에듀|2026] 1페이지까지 · 누적 3440건 (요청 11317회)
[코코보드|2023] 1페이지까지 · 누적 3440건 (요청 11318회)
[코코보드|2024] 1페이지까지 · 누적 3440건 (요청 11319회)
[코코보드|2025] 1페이지까지 · 누적 3440건 (요청 11320회)
[코코보드|2026] 1페이지까지 · 누적 3441건 (요청 11322회)
[코코봇|2023] 1페이지까지 · 누적 3441건 (요청 11323회)
[코코봇|2024] 1페이지까지 · 누적 3441건 (요청 11324회)
[코코봇|2025] 1페이지까지 · 누적 3441건 (요청 11325회)
[코코봇|2026] 1페이지까지 · 누적 3441건 (요청 11326회)
[콘텐츠 플러스|2023] 1페이지까지 · 누적 3441건 (요청 11327회)
[콘텐츠 플러스|2024] 1페이지까지 · 누적 3441건 (요청 11328회)
[콘텐츠 플러스|2025] 1페이지까지 · 누적 3441건 (요청 11329회)
[콘텐츠 플러스|2026] 1페이지까지 · 누적 3441건 (요청 11330회)
[콘텐츠플러스|2023] 1페이지까지 · 누적 3441건 (요청 11331회)
[콘텐츠플러스|2024] 1페이지까지 · 누적 3441건 (요청 11332회)
[콘텐츠플러스|2025] 1페이지까지 · 누적 3441건 (요청 11333회)
[콘텐츠플러스|2026] 1페이지까지 · 누적 3441건 (요청 11334회)
[쿠링 VR AI 코딩어드벤처|2023] 1페이지까지 · 누적 3441건 (요청 11335회)
[쿠링 VR AI 코딩어드벤처|2024] 1페이지까지 · 누적 3441건 (요청 11336회)
[쿠링 VR AI 코딩어드벤처|2025] 1페이지까지 · 누적 3441건 (요청 11337회)
[쿠링 VR AI 코딩어드벤처|2026] 1페이지까지 · 누적 3441건 (요청 11338회)
[쿨메신저|2023] 1페이지까지 · 누적 3442건 (요청 11340회)
[쿨메신저|2024] 1페이지까지 · 누적 3455건 (요청 11354회)
[쿨메신저|2025] 1페이지까지 · 누적 3496건 (요청 11396회)
[쿨메신저|2026] 1페이지까지 · 누적 3515건 (요청 11416회)
[퀘스트북|2023] 1페이지까지 · 누적 3515건 (요청 11417회)
[퀘스트북|2024] 1페이지까지 · 누적 3515건 (요청 11418회)
[퀘스트북|2025] 1페이지까지 · 누적 3515건 (요청 11419회)
[퀘스트북|2026] 1페이지까지 · 누적 3515건 (요청 11420회)
[퀘스트스쿨|2023] 1페이지까지 · 누적 3515건 (요청 11421회)
[퀘스트스쿨|2024] 1페이지까지 · 누적 3515건 (요청 11422회)
[퀘스트스쿨|2025] 1페이지까지 · 누적 3515건 (요청 11423회)
[퀘스트스쿨|2026] 1페이지까지 · 누적 3515건 (요청 11424회)
[퀴즈마블|2023] 1페이지까지 · 누적 3515건 (요청 11425회)
[퀴즈마블|2024] 1페이지까지 · 누적 3515건 (요청 11426회)
[퀴즈마블|2025] 1페이지까지 · 누적 3515건 (요청 11427회)
[퀴즈마블|2026] 1페이지까지 · 누적 3515건 (요청 11428회)
[퀴즈볼|2023] 1페이지까지 · 누적 3515건 (요청 11429회)
[퀴즈볼|2024] 1페이지까지 · 누적 3515건 (요청 11430회)
[퀴즈볼|2025] 1페이지까지 · 누적 3515건 (요청 11431회)
[퀴즈볼|2026] 1페이지까지 · 누적 3515건 (요청 11432회)
[퀴즈앤|2023] 1페이지까지 · 누적 3515건 (요청 11433회)
[퀴즈앤|2024] 1페이지까지 · 누적 3515건 (요청 11434회)
[퀴즈앤|2025] 1페이지까지 · 누적 3520건 (요청 11440회)
[퀴즈앤|2026] 1페이지까지 · 누적 3520건 (요청 11441회)
[퀴즈올 온라인 퀴즈 SW|2023] 1페이지까지 · 누적 3520건 (요청 11442회)
[퀴즈올 온라인 퀴즈 SW|2024] 1페이지까지 · 누적 3520건 (요청 11443회)
[퀴즈올 온라인 퀴즈 SW|2025] 1페이지까지 · 누적 3520건 (요청 11444회)
[퀴즈올 온라인 퀴즈 SW|2026] 1페이지까지 · 누적 3520건 (요청 11445회)
[큐로AI|2023] 1페이지까지 · 누적 3520건 (요청 11446회)
[큐로AI|2024] 1페이지까지 · 누적 3520건 (요청 11447회)
[큐로AI|2025] 1페이지까지 · 누적 3520건 (요청 11448회)
[큐로AI|2026] 1페이지까지 · 누적 3520건 (요청 11449회)
[큐리오 매쓰매쓰|2023] 1페이지까지 · 누적 3520건 (요청 11450회)
[큐리오 매쓰매쓰|2024] 1페이지까지 · 누적 3520건 (요청 11451회)
[큐리오 매쓰매쓰|2025] 1페이지까지 · 누적 3520건 (요청 11452회)
[큐리오 매쓰매쓰|2026] 1페이지까지 · 누적 3520건 (요청 11453회)
[큐리오 사파리|2023] 1페이지까지 · 누적 3520건 (요청 11454회)
[큐리오 사파리|2024] 1페이지까지 · 누적 3520건 (요청 11455회)
[큐리오 사파리|2025] 1페이지까지 · 누적 3520건 (요청 11456회)
[큐리오 사파리|2026] 1페이지까지 · 누적 3520건 (요청 11457회)
[큐리오 월드맵|2023] 1페이지까지 · 누적 3520건 (요청 11458회)
[큐리오 월드맵|2024] 1페이지까지 · 누적 3520건 (요청 11459회)
[큐리오 월드맵|2025] 1페이지까지 · 누적 3520건 (요청 11460회)
[큐리오 월드맵|2026] 1페이지까지 · 누적 3520건 (요청 11461회)
[큐리팟|2023] 1페이지까지 · 누적 3520건 (요청 11462회)
[큐리팟|2024] 1페이지까지 · 누적 3520건 (요청 11463회)
[큐리팟|2025] 1페이지까지 · 누적 3520건 (요청 11464회)
[큐리팟|2026] 1페이지까지 · 누적 3520건 (요청 11465회)
[큐밋 포토폴리오|2023] 1페이지까지 · 누적 3520건 (요청 11466회)
[큐밋 포토폴리오|2024] 1페이지까지 · 누적 3520건 (요청 11467회)
[큐밋 포토폴리오|2025] 1페이지까지 · 누적 3520건 (요청 11468회)
[큐밋 포토폴리오|2026] 1페이지까지 · 누적 3520건 (요청 11469회)
[큐밋 포트폴리오|2023] 1페이지까지 · 누적 3520건 (요청 11470회)
[큐밋 포트폴리오|2024] 1페이지까지 · 누적 3520건 (요청 11471회)
[큐밋 포트폴리오|2025] 1페이지까지 · 누적 3520건 (요청 11472회)
[큐밋 포트폴리오|2026] 1페이지까지 · 누적 3520건 (요청 11473회)
[큐파일럿|2023] 1페이지까지 · 누적 3520건 (요청 11474회)
[큐파일럿|2024] 1페이지까지 · 누적 3520건 (요청 11475회)
[큐파일럿|2025] 1페이지까지 · 누적 3520건 (요청 11476회)
[큐파일럿|2026] 1페이지까지 · 누적 3520건 (요청 11477회)
[크래프트쉐어|2023] 1페이지까지 · 누적 3520건 (요청 11478회)
[크래프트쉐어|2024] 1페이지까지 · 누적 3520건 (요청 11479회)
[크래프트쉐어|2025] 1페이지까지 · 누적 3520건 (요청 11480회)
[크래프트쉐어|2026] 1페이지까지 · 누적 3520건 (요청 11481회)
[크리모 STEAM 교육 프로그램|2023] 1페이지까지 · 누적 3520건 (요청 11482회)
[크리모 STEAM 교육 프로그램|2024] 1페이지까지 · 누적 3520건 (요청 11483회)
[크리모 STEAM 교육 프로그램|2025] 1페이지까지 · 누적 3520건 (요청 11484회)
[크리모 STEAM 교육 프로그램|2026] 1페이지까지 · 누적 3520건 (요청 11485회)
[크리에이터링크|2023] 1페이지까지 · 누적 3520건 (요청 11486회)
[크리에이터링크|2024] 1페이지까지 · 누적 3520건 (요청 11487회)
[크리에이터링크|2025] 1페이지까지 · 누적 3520건 (요청 11488회)
[크리에이터링크|2026] 1페이지까지 · 누적 3520건 (요청 11489회)
[크리티컬|2023] 1페이지까지 · 누적 3520건 (요청 11490회)
[크리티컬|2024] 1페이지까지 · 누적 3520건 (요청 11491회)
[크리티컬|2025] 1페이지까지 · 누적 3520건 (요청 11492회)
[크리티컬|2026] 1페이지까지 · 누적 3520건 (요청 11493회)
[크립톤|2023] 1페이지까지 · 누적 3520건 (요청 11494회)
[크립톤|2024] 1페이지까지 · 누적 3520건 (요청 11495회)
[크립톤|2025] 1페이지까지 · 누적 3520건 (요청 11496회)
[크립톤|2026] 1페이지까지 · 누적 3520건 (요청 11497회)
[클라비|2023] 1페이지까지 · 누적 3520건 (요청 11498회)
[클라비|2024] 1페이지까지 · 누적 3520건 (요청 11499회)
[클라비|2025] 1페이지까지 · 누적 3520건 (요청 11500회)
[클라비|2026] 1페이지까지 · 누적 3520건 (요청 11501회)
[클래스 사티|2023] 1페이지까지 · 누적 3520건 (요청 11502회)
[클래스 사티|2024] 1페이지까지 · 누적 3520건 (요청 11503회)
[클래스 사티|2025] 1페이지까지 · 누적 3520건 (요청 11504회)
[클래스 사티|2026] 1페이지까지 · 누적 3520건 (요청 11505회)
[클래스1234&클래스페이|2023] 1페이지까지 · 누적 3520건 (요청 11506회)
[클래스1234&클래스페이|2024] 1페이지까지 · 누적 3520건 (요청 11507회)
[클래스1234&클래스페이|2025] 1페이지까지 · 누적 3520건 (요청 11508회)
[클래스1234&클래스페이|2026] 1페이지까지 · 누적 3520건 (요청 11509회)
[클래스5|2023] 1페이지까지 · 누적 3520건 (요청 11510회)
[클래스5|2024] 1페이지까지 · 누적 3520건 (요청 11511회)
[클래스5|2025] 1페이지까지 · 누적 3520건 (요청 11512회)
[클래스5|2026] 1페이지까지 · 누적 3520건 (요청 11513회)
[클래스M|2023] 1페이지까지 · 누적 3520건 (요청 11514회)
[클래스M|2024] 1페이지까지 · 누적 3521건 (요청 11516회)
[클래스M|2025] 1페이지까지 · 누적 3523건 (요청 11519회)
[클래스M|2026] 1페이지까지 · 누적 3523건 (요청 11520회)
[클래스노트|2023] 1페이지까지 · 누적 3523건 (요청 11521회)
[클래스노트|2024] 1페이지까지 · 누적 3523건 (요청 11522회)
[클래스노트|2025] 1페이지까지 · 누적 3523건 (요청 11523회)
[클래스노트|2026] 1페이지까지 · 누적 3523건 (요청 11524회)
[클래스룸.클라우드|2023] 1페이지까지 · 누적 3523건 (요청 11525회)
[클래스룸.클라우드|2024] 1페이지까지 · 누적 3523건 (요청 11526회)
[클래스룸.클라우드|2025] 1페이지까지 · 누적 3524건 (요청 11528회)
[클래스룸.클라우드|2026] 1페이지까지 · 누적 3525건 (요청 11530회)
[클래스링크|2023] 1페이지까지 · 누적 3525건 (요청 11531회)
[클래스링크|2024] 1페이지까지 · 누적 3525건 (요청 11532회)
[클래스링크|2025] 1페이지까지 · 누적 3525건 (요청 11533회)
[클래스링크|2026] 1페이지까지 · 누적 3525건 (요청 11534회)
[클래스링크 M VR다중 AI미러링솔루션|2023] 1페이지까지 · 누적 3525건 (요청 11535회)
[클래스링크 M VR다중 AI미러링솔루션|2024] 1페이지까지 · 누적 3525건 (요청 11536회)
[클래스링크 M VR다중 AI미러링솔루션|2025] 1페이지까지 · 누적 3525건 (요청 11537회)
[클래스링크 M VR다중 AI미러링솔루션|2026] 1페이지까지 · 누적 3525건 (요청 11538회)
[클래스맵|2023] 1페이지까지 · 누적 3525건 (요청 11539회)
[클래스맵|2024] 1페이지까지 · 누적 3525건 (요청 11540회)
[클래스맵|2025] 1페이지까지 · 누적 3525건 (요청 11541회)
[클래스맵|2026] 1페이지까지 · 누적 3525건 (요청 11542회)
[클래스메이트|2023] 1페이지까지 · 누적 3525건 (요청 11543회)
[클래스메이트|2024] 1페이지까지 · 누적 3525건 (요청 11544회)
[클래스메이트|2025] 1페이지까지 · 누적 3525건 (요청 11545회)
[클래스메이트|2026] 1페이지까지 · 누적 3525건 (요청 11546회)
[클래스몬|2023] 1페이지까지 · 누적 3525건 (요청 11547회)
[클래스몬|2024] 1페이지까지 · 누적 3525건 (요청 11548회)
[클래스몬|2025] 1페이지까지 · 누적 3525건 (요청 11549회)
[클래스몬|2026] 1페이지까지 · 누적 3525건 (요청 11550회)
[클래스뱅크|2023] 1페이지까지 · 누적 3525건 (요청 11551회)
[클래스뱅크|2024] 1페이지까지 · 누적 3525건 (요청 11552회)
[클래스뱅크|2025] 1페이지까지 · 누적 3525건 (요청 11553회)
[클래스뱅크|2026] 1페이지까지 · 누적 3525건 (요청 11554회)
[클래스보드|2023] 1페이지까지 · 누적 3525건 (요청 11555회)
[클래스보드|2024] 1페이지까지 · 누적 3525건 (요청 11556회)
[클래스보드|2025] 1페이지까지 · 누적 3525건 (요청 11557회)
[클래스보드|2026] 1페이지까지 · 누적 3525건 (요청 11558회)
[클래스뷰|2023] 1페이지까지 · 누적 3525건 (요청 11559회)
[클래스뷰|2024] 1페이지까지 · 누적 3525건 (요청 11560회)
[클래스뷰|2025] 1페이지까지 · 누적 3525건 (요청 11561회)
[클래스뷰|2026] 1페이지까지 · 누적 3525건 (요청 11562회)
[클래스싱크|2023] 1페이지까지 · 누적 3525건 (요청 11563회)
[클래스싱크|2024] 1페이지까지 · 누적 3525건 (요청 11564회)
[클래스싱크|2025] 1페이지까지 · 누적 3525건 (요청 11565회)
[클래스싱크|2026] 1페이지까지 · 누적 3525건 (요청 11566회)
[클래스아이 수업관리 솔루션|2023] 1페이지까지 · 누적 3525건 (요청 11567회)
[클래스아이 수업관리 솔루션|2024] 1페이지까지 · 누적 3525건 (요청 11568회)
[클래스아이 수업관리 솔루션|2025] 1페이지까지 · 누적 3525건 (요청 11569회)
[클래스아이 수업관리 솔루션|2026] 1페이지까지 · 누적 3525건 (요청 11570회)
[클래스카드|2023] 1페이지까지 · 누적 3526건 (요청 11572회)
[클래스카드|2024] 1페이지까지 · 누적 3532건 (요청 11579회)
[클래스카드|2025] 1페이지까지 · 누적 3553건 (요청 11601회)
[클래스카드|2026] 1페이지까지 · 누적 3564건 (요청 11613회)
[클래스코인|2023] 1페이지까지 · 누적 3564건 (요청 11614회)
[클래스코인|2024] 1페이지까지 · 누적 3564건 (요청 11615회)
[클래스코인|2025] 1페이지까지 · 누적 3564건 (요청 11616회)
[클래스코인|2026] 1페이지까지 · 누적 3564건 (요청 11617회)
[클래스툴|2023] 1페이지까지 · 누적 3564건 (요청 11618회)
[클래스툴|2024] 1페이지까지 · 누적 3564건 (요청 11619회)
[클래스툴|2025] 1페이지까지 · 누적 3564건 (요청 11620회)
[클래스툴|2026] 1페이지까지 · 누적 3565건 (요청 11622회)
[클래스팅 AI|2023] 1페이지까지 · 누적 3565건 (요청 11623회)
[클래스팅 AI|2024] 1페이지까지 · 누적 3566건 (요청 11625회)
[클래스팅 AI|2025] 1페이지까지 · 누적 3568건 (요청 11628회)
[클래스팅 AI|2026] 1페이지까지 · 누적 3571건 (요청 11632회)
[클래스팅 클래스|2023] 1페이지까지 · 누적 3571건 (요청 11633회)
[클래스팅 클래스|2024] 1페이지까지 · 누적 3571건 (요청 11634회)
[클래스팅 클래스|2025] 1페이지까지 · 누적 3571건 (요청 11635회)
[클래스팅 클래스|2026] 1페이지까지 · 누적 3571건 (요청 11636회)
[클래스핑퐁|2023] 1페이지까지 · 누적 3571건 (요청 11637회)
[클래스핑퐁|2024] 1페이지까지 · 누적 3571건 (요청 11638회)
[클래스핑퐁|2025] 1페이지까지 · 누적 3571건 (요청 11639회)
[클래스핑퐁|2026] 1페이지까지 · 누적 3571건 (요청 11640회)
[클래시파이|2023] 1페이지까지 · 누적 3571건 (요청 11641회)
[클래시파이|2024] 1페이지까지 · 누적 3571건 (요청 11642회)
[클래시파이|2025] 1페이지까지 · 누적 3571건 (요청 11643회)
[클래시파이|2026] 1페이지까지 · 누적 3571건 (요청 11644회)
[클랙스|2023] 1페이지까지 · 누적 3571건 (요청 11645회)
[클랙스|2024] 1페이지까지 · 누적 3571건 (요청 11646회)
[클랙스|2025] 1페이지까지 · 누적 3571건 (요청 11647회)
[클랙스|2026] 1페이지까지 · 누적 3571건 (요청 11648회)
[클레버블록|2023] 1페이지까지 · 누적 3571건 (요청 11649회)
[클레버블록|2024] 1페이지까지 · 누적 3571건 (요청 11650회)
[클레버블록|2025] 1페이지까지 · 누적 3571건 (요청 11651회)
[클레버블록|2026] 1페이지까지 · 누적 3571건 (요청 11652회)
[클레이 탁상시계 키트|2023] 1페이지까지 · 누적 3571건 (요청 11653회)
[클레이 탁상시계 키트|2024] 1페이지까지 · 누적 3571건 (요청 11654회)
[클레이 탁상시계 키트|2025] 1페이지까지 · 누적 3571건 (요청 11655회)
[클레이 탁상시계 키트|2026] 1페이지까지 · 누적 3571건 (요청 11656회)
[클리포|2023] 1페이지까지 · 누적 3571건 (요청 11657회)
[클리포|2024] 1페이지까지 · 누적 3571건 (요청 11658회)
[클리포|2025] 1페이지까지 · 누적 3576건 (요청 11664회)
[클리포|2026] 1페이지까지 · 누적 3576건 (요청 11665회)
[키네마스터|2023] 1페이지까지 · 누적 3576건 (요청 11666회)
[키네마스터|2024] 1페이지까지 · 누적 3576건 (요청 11667회)
[키네마스터|2025] 1페이지까지 · 누적 3576건 (요청 11668회)
[키네마스터|2026] 1페이지까지 · 누적 3576건 (요청 11669회)
[키드키즈|2023] 1페이지까지 · 누적 3588건 (요청 11682회)
[키드키즈|2024] 1페이지까지 · 누적 3608건 (요청 11703회)
[키드키즈|2025] 1페이지까지 · 누적 3658건 (요청 11754회)
[키드키즈|2026] 1페이지까지 · 누적 3669건 (요청 11766회)
[키샷 스튜디오|2023] 1페이지까지 · 누적 3669건 (요청 11767회)
[키샷 스튜디오|2024] 1페이지까지 · 누적 3669건 (요청 11768회)
[키샷 스튜디오|2025] 1페이지까지 · 누적 3669건 (요청 11769회)
[키샷 스튜디오|2026] 1페이지까지 · 누적 3669건 (요청 11770회)
[키위티-키위런|2023] 1페이지까지 · 누적 3669건 (요청 11771회)
[키위티-키위런|2024] 1페이지까지 · 누적 3669건 (요청 11772회)
[키위티-키위런|2025] 1페이지까지 · 누적 3669건 (요청 11773회)
[키위티-키위런|2026] 1페이지까지 · 누적 3669건 (요청 11774회)
[키즈 타임즈 + 온라인 학습관|2023] 1페이지까지 · 누적 3669건 (요청 11775회)
[키즈 타임즈 + 온라인 학습관|2024] 1페이지까지 · 누적 3669건 (요청 11776회)
[키즈 타임즈 + 온라인 학습관|2025] 1페이지까지 · 누적 3669건 (요청 11777회)
[키즈 타임즈 + 온라인 학습관|2026] 1페이지까지 · 누적 3669건 (요청 11778회)
[키즈노트|2023] 1페이지까지 · 누적 3669건 (요청 11779회)
[키즈노트|2024] 1페이지까지 · 누적 3669건 (요청 11780회)
[키즈노트|2025] 1페이지까지 · 누적 3669건 (요청 11781회)
[키즈노트|2026] 1페이지까지 · 누적 3669건 (요청 11782회)
[키즈독서통장|2023] 1페이지까지 · 누적 3669건 (요청 11783회)
[키즈독서통장|2024] 1페이지까지 · 누적 3669건 (요청 11784회)
[키즈독서통장|2025] 1페이지까지 · 누적 3669건 (요청 11785회)
[키즈독서통장|2026] 1페이지까지 · 누적 3669건 (요청 11786회)
[키즈보드|2023] 1페이지까지 · 누적 3669건 (요청 11787회)
[키즈보드|2024] 1페이지까지 · 누적 3669건 (요청 11788회)
[키즈보드|2025] 1페이지까지 · 누적 3669건 (요청 11789회)
[키즈보드|2026] 1페이지까지 · 누적 3669건 (요청 11790회)
[키즈사랑 / 어린이통학버스 승하차알림서비스|2023] 1페이지까지 · 누적 3669건 (요청 11791회)
[키즈사랑 / 어린이통학버스 승하차알림서비스|2024] 1페이지까지 · 누적 3669건 (요청 11792회)
[키즈사랑 / 어린이통학버스 승하차알림서비스|2025] 1페이지까지 · 누적 3669건 (요청 11793회)
[키즈사랑 / 어린이통학버스 승하차알림서비스|2026] 1페이지까지 · 누적 3669건 (요청 11794회)
[키즐링|2023] 1페이지까지 · 누적 3669건 (요청 11795회)
[키즐링|2024] 1페이지까지 · 누적 3669건 (요청 11796회)
[키즐링|2025] 1페이지까지 · 누적 3669건 (요청 11797회)
[키즐링|2026] 1페이지까지 · 누적 3669건 (요청 11798회)
[킨더 타임즈 + 온라인 학습관|2023] 1페이지까지 · 누적 3669건 (요청 11799회)
[킨더 타임즈 + 온라인 학습관|2024] 1페이지까지 · 누적 3669건 (요청 11800회)
[킨더 타임즈 + 온라인 학습관|2025] 1페이지까지 · 누적 3669건 (요청 11801회)
[킨더 타임즈 + 온라인 학습관|2026] 1페이지까지 · 누적 3669건 (요청 11802회)
[킨더박스|2023] 1페이지까지 · 누적 3669건 (요청 11803회)
[킨더박스|2024] 1페이지까지 · 누적 3669건 (요청 11804회)
[킨더박스|2025] 1페이지까지 · 누적 3669건 (요청 11805회)
[킨더박스|2026] 1페이지까지 · 누적 3669건 (요청 11806회)
[킨더보드|2023] 1페이지까지 · 누적 3669건 (요청 11807회)
[킨더보드|2024] 1페이지까지 · 누적 3669건 (요청 11808회)
[킨더보드|2025] 1페이지까지 · 누적 3669건 (요청 11809회)
[킨더보드|2026] 1페이지까지 · 누적 3669건 (요청 11810회)
[킹수학|2023] 1페이지까지 · 누적 3669건 (요청 11811회)
[킹수학|2024] 1페이지까지 · 누적 3669건 (요청 11812회)
[킹수학|2025] 1페이지까지 · 누적 3669건 (요청 11813회)
[킹수학|2026] 1페이지까지 · 누적 3669건 (요청 11814회)
[타임리GPT|2023] 1페이지까지 · 누적 3669건 (요청 11815회)
[타임리GPT|2024] 1페이지까지 · 누적 3669건 (요청 11816회)
[타임리GPT|2025] 1페이지까지 · 누적 3669건 (요청 11817회)
[타임리GPT|2026] 1페이지까지 · 누적 3669건 (요청 11818회)
[타입캐스트|2023] 1페이지까지 · 누적 3669건 (요청 11819회)
[타입캐스트|2024] 1페이지까지 · 누적 3669건 (요청 11820회)
[타입캐스트|2025] 1페이지까지 · 누적 3670건 (요청 11822회)
[타입캐스트|2026] 1페이지까지 · 누적 3672건 (요청 11825회)
[타자연습|2023] 1페이지까지 · 누적 3672건 (요청 11826회)
[타자연습|2024] 1페이지까지 · 누적 3672건 (요청 11827회)
[타자연습|2025] 1페이지까지 · 누적 3672건 (요청 11828회)
[타자연습|2026] 1페이지까지 · 누적 3672건 (요청 11829회)
[탄성레이싱카 만들기 키트|2023] 1페이지까지 · 누적 3672건 (요청 11830회)
[탄성레이싱카 만들기 키트|2024] 1페이지까지 · 누적 3672건 (요청 11831회)
[탄성레이싱카 만들기 키트|2025] 1페이지까지 · 누적 3672건 (요청 11832회)
[탄성레이싱카 만들기 키트|2026] 1페이지까지 · 누적 3672건 (요청 11833회)
[태양광 LED 하우스|2023] 1페이지까지 · 누적 3672건 (요청 11834회)
[태양광 LED 하우스|2024] 1페이지까지 · 누적 3672건 (요청 11835회)
[태양광 LED 하우스|2025] 1페이지까지 · 누적 3672건 (요청 11836회)
[태양광 LED 하우스|2026] 1페이지까지 · 누적 3672건 (요청 11837회)
[태양광 그리 & 바오 키트|2023] 1페이지까지 · 누적 3672건 (요청 11838회)
[태양광 그리 & 바오 키트|2024] 1페이지까지 · 누적 3672건 (요청 11839회)
[태양광 그리 & 바오 키트|2025] 1페이지까지 · 누적 3672건 (요청 11840회)
[태양광 그리 & 바오 키트|2026] 1페이지까지 · 누적 3672건 (요청 11841회)
[터치터치 고고! for ROBOID|2023] 1페이지까지 · 누적 3672건 (요청 11842회)
[터치터치 고고! for ROBOID|2024] 1페이지까지 · 누적 3672건 (요청 11843회)
[터치터치 고고! for ROBOID|2025] 1페이지까지 · 누적 3672건 (요청 11844회)
[터치터치 고고! for ROBOID|2026] 1페이지까지 · 누적 3672건 (요청 11845회)
[테일봇|2023] 1페이지까지 · 누적 3672건 (요청 11846회)
[테일봇|2024] 1페이지까지 · 누적 3672건 (요청 11847회)
[테일봇|2025] 1페이지까지 · 누적 3672건 (요청 11848회)
[테일봇|2026] 1페이지까지 · 누적 3672건 (요청 11849회)
[테일트리코리아|2023] 1페이지까지 · 누적 3672건 (요청 11850회)
[테일트리코리아|2024] 1페이지까지 · 누적 3672건 (요청 11851회)
[테일트리코리아|2025] 1페이지까지 · 누적 3672건 (요청 11852회)
[테일트리코리아|2026] 1페이지까지 · 누적 3672건 (요청 11853회)
[테크닉|2023] 1페이지까지 · 누적 3672건 (요청 11854회)
[테크닉|2024] 1페이지까지 · 누적 3674건 (요청 11857회)
[테크닉|2025] 1페이지까지 · 누적 3675건 (요청 11859회)
[테크닉|2026] 1페이지까지 · 누적 3677건 (요청 11862회)
[토도수학|2023] 1페이지까지 · 누적 3677건 (요청 11863회)
[토도수학|2024] 1페이지까지 · 누적 3677건 (요청 11864회)
[토도수학|2025] 1페이지까지 · 누적 3678건 (요청 11866회)
[토도수학|2026] 1페이지까지 · 누적 3682건 (요청 11871회)
[토도영어|2023] 1페이지까지 · 누적 3682건 (요청 11872회)
[토도영어|2024] 1페이지까지 · 누적 3682건 (요청 11873회)
[토도영어|2025] 1페이지까지 · 누적 3683건 (요청 11875회)
[토도영어|2026] 1페이지까지 · 누적 3683건 (요청 11876회)
[토도한글|2023] 1페이지까지 · 누적 3683건 (요청 11877회)
[토도한글|2024] 1페이지까지 · 누적 3685건 (요청 11880회)
[토도한글|2025] 1페이지까지 · 누적 3690건 (요청 11886회)
[토도한글|2026] 1페이지까지 · 누적 3694건 (요청 11891회)
[토키랜드|2023] 1페이지까지 · 누적 3694건 (요청 11892회)
[토키랜드|2024] 1페이지까지 · 누적 3694건 (요청 11893회)
[토키랜드|2025] 1페이지까지 · 누적 3694건 (요청 11894회)
[토키랜드|2026] 1페이지까지 · 누적 3694건 (요청 11895회)
[토파스 셀커넥트 교육용 시스템|2023] 1페이지까지 · 누적 3694건 (요청 11896회)
[토파스 셀커넥트 교육용 시스템|2024] 1페이지까지 · 누적 3694건 (요청 11897회)
[토파스 셀커넥트 교육용 시스템|2025] 1페이지까지 · 누적 3694건 (요청 11898회)
[토파스 셀커넥트 교육용 시스템|2026] 1페이지까지 · 누적 3694건 (요청 11899회)
[토핑 AI 온라인 독서학습 서비스|2023] 1페이지까지 · 누적 3694건 (요청 11900회)
[토핑 AI 온라인 독서학습 서비스|2024] 1페이지까지 · 누적 3694건 (요청 11901회)
[토핑 AI 온라인 독서학습 서비스|2025] 1페이지까지 · 누적 3694건 (요청 11902회)
[토핑 AI 온라인 독서학습 서비스|2026] 1페이지까지 · 누적 3694건 (요청 11903회)
[톡이즈스쿨|2023] 1페이지까지 · 누적 3694건 (요청 11904회)
[톡이즈스쿨|2024] 1페이지까지 · 누적 3694건 (요청 11905회)
[톡이즈스쿨|2025] 1페이지까지 · 누적 3694건 (요청 11906회)
[톡이즈스쿨|2026] 1페이지까지 · 누적 3694건 (요청 11907회)
[톡톡박스|2023] 1페이지까지 · 누적 3694건 (요청 11908회)
[톡톡박스|2024] 1페이지까지 · 누적 3694건 (요청 11909회)
[톡톡박스|2025] 1페이지까지 · 누적 3694건 (요청 11910회)
[톡톡박스|2026] 1페이지까지 · 누적 3694건 (요청 11911회)
[톡톡스쿨|2023] 1페이지까지 · 누적 3694건 (요청 11912회)
[톡톡스쿨|2024] 1페이지까지 · 누적 3694건 (요청 11913회)
[톡톡스쿨|2025] 1페이지까지 · 누적 3694건 (요청 11914회)
[톡톡스쿨|2026] 1페이지까지 · 누적 3695건 (요청 11916회)
[통그라미|2023] 1페이지까지 · 누적 3695건 (요청 11917회)
[통그라미|2024] 1페이지까지 · 누적 3695건 (요청 11918회)
[통그라미|2025] 1페이지까지 · 누적 3695건 (요청 11919회)
[통그라미|2026] 1페이지까지 · 누적 3695건 (요청 11920회)
[통합생활관리시스템|2023] 1페이지까지 · 누적 3695건 (요청 11921회)
[통합생활관리시스템|2024] 1페이지까지 · 누적 3695건 (요청 11922회)
[통합생활관리시스템|2025] 1페이지까지 · 누적 3695건 (요청 11923회)
[통합생활관리시스템|2026] 1페이지까지 · 누적 3695건 (요청 11924회)
[통합시스템|2023] 1페이지까지 · 누적 3695건 (요청 11925회)
[통합시스템|2024] 1페이지까지 · 누적 3695건 (요청 11926회)
[통합시스템|2025] 1페이지까지 · 누적 3695건 (요청 11927회)
[통합시스템|2026] 1페이지까지 · 누적 3695건 (요청 11928회)
[투게더알리미|2023] 1페이지까지 · 누적 3695건 (요청 11929회)
[투게더알리미|2024] 1페이지까지 · 누적 3695건 (요청 11930회)
[투게더알리미|2025] 1페이지까지 · 누적 3695건 (요청 11931회)
[투게더알리미|2026] 1페이지까지 · 누적 3695건 (요청 11932회)
[투덥 클래스|2023] 1페이지까지 · 누적 3695건 (요청 11933회)
[투덥 클래스|2024] 1페이지까지 · 누적 3695건 (요청 11934회)
[투덥 클래스|2025] 1페이지까지 · 누적 3696건 (요청 11936회)
[투덥 클래스|2026] 1페이지까지 · 누적 3696건 (요청 11937회)
[튜브런|2023] 1페이지까지 · 누적 3696건 (요청 11938회)
[튜브런|2024] 1페이지까지 · 누적 3696건 (요청 11939회)
[튜브런|2025] 1페이지까지 · 누적 3696건 (요청 11940회)
[튜브런|2026] 1페이지까지 · 누적 3696건 (요청 11941회)
[튜터플로우|2023] 1페이지까지 · 누적 3696건 (요청 11942회)
[튜터플로우|2024] 1페이지까지 · 누적 3696건 (요청 11943회)
[튜터플로우|2025] 1페이지까지 · 누적 3696건 (요청 11944회)
[튜터플로우|2026] 1페이지까지 · 누적 3696건 (요청 11945회)
[트라이디스|2023] 1페이지까지 · 누적 3696건 (요청 11946회)
[트라이디스|2024] 1페이지까지 · 누적 3696건 (요청 11947회)
[트라이디스|2025] 1페이지까지 · 누적 3696건 (요청 11948회)
[트라이디스|2026] 1페이지까지 · 누적 3696건 (요청 11949회)
[트리오 스포츠 플랫폼 앱|2023] 1페이지까지 · 누적 3696건 (요청 11950회)
[트리오 스포츠 플랫폼 앱|2024] 1페이지까지 · 누적 3696건 (요청 11951회)
[트리오 스포츠 플랫폼 앱|2025] 1페이지까지 · 누적 3696건 (요청 11952회)
[트리오 스포츠 플랫폼 앱|2026] 1페이지까지 · 누적 3696건 (요청 11953회)
[특수교육 AI・디지털 교육 자료|2023] 1페이지까지 · 누적 3696건 (요청 11954회)
[특수교육 AI・디지털 교육 자료|2024] 1페이지까지 · 누적 3696건 (요청 11955회)
[특수교육 AI・디지털 교육 자료|2025] 1페이지까지 · 누적 3696건 (요청 11956회)
[특수교육 AI・디지털 교육 자료|2026] 1페이지까지 · 누적 3696건 (요청 11957회)
[티솔루션|2023] 1페이지까지 · 누적 3696건 (요청 11958회)
[티솔루션|2024] 1페이지까지 · 누적 3696건 (요청 11959회)
[티솔루션|2025] 1페이지까지 · 누적 3696건 (요청 11960회)
[티솔루션|2026] 1페이지까지 · 누적 3696건 (요청 11961회)
[티처메이트|2023] 1페이지까지 · 누적 3696건 (요청 11962회)
[티처메이트|2024] 1페이지까지 · 누적 3696건 (요청 11963회)
[티처메이트|2025] 1페이지까지 · 누적 3696건 (요청 11964회)
[티처메이트|2026] 1페이지까지 · 누적 3696건 (요청 11965회)
[티처블에이전트|2023] 1페이지까지 · 누적 3696건 (요청 11966회)
[티처블에이전트|2024] 1페이지까지 · 누적 3696건 (요청 11967회)
[티처블에이전트|2025] 1페이지까지 · 누적 3696건 (요청 11968회)
[티처블에이전트|2026] 1페이지까지 · 누적 3696건 (요청 11969회)
[티처콜 교원안심번호|2023] 1페이지까지 · 누적 3696건 (요청 11970회)
[티처콜 교원안심번호|2024] 1페이지까지 · 누적 3696건 (요청 11971회)
[티처콜 교원안심번호|2025] 1페이지까지 · 누적 3696건 (요청 11972회)
[티처콜 교원안심번호|2026] 1페이지까지 · 누적 3696건 (요청 11973회)
[티처툴스|2023] 1페이지까지 · 누적 3696건 (요청 11974회)
[티처툴스|2024] 1페이지까지 · 누적 3696건 (요청 11975회)
[티처툴스|2025] 1페이지까지 · 누적 3696건 (요청 11976회)
[티처툴스|2026] 1페이지까지 · 누적 3696건 (요청 11977회)
[티쳐캔|2023] 1페이지까지 · 누적 3696건 (요청 11978회)
[티쳐캔|2024] 1페이지까지 · 누적 3696건 (요청 11979회)
[티쳐캔|2025] 1페이지까지 · 누적 3696건 (요청 11980회)
[티쳐캔|2026] 1페이지까지 · 누적 3696건 (요청 11981회)
[티칭샘, 클래스링크 랩|2023] 1페이지까지 · 누적 3696건 (요청 11982회)
[티칭샘, 클래스링크 랩|2024] 1페이지까지 · 누적 3696건 (요청 11983회)
[티칭샘, 클래스링크 랩|2025] 1페이지까지 · 누적 3696건 (요청 11984회)
[티칭샘, 클래스링크 랩|2026] 1페이지까지 · 누적 3696건 (요청 11985회)
[티칭허브|2023] 1페이지까지 · 누적 3696건 (요청 11986회)
[티칭허브|2024] 1페이지까지 · 누적 3696건 (요청 11987회)
[티칭허브|2025] 1페이지까지 · 누적 3696건 (요청 11988회)
[티칭허브|2026] 1페이지까지 · 누적 3696건 (요청 11989회)
[티코치|2023] 1페이지까지 · 누적 3696건 (요청 11990회)
[티코치|2024] 1페이지까지 · 누적 3696건 (요청 11991회)
[티코치|2025] 1페이지까지 · 누적 3696건 (요청 11992회)
[티코치|2026] 1페이지까지 · 누적 3696건 (요청 11993회)
[티클래스|2023] 1페이지까지 · 누적 3697건 (요청 11995회)
[티클래스|2024] 1페이지까지 · 누적 3697건 (요청 11996회)
[티클래스|2025] 1페이지까지 · 누적 3700건 (요청 12000회)
[티클래스|2026] 1페이지까지 · 누적 3703건 (요청 12004회)
[티키타모바일|2023] 1페이지까지 · 누적 3703건 (요청 12005회)
[티키타모바일|2024] 1페이지까지 · 누적 3703건 (요청 12006회)
[티키타모바일|2025] 1페이지까지 · 누적 3703건 (요청 12007회)
[티키타모바일|2026] 1페이지까지 · 누적 3703건 (요청 12008회)
[티키타미트|2023] 1페이지까지 · 누적 3703건 (요청 12009회)
[티키타미트|2024] 1페이지까지 · 누적 3703건 (요청 12010회)
[티키타미트|2025] 1페이지까지 · 누적 3703건 (요청 12011회)
[티키타미트|2026] 1페이지까지 · 누적 3703건 (요청 12012회)
[티키타캡션|2023] 1페이지까지 · 누적 3703건 (요청 12013회)
[티키타캡션|2024] 1페이지까지 · 누적 3703건 (요청 12014회)
[티키타캡션|2025] 1페이지까지 · 누적 3703건 (요청 12015회)
[티키타캡션|2026] 1페이지까지 · 누적 3703건 (요청 12016회)
[티키타톡|2023] 1페이지까지 · 누적 3703건 (요청 12017회)
[티키타톡|2024] 1페이지까지 · 누적 3703건 (요청 12018회)
[티키타톡|2025] 1페이지까지 · 누적 3703건 (요청 12019회)
[티키타톡|2026] 1페이지까지 · 누적 3703건 (요청 12020회)
[티키티키|2023] 1페이지까지 · 누적 3703건 (요청 12021회)
[티키티키|2024] 1페이지까지 · 누적 3703건 (요청 12022회)
[티키티키|2025] 1페이지까지 · 누적 3703건 (요청 12023회)
[티키티키|2026] 1페이지까지 · 누적 3703건 (요청 12024회)
[틴커리어 내진로를 찾아줘~! - 베트남편|2023] 1페이지까지 · 누적 3703건 (요청 12025회)
[틴커리어 내진로를 찾아줘~! - 베트남편|2024] 1페이지까지 · 누적 3703건 (요청 12026회)
[틴커리어 내진로를 찾아줘~! - 베트남편|2025] 1페이지까지 · 누적 3703건 (요청 12027회)
[틴커리어 내진로를 찾아줘~! - 베트남편|2026] 1페이지까지 · 누적 3703건 (요청 12028회)
[틴커리어 내진로를 찾아줘~! - 중국편|2023] 1페이지까지 · 누적 3703건 (요청 12029회)
[틴커리어 내진로를 찾아줘~! - 중국편|2024] 1페이지까지 · 누적 3703건 (요청 12030회)
[틴커리어 내진로를 찾아줘~! - 중국편|2025] 1페이지까지 · 누적 3703건 (요청 12031회)
[틴커리어 내진로를 찾아줘~! - 중국편|2026] 1페이지까지 · 누적 3703건 (요청 12032회)
[틴타임즈 + 온라인학습관|2023] 1페이지까지 · 누적 3703건 (요청 12033회)
[틴타임즈 + 온라인학습관|2024] 1페이지까지 · 누적 3703건 (요청 12034회)
[틴타임즈 + 온라인학습관|2025] 1페이지까지 · 누적 3703건 (요청 12035회)
[틴타임즈 + 온라인학습관|2026] 1페이지까지 · 누적 3703건 (요청 12036회)
[파닉스팝|2023] 1페이지까지 · 누적 3703건 (요청 12037회)
[파닉스팝|2024] 1페이지까지 · 누적 3703건 (요청 12038회)
[파닉스팝|2025] 1페이지까지 · 누적 3703건 (요청 12039회)
[파닉스팝|2026] 1페이지까지 · 누적 3703건 (요청 12040회)
[파스코 ON|2023] 1페이지까지 · 누적 3703건 (요청 12041회)
[파스코 ON|2024] 1페이지까지 · 누적 3703건 (요청 12042회)
[파스코 ON|2025] 1페이지까지 · 누적 3703건 (요청 12043회)
[파스코 ON|2026] 1페이지까지 · 누적 3703건 (요청 12044회)
[파이보츠 코딩로봇|2023] 1페이지까지 · 누적 3703건 (요청 12045회)
[파이보츠 코딩로봇|2024] 1페이지까지 · 누적 3703건 (요청 12046회)
[파이보츠 코딩로봇|2025] 1페이지까지 · 누적 3703건 (요청 12047회)
[파이보츠 코딩로봇|2026] 1페이지까지 · 누적 3703건 (요청 12048회)
[파이썬 마이크로비트 실전 프로젝트 키트|2023] 1페이지까지 · 누적 3703건 (요청 12049회)
[파이썬 마이크로비트 실전 프로젝트 키트|2024] 1페이지까지 · 누적 3703건 (요청 12050회)
[파이썬 마이크로비트 실전 프로젝트 키트|2025] 1페이지까지 · 누적 3703건 (요청 12051회)
[파이썬 마이크로비트 실전 프로젝트 키트|2026] 1페이지까지 · 누적 3703건 (요청 12052회)
[파이썬 인공지능과 함께하는 토리드론|2023] 1페이지까지 · 누적 3703건 (요청 12053회)
[파이썬 인공지능과 함께하는 토리드론|2024] 1페이지까지 · 누적 3703건 (요청 12054회)
[파이썬 인공지능과 함께하는 토리드론|2025] 1페이지까지 · 누적 3703건 (요청 12055회)
[파이썬 인공지능과 함께하는 토리드론|2026] 1페이지까지 · 누적 3703건 (요청 12056회)
[파이온|2023] 1페이지까지 · 누적 3703건 (요청 12057회)
[파이온|2024] 1페이지까지 · 누적 3703건 (요청 12058회)
[파이온|2025] 1페이지까지 · 누적 3703건 (요청 12059회)
[파이온|2026] 1페이지까지 · 누적 3703건 (요청 12060회)
[파이파이키트|2023] 1페이지까지 · 누적 3703건 (요청 12061회)
[파이파이키트|2024] 1페이지까지 · 누적 3703건 (요청 12062회)
[파이파이키트|2025] 1페이지까지 · 누적 3703건 (요청 12063회)
[파이파이키트|2026] 1페이지까지 · 누적 3703건 (요청 12064회)
[팜팜농장|2023] 1페이지까지 · 누적 3703건 (요청 12065회)
[팜팜농장|2024] 1페이지까지 · 누적 3703건 (요청 12066회)
[팜팜농장|2025] 1페이지까지 · 누적 3703건 (요청 12067회)
[팜팜농장|2026] 1페이지까지 · 누적 3703건 (요청 12068회)
[팝스링크|2023] 1페이지까지 · 누적 3703건 (요청 12069회)
[팝스링크|2024] 1페이지까지 · 누적 3703건 (요청 12070회)
[팝스링크|2025] 1페이지까지 · 누적 3703건 (요청 12071회)
[팝스링크|2026] 1페이지까지 · 누적 3703건 (요청 12072회)
[팝스매니저|2023] 1페이지까지 · 누적 3703건 (요청 12073회)
[팝스매니저|2024] 1페이지까지 · 누적 3703건 (요청 12074회)
[팝스매니저|2025] 1페이지까지 · 누적 3703건 (요청 12075회)
[팝스매니저|2026] 1페이지까지 · 누적 3703건 (요청 12076회)
[팝스쿨|2023] 1페이지까지 · 누적 3703건 (요청 12077회)
[팝스쿨|2024] 1페이지까지 · 누적 3703건 (요청 12078회)
[팝스쿨|2025] 1페이지까지 · 누적 3703건 (요청 12079회)
[팝스쿨|2026] 1페이지까지 · 누적 3703건 (요청 12080회)
[팡팡텃밭 모종키트|2023] 1페이지까지 · 누적 3703건 (요청 12081회)
[팡팡텃밭 모종키트|2024] 1페이지까지 · 누적 3703건 (요청 12082회)
[팡팡텃밭 모종키트|2025] 1페이지까지 · 누적 3703건 (요청 12083회)
[팡팡텃밭 모종키트|2026] 1페이지까지 · 누적 3703건 (요청 12084회)
[팩트챗|2023] 1페이지까지 · 누적 3703건 (요청 12085회)
[팩트챗|2024] 1페이지까지 · 누적 3703건 (요청 12086회)
[팩트챗|2025] 1페이지까지 · 누적 3703건 (요청 12087회)
[팩트챗|2026] 1페이지까지 · 누적 3703건 (요청 12088회)
[팩트체크 학습 플랫폼|2023] 1페이지까지 · 누적 3703건 (요청 12089회)
[팩트체크 학습 플랫폼|2024] 1페이지까지 · 누적 3703건 (요청 12090회)
[팩트체크 학습 플랫폼|2025] 1페이지까지 · 누적 3703건 (요청 12091회)
[팩트체크 학습 플랫폼|2026] 1페이지까지 · 누적 3703건 (요청 12092회)
[페다민트|2023] 1페이지까지 · 누적 3703건 (요청 12093회)
[페다민트|2024] 1페이지까지 · 누적 3703건 (요청 12094회)
[페다민트|2025] 1페이지까지 · 누적 3703건 (요청 12095회)
[페다민트|2026] 1페이지까지 · 누적 3703건 (요청 12096회)
[페더 에듀|2023] 1페이지까지 · 누적 3703건 (요청 12097회)
[페더 에듀|2024] 1페이지까지 · 누적 3703건 (요청 12098회)
[페더 에듀|2025] 1페이지까지 · 누적 3703건 (요청 12099회)
[페더 에듀|2026] 1페이지까지 · 누적 3703건 (요청 12100회)
[페직스 유료 실험 회원 구독|2023] 1페이지까지 · 누적 3703건 (요청 12101회)
[페직스 유료 실험 회원 구독|2024] 1페이지까지 · 누적 3703건 (요청 12102회)
[페직스 유료 실험 회원 구독|2025] 1페이지까지 · 누적 3703건 (요청 12103회)
[페직스 유료 실험 회원 구독|2026] 1페이지까지 · 누적 3703건 (요청 12104회)
[펜슬스페이스|2023] 1페이지까지 · 누적 3703건 (요청 12105회)
[펜슬스페이스|2024] 1페이지까지 · 누적 3703건 (요청 12106회)
[펜슬스페이스|2025] 1페이지까지 · 누적 3703건 (요청 12107회)
[펜슬스페이스|2026] 1페이지까지 · 누적 3703건 (요청 12108회)
[평생배움세상_국립특수교육원|2023] 1페이지까지 · 누적 3703건 (요청 12109회)
[평생배움세상_국립특수교육원|2024] 1페이지까지 · 누적 3703건 (요청 12110회)
[평생배움세상_국립특수교육원|2025] 1페이지까지 · 누적 3703건 (요청 12111회)
[평생배움세상_국립특수교육원|2026] 1페이지까지 · 누적 3703건 (요청 12112회)
[포디메카트로닉스|2023] 1페이지까지 · 누적 3703건 (요청 12113회)
[포디메카트로닉스|2024] 1페이지까지 · 누적 3703건 (요청 12114회)
[포디메카트로닉스|2025] 1페이지까지 · 누적 3703건 (요청 12115회)
[포디메카트로닉스|2026] 1페이지까지 · 누적 3703건 (요청 12116회)
[포레스트 베이직 심리 검사|2023] 1페이지까지 · 누적 3703건 (요청 12117회)
[포레스트 베이직 심리 검사|2024] 1페이지까지 · 누적 3703건 (요청 12118회)
[포레스트 베이직 심리 검사|2025] 1페이지까지 · 누적 3703건 (요청 12119회)
[포레스트 베이직 심리 검사|2026] 1페이지까지 · 누적 3703건 (요청 12120회)
[포레스트 어드밴스트 심리검사|2023] 1페이지까지 · 누적 3703건 (요청 12121회)
[포레스트 어드밴스트 심리검사|2024] 1페이지까지 · 누적 3703건 (요청 12122회)
[포레스트 어드밴스트 심리검사|2025] 1페이지까지 · 누적 3703건 (요청 12123회)
[포레스트 어드밴스트 심리검사|2026] 1페이지까지 · 누적 3703건 (요청 12124회)
[포인캠퍼스|2023] 1페이지까지 · 누적 3703건 (요청 12125회)
[포인캠퍼스|2024] 1페이지까지 · 누적 3703건 (요청 12126회)
[포인캠퍼스|2025] 1페이지까지 · 누적 3703건 (요청 12127회)
[포인캠퍼스|2026] 1페이지까지 · 누적 3703건 (요청 12128회)
[포인투 크롬북 플러스 14|2023] 1페이지까지 · 누적 3703건 (요청 12129회)
[포인투 크롬북 플러스 14|2024] 1페이지까지 · 누적 3703건 (요청 12130회)
[포인투 크롬북 플러스 14|2025] 1페이지까지 · 누적 3703건 (요청 12131회)
[포인투 크롬북 플러스 14|2026] 1페이지까지 · 누적 3703건 (요청 12132회)
[포커스팡 AI|2023] 1페이지까지 · 누적 3703건 (요청 12133회)
[포커스팡 AI|2024] 1페이지까지 · 누적 3703건 (요청 12134회)
[포커스팡 AI|2025] 1페이지까지 · 누적 3703건 (요청 12135회)
[포커스팡 AI|2026] 1페이지까지 · 누적 3703건 (요청 12136회)
[포켓랩-보이저|2023] 1페이지까지 · 누적 3703건 (요청 12137회)
[포켓랩-보이저|2024] 1페이지까지 · 누적 3703건 (요청 12138회)
[포켓랩-보이저|2025] 1페이지까지 · 누적 3703건 (요청 12139회)
[포켓랩-보이저|2026] 1페이지까지 · 누적 3703건 (요청 12140회)
[포켓터틀|2023] 1페이지까지 · 누적 3703건 (요청 12141회)
[포켓터틀|2024] 1페이지까지 · 누적 3703건 (요청 12142회)
[포켓터틀|2025] 1페이지까지 · 누적 3703건 (요청 12143회)
[포켓터틀|2026] 1페이지까지 · 누적 3703건 (요청 12144회)
[포켓터틀+ 음악코딩 BLE|2023] 1페이지까지 · 누적 3703건 (요청 12145회)
[포켓터틀+ 음악코딩 BLE|2024] 1페이지까지 · 누적 3703건 (요청 12146회)
[포켓터틀+ 음악코딩 BLE|2025] 1페이지까지 · 누적 3703건 (요청 12147회)
[포켓터틀+ 음악코딩 BLE|2026] 1페이지까지 · 누적 3703건 (요청 12148회)
[포켓터틀+ 카드코딩 BLE|2023] 1페이지까지 · 누적 3703건 (요청 12149회)
[포켓터틀+ 카드코딩 BLE|2024] 1페이지까지 · 누적 3703건 (요청 12150회)
[포켓터틀+ 카드코딩 BLE|2025] 1페이지까지 · 누적 3703건 (요청 12151회)
[포켓터틀+ 카드코딩 BLE|2026] 1페이지까지 · 누적 3703건 (요청 12152회)
[포코로|2023] 1페이지까지 · 누적 3703건 (요청 12153회)
[포코로|2024] 1페이지까지 · 누적 3703건 (요청 12154회)
[포코로|2025] 1페이지까지 · 누적 3703건 (요청 12155회)
[포코로|2026] 1페이지까지 · 누적 3703건 (요청 12156회)
[포트리스 로봇 네오캐논|2023] 1페이지까지 · 누적 3703건 (요청 12157회)
[포트리스 로봇 네오캐논|2024] 1페이지까지 · 누적 3703건 (요청 12158회)
[포트리스 로봇 네오캐논|2025] 1페이지까지 · 누적 3703건 (요청 12159회)
[포트리스 로봇 네오캐논|2026] 1페이지까지 · 누적 3703건 (요청 12160회)
[폴리곤에이드|2023] 1페이지까지 · 누적 3703건 (요청 12161회)
[폴리곤에이드|2024] 1페이지까지 · 누적 3703건 (요청 12162회)
[폴리곤에이드|2025] 1페이지까지 · 누적 3703건 (요청 12163회)
[폴리곤에이드|2026] 1페이지까지 · 누적 3703건 (요청 12164회)
[폼메이트|2023] 1페이지까지 · 누적 3703건 (요청 12165회)
[폼메이트|2024] 1페이지까지 · 누적 3703건 (요청 12166회)
[폼메이트|2025] 1페이지까지 · 누적 3703건 (요청 12167회)
[폼메이트|2026] 1페이지까지 · 누적 3703건 (요청 12168회)
[퐁당넷/단체및 공공기관 문자메시지 솔루션|2023] 1페이지까지 · 누적 3703건 (요청 12169회)
[퐁당넷/단체및 공공기관 문자메시지 솔루션|2024] 1페이지까지 · 누적 3703건 (요청 12170회)
[퐁당넷/단체및 공공기관 문자메시지 솔루션|2025] 1페이지까지 · 누적 3703건 (요청 12171회)
[퐁당넷/단체및 공공기관 문자메시지 솔루션|2026] 1페이지까지 · 누적 3703건 (요청 12172회)
[표쌤코딩 늘봄키트 과학탐험대 1단계 1호|2023] 1페이지까지 · 누적 3703건 (요청 12173회)
[표쌤코딩 늘봄키트 과학탐험대 1단계 1호|2024] 1페이지까지 · 누적 3703건 (요청 12174회)
[표쌤코딩 늘봄키트 과학탐험대 1단계 1호|2025] 1페이지까지 · 누적 3703건 (요청 12175회)
[표쌤코딩 늘봄키트 과학탐험대 1단계 1호|2026] 1페이지까지 · 누적 3703건 (요청 12176회)
[표쌤코딩 늘봄키트 과학탐험대 1단계 2호|2023] 1페이지까지 · 누적 3703건 (요청 12177회)
[표쌤코딩 늘봄키트 과학탐험대 1단계 2호|2024] 1페이지까지 · 누적 3703건 (요청 12178회)
[표쌤코딩 늘봄키트 과학탐험대 1단계 2호|2025] 1페이지까지 · 누적 3703건 (요청 12179회)
[표쌤코딩 늘봄키트 과학탐험대 1단계 2호|2026] 1페이지까지 · 누적 3703건 (요청 12180회)
[표쌤코딩 늘봄키트 과학탐험대 1단계 3호|2023] 1페이지까지 · 누적 3703건 (요청 12181회)
[표쌤코딩 늘봄키트 과학탐험대 1단계 3호|2024] 1페이지까지 · 누적 3703건 (요청 12182회)
[표쌤코딩 늘봄키트 과학탐험대 1단계 3호|2025] 1페이지까지 · 누적 3703건 (요청 12183회)
[표쌤코딩 늘봄키트 과학탐험대 1단계 3호|2026] 1페이지까지 · 누적 3703건 (요청 12184회)
[표쌤코딩 늘봄키트 과학탐험대 1단계 4호|2023] 1페이지까지 · 누적 3703건 (요청 12185회)
[표쌤코딩 늘봄키트 과학탐험대 1단계 4호|2024] 1페이지까지 · 누적 3703건 (요청 12186회)
[표쌤코딩 늘봄키트 과학탐험대 1단계 4호|2025] 1페이지까지 · 누적 3703건 (요청 12187회)
[표쌤코딩 늘봄키트 과학탐험대 1단계 4호|2026] 1페이지까지 · 누적 3703건 (요청 12188회)
[표쌤코딩 늘봄키트 과학탐험대 1단계 5호|2023] 1페이지까지 · 누적 3703건 (요청 12189회)
[표쌤코딩 늘봄키트 과학탐험대 1단계 5호|2024] 1페이지까지 · 누적 3703건 (요청 12190회)
[표쌤코딩 늘봄키트 과학탐험대 1단계 5호|2025] 1페이지까지 · 누적 3703건 (요청 12191회)
[표쌤코딩 늘봄키트 과학탐험대 1단계 5호|2026] 1페이지까지 · 누적 3703건 (요청 12192회)
[표쌤코딩 늘봄키트 과학탐험대 1단계 6호|2023] 1페이지까지 · 누적 3703건 (요청 12193회)
[표쌤코딩 늘봄키트 과학탐험대 1단계 6호|2024] 1페이지까지 · 누적 3703건 (요청 12194회)
[표쌤코딩 늘봄키트 과학탐험대 1단계 6호|2025] 1페이지까지 · 누적 3703건 (요청 12195회)
[표쌤코딩 늘봄키트 과학탐험대 1단계 6호|2026] 1페이지까지 · 누적 3703건 (요청 12196회)
[표쌤코딩 늘봄키트 디자인공방 1호|2023] 1페이지까지 · 누적 3703건 (요청 12197회)
[표쌤코딩 늘봄키트 디자인공방 1호|2024] 1페이지까지 · 누적 3703건 (요청 12198회)
[표쌤코딩 늘봄키트 디자인공방 1호|2025] 1페이지까지 · 누적 3703건 (요청 12199회)
[표쌤코딩 늘봄키트 디자인공방 1호|2026] 1페이지까지 · 누적 3703건 (요청 12200회)
[표쌤코딩 늘봄키트 디자인공방 2호|2023] 1페이지까지 · 누적 3703건 (요청 12201회)
[표쌤코딩 늘봄키트 디자인공방 2호|2024] 1페이지까지 · 누적 3703건 (요청 12202회)
[표쌤코딩 늘봄키트 디자인공방 2호|2025] 1페이지까지 · 누적 3703건 (요청 12203회)
[표쌤코딩 늘봄키트 디자인공방 2호|2026] 1페이지까지 · 누적 3703건 (요청 12204회)
[표쌤코딩 늘봄키트 디자인공방 3호|2023] 1페이지까지 · 누적 3703건 (요청 12205회)
[표쌤코딩 늘봄키트 디자인공방 3호|2024] 1페이지까지 · 누적 3703건 (요청 12206회)
[표쌤코딩 늘봄키트 디자인공방 3호|2025] 1페이지까지 · 누적 3703건 (요청 12207회)
[표쌤코딩 늘봄키트 디자인공방 3호|2026] 1페이지까지 · 누적 3703건 (요청 12208회)
[표쌤코딩 늘봄키트 디자인공방 4호|2023] 1페이지까지 · 누적 3703건 (요청 12209회)
[표쌤코딩 늘봄키트 디자인공방 4호|2024] 1페이지까지 · 누적 3703건 (요청 12210회)
[표쌤코딩 늘봄키트 디자인공방 4호|2025] 1페이지까지 · 누적 3703건 (요청 12211회)
[표쌤코딩 늘봄키트 디자인공방 4호|2026] 1페이지까지 · 누적 3703건 (요청 12212회)
[표쌤코딩 늘봄키트 디자인공방 5호|2023] 1페이지까지 · 누적 3703건 (요청 12213회)
[표쌤코딩 늘봄키트 디자인공방 5호|2024] 1페이지까지 · 누적 3703건 (요청 12214회)
[표쌤코딩 늘봄키트 디자인공방 5호|2025] 1페이지까지 · 누적 3703건 (요청 12215회)
[표쌤코딩 늘봄키트 디자인공방 5호|2026] 1페이지까지 · 누적 3703건 (요청 12216회)
[표준화 성격진단검사-198문항|2023] 1페이지까지 · 누적 3703건 (요청 12217회)
[표준화 성격진단검사-198문항|2024] 1페이지까지 · 누적 3703건 (요청 12218회)
[표준화 성격진단검사-198문항|2025] 1페이지까지 · 누적 3703건 (요청 12219회)
[표준화 성격진단검사-198문항|2026] 1페이지까지 · 누적 3703건 (요청 12220회)
[표준화 성격진단검사-350문항|2023] 1페이지까지 · 누적 3703건 (요청 12221회)
[표준화 성격진단검사-350문항|2024] 1페이지까지 · 누적 3703건 (요청 12222회)
[표준화 성격진단검사-350문항|2025] 1페이지까지 · 누적 3703건 (요청 12223회)
[표준화 성격진단검사-350문항|2026] 1페이지까지 · 누적 3703건 (요청 12224회)
[표준화 심리 검사|2023] 1페이지까지 · 누적 3703건 (요청 12225회)
[표준화 심리 검사|2024] 1페이지까지 · 누적 3703건 (요청 12226회)
[표준화 심리 검사|2025] 1페이지까지 · 누적 3703건 (요청 12227회)
[표준화 심리 검사|2026] 1페이지까지 · 누적 3703건 (요청 12228회)
[표준화 심리검사|2023] 1페이지까지 · 누적 3747건 (요청 12273회)
[표준화 심리검사|2024] 1페이지까지 · 누적 3792건 (요청 12319회)
[표준화 심리검사|2025] 1페이지까지 · 누적 3880건 (요청 12408회)
[표준화 심리검사|2026] 1페이지까지 · 누적 3941건 (요청 12470회)
[풀리스쿨|2023] 1페이지까지 · 누적 3941건 (요청 12471회)
[풀리스쿨|2024] 1페이지까지 · 누적 3941건 (요청 12472회)
[풀리스쿨|2025] 1페이지까지 · 누적 3941건 (요청 12473회)
[풀리스쿨|2026] 1페이지까지 · 누적 3941건 (요청 12474회)
[퓨처뱅크 with 삐뽀|2023] 1페이지까지 · 누적 3941건 (요청 12475회)
[퓨처뱅크 with 삐뽀|2024] 1페이지까지 · 누적 3941건 (요청 12476회)
[퓨처뱅크 with 삐뽀|2025] 1페이지까지 · 누적 3941건 (요청 12477회)
[퓨처뱅크 with 삐뽀|2026] 1페이지까지 · 누적 3941건 (요청 12478회)
[프라페|2023] 1페이지까지 · 누적 3941건 (요청 12479회)
[프라페|2024] 1페이지까지 · 누적 3941건 (요청 12480회)
[프라페|2025] 1페이지까지 · 누적 3941건 (요청 12481회)
[프라페|2026] 1페이지까지 · 누적 3941건 (요청 12482회)
[프랙토피아|2023] 1페이지까지 · 누적 3941건 (요청 12483회)
[프랙토피아|2024] 1페이지까지 · 누적 3941건 (요청 12484회)
[프랙토피아|2025] 1페이지까지 · 누적 3941건 (요청 12485회)
[프랙토피아|2026] 1페이지까지 · 누적 3941건 (요청 12486회)
[프로젝트 아키펠라고|2023] 1페이지까지 · 누적 3941건 (요청 12487회)
[프로젝트 아키펠라고|2024] 1페이지까지 · 누적 3941건 (요청 12488회)
[프로젝트 아키펠라고|2025] 1페이지까지 · 누적 3941건 (요청 12489회)
[프로젝트 아키펠라고|2026] 1페이지까지 · 누적 3941건 (요청 12490회)
[프로토파이|2023] 1페이지까지 · 누적 3941건 (요청 12491회)
[프로토파이|2024] 1페이지까지 · 누적 3941건 (요청 12492회)
[프로토파이|2025] 1페이지까지 · 누적 3941건 (요청 12493회)
[프로토파이|2026] 1페이지까지 · 누적 3941건 (요청 12494회)
[프록토매틱|2023] 1페이지까지 · 누적 3941건 (요청 12495회)
[프록토매틱|2024] 1페이지까지 · 누적 3941건 (요청 12496회)
[프록토매틱|2025] 1페이지까지 · 누적 3941건 (요청 12497회)
[프록토매틱|2026] 1페이지까지 · 누적 3941건 (요청 12498회)
[플랜투이노|2023] 1페이지까지 · 누적 3941건 (요청 12499회)
[플랜투이노|2024] 1페이지까지 · 누적 3941건 (요청 12500회)
[플랜투이노|2025] 1페이지까지 · 누적 3941건 (요청 12501회)
[플랜투이노|2026] 1페이지까지 · 누적 3941건 (요청 12502회)
[플랫코|2023] 1페이지까지 · 누적 3941건 (요청 12503회)
[플랫코|2024] 1페이지까지 · 누적 3941건 (요청 12504회)
[플랫코|2025] 1페이지까지 · 누적 3941건 (요청 12505회)
[플랫코|2026] 1페이지까지 · 누적 3941건 (요청 12506회)
[플랭스쿨|2023] 1페이지까지 · 누적 3941건 (요청 12507회)
[플랭스쿨|2024] 1페이지까지 · 누적 3941건 (요청 12508회)
[플랭스쿨|2025] 1페이지까지 · 누적 3941건 (요청 12509회)
[플랭스쿨|2026] 1페이지까지 · 누적 3941건 (요청 12510회)
[플레이 더 포스|2023] 1페이지까지 · 누적 3941건 (요청 12511회)
[플레이 더 포스|2024] 1페이지까지 · 누적 3941건 (요청 12512회)
[플레이 더 포스|2025] 1페이지까지 · 누적 3941건 (요청 12513회)
[플레이 더 포스|2026] 1페이지까지 · 누적 3941건 (요청 12514회)
[플레이 파닉스&사이트워드|2023] 1페이지까지 · 누적 3941건 (요청 12515회)
[플레이 파닉스&사이트워드|2024] 1페이지까지 · 누적 3941건 (요청 12516회)
[플레이 파닉스&사이트워드|2025] 1페이지까지 · 누적 3941건 (요청 12517회)
[플레이 파닉스&사이트워드|2026] 1페이지까지 · 누적 3941건 (요청 12518회)
[플레이SQL|2023] 1페이지까지 · 누적 3941건 (요청 12519회)
[플레이SQL|2024] 1페이지까지 · 누적 3941건 (요청 12520회)
[플레이SQL|2025] 1페이지까지 · 누적 3941건 (요청 12521회)
[플레이SQL|2026] 1페이지까지 · 누적 3941건 (요청 12522회)
[플레이봇|2023] 1페이지까지 · 누적 3941건 (요청 12523회)
[플레이봇|2024] 1페이지까지 · 누적 3941건 (요청 12524회)
[플레이봇|2025] 1페이지까지 · 누적 3941건 (요청 12525회)
[플레이봇|2026] 1페이지까지 · 누적 3941건 (요청 12526회)
[플레이스타트업|2023] 1페이지까지 · 누적 3941건 (요청 12527회)
[플레이스타트업|2024] 1페이지까지 · 누적 3941건 (요청 12528회)
[플레이스타트업|2025] 1페이지까지 · 누적 3941건 (요청 12529회)
[플레이스타트업|2026] 1페이지까지 · 누적 3941건 (요청 12530회)
[플레이스타트업 키즈|2023] 1페이지까지 · 누적 3941건 (요청 12531회)
[플레이스타트업 키즈|2024] 1페이지까지 · 누적 3941건 (요청 12532회)
[플레이스타트업 키즈|2025] 1페이지까지 · 누적 3941건 (요청 12533회)
[플레이스타트업 키즈|2026] 1페이지까지 · 누적 3941건 (요청 12534회)
[플레이파이썬|2023] 1페이지까지 · 누적 3941건 (요청 12535회)
[플레이파이썬|2024] 1페이지까지 · 누적 3941건 (요청 12536회)
[플레이파이썬|2025] 1페이지까지 · 누적 3941건 (요청 12537회)
[플레이파이썬|2026] 1페이지까지 · 누적 3941건 (요청 12538회)
[플렉슬 - PDF 필기, 메모|2023] 1페이지까지 · 누적 3941건 (요청 12539회)
[플렉슬 - PDF 필기, 메모|2024] 1페이지까지 · 누적 3941건 (요청 12540회)
[플렉슬 - PDF 필기, 메모|2025] 1페이지까지 · 누적 3941건 (요청 12541회)
[플렉슬 - PDF 필기, 메모|2026] 1페이지까지 · 누적 3941건 (요청 12542회)
[플로어픽|2023] 1페이지까지 · 누적 3941건 (요청 12543회)
[플로어픽|2024] 1페이지까지 · 누적 3941건 (요청 12544회)
[플로어픽|2025] 1페이지까지 · 누적 3941건 (요청 12545회)
[플로어픽|2026] 1페이지까지 · 누적 3941건 (요청 12546회)
[피어링|2023] 1페이지까지 · 누적 3941건 (요청 12547회)
[피어링|2024] 1페이지까지 · 누적 3941건 (요청 12548회)
[피어링|2025] 1페이지까지 · 누적 3941건 (요청 12549회)
[피어링|2026] 1페이지까지 · 누적 3941건 (요청 12550회)
[피지카 에이아이|2023] 1페이지까지 · 누적 3941건 (요청 12551회)
[피지카 에이아이|2024] 1페이지까지 · 누적 3941건 (요청 12552회)
[피지카 에이아이|2025] 1페이지까지 · 누적 3941건 (요청 12553회)
[피지카 에이아이|2026] 1페이지까지 · 누적 3941건 (요청 12554회)
[피치서가|2023] 1페이지까지 · 누적 3941건 (요청 12555회)
[피치서가|2024] 1페이지까지 · 누적 3941건 (요청 12556회)
[피치서가|2025] 1페이지까지 · 누적 3942건 (요청 12558회)
[피치서가|2026] 1페이지까지 · 누적 3942건 (요청 12559회)
[피치서가ai|2023] 1페이지까지 · 누적 3942건 (요청 12560회)
[피치서가ai|2024] 1페이지까지 · 누적 3942건 (요청 12561회)
[피치서가ai|2025] 1페이지까지 · 누적 3942건 (요청 12562회)
[피치서가ai|2026] 1페이지까지 · 누적 3942건 (요청 12563회)
[피클 PICL|2023] 1페이지까지 · 누적 3942건 (요청 12564회)
[피클 PICL|2024] 1페이지까지 · 누적 3942건 (요청 12565회)
[피클 PICL|2025] 1페이지까지 · 누적 3942건 (요청 12566회)
[피클 PICL|2026] 1페이지까지 · 누적 3942건 (요청 12567회)
[피타고라스의 초대|2023] 1페이지까지 · 누적 3942건 (요청 12568회)
[피타고라스의 초대|2024] 1페이지까지 · 누적 3942건 (요청 12569회)
[피타고라스의 초대|2025] 1페이지까지 · 누적 3942건 (요청 12570회)
[피타고라스의 초대|2026] 1페이지까지 · 누적 3942건 (요청 12571회)
[픽시노트|2023] 1페이지까지 · 누적 3942건 (요청 12572회)
[픽시노트|2024] 1페이지까지 · 누적 3942건 (요청 12573회)
[픽시노트|2025] 1페이지까지 · 누적 3942건 (요청 12574회)
[픽시노트|2026] 1페이지까지 · 누적 3942건 (요청 12575회)
[핀캔버스|2023] 1페이지까지 · 누적 3942건 (요청 12576회)
[핀캔버스|2024] 1페이지까지 · 누적 3942건 (요청 12577회)
[핀캔버스|2025] 1페이지까지 · 누적 3942건 (요청 12578회)
[핀캔버스|2026] 1페이지까지 · 누적 3942건 (요청 12579회)
[핏데이|2023] 1페이지까지 · 누적 3942건 (요청 12580회)
[핏데이|2024] 1페이지까지 · 누적 3942건 (요청 12581회)
[핏데이|2025] 1페이지까지 · 누적 3942건 (요청 12582회)
[핏데이|2026] 1페이지까지 · 누적 3942건 (요청 12583회)
[핑거픽|2023] 1페이지까지 · 누적 3942건 (요청 12584회)
[핑거픽|2024] 1페이지까지 · 누적 3942건 (요청 12585회)
[핑거픽|2025] 1페이지까지 · 누적 3942건 (요청 12586회)
[핑거픽|2026] 1페이지까지 · 누적 3942건 (요청 12587회)
[핑크퐁플러스|2023] 1페이지까지 · 누적 3942건 (요청 12588회)
[핑크퐁플러스|2024] 1페이지까지 · 누적 3942건 (요청 12589회)
[핑크퐁플러스|2025] 1페이지까지 · 누적 3942건 (요청 12590회)
[핑크퐁플러스|2026] 1페이지까지 · 누적 3942건 (요청 12591회)
[핑퐁로봇 Abled pingpong 앱|2023] 1페이지까지 · 누적 3942건 (요청 12592회)
[핑퐁로봇 Abled pingpong 앱|2024] 1페이지까지 · 누적 3942건 (요청 12593회)
[핑퐁로봇 Abled pingpong 앱|2025] 1페이지까지 · 누적 3942건 (요청 12594회)
[핑퐁로봇 Abled pingpong 앱|2026] 1페이지까지 · 누적 3942건 (요청 12595회)
[핑퐁로봇 M코딩 앱|2023] 1페이지까지 · 누적 3942건 (요청 12596회)
[핑퐁로봇 M코딩 앱|2024] 1페이지까지 · 누적 3942건 (요청 12597회)
[핑퐁로봇 M코딩 앱|2025] 1페이지까지 · 누적 3942건 (요청 12598회)
[핑퐁로봇 M코딩 앱|2026] 1페이지까지 · 누적 3942건 (요청 12599회)
[핑퐁로봇 M코딩앱|2023] 1페이지까지 · 누적 3942건 (요청 12600회)
[핑퐁로봇 M코딩앱|2024] 1페이지까지 · 누적 3942건 (요청 12601회)
[핑퐁로봇 M코딩앱|2025] 1페이지까지 · 누적 3942건 (요청 12602회)
[핑퐁로봇 M코딩앱|2026] 1페이지까지 · 누적 3942건 (요청 12603회)
[핑퐁로봇 V코딩 앱|2023] 1페이지까지 · 누적 3942건 (요청 12604회)
[핑퐁로봇 V코딩 앱|2024] 1페이지까지 · 누적 3942건 (요청 12605회)
[핑퐁로봇 V코딩 앱|2025] 1페이지까지 · 누적 3942건 (요청 12606회)
[핑퐁로봇 V코딩 앱|2026] 1페이지까지 · 누적 3942건 (요청 12607회)
[핑퐁로봇 V코딩앱|2023] 1페이지까지 · 누적 3942건 (요청 12608회)
[핑퐁로봇 V코딩앱|2024] 1페이지까지 · 누적 3942건 (요청 12609회)
[핑퐁로봇 V코딩앱|2025] 1페이지까지 · 누적 3942건 (요청 12610회)
[핑퐁로봇 V코딩앱|2026] 1페이지까지 · 누적 3942건 (요청 12611회)
[핑퐁로봇 그룹위저드 앱|2023] 1페이지까지 · 누적 3942건 (요청 12612회)
[핑퐁로봇 그룹위저드 앱|2024] 1페이지까지 · 누적 3942건 (요청 12613회)
[핑퐁로봇 그룹위저드 앱|2025] 1페이지까지 · 누적 3942건 (요청 12614회)
[핑퐁로봇 그룹위저드 앱|2026] 1페이지까지 · 누적 3942건 (요청 12615회)
[핑퐁로봇 그룹위저드앱|2023] 1페이지까지 · 누적 3942건 (요청 12616회)
[핑퐁로봇 그룹위저드앱|2024] 1페이지까지 · 누적 3942건 (요청 12617회)
[핑퐁로봇 그룹위저드앱|2025] 1페이지까지 · 누적 3942건 (요청 12618회)
[핑퐁로봇 그룹위저드앱|2026] 1페이지까지 · 누적 3942건 (요청 12619회)
[핑퐁로봇 스크래치|2023] 1페이지까지 · 누적 3942건 (요청 12620회)
[핑퐁로봇 스크래치|2024] 1페이지까지 · 누적 3942건 (요청 12621회)
[핑퐁로봇 스크래치|2025] 1페이지까지 · 누적 3942건 (요청 12622회)
[핑퐁로봇 스크래치|2026] 1페이지까지 · 누적 3942건 (요청 12623회)
[핑퐁로봇 스크래치 3.0|2023] 1페이지까지 · 누적 3942건 (요청 12624회)
[핑퐁로봇 스크래치 3.0|2024] 1페이지까지 · 누적 3942건 (요청 12625회)
[핑퐁로봇 스크래치 3.0|2025] 1페이지까지 · 누적 3942건 (요청 12626회)
[핑퐁로봇 스크래치 3.0|2026] 1페이지까지 · 누적 3942건 (요청 12627회)
[핑퐁로봇 스크래치 앱|2023] 1페이지까지 · 누적 3942건 (요청 12628회)
[핑퐁로봇 스크래치 앱|2024] 1페이지까지 · 누적 3942건 (요청 12629회)
[핑퐁로봇 스크래치 앱|2025] 1페이지까지 · 누적 3942건 (요청 12630회)
[핑퐁로봇 스크래치 앱|2026] 1페이지까지 · 누적 3942건 (요청 12631회)
[핑퐁로봇 스크래치앱|2023] 1페이지까지 · 누적 3942건 (요청 12632회)
[핑퐁로봇 스크래치앱|2024] 1페이지까지 · 누적 3942건 (요청 12633회)
[핑퐁로봇 스크래치앱|2025] 1페이지까지 · 누적 3942건 (요청 12634회)
[핑퐁로봇 스크래치앱|2026] 1페이지까지 · 누적 3942건 (요청 12635회)
[핑퐁로봇 앱|2023] 1페이지까지 · 누적 3942건 (요청 12636회)
[핑퐁로봇 앱|2024] 1페이지까지 · 누적 3942건 (요청 12637회)
[핑퐁로봇 앱|2025] 1페이지까지 · 누적 3942건 (요청 12638회)
[핑퐁로봇 앱|2026] 1페이지까지 · 누적 3942건 (요청 12639회)
[하드보안관|2023] 1페이지까지 · 누적 3942건 (요청 12640회)
[하드보안관|2024] 1페이지까지 · 누적 3942건 (요청 12641회)
[하드보안관|2025] 1페이지까지 · 누적 3945건 (요청 12645회)
[하드보안관|2026] 1페이지까지 · 누적 3946건 (요청 12647회)
[하루북|2023] 1페이지까지 · 누적 3946건 (요청 12648회)
[하루북|2024] 1페이지까지 · 누적 3946건 (요청 12649회)
[하루북|2025] 1페이지까지 · 누적 3946건 (요청 12650회)
[하루북|2026] 1페이지까지 · 누적 3946건 (요청 12651회)
[하루콩|2023] 1페이지까지 · 누적 3946건 (요청 12652회)
[하루콩|2024] 1페이지까지 · 누적 3946건 (요청 12653회)
[하루콩|2025] 1페이지까지 · 누적 3946건 (요청 12654회)
[하루콩|2026] 1페이지까지 · 누적 3946건 (요청 12655회)
[하마룸|2023] 1페이지까지 · 누적 3946건 (요청 12656회)
[하마룸|2024] 1페이지까지 · 누적 3946건 (요청 12657회)
[하마룸|2025] 1페이지까지 · 누적 3946건 (요청 12658회)
[하마룸|2026] 1페이지까지 · 누적 3946건 (요청 12659회)
[하마오|2023] 1페이지까지 · 누적 3946건 (요청 12660회)
[하마오|2024] 1페이지까지 · 누적 3946건 (요청 12661회)
[하마오|2025] 1페이지까지 · 누적 3946건 (요청 12662회)
[하마오|2026] 1페이지까지 · 누적 3946건 (요청 12663회)
[하이동동|2023] 1페이지까지 · 누적 3946건 (요청 12664회)
[하이동동|2024] 1페이지까지 · 누적 3946건 (요청 12665회)
[하이동동|2025] 1페이지까지 · 누적 3946건 (요청 12666회)
[하이동동|2026] 1페이지까지 · 누적 3946건 (요청 12667회)
[하이랜드_경기도교육청|2023] 1페이지까지 · 누적 3946건 (요청 12668회)
[하이랜드_경기도교육청|2024] 1페이지까지 · 누적 3946건 (요청 12669회)
[하이랜드_경기도교육청|2025] 1페이지까지 · 누적 3946건 (요청 12670회)
[하이랜드_경기도교육청|2026] 1페이지까지 · 누적 3946건 (요청 12671회)
[하이러닝 스마트리영어|2023] 1페이지까지 · 누적 3946건 (요청 12672회)
[하이러닝 스마트리영어|2024] 1페이지까지 · 누적 3946건 (요청 12673회)
[하이러닝 스마트리영어|2025] 1페이지까지 · 누적 3946건 (요청 12674회)
[하이러닝 스마트리영어|2026] 1페이지까지 · 누적 3946건 (요청 12675회)
[하이러닝 스마트리영어_경기도교육청|2023] 1페이지까지 · 누적 3946건 (요청 12676회)
[하이러닝 스마트리영어_경기도교육청|2024] 1페이지까지 · 누적 3946건 (요청 12677회)
[하이러닝 스마트리영어_경기도교육청|2025] 1페이지까지 · 누적 3946건 (요청 12678회)
[하이러닝 스마트리영어_경기도교육청|2026] 1페이지까지 · 누적 3946건 (요청 12679회)
[하이러닝_경기도교육청|2023] 1페이지까지 · 누적 3946건 (요청 12680회)
[하이러닝_경기도교육청|2024] 1페이지까지 · 누적 3946건 (요청 12681회)
[하이러닝_경기도교육청|2025] 1페이지까지 · 누적 3946건 (요청 12682회)
[하이러닝_경기도교육청|2026] 1페이지까지 · 누적 3946건 (요청 12683회)
[하이러닝_미리캔버스_경기도교육청|2023] 1페이지까지 · 누적 3946건 (요청 12684회)
[하이러닝_미리캔버스_경기도교육청|2024] 1페이지까지 · 누적 3946건 (요청 12685회)
[하이러닝_미리캔버스_경기도교육청|2025] 1페이지까지 · 누적 3946건 (요청 12686회)
[하이러닝_미리캔버스_경기도교육청|2026] 1페이지까지 · 누적 3946건 (요청 12687회)
[하이러닝_아티클러 _ 경기도교육청|2023] 1페이지까지 · 누적 3946건 (요청 12688회)
[하이러닝_아티클러 _ 경기도교육청|2024] 1페이지까지 · 누적 3946건 (요청 12689회)
[하이러닝_아티클러 _ 경기도교육청|2025] 1페이지까지 · 누적 3946건 (요청 12690회)
[하이러닝_아티클러 _ 경기도교육청|2026] 1페이지까지 · 누적 3946건 (요청 12691회)
[하이브레디|2023] 1페이지까지 · 누적 3946건 (요청 12692회)
[하이브레디|2024] 1페이지까지 · 누적 3946건 (요청 12693회)
[하이브레디|2025] 1페이지까지 · 누적 3946건 (요청 12694회)
[하이브레디|2026] 1페이지까지 · 누적 3946건 (요청 12695회)
[하이에듀|2023] 1페이지까지 · 누적 3946건 (요청 12696회)
[하이에듀|2024] 1페이지까지 · 누적 3947건 (요청 12698회)
[하이에듀|2025] 1페이지까지 · 누적 3954건 (요청 12706회)
[하이에듀|2026] 1페이지까지 · 누적 3961건 (요청 12714회)
[하이에듀 Hiedu|2023] 1페이지까지 · 누적 3961건 (요청 12715회)
[하이에듀 Hiedu|2024] 1페이지까지 · 누적 3961건 (요청 12716회)
[하이에듀 Hiedu|2025] 1페이지까지 · 누적 3961건 (요청 12717회)
[하이에듀 Hiedu|2026] 1페이지까지 · 누적 3961건 (요청 12718회)
[하이에듀 Highedu|2023] 1페이지까지 · 누적 3961건 (요청 12719회)
[하이에듀 Highedu|2024] 1페이지까지 · 누적 3961건 (요청 12720회)
[하이에듀 Highedu|2025] 1페이지까지 · 누적 3961건 (요청 12721회)
[하이에듀 Highedu|2026] 1페이지까지 · 누적 3961건 (요청 12722회)
[하이코드|2023] 1페이지까지 · 누적 3961건 (요청 12723회)
[하이코드|2024] 1페이지까지 · 누적 3961건 (요청 12724회)
[하이코드|2025] 1페이지까지 · 누적 3961건 (요청 12725회)
[하이코드|2026] 1페이지까지 · 누적 3961건 (요청 12726회)
[하이클래스|2023] 1페이지까지 · 누적 3961건 (요청 12727회)
[하이클래스|2024] 1페이지까지 · 누적 3961건 (요청 12728회)
[하이클래스|2025] 1페이지까지 · 누적 3961건 (요청 12729회)
[하이클래스|2026] 1페이지까지 · 누적 3961건 (요청 12730회)
[학과계열선정검사|2023] 1페이지까지 · 누적 3962건 (요청 12732회)
[학과계열선정검사|2024] 1페이지까지 · 누적 3962건 (요청 12733회)
[학과계열선정검사|2025] 1페이지까지 · 누적 3962건 (요청 12734회)
[학과계열선정검사|2026] 1페이지까지 · 누적 3962건 (요청 12735회)
[학급 경영 올인원 웹 앱|2023] 1페이지까지 · 누적 3962건 (요청 12736회)
[학급 경영 올인원 웹 앱|2024] 1페이지까지 · 누적 3962건 (요청 12737회)
[학급 경영 올인원 웹 앱|2025] 1페이지까지 · 누적 3962건 (요청 12738회)
[학급 경영 올인원 웹 앱|2026] 1페이지까지 · 누적 3962건 (요청 12739회)
[학내망 스마트 채점|2023] 1페이지까지 · 누적 3962건 (요청 12740회)
[학내망 스마트 채점|2024] 1페이지까지 · 누적 3962건 (요청 12741회)
[학내망 스마트 채점|2025] 1페이지까지 · 누적 3962건 (요청 12742회)
[학내망 스마트 채점|2026] 1페이지까지 · 누적 3962건 (요청 12743회)
[학생관리프로그램_진학통|2023] 1페이지까지 · 누적 3962건 (요청 12744회)
[학생관리프로그램_진학통|2024] 1페이지까지 · 누적 3962건 (요청 12745회)
[학생관리프로그램_진학통|2025] 1페이지까지 · 누적 3962건 (요청 12746회)
[학생관리프로그램_진학통|2026] 1페이지까지 · 누적 3962건 (요청 12747회)
[학생역량강화 솔루션|2023] 1페이지까지 · 누적 3962건 (요청 12748회)
[학생역량강화 솔루션|2024] 1페이지까지 · 누적 3962건 (요청 12749회)
[학생역량강화 솔루션|2025] 1페이지까지 · 누적 3962건 (요청 12750회)
[학생역량강화 솔루션|2026] 1페이지까지 · 누적 3962건 (요청 12751회)
[학생참여중심수업|2023] 1페이지까지 · 누적 3962건 (요청 12752회)
[학생참여중심수업|2024] 1페이지까지 · 누적 3962건 (요청 12753회)
[학생참여중심수업|2025] 1페이지까지 · 누적 3962건 (요청 12754회)
[학생참여중심수업|2026] 1페이지까지 · 누적 3962건 (요청 12755회)
[학생평가지원포털|2023] 1페이지까지 · 누적 3962건 (요청 12756회)
[학생평가지원포털|2024] 1페이지까지 · 누적 3962건 (요청 12757회)
[학생평가지원포털|2025] 1페이지까지 · 누적 3962건 (요청 12758회)
[학생평가지원포털|2026] 1페이지까지 · 누적 3962건 (요청 12759회)
[학술연구정보서비스|2023] 1페이지까지 · 누적 3962건 (요청 12760회)
[학술연구정보서비스|2024] 1페이지까지 · 누적 3962건 (요청 12761회)
[학술연구정보서비스|2025] 1페이지까지 · 누적 3962건 (요청 12762회)
[학술연구정보서비스|2026] 1페이지까지 · 누적 3962건 (요청 12763회)
[학습동기 및 기술검사|2023] 1페이지까지 · 누적 3962건 (요청 12764회)
[학습동기 및 기술검사|2024] 1페이지까지 · 누적 3962건 (요청 12765회)
[학습동기 및 기술검사|2025] 1페이지까지 · 누적 3962건 (요청 12766회)
[학습동기 및 기술검사|2026] 1페이지까지 · 누적 3962건 (요청 12767회)
[학습역량 진단검사 온라인 시스템|2023] 1페이지까지 · 누적 3962건 (요청 12768회)
[학습역량 진단검사 온라인 시스템|2024] 1페이지까지 · 누적 3962건 (요청 12769회)
[학습역량 진단검사 온라인 시스템|2025] 1페이지까지 · 누적 3962건 (요청 12770회)
[학습역량 진단검사 온라인 시스템|2026] 1페이지까지 · 누적 3962건 (요청 12771회)
[학습이력카드|2023] 1페이지까지 · 누적 3962건 (요청 12772회)
[학습이력카드|2024] 1페이지까지 · 누적 3962건 (요청 12773회)
[학습이력카드|2025] 1페이지까지 · 누적 3962건 (요청 12774회)
[학습이력카드|2026] 1페이지까지 · 누적 3962건 (요청 12775회)
[한곽알고리즘저지|2023] 1페이지까지 · 누적 3962건 (요청 12776회)
[한곽알고리즘저지|2024] 1페이지까지 · 누적 3962건 (요청 12777회)
[한곽알고리즘저지|2025] 1페이지까지 · 누적 3962건 (요청 12778회)
[한곽알고리즘저지|2026] 1페이지까지 · 누적 3962건 (요청 12779회)
[한국공인회계사회 AT자격시험|2023] 1페이지까지 · 누적 3962건 (요청 12780회)
[한국공인회계사회 AT자격시험|2024] 1페이지까지 · 누적 3962건 (요청 12781회)
[한국공인회계사회 AT자격시험|2025] 1페이지까지 · 누적 3962건 (요청 12782회)
[한국공인회계사회 AT자격시험|2026] 1페이지까지 · 누적 3962건 (요청 12783회)
[한국비버챌린지|2023] 1페이지까지 · 누적 3962건 (요청 12784회)
[한국비버챌린지|2024] 1페이지까지 · 누적 3962건 (요청 12785회)
[한국비버챌린지|2025] 1페이지까지 · 누적 3962건 (요청 12786회)
[한국비버챌린지|2026] 1페이지까지 · 누적 3962건 (요청 12787회)
[한국어 레벨테스트|2023] 1페이지까지 · 누적 3962건 (요청 12788회)
[한국어 레벨테스트|2024] 1페이지까지 · 누적 3962건 (요청 12789회)
[한국어 레벨테스트|2025] 1페이지까지 · 누적 3962건 (요청 12790회)
[한국어 레벨테스트|2026] 1페이지까지 · 누적 3962건 (요청 12791회)
[한국어 속뜻사전|2023] 1페이지까지 · 누적 3962건 (요청 12792회)
[한국어 속뜻사전|2024] 1페이지까지 · 누적 3962건 (요청 12793회)
[한국어 속뜻사전|2025] 1페이지까지 · 누적 3962건 (요청 12794회)
[한국어 속뜻사전|2026] 1페이지까지 · 누적 3962건 (요청 12795회)
[한국어 중심 언어교환 앱 코리안쌤|2023] 1페이지까지 · 누적 3962건 (요청 12796회)
[한국어 중심 언어교환 앱 코리안쌤|2024] 1페이지까지 · 누적 3962건 (요청 12797회)
[한국어 중심 언어교환 앱 코리안쌤|2025] 1페이지까지 · 누적 3962건 (요청 12798회)
[한국어 중심 언어교환 앱 코리안쌤|2026] 1페이지까지 · 누적 3962건 (요청 12799회)
[한권으로 아두이노 메이킹 날로먹기|2023] 1페이지까지 · 누적 3962건 (요청 12800회)
[한권으로 아두이노 메이킹 날로먹기|2024] 1페이지까지 · 누적 3962건 (요청 12801회)
[한권으로 아두이노 메이킹 날로먹기|2025] 1페이지까지 · 누적 3962건 (요청 12802회)
[한권으로 아두이노 메이킹 날로먹기|2026] 1페이지까지 · 누적 3962건 (요청 12803회)
[한글 또박또박|2023] 1페이지까지 · 누적 3962건 (요청 12804회)
[한글 또박또박|2024] 1페이지까지 · 누적 3962건 (요청 12805회)
[한글 또박또박|2025] 1페이지까지 · 누적 3962건 (요청 12806회)
[한글 또박또박|2026] 1페이지까지 · 누적 3962건 (요청 12807회)
[한글 배움책|2023] 1페이지까지 · 누적 3962건 (요청 12808회)
[한글 배움책|2024] 1페이지까지 · 누적 3962건 (요청 12809회)
[한글 배움책|2025] 1페이지까지 · 누적 3962건 (요청 12810회)
[한글 배움책|2026] 1페이지까지 · 누적 3962건 (요청 12811회)
[한글과컴퓨터 계정서비스|2023] 1페이지까지 · 누적 3962건 (요청 12812회)
[한글과컴퓨터 계정서비스|2024] 1페이지까지 · 누적 3962건 (요청 12813회)
[한글과컴퓨터 계정서비스|2025] 1페이지까지 · 누적 3962건 (요청 12814회)
[한글과컴퓨터 계정서비스|2026] 1페이지까지 · 누적 3962건 (요청 12815회)
[한글링|2023] 1페이지까지 · 누적 3962건 (요청 12816회)
[한글링|2024] 1페이지까지 · 누적 3962건 (요청 12817회)
[한글링|2025] 1페이지까지 · 누적 3962건 (요청 12818회)
[한글링|2026] 1페이지까지 · 누적 3962건 (요청 12819회)
[한글판 GSP 5.0|2023] 1페이지까지 · 누적 3962건 (요청 12820회)
[한글판 GSP 5.0|2024] 1페이지까지 · 누적 3962건 (요청 12821회)
[한글판 GSP 5.0|2025] 1페이지까지 · 누적 3962건 (요청 12822회)
[한글판 GSP 5.0|2026] 1페이지까지 · 누적 3962건 (요청 12823회)
[한글판 GrafEq|2023] 1페이지까지 · 누적 3962건 (요청 12824회)
[한글판 GrafEq|2024] 1페이지까지 · 누적 3962건 (요청 12825회)
[한글판 GrafEq|2025] 1페이지까지 · 누적 3962건 (요청 12826회)
[한글판 GrafEq|2026] 1페이지까지 · 누적 3962건 (요청 12827회)
[한글판 Tess|2023] 1페이지까지 · 누적 3962건 (요청 12828회)
[한글판 Tess|2024] 1페이지까지 · 누적 3962건 (요청 12829회)
[한글판 Tess|2025] 1페이지까지 · 누적 3962건 (요청 12830회)
[한글판 Tess|2026] 1페이지까지 · 누적 3962건 (요청 12831회)
[한뼘코딩|2023] 1페이지까지 · 누적 3962건 (요청 12832회)
[한뼘코딩|2024] 1페이지까지 · 누적 3962건 (요청 12833회)
[한뼘코딩|2025] 1페이지까지 · 누적 3962건 (요청 12834회)
[한뼘코딩|2026] 1페이지까지 · 누적 3962건 (요청 12835회)
[한뼘텃밭 모종키트|2023] 1페이지까지 · 누적 3962건 (요청 12836회)
[한뼘텃밭 모종키트|2024] 1페이지까지 · 누적 3962건 (요청 12837회)
[한뼘텃밭 모종키트|2025] 1페이지까지 · 누적 3962건 (요청 12838회)
[한뼘텃밭 모종키트|2026] 1페이지까지 · 누적 3962건 (요청 12839회)
[한지쌤 교수평기 일체화|2023] 1페이지까지 · 누적 3962건 (요청 12840회)
[한지쌤 교수평기 일체화|2024] 1페이지까지 · 누적 3962건 (요청 12841회)
[한지쌤 교수평기 일체화|2025] 1페이지까지 · 누적 3962건 (요청 12842회)
[한지쌤 교수평기 일체화|2026] 1페이지까지 · 누적 3962건 (요청 12843회)
[한컵새싹농장|2023] 1페이지까지 · 누적 3962건 (요청 12844회)
[한컵새싹농장|2024] 1페이지까지 · 누적 3962건 (요청 12845회)
[한컵새싹농장|2025] 1페이지까지 · 누적 3962건 (요청 12846회)
[한컵새싹농장|2026] 1페이지까지 · 누적 3962건 (요청 12847회)
[한컵쑥쑥 콩나물키우기|2023] 1페이지까지 · 누적 3962건 (요청 12848회)
[한컵쑥쑥 콩나물키우기|2024] 1페이지까지 · 누적 3962건 (요청 12849회)
[한컵쑥쑥 콩나물키우기|2025] 1페이지까지 · 누적 3962건 (요청 12850회)
[한컵쑥쑥 콩나물키우기|2026] 1페이지까지 · 누적 3962건 (요청 12851회)
[할로코드|2023] 1페이지까지 · 누적 3962건 (요청 12852회)
[할로코드|2024] 1페이지까지 · 누적 3962건 (요청 12853회)
[할로코드|2025] 1페이지까지 · 누적 3962건 (요청 12854회)
[할로코드|2026] 1페이지까지 · 누적 3962건 (요청 12855회)
[함께학교|2023] 1페이지까지 · 누적 3962건 (요청 12856회)
[함께학교|2024] 1페이지까지 · 누적 3962건 (요청 12857회)
[함께학교|2025] 1페이지까지 · 누적 3966건 (요청 12862회)
[함께학교|2026] 1페이지까지 · 누적 3966건 (요청 12863회)
[합시다|2023] 1페이지까지 · 누적 3966건 (요청 12864회)
[합시다|2024] 1페이지까지 · 누적 3966건 (요청 12865회)
[합시다|2025] 1페이지까지 · 누적 3966건 (요청 12866회)
[합시다|2026] 1페이지까지 · 누적 3966건 (요청 12867회)
[해냄에듀|2023] 1페이지까지 · 누적 3966건 (요청 12868회)
[해냄에듀|2024] 1페이지까지 · 누적 3966건 (요청 12869회)
[해냄에듀|2025] 1페이지까지 · 누적 3966건 (요청 12870회)
[해냄에듀|2026] 1페이지까지 · 누적 3966건 (요청 12871회)
[해바라기 DIY 아두이노 코딩교육 키트|2023] 1페이지까지 · 누적 3966건 (요청 12872회)
[해바라기 DIY 아두이노 코딩교육 키트|2024] 1페이지까지 · 누적 3966건 (요청 12873회)
[해바라기 DIY 아두이노 코딩교육 키트|2025] 1페이지까지 · 누적 3966건 (요청 12874회)
[해바라기 DIY 아두이노 코딩교육 키트|2026] 1페이지까지 · 누적 3966건 (요청 12875회)
[해바라기 키트|2023] 1페이지까지 · 누적 3966건 (요청 12876회)
[해바라기 키트|2024] 1페이지까지 · 누적 3966건 (요청 12877회)
[해바라기 키트|2025] 1페이지까지 · 누적 3966건 (요청 12878회)
[해바라기 키트|2026] 1페이지까지 · 누적 3966건 (요청 12879회)
[해시계 만들기 DIY 코딩 교육 키트|2023] 1페이지까지 · 누적 3966건 (요청 12880회)
[해시계 만들기 DIY 코딩 교육 키트|2024] 1페이지까지 · 누적 3966건 (요청 12881회)
[해시계 만들기 DIY 코딩 교육 키트|2025] 1페이지까지 · 누적 3966건 (요청 12882회)
[해시계 만들기 DIY 코딩 교육 키트|2026] 1페이지까지 · 누적 3966건 (요청 12883회)
[핸드팔로잉 자동차|2023] 1페이지까지 · 누적 3966건 (요청 12884회)
[핸드팔로잉 자동차|2024] 1페이지까지 · 누적 3966건 (요청 12885회)
[핸드팔로잉 자동차|2025] 1페이지까지 · 누적 3966건 (요청 12886회)
[핸드팔로잉 자동차|2026] 1페이지까지 · 누적 3966건 (요청 12887회)
[햄스터 축구 조종기|2023] 1페이지까지 · 누적 3966건 (요청 12888회)
[햄스터 축구 조종기|2024] 1페이지까지 · 누적 3966건 (요청 12889회)
[햄스터 축구 조종기|2025] 1페이지까지 · 누적 3966건 (요청 12890회)
[햄스터 축구 조종기|2026] 1페이지까지 · 누적 3966건 (요청 12891회)
[햄스터 폭탄 대작전|2023] 1페이지까지 · 누적 3966건 (요청 12892회)
[햄스터 폭탄 대작전|2024] 1페이지까지 · 누적 3966건 (요청 12893회)
[햄스터 폭탄 대작전|2025] 1페이지까지 · 누적 3966건 (요청 12894회)
[햄스터 폭탄 대작전|2026] 1페이지까지 · 누적 3966건 (요청 12895회)
[햄스터S|2023] 1페이지까지 · 누적 3966건 (요청 12896회)
[햄스터S|2024] 1페이지까지 · 누적 3970건 (요청 12901회)
[햄스터S|2025] 1페이지까지 · 누적 3972건 (요청 12904회)
[햄스터S|2026] 1페이지까지 · 누적 3972건 (요청 12905회)
[허밍고|2023] 1페이지까지 · 누적 3972건 (요청 12906회)
[허밍고|2024] 1페이지까지 · 누적 3972건 (요청 12907회)
[허밍고|2025] 1페이지까지 · 누적 3972건 (요청 12908회)
[허밍고|2026] 1페이지까지 · 누적 3972건 (요청 12909회)
[허밍블럭스|2023] 1페이지까지 · 누적 3972건 (요청 12910회)
[허밍블럭스|2024] 1페이지까지 · 누적 3972건 (요청 12911회)
[허밍블럭스|2025] 1페이지까지 · 누적 3972건 (요청 12912회)
[허밍블럭스|2026] 1페이지까지 · 누적 3972건 (요청 12913회)
[허브메이트|2023] 1페이지까지 · 누적 3972건 (요청 12914회)
[허브메이트|2024] 1페이지까지 · 누적 3972건 (요청 12915회)
[허브메이트|2025] 1페이지까지 · 누적 3972건 (요청 12916회)
[허브메이트|2026] 1페이지까지 · 누적 3972건 (요청 12917회)
[헥사보드|2023] 1페이지까지 · 누적 3972건 (요청 12918회)
[헥사보드|2024] 1페이지까지 · 누적 3972건 (요청 12919회)
[헥사보드|2025] 1페이지까지 · 누적 3972건 (요청 12920회)
[헥사보드|2026] 1페이지까지 · 누적 3972건 (요청 12921회)
[헥사월드 에듀|2023] 1페이지까지 · 누적 3972건 (요청 12922회)
[헥사월드 에듀|2024] 1페이지까지 · 누적 3972건 (요청 12923회)
[헥사월드 에듀|2025] 1페이지까지 · 누적 3972건 (요청 12924회)
[헥사월드 에듀|2026] 1페이지까지 · 누적 3972건 (요청 12925회)
[헬로루디|2023] 1페이지까지 · 누적 3972건 (요청 12926회)
[헬로루디|2024] 1페이지까지 · 누적 3972건 (요청 12927회)
[헬로루디|2025] 1페이지까지 · 누적 3972건 (요청 12928회)
[헬로루디|2026] 1페이지까지 · 누적 3972건 (요청 12929회)
[헬로메이플|2023] 1페이지까지 · 누적 3972건 (요청 12930회)
[헬로메이플|2024] 1페이지까지 · 누적 3972건 (요청 12931회)
[헬로메이플|2025] 1페이지까지 · 누적 3973건 (요청 12933회)
[헬로메이플|2026] 1페이지까지 · 누적 3973건 (요청 12934회)
[현미경|2023] 1페이지까지 · 누적 4059건 (요청 13021회)
[현미경|2024] 1페이지까지 · 누적 4149건 (요청 13112회)
[현미경|2025] 2페이지까지 · 누적 4336건 (요청 13301회)
[현미경|2026] 1페이지까지 · 누적 4417건 (요청 13383회)
[현정화의 콕! 찍어보는 탁구비법|2023] 1페이지까지 · 누적 4417건 (요청 13384회)
[현정화의 콕! 찍어보는 탁구비법|2024] 1페이지까지 · 누적 4417건 (요청 13385회)
[현정화의 콕! 찍어보는 탁구비법|2025] 1페이지까지 · 누적 4417건 (요청 13386회)
[현정화의 콕! 찍어보는 탁구비법|2026] 1페이지까지 · 누적 4417건 (요청 13387회)
[호두잉글리시M|2023] 1페이지까지 · 누적 4417건 (요청 13388회)
[호두잉글리시M|2024] 1페이지까지 · 누적 4417건 (요청 13389회)
[호두잉글리시M|2025] 1페이지까지 · 누적 4417건 (요청 13390회)
[호두잉글리시M|2026] 1페이지까지 · 누적 4417건 (요청 13391회)
[호두잉글리시PC|2023] 1페이지까지 · 누적 4417건 (요청 13392회)
[호두잉글리시PC|2024] 1페이지까지 · 누적 4417건 (요청 13393회)
[호두잉글리시PC|2025] 1페이지까지 · 누적 4417건 (요청 13394회)
[호두잉글리시PC|2026] 1페이지까지 · 누적 4417건 (요청 13395회)
[호버컬링볼 키트|2023] 1페이지까지 · 누적 4417건 (요청 13396회)
[호버컬링볼 키트|2024] 1페이지까지 · 누적 4417건 (요청 13397회)
[호버컬링볼 키트|2025] 1페이지까지 · 누적 4417건 (요청 13398회)
[호버컬링볼 키트|2026] 1페이지까지 · 누적 4417건 (요청 13399회)
[홀로매직|2023] 1페이지까지 · 누적 4417건 (요청 13400회)
[홀로매직|2024] 1페이지까지 · 누적 4417건 (요청 13401회)
[홀로매직|2025] 1페이지까지 · 누적 4417건 (요청 13402회)
[홀로매직|2026] 1페이지까지 · 누적 4417건 (요청 13403회)
[홈골프 만들기 DIY 코딩 교육 키트|2023] 1페이지까지 · 누적 4417건 (요청 13404회)
[홈골프 만들기 DIY 코딩 교육 키트|2024] 1페이지까지 · 누적 4417건 (요청 13405회)
[홈골프 만들기 DIY 코딩 교육 키트|2025] 1페이지까지 · 누적 4417건 (요청 13406회)
[홈골프 만들기 DIY 코딩 교육 키트|2026] 1페이지까지 · 누적 4417건 (요청 13407회)
[화산 폭발 실험 키트|2023] 1페이지까지 · 누적 4417건 (요청 13408회)
[화산 폭발 실험 키트|2024] 1페이지까지 · 누적 4417건 (요청 13409회)
[화산 폭발 실험 키트|2025] 1페이지까지 · 누적 4417건 (요청 13410회)
[화산 폭발 실험 키트|2026] 1페이지까지 · 누적 4417건 (요청 13411회)
[화학반응AR카드 / 화학반응 AR|2023] 1페이지까지 · 누적 4417건 (요청 13412회)
[화학반응AR카드 / 화학반응 AR|2024] 1페이지까지 · 누적 4417건 (요청 13413회)
[화학반응AR카드 / 화학반응 AR|2025] 1페이지까지 · 누적 4417건 (요청 13414회)
[화학반응AR카드 / 화학반응 AR|2026] 1페이지까지 · 누적 4417건 (요청 13415회)
[환경교육, 분리배출 트럭 만들기|2023] 1페이지까지 · 누적 4417건 (요청 13416회)
[환경교육, 분리배출 트럭 만들기|2024] 1페이지까지 · 누적 4417건 (요청 13417회)
[환경교육, 분리배출 트럭 만들기|2025] 1페이지까지 · 누적 4417건 (요청 13418회)
[환경교육, 분리배출 트럭 만들기|2026] 1페이지까지 · 누적 4417건 (요청 13419회)
[후후비행기|2023] 1페이지까지 · 누적 4417건 (요청 13420회)
[후후비행기|2024] 1페이지까지 · 누적 4417건 (요청 13421회)
[후후비행기|2025] 1페이지까지 · 누적 4417건 (요청 13422회)
[후후비행기|2026] 1페이지까지 · 누적 4417건 (요청 13423회)
[훈맹정음 점자 탐험대|2023] 1페이지까지 · 누적 4417건 (요청 13424회)
[훈맹정음 점자 탐험대|2024] 1페이지까지 · 누적 4417건 (요청 13425회)
[훈맹정음 점자 탐험대|2025] 1페이지까지 · 누적 4417건 (요청 13426회)
[훈맹정음 점자 탐험대|2026] 1페이지까지 · 누적 4417건 (요청 13427회)
[휠리엑스플레이|2023] 1페이지까지 · 누적 4417건 (요청 13428회)
[휠리엑스플레이|2024] 1페이지까지 · 누적 4417건 (요청 13429회)
[휠리엑스플레이|2025] 1페이지까지 · 누적 4417건 (요청 13430회)
[휠리엑스플레이|2026] 1페이지까지 · 누적 4417건 (요청 13431회)
[휴노 스쿨온 표준화심리검사|2023] 1페이지까지 · 누적 4417건 (요청 13432회)
[휴노 스쿨온 표준화심리검사|2024] 1페이지까지 · 누적 4417건 (요청 13433회)
[휴노 스쿨온 표준화심리검사|2025] 1페이지까지 · 누적 4417건 (요청 13434회)
[휴노 스쿨온 표준화심리검사|2026] 1페이지까지 · 누적 4417건 (요청 13435회)
[휴머노이드형 2족 AI 체험로봇 파이온|2023] 1페이지까지 · 누적 4417건 (요청 13436회)
[휴머노이드형 2족 AI 체험로봇 파이온|2024] 1페이지까지 · 누적 4417건 (요청 13437회)
[휴머노이드형 2족 AI 체험로봇 파이온|2025] 1페이지까지 · 누적 4417건 (요청 13438회)
[휴머노이드형 2족 AI 체험로봇 파이온|2026] 1페이지까지 · 누적 4417건 (요청 13439회)
[휴머노이드형 AI 교육용 로봇 파이보|2023] 1페이지까지 · 누적 4417건 (요청 13440회)
[휴머노이드형 AI 교육용 로봇 파이보|2024] 1페이지까지 · 누적 4417건 (요청 13441회)
[휴머노이드형 AI 교육용 로봇 파이보|2025] 1페이지까지 · 누적 4417건 (요청 13442회)
[휴머노이드형 AI 교육용 로봇 파이보|2026] 1페이지까지 · 누적 4417건 (요청 13443회)
[휴지통 만들기 DIY 코딩 교육 키트|2023] 1페이지까지 · 누적 4417건 (요청 13444회)
[휴지통 만들기 DIY 코딩 교육 키트|2024] 1페이지까지 · 누적 4417건 (요청 13445회)
[휴지통 만들기 DIY 코딩 교육 키트|2025] 1페이지까지 · 누적 4417건 (요청 13446회)
[휴지통 만들기 DIY 코딩 교육 키트|2026] 1페이지까지 · 누적 4417건 (요청 13447회)

완료 — 요청 13447회, 학교 계약 4417건 → 경남_candidates.csv
