학교,시도,도메인,링크문구,링크URL
가산중학교,서울,webzine.serii.re.kr,계간 『서울교육』(연 4회 발간) 홍보 [새 창 열림],https://webzine.serii.re.kr/
가산중학교,서울,read365.edunet.net,독서로 [링크] [새 창 열림],https://read365.edunet.net/
강남중학교,서울,read365.edunet.net,강남중도서관,http://read365.edunet.net/PureScreen/SchoolSearch?schoolName=강남중학교&provCode=B10&neisCode=B100001545
강남중학교,서울,www.teen1318.or.kr,,http://www.teen1318.or.kr/
강명중학교,서울,www.ekape.or.kr,축산물 이력번호 조회,https://www.ekape.or.kr/kapecp/ui/kapecp/trust.jsp?searchKeyword=2128302055
강북중학교,서울,www.ekape.or.kr,이력번호조회,https://www.ekape.or.kr/kapecp/trustservicemng/trustSrvcMng/trustSearchOne.do?trustEntrpsNm=2108301161&amp;sectnCd=0001
강신중학교,서울,reading.ssem.or.kr,강신중 도서검색,http://reading.ssem.or.kr/r/reading/search/schoolCodeSetting.jsp?schoolCode=31315&amp;returnUrl=
강신중학교,서울,webzine.serii.re.kr,계간 『서울교육』(연 4회 발간) 홍보 [새 창 열림],https://webzine.serii.re.kr/
강신중학교,서울,read365.edunet.net,독서로 [링크] [새 창 열림],https://read365.edunet.net/
강일고등학교,서울,read365.edunet.net,디지털도서관,https://read365.edunet.net/PureScreen/SchoolSearch?schoolName=%EA%B0%95%EC%9D%BC%EA%B3%A0%EB%93%B1%ED%95%99%EA%B5%90&provCode=B10&neisCode=B100005522
강일고등학교,서울,www.hscredit.net,고교학점제,https://www.hscredit.net/common/greeting.do
강일고등학교,서울,webzine.serii.re.kr,계간 『서울교육』(연 4회 발간) 홍보 [새 창 열림],https://webzine.serii.re.kr/
개웅중학교,서울,www.ekape.or.kr,축산물이력조회,https://www.ekape.or.kr/kapecp/ui/kapecp/trust.jsp?searchKeyword=1138301079
개포고등학교,서울,read365.edunet.net,개포고등학교 도서관,https://read365.edunet.net/PureScreen/SchoolSearch?schoolName=%EA%B0%9C%ED%8F%AC%EA%B3%A0%EB%93%B1%ED%95%99%EA%B5%90&provCode=B10&neisCode=B100000373
개포고등학교,서울,www.jinhak.or.kr,진로진학정보센터,https://www.jinhak.or.kr/index.do
개포고등학교,서울,www.kkulbaksa.com,꿀박사,https://www.kkulbaksa.com/
개포고등학교,서울,webzine.serii.re.kr,계간 『서울교육』(연 4회 발간) 홍보 [새 창 열림],https://webzine.serii.re.kr/
거원중학교,서울,webzine.serii.re.kr,계간 『서울교육』(연 4회 발간) 홍보 [새 창 열림],https://webzine.serii.re.kr/
거원중학교,서울,read365.edunet.net,독서로 [링크] [새 창 열림],https://read365.edunet.net/
건국대학교사범대학부속고등학교,서울,konkuk.riroschool.kr,건대부고리로스쿨,https://konkuk.riroschool.kr/
건국대학교사범대학부속고등학교,서울,hostncd.ssem.or.kr,PLAY,https://hostncd.ssem.or.kr/api/frame_player.html?syncno=2836630494_1233615983&xx=auto&&yy=500
건국대학교사범대학부속고등학교,서울,webzine.serii.re.kr,계간 『서울교육』(연 4회 발간) 홍보 [새 창 열림],https://webzine.serii.re.kr/
건국대학교사범대학부속고등학교,서울,read365.edunet.net,독서로 [링크] [새 창 열림],https://read365.edunet.net/
건국대학교사범대학부속중학교,서울,www.ssem.or.kr,교수학습지원센터,http://www.ssem.or.kr/index.do?sso=ok
경기여자고등학교,서울,read365.edunet.net,경기여자고등학교 도서관,https://read365.edunet.net/PureScreen/SchoolSearch?schoolName=경기여자고등학교 도서실&provCode=B10&neisCode=B100000376
경기여자고등학교,서울,www.cyber.hs.kr,방송통신고등학교 경기여자고등학교,http://www.cyber.hs.kr/user/index.do
경기여자고등학교,서울,viewer.schoolp.co.kr,홍보 브로슈어,https://viewer.schoolp.co.kr/crossviewer/items/bb88b78e-e061-4d16-9861-2490668b7b6b/
경기여자고등학교,서울,www.dbpia.co.kr,DB pia,http://www.dbpia.co.kr
경기여자고등학교,서울,webzine.serii.re.kr,계간 『서울교육』(연 4회 발간) 홍보 [새 창 열림],https://webzine.serii.re.kr/
경복비즈니스고등학교,서울,www.ghpc.or.kr,경향교회,http://www.ghpc.or.kr/
경복비즈니스고등학교,서울,gts.ac.kr,제네바신학 대학원대학교,http://gts.ac.kr/
경복비즈니스고등학교,서울,www.smw.or.kr,성민종합사회복지관,http://www.smw.or.kr/
경복초등학교,서울,www.ealimi.com,e알리미,https://www.ealimi.com/
경복초등학교,서울,mydatasafe.kr,,https://mydatasafe.kr/
경복초등학교,서울,www.schoolhealth.kr,,http://www.schoolhealth.kr
경복초등학교,서울,www.sunfull.or.kr,,https://www.sunfull.or.kr/page/main.php
경복초등학교,서울,www.schoolsafe24.or.kr,,https://www.schoolsafe24.or.kr/
경복초등학교,서울,schoolaw.lawinfo.or.kr,,http://schoolaw.lawinfo.or.kr/
경서중학교,서울,read365.edunet.net,디지털도서실,https://read365.edunet.net/PureScreen/SchoolSearch?schoolName=경서중학교&provCode=B10&neisCode=B100000968
경서중학교,서울,mid.ebs.co.kr,EBS중학,http://mid.ebs.co.kr/main/middle
경서중학교,서울,www.kkulbaksa.com,꿀박사,http://www.kkulbaksa.com
경서중학교,서울,webzine.serii.re.kr,계간 『서울교육』(연 4회 발간) 홍보 [새 창 열림],https://webzine.serii.re.kr/
경수중학교,서울,read365.edunet.net,디지털도서관,https://read365.edunet.net/SchoolSearchResult?searchKeyword=&searchType=&provCode=B10&neisCode=B100002144&schoolName=%EA%B2%BD%EC%88%98%EC%A4%91%ED%95%99%EA%B5%90+%EB%8F%84%EC%84%9C%EC%8B%A4
경수중학교,서울,www.crezone.net,크레존,http://www.crezone.net/
경수중학교,서울,www.ssem.or.kr,서울교육포털,http://www.ssem.or.kr/index.do?sso=ok
경수중학교,서울,www.kkulbaksa.com,꿀맛닷컴,https://www.kkulbaksa.com/standard/main/main.do
경수중학교,서울,webzine.serii.re.kr,계간 『서울교육』(연 4회 발간) 홍보 [새 창 열림],https://webzine.serii.re.kr/
경신중학교,서울,www.cyber1388.kr,청소년사이버상담센터,https://www.cyber1388.kr:447/
경신중학교,서울,reading.ssem.or.kr,학교도서관,https://reading.ssem.or.kr/r/newReading/search/schoolCodeSetting.jsp?schoolCode=32950&amp;kind=1
경신중학교,서울,read365.edunet.net,우리학교도서검색,https://read365.edunet.net/PureScreen/SchoolSearch?schoolName=%EA%B2%BD%EC%8B%A0%EC%A4%91%ED%95%99%EA%B5%90&amp;provCode=B10&amp;neisCode=B100002336
경신중학교,서울,hostncd.ssem.or.kr,PLAY,https://hostncd.ssem.or.kr/api/frame_player.html?syncno=4138986795_2524797598&xx=auto&&yy=500
경신중학교,서울,www.ealimi.com,이알리미,https://www.ealimi.com/Member/SignIn
경신중학교,서울,webzine.serii.re.kr,계간 『서울교육』(연 4회 발간) 홍보 [새 창 열림],https://webzine.serii.re.kr/
경인고등학교,서울,read365.edunet.net,경인도서관,http://read365.edunet.net/PureScreen/SchoolSearch?schoolName=경인고등학교&provCode=B10&neisCode=B100000383
경인고등학교,서울,webzine.serii.re.kr,계간 『서울교육』(연 4회 발간) 홍보 [새 창 열림],https://webzine.serii.re.kr/
경일고등학교,서울,www.ekape.or.kr,축산물 이력번호,https://www.ekape.or.kr/kapecp/ui/kapecp/trust.jsp?searchKeyword=2068302104
경희여자중학교,서울,read365.edunet.net,우리학교도서관,https://read365.edunet.net/SchoolSearch
경희여자중학교,서울,webzine.serii.re.kr,계간 『서울교육』(연 4회 발간) 홍보 [새 창 열림],https://webzine.serii.re.kr/
경희초등학교,서울,www.ekape.or.kr,축산물 이력번호 조회,https://www.ekape.or.kr/kapecp/ui/kapecp/trust.jsp?searchKeyword=2058202351
계성고등학교,서울,eyepopper.cafe24.com,교지 eBook,https://eyepopper.cafe24.com/school_magazine/
계성초등학교,서울,www.catholicfound.org,학교법인,http://www.catholicfound.org/cmm/main/mainPage.do
계성초등학교,서울,dkedu.itisn.net,SMS,http://dkedu.itisn.net/
계성초등학교,서울,www.schoolsafe.kr,,http://www.schoolsafe.kr
고려대학교사범대학부속고등학교,서울,www.jinhak.or.kr,진로진학센터,http://www.jinhak.or.kr
고려대학교사범대학부속고등학교,서울,koreahi.riroschool.kr,리로스쿨,https://koreahi.riroschool.kr/
고려대학교사범대학부속고등학교,서울,read365.edunet.net,독서로,https://read365.edunet.net/PureScreen/SchoolSearch?schoolName=%EA%B3%A0%EB%A0%A4%EB%8C%80%ED%95%99%EA%B5%90%EC%82%AC%EB%B2%94%EB%8C%80%ED%95%99%EB%B6%80%EC%86%8D%EA%B3%A0%EB%93%B1%ED%95%99%EA%B5%90&am
공릉중학교,서울,read365.edunet.net,공릉중학교 도서 검색입니다,https://read365.edunet.net/PureScreen/SchoolSearch?schoolName=%EA%B3%B5%EB%A6%89%EC%A4%91%ED%95%99%EA%B5%90&provCode=B10&neisCode=B100001696
공릉중학교,서울,bit.ly,자유학기제,https://bit.ly/dreamkr
공릉중학교,서울,www.ssem.or.kr,ssem,https://www.ssem.or.kr/index.do?sso=ok
공릉중학교,서울,hostncd.ssem.or.kr,PLAY,https://hostncd.ssem.or.kr/api/frame_player.html?syncno=4730377274_7938939017&xx=auto&&yy=500
공릉중학교,서울,webzine.serii.re.kr,계간 『서울교육』(연 4회 발간) 홍보 [새 창 열림],https://webzine.serii.re.kr/
공항고등학교,서울,read365.edunet.net,사이버도서관,https://read365.edunet.net/PureScreen/SchoolSearch?schoolName=%EA%B3%B5%ED%95%AD%EA%B3%A0%EB%93%B1%ED%95%99%EA%B5%90&provCode=B10&neisCode=B100000389
공항고등학교,서울,konghang.riroschool.kr,리로스쿨,https://konghang.riroschool.kr/
공항고등학교,서울,webzine.serii.re.kr,계간 『서울교육』(연 4회 발간) 홍보 [새 창 열림],https://webzine.serii.re.kr/
공항중학교,서울,read365.edunet.net,도서관,https://read365.edunet.net/PureScreen/SchoolSearch?schoolName=공항중학교&provCode=B10&neisCode=B100000970
공항중학교,서울,www.dbdbschool.kr,자유학기제 수강신청,https://www.dbdbschool.kr/go/ai/0S7a3y7
공항중학교,서울,cls.edunet.net,서울 e학습터,https://cls.edunet.net/mainPage
공항중학교,서울,www.ssem.or.kr,,http://www.ssem.or.kr/index.do?sso=ok
공항중학교,서울,webzine.serii.re.kr,계간 『서울교육』(연 4회 발간) 홍보 [새 창 열림],https://webzine.serii.re.kr/
광신방송예술고등학교,서울,hostncd.ssem.or.kr,PLAY,https://hostncd.ssem.or.kr/api/frame_player.html?syncno=9494791511_1646606862&xx=auto&&yy=500
광신방송예술고등학교,서울,webzine.serii.re.kr,계간 『서울교육』(연 4회 발간) 홍보 [새 창 열림],https://webzine.serii.re.kr/
광신방송예술고등학교,서울,read365.edunet.net,독서로 [링크] [새 창 열림],https://read365.edunet.net/
광양중학교,서울,www.dbdbschool.kr,사진이미지,http://www.dbdbschool.kr/member/login/sn/1440
광양중학교,서울,read365.edunet.net,사진이미지,https://read365.edunet.net
광양중학교,서울,hostncd.ssem.or.kr,PLAY,https://hostncd.ssem.or.kr/api/frame_player.html?syncno=7474688639_2139055690&xx=auto&&yy=500
광양중학교,서울,webzine.serii.re.kr,계간 『서울교육』(연 4회 발간) 홍보 [새 창 열림],https://webzine.serii.re.kr/
광장중학교,서울,read365.edunet.net,우리학교도서검색,https://read365.edunet.net/PureScreen/SchoolSearch?schoolName=광장중학교&provCode=B10&neisCode=B100002147
광장중학교,서울,webzine.serii.re.kr,계간 『서울교육』(연 4회 발간) 홍보 [새 창 열림],https://webzine.serii.re.kr/
구룡중학교,서울,www.ealimi.com,e알리미 비회원용(일반인) 사전예약,https://www.ealimi.com//visit/R/9b8z0y1e
구룡중학교,서울,read365.edunet.net,학교도서관,https://read365.edunet.net/PureScreen/SchoolSearch?schoolName=%EA%B5%AC%EB%A3%A1%EC%A4%91%ED%95%99%EA%B5%90&amp;provCode=B10&amp;neisCode=B100000701
구룡중학교,서울,webzine.serii.re.kr,계간 『서울교육』(연 4회 발간) 홍보 [새 창 열림],https://webzine.serii.re.kr/
구의중학교,서울,webzine.serii.re.kr,계간 『서울교육』(연 4회 발간) 홍보 [새 창 열림],https://webzine.serii.re.kr/
구의중학교,서울,read365.edunet.net,독서로 [링크] [새 창 열림],https://read365.edunet.net/
구일중학교,서울,webzine.serii.re.kr,계간 『서울교육』(연 4회 발간) 홍보 [새 창 열림],https://webzine.serii.re.kr/
구일중학교,서울,read365.edunet.net,독서로 [링크] [새 창 열림],https://read365.edunet.net/
구현고등학교,서울,webzine.serii.re.kr,계간 『서울교육』(연 4회 발간) 홍보 [새 창 열림],https://webzine.serii.re.kr/
구현고등학교,서울,read365.edunet.net,독서로 [링크] [새 창 열림],https://read365.edunet.net/
국사봉중학교,서울,read365.edunet.net,디지털도서관,https://read365.edunet.net/PureScreen/SchoolSearch?schoolName=국사봉중학교&amp;provCode=B10&amp;neisCode=B100001549
금성초등학교,서울,kumsung.dkyobobook.co.kr,전자도서관,http://kumsung.dkyobobook.co.kr/
금성초등학교,서울,foxschool.littlefox.co.kr,팍스스쿨,https://foxschool.littlefox.co.kr/kumsung
금성초등학교,서울,check.easyproxy.xyz,(농촌진흥청) 미생물 실험서 및 실험 영상 안내,http://check.easyproxy.xyz/bbs/board.php?bo_table=2_1&amp;wr_id=3472
금성초등학교,서울,www.crezone.net,,http://www.crezone.net/
금성초등학교,서울,if-blog.tistory.com,,http://if-blog.tistory.com/5138
금성초등학교,서울,primary.ebs.co.kr,,http://primary.ebs.co.kr/main/primary
금천고등학교,서울,211.252.68.149,방과후학교 운영시스템,http://211.252.68.149/app/regi/login.php
금천고등학교,서울,www.hscredit.net,교육과정 신청,http://www.hscredit.net
금천고등학교,서울,read365.edunet.net,도서관,http://read365.edunet.net
금천고등학교,서울,webzine.serii.re.kr,계간 『서울교육』(연 4회 발간) 홍보 [새 창 열림],https://webzine.serii.re.kr/
금천문화예술정보학교,서울,tidy-cord-0c1.notion.site,학과소개,https://tidy-cord-0c1.notion.site/1ac0784e941980ebaf26eb5d124342d7
금호중학교,서울,read365.edunet.net,독서로,https://read365.edunet.net/
금호중학교,서울,www.ealimi.com,방문신청,https://www.ealimi.com/visit
금호중학교,서울,webzine.serii.re.kr,계간 『서울교육』(연 4회 발간) 홍보 [새 창 열림],https://webzine.serii.re.kr/
길음중학교,서울,reading.ssem.or.kr,도서실,http://reading.ssem.or.kr/r/reading/search/schoolCodeSetting.jsp?schoolCode=33430&amp;returnUrl=
난우중학교,서울,read365.edunet.net,도서관,http://read365.edunet.net
난우중학교,서울,webzine.serii.re.kr,계간 『서울교육』(연 4회 발간) 홍보 [새 창 열림],https://webzine.serii.re.kr/
남강고등학교,서울,itmainnamgang.cafe24.com,방과후학교,https://itmainnamgang.cafe24.com/app/regi/login.php
남강중학교,서울,read365.edunet.net,도서실 도서검색,https://read365.edunet.net/PureScreen/SchoolSearch?schoolName=남강중학교&provCode=B10&neisCode=B100001551
남강중학교,서울,webzine.serii.re.kr,계간 『서울교육』(연 4회 발간) 홍보 [새 창 열림],https://webzine.serii.re.kr/
남성중학교,서울,read365.edunet.net,독서로,https://read365.edunet.net/PureScreen/SchoolSearch?schoolName=남성중학교&provCode=B10&neisCode=B100001553
남성중학교,서울,www.ssem.or.kr,서울교육포털 ssem,http://www.ssem.or.kr
남성중학교,서울,sge.ssp.re.kr,서울영재교육,http://sge.ssp.re.kr
남성중학교,서울,webzine.serii.re.kr,계간 『서울교육』(연 4회 발간) 홍보 [새 창 열림],https://webzine.serii.re.kr/
내곡중학교,서울,seoulvr.kr,지능형 과학실 360° VR,https://seoulvr.kr/vr/school/naegok_science/
노원고등학교,서울,read365.edunet.net,우리학교 도서검색,https://read365.edunet.net/PureScreen/SchoolSearch?schoolName=노원고등학교&amp;provCode=B10&amp;neisCode=B100000404
노원고등학교,서울,www.jinhak.or.kr,서울진로진학정보센터,http://www.jinhak.or.kr/uat/uia/main.do
누리학교,서울,hostncd.ssem.or.kr,PLAY,https://hostncd.ssem.or.kr/api/frame_player.html?syncno=4469837367_2585257837&xx=auto&&yy=500
누리학교,서울,www.kidsnote.com,배너3,https://www.kidsnote.com/
누리학교,서울,webzine.serii.re.kr,계간 『서울교육』(연 4회 발간) 홍보 [새 창 열림],https://webzine.serii.re.kr/
누리학교,서울,read365.edunet.net,독서로 [링크] [새 창 열림],https://read365.edunet.net/
누원고등학교,서울,jinhak.or.kr,진로진학정보센터,http://jinhak.or.kr/uat/uia/main.do
누원고등학교,서울,read365.edunet.net,우리학교 전자도서관,https://read365.edunet.net/PureScreen/SchoolSearch?schoolName=누원고등학교도서실&provCode=B10&neisCode=B100005181
누원고등학교,서울,www.dbpia.co.kr,DBPia,http://www.dbpia.co.kr
누원고등학교,서울,webzine.serii.re.kr,계간 『서울교육』(연 4회 발간) 홍보 [새 창 열림],https://webzine.serii.re.kr/
당산서중학교,서울,read365.edunet.net,도서검색,https://read365.edunet.net/PureScreen/SchoolSearch?schoolName=당산서중학교&amp;provCode=B10&amp;neisCode=B100001172
당산서중학교,서울,webzine.serii.re.kr,계간 『서울교육』(연 4회 발간) 홍보 [새 창 열림],https://webzine.serii.re.kr/
당산중학교,서울,read365.edunet.net,당산중학교 도서관,https://read365.edunet.net/PureScreen/SchoolSearch?schoolName=%EB%8B%B9%EC%82%B0%EC%A4%91%ED%95%99%EA%B5%90&provCode=B10&neisCode=B100001173
대경생활과학고등학교,서울,forms.gle,채용(구인) 의뢰란,https://forms.gle/t7Zfq7L1hiN69KQ29
대광초등학교,서울,www.ekape.or.kr,축산물 이력번호 조회,https://www.ekape.or.kr/kapecp/ui/kapemcp/index.jsp?mobileDivSh=M_01&amp;searchKeyword=2098201107
대림중학교,서울,webzine.serii.re.kr,계간 『서울교육』(연 4회 발간) 홍보 [새 창 열림],https://webzine.serii.re.kr/
대림중학교,서울,read365.edunet.net,독서로 [링크] [새 창 열림],https://read365.edunet.net/
대명중학교,서울,daemyong.dkyobobook.co.kr,전자도서관,https://daemyong.dkyobobook.co.kr
대명중학교,서울,read365.edunet.net,사이버도서관,https://read365.edunet.net/
대명중학교,서울,webzine.serii.re.kr,계간 『서울교육』(연 4회 발간) 홍보 [새 창 열림],https://webzine.serii.re.kr/
대방중학교,서울,webzine.serii.re.kr,계간 『서울교육』(연 4회 발간) 홍보 [새 창 열림],https://webzine.serii.re.kr/
대방중학교,서울,read365.edunet.net,독서로 [링크] [새 창 열림],https://read365.edunet.net/
대영중학교,서울,reading.ssem.or.kr,독서교육종합지원시스템,http://reading.ssem.or.kr/r/reading/main/main.jsp
대영중학교,서울,schoolaw.lawinfo.or.kr,스쿨로,http://schoolaw.lawinfo.or.kr/
대영중학교,서울,webzine.serii.re.kr,계간 『서울교육』(연 4회 발간) 홍보 [새 창 열림],https://webzine.serii.re.kr/
대영중학교,서울,read365.edunet.net,독서로 [링크] [새 창 열림],https://read365.edunet.net/
대왕중학교,서울,read365.edunet.net,자료검색,https://read365.edunet.net/PureScreen/SchoolSearch?schoolName=대왕중학교&amp;provCode=B10&amp;neisCode=B100000706
대원고등학교,서울,www.dwfl.hs.kr,대원외국어고등학교,http://www.dwfl.hs.kr/
대원고등학교,서울,daewon.ms.kr,대원국제중학교,http://daewon.ms.kr/
대원국제중학교,서울,dwfl.hs.kr,KOREAN,http://dwfl.hs.kr/
대원국제중학교,서울,daewonms.yes24library.com,전자도서관,https://daewonms.yes24library.com/
대원국제중학교,서울,read365.edunet.net,학교도서관,https://read365.edunet.net/PureScreen/SchoolSearch?schoolName=%EB%8C%80%EC%9B%90%EA%B5%AD%EC%A0%9C%EC%A4%91%ED%95%99%EA%B5%90&amp;provCode=B10&amp;neisCode=B100002151
대원국제중학교,서울,dl.moazine.com,모아진,https://dl.moazine.com/lib/main.asp?dl=9MtJb2T3nzH3i2WNo3xyhJ22TFB3a2SGLdh2
대원국제중학교,서울,www.dbpia.co.kr,DB pia,https://www.dbpia.co.kr/
대원국제중학교,서울,daewonms.riroschool.kr,리로스쿨,https://daewonms.riroschool.kr/
대원국제중학교,서울,school.nitroeye.co.kr,이메일무단수집거부,http://school.nitroeye.co.kr/ewut_new/html/popup/mail_reject.htm
대원국제중학교,서울,daewonkinder.kr,"대원킨더아카데미의 배너, 새창열림",http://daewonkinder.kr/
대원국제중학교,서울,schoolhealth.kr,"학생 생명존중 교육자료의 배너, 새창열림",http://schoolhealth.kr
대원국제중학교,서울,reading.ssem.or.kr,"학교도서관 자료검색의 배너, 새창열림",http://reading.ssem.or.kr/r/reading/search/schoolSearchForm.jsp
대원국제중학교,서울,www.schoolsafe.kr,"학교안전정보센터의 배너, 새창열림",http://www.schoolsafe.kr/
대원국제중학교,서울,asp.unesco.or.kr,"유네스코학교의 배너, 새창열림",https://asp.unesco.or.kr/
대원여자고등학교,서울,daewon50.or.kr,대원학원 50주년,http://daewon50.or.kr
대원여자고등학교,서울,www.dwfl.hs.kr,대원외국어고등학교,http://www.dwfl.hs.kr/
대원여자고등학교,서울,www.daewon.ms.kr,대원국제중학교,http://www.daewon.ms.kr/
대원외국어고등학교,서울,www.fola.or.kr,동문회,https://www.fola.or.kr/
대원외국어고등학교,서울,daewon50.or.kr,대원학원 50주년,http://daewon50.or.kr/?main
대원외국어고등학교,서울,daewon.ms.kr,대원국제중학교,http://daewon.ms.kr/
대원외국어고등학교,서울,dwflhs2025-1ckvotm.nitroeye.co.kr,,http://dwflhs2025-1ckvotm.nitroeye.co.kr/
대원외국어고등학교,서울,school.nitroeye.co.kr,이메일무단수집거부,http://school.nitroeye.co.kr/ewut_new/html/popup/mail_reject.htm
대원외국어고등학교,서울,www.schoolsafe.kr,"학교안전정보센터의 배너, 새창열림",http://www.schoolsafe.kr/main2/
대원외국어고등학교,서울,daewonkinder.kr,"대원킨더아카데미의 배너, 새창열림",http://daewonkinder.kr/
대원외국어고등학교,서울,bit.ly,"성폭력 신고센터의 배너, 새창열림",http://bit.ly/2FAOjfZ
대원외국어고등학교,서울,teentalk.or.kr,"다 들어줄개의 배너, 새창열림",http://teentalk.or.kr/index.php
대일관광고등학교,서울,seoulvr.kr,가상홍보관,https://seoulvr.kr/vr/school/daeil-tour/
대일관광고등학교,서울,daeiltour.riroschool.kr,리로스쿨,https://daeiltour.riroschool.kr/
대일외국어고등학교,서울,daeil.riroschool.kr,리로스쿨,https://daeil.riroschool.kr/
대일외국어고등학교,서울,idaeil.kr,2020학년도면접대상자조회,http://idaeil.kr/
대일외국어고등학교,서울,daeil.e-wut.co.kr,2020학년도자기소개서작성안내,http://daeil.e-wut.co.kr/?act=board.read&code=122813&num=116&id=145
대일외국어고등학교,서울,ratio.uwayapply.com,2024학년도신입생 입학전형경쟁률,http://ratio.uwayapply.com/Sl5KQyVgOFZKJSY5SnBmVGY=
대일외국어고등학교,서울,ipsi1.uwayapply.com,2024학년도신입생 입학전형원서접수,https://ipsi1.uwayapply.com/ksi/daeil/?CHA=1
대일외국어고등학교,서울,ta.uwayapply.com,2025학년도신입생 입학전형원서접수,https://ta.uwayapply.com/ksi/daeil/?CHA=1
대일외국어고등학교,서울,notice.messagei.co.kr,2025학년도신입생 입학전형최종 합격자,https://notice.messagei.co.kr/
대일외국어고등학교,서울,school.nitroeye.co.kr,이메일무단수집거부,http://school.nitroeye.co.kr/ewut_new/html/popup/mail_reject.htm
대일외국어고등학교,서울,bit.ly,"교육분야 성희롱 성폭력 온라인 신고센터의 배너, 새창열림",http://bit.ly/2FAOjfZ
대일외국어고등학교,서울,teentalk.or.kr,"모바일 상담 서비스의 배너, 새창열림",http://teentalk.or.kr/
대청중학교,서울,webzine.serii.re.kr,계간 『서울교육』(연 4회 발간) 홍보 [새 창 열림],https://webzine.serii.re.kr/
대청중학교,서울,read365.edunet.net,독서로 [링크] [새 창 열림],https://read365.edunet.net/
대치중학교,서울,www.ekape.or.kr,축산물 이력번호 조회,https://www.ekape.or.kr/kapecp/ui/kapecp/trust.jsp?searchKeyword=2138300384
덕성여자고등학교,서울,reading.ssem.or.kr,전자도서관,http://reading.ssem.or.kr/r/reading/search/schoolSearchForm.jsp
덕수고등학교,서울,read365.edunet.net,덕수고등학교 도서검색,https://read365.edunet.net/PureScreen/SchoolSearch?schoolName=덕수고등학교&provCode=B10&neisCode=B100000636
덕수고등학교,서울,www.dbpia.co.kr,DBpia - 연구를 돕는 똑똑한 학술콘텐츠 플랫폼,https://www.dbpia.co.kr/
덕수고등학교,서울,webzine.serii.re.kr,계간 『서울교육』(연 4회 발간) 홍보 [새 창 열림],https://webzine.serii.re.kr/
덜위치칼리지서울영국학교,서울,seoul.dulwich.org,Letter From our Head of College,https://seoul.dulwich.org/why-dulwich/our-college/from-head-of-college
덜위치칼리지서울영국학교,서울,www.eimglobal.com,A family of Schools,https://www.eimglobal.com/?utm_source=dulwich.org&amp;utm_medium=footer-link&amp;utm_campaign=eim-family-of-schools
덜위치칼리지서울영국학교,서울,www.dulwich.org.uk,Dulwich College,https://www.dulwich.org.uk/?utm_source=dulwich.org&amp;utm_medium=footer-link&amp;utm_campaign=founding-school
도곡중학교,서울,read365.edunet.net,디지털도서관,https://read365.edunet.net/
도봉중학교,서울,read365.edunet.net,독서,https://read365.edunet.net/PureScreen/SchoolSearch?schoolName=도봉중학교&provCode=B10&neisCode=B100001702
도봉중학교,서울,www.dbdbschool.kr,자유학년제신청,https://www.dbdbschool.kr/member/login/sn/1784
도봉중학교,서울,webzine.serii.re.kr,계간 『서울교육』(연 4회 발간) 홍보 [새 창 열림],https://webzine.serii.re.kr/
도선고등학교,서울,scholar.kyobobook.co.kr,교보스콜라,https://scholar.kyobobook.co.kr
도선고등학교,서울,www.dbpia.co.kr,DBpia,http://www.dbpia.co.kr
독산고등학교,서울,reading.ssem.or.kr,디지털도서관,http://reading.ssem.or.kr/r/reading/search/schoolCodeSetting.jsp?schoolCode=30058
동구여자중학교,서울,dong-guwms.dkyobobook.co.kr,전자도서관,http://dong-guwms.dkyobobook.co.kr
동구여자중학교,서울,schoolbell-e.com,학교종이 학교안내문,https://schoolbell-e.com/ko/main/group/59843/boards/schoolnews
동구여자중학교,서울,webzine.serii.re.kr,계간 『서울교육』(연 4회 발간) 홍보 [새 창 열림],https://webzine.serii.re.kr/
동구여자중학교,서울,read365.edunet.net,독서로 [링크] [새 창 열림],https://read365.edunet.net/
동도중학교,서울,dongdo.riroschool.kr,동도ː리로스쿨,https://dongdo.riroschool.kr
동도중학교,서울,webzine.serii.re.kr,계간 『서울교육』(연 4회 발간) 홍보 [새 창 열림],https://webzine.serii.re.kr/
동도중학교,서울,read365.edunet.net,독서로 [링크] [새 창 열림],https://read365.edunet.net/
동마중학교,서울,www.ealimi.com,학교 방문 예약 시스템,https://www.ealimi.com//visit/intro/1c1z4e6z2
동마중학교,서울,dongma.yes24library.com,동마중학교도서검색,http://dongma.yes24library.com/
동마중학교,서울,webzine.serii.re.kr,계간 『서울교육』(연 4회 발간) 홍보 [새 창 열림],https://webzine.serii.re.kr/
동마중학교,서울,read365.edunet.net,독서로 [링크] [새 창 열림],https://read365.edunet.net/
동성중학교,서울,www.catholicfound.org,학교법인,http://www.catholicfound.org
동성중학교,서울,webzine.serii.re.kr,계간 『서울교육』(연 4회 발간) 홍보 [새 창 열림],https://webzine.serii.re.kr/
동성중학교,서울,read365.edunet.net,독서로 [링크] [새 창 열림],https://read365.edunet.net/
동양중학교,서울,www.dongyang.ac.kr,학교법인,https://www.dongyang.ac.kr/dmu/4359/subview.do
동양중학교,서울,mid.ebs.co.kr,EBS,https://mid.ebs.co.kr/main/middle
동양중학교,서울,www.edunet.net,에듀넷,https://www.edunet.net/nedu/main/mainForm.do
동작고등학교,서울,www.ealimi.com,e알리미 비회원용(일반인) 사전 예약,https://www.ealimi.com//visit/R/6f0w1b0f
동작중학교,서울,webzine.serii.re.kr,계간 『서울교육』(연 4회 발간) 홍보 [새 창 열림],https://webzine.serii.re.kr/
동작중학교,서울,read365.edunet.net,독서로 [링크] [새 창 열림],https://read365.edunet.net/
둔촌중학교,서울,www.kkulmat.com,꿀맛닷컴,http://www.kkulmat.com/ngedu/mainPage.action?decorator=main&confirm=true
둔촌중학교,서울,www.ssem.or.kr,ssem,http://www.ssem.or.kr/index.do?sso=ok
둔촌중학교,서울,read365.edunet.net,독서로,https://read365.edunet.net/PureScreen/SchoolSearch?schoolName=%EB%91%94%EC%B4%8C%EC%A4%91%ED%95%99%EA%B5%90%20&provCode=B10&neisCode=B100000863
둔촌중학교,서울,www.jinhak.or.kr,서울진로진학정보센터,http://www.jinhak.or.kr/uat/uia/main.do
둔촌중학교,서울,hostncd.ssem.or.kr,PLAY,https://hostncd.ssem.or.kr/api/frame_player.html?syncno=3611075529_3238851121&xx=auto&&yy=500
둔촌중학교,서울,webzine.serii.re.kr,계간 『서울교육』(연 4회 발간) 홍보 [새 창 열림],https://webzine.serii.re.kr/
등명중학교,서울,webzine.serii.re.kr,계간 『서울교육』(연 4회 발간) 홍보 [새 창 열림],https://webzine.serii.re.kr/
등명중학교,서울,read365.edunet.net,독서로 [링크] [새 창 열림],https://read365.edunet.net/
등촌고등학교,서울,reading.ssem.or.kr,자료이용(검색/대출/반납),http://reading.ssem.or.kr/r/reading/search/schoolSearchForm.jsp
리라초등학교,서울,entertest.jinhakapply.com,입학원서접수,https://entertest.jinhakapply.com/Notice/6121002/A
리라초등학교,서울,read365.edunet.net,독서교육종합지원시스템,https://read365.edunet.net
리라초등학교,서울,enter.jinhakapply.com,입학원서 접수,https://enter.jinhakapply.com/Notice/6121004/A
리라초등학교,서울,www.lilakinder.kr,리라유치원,https://www.lilakinder.kr/
마곡하늬중학교,서울,www.schoolredesign.kr,학교 둘러 보기(VR),https://www.schoolredesign.kr/vr-room/school/magok
마장중학교,서울,read365.edunet.net,마장중학교 전자도서관,https://read365.edunet.net/PureScreen/SchoolSearch?schoolName=마장중학교 도서관&provCode=B10&neisCode=B100005240
마장중학교,서울,webzine.serii.re.kr,계간 『서울교육』(연 4회 발간) 홍보 [새 창 열림],https://webzine.serii.re.kr/
면목고등학교,서울,read365.edunet.net,도서검색,https://read365.edunet.net/PureScreen/SchoolSearch?schoolName=면목고등학교&amp;provCode=B10&amp;neisCode=B100000430
면목고등학교,서울,mmhs.dkyobobook.co.kr,전자도서관,https://mmhs.dkyobobook.co.kr/main.ink
면목고등학교,서울,www.dbpia.co.kr,DBPIA학술논문서비스,https://www.dbpia.co.kr
면목고등학교,서울,scholar.kyobobook.co.kr,스콜라 학술원문서비스,https://scholar.kyobobook.co.kr
면목중학교,서울,www.ekape.or.kr,축산물 이력조회,https://www.ekape.or.kr
명덕고등학교,서울,online.fliphtml5.com,명덕 40년 발자취,https://online.fliphtml5.com/xljww/iovw/
명덕고등학교,서울,hostncd.ssem.or.kr,PLAY,https://hostncd.ssem.or.kr/api/frame_player.html?syncno=9391573575_4802509307&xx=auto&&yy=500
명덕고등학교,서울,webzine.serii.re.kr,계간 『서울교육』(연 4회 발간) 홍보 [새 창 열림],https://webzine.serii.re.kr/
명덕고등학교,서울,read365.edunet.net,독서로 [링크] [새 창 열림],https://read365.edunet.net/
명덕외국어고등학교,서울,intra.nitroeye.co.kr,이메일무단수집거부,http://intra.nitroeye.co.kr/ewut_new/html/popup/mail_reject.htm
명덕외국어고등학교,서울,www.schoolhealth.kr,,http://www.schoolhealth.kr
명덕외국어고등학교,서울,www.jinhak.or.kr,진학진로정보센터,http://www.jinhak.or.kr/
명덕외국어고등학교,서울,1388.kyci.or.kr,1388,http://1388.kyci.or.kr/
명덕외국어고등학교,서울,www.ssem.or.kr,SSEM,http://www.ssem.or.kr/
명덕외국어고등학교,서울,mdfh-hq.e-wut.co.kr,최종 합격자 발표,http://mdfh-hq.e-wut.co.kr
명덕외국어고등학교,서울,ratio.uwayapply.com,경쟁률확인 Check Competition rate,http://ratio.uwayapply.com/2018/high/mdfh/1/
명덕외국어고등학교,서울,trs02.uwayapply.com,신입생 합격자 조회 Inquiry of successful applica,https://trs02.uwayapply.com/038UK6L7P6D3VVVVVUN9SE
명덕외국어고등학교,서울,ipsi1.uwayapply.com,원서접수 바로가기 application reception,https://ipsi1.uwayapply.com/2026/ksi/mdfh/?CHA=1
명덕외국어고등학교,서울,mdfhhs-2026chlwhdvotm.nitroeye.co.kr,최종 합격자 발표 Check successful applicants,http://mdfhhs-2026chlwhdvotm.nitroeye.co.kr/
명덕외국어고등학교,서울,read365.edunet.net,도서관 Library,https://read365.edunet.net
명덕외국어고등학교,서울,reading.ssem.or.kr,도서관 Library,http://reading.ssem.or.kr/r/reading/search/schoolListForm.jsp
명덕외국어고등학교,서울,mdfh.riroschool.kr,리로스쿨 RIRO SCHOOL,https://mdfh.riroschool.kr/
명일중학교,서울,www.ealimi.com,학교 방문 사전예약시스템,https://www.ealimi.com//visit/intro/8d9w2c6z
명지중학교,서울,reading.ssem.or.kr,디지털도서관,http://reading.ssem.or.kr/r/reading/main/main.jsp
명지초등학교,서울,read365.edunet.net,e-도서관,https://read365.edunet.net/PureScreen/SchoolSearch?schoolName=명지초등학교&provCode=B10&neisCode=B100001967
명지초등학교,서울,global-zone60.renaissance-go.com,영어 독서 AR,https://global-zone60.renaissance-go.com/welcomeportal/rpna37xk
명지초등학교,서울,sws360.com,명지동산 둘러보기,http://sws360.com/2023/myongji/mj_el_2023/index.htm
명지초등학교,서울,myongji.net,원서접수,https://myongji.net/subpage.php?p=m27
명지초등학교,서울,cm.lodev.kr,방과후,http://cm.lodev.kr/sub1.asp
명지초등학교,서울,primary.ebs.co.kr,EBS초등,http://primary.ebs.co.kr/
명지초등학교,서울,www.ssem.or.kr,쎔,http://www.ssem.or.kr/
명지초등학교,서울,www.crezone.net,크레존,http://www.crezone.net/
명지초등학교,서울,schoolaw.lawinfo.or.kr,스쿨로,http://schoolaw.lawinfo.or.kr/
명지초등학교,서울,www.schoolsafe.kr,교육부학교안전정보센터,http://www.schoolsafe.kr/
명지초등학교,서울,webzine-serii.re.kr,서울교육,https://webzine-serii.re.kr
명지초등학교,서울,reading.ssem.or.kr,독서교육종합지원시스템,http://reading.ssem.or.kr/r/newReading/main/main.jsp
목동고등학교,서울,webzine.serii.re.kr,계간 『서울교육』(연 4회 발간) 홍보 [새 창 열림],https://webzine.serii.re.kr/
목동고등학교,서울,read365.edunet.net,독서로 [링크] [새 창 열림],https://read365.edunet.net/
목일중학교,서울,webzine.serii.re.kr,계간 『서울교육』(연 4회 발간) 홍보 [새 창 열림],https://webzine.serii.re.kr/
목일중학교,서울,read365.edunet.net,독서로 [링크] [새 창 열림],https://read365.edunet.net/
무학여자고등학교,서울,www.ekape.or.kr,축산물이력조회,https://www.ekape.or.kr/kapecp/ui/kapecp/trust.jsp?searchKeyword=2068300805
무학중학교,서울,survey.schoolt.net,학교 방문 사전예약시스템,https://survey.schoolt.net/#/schools/684/visit
문래중학교,서울,www.nambuedu.seoul.kr,남부영재교육 바로가기,http://www.nambuedu.seoul.kr/nambu/board-list.do?boardId=gifted
문래중학교,서울,webzine.serii.re.kr,계간 『서울교육』(연 4회 발간) 홍보 [새 창 열림],https://webzine.serii.re.kr/
문래중학교,서울,read365.edunet.net,독서로 [링크] [새 창 열림],https://read365.edunet.net/
문성중학교,서울,webzine.serii.re.kr,계간 『서울교육』(연 4회 발간) 홍보 [새 창 열림],https://webzine.serii.re.kr/
문성중학교,서울,read365.edunet.net,독서로 [링크] [새 창 열림],https://read365.edunet.net/
문정고등학교,서울,www.ekape.or.kr,축산물이력조회,https://www.ekape.or.kr/kapecp/ui/kapecp/index.html
문정중학교,서울,bit.ly,교육분야 성희롱?성폭력 온라인 신고센터,http://bit.ly/2FAOjfZ
문정중학교,서울,webzine.serii.re.kr,계간 『서울교육』(연 4회 발간) 홍보 [새 창 열림],https://webzine.serii.re.kr/
문정중학교,서울,read365.edunet.net,독서로 [링크] [새 창 열림],https://read365.edunet.net/
문창중학교,서울,read365.edunet.net,도서검색,https://read365.edunet.net/PureScreen/SchoolSearch?schoolName=문창중학교&amp;provCode=B10&amp;neisCode=B100001558
문현고등학교,서울,www.ekape.or.kr,축산물이력번호,https://www.ekape.or.kr/kapecp/ui/kapecp/trust.jsp?searchKeyword=2158301661
문현중학교,서울,www.ekape.or.kr,축산물이력번호,https://www.ekape.or.kr/kapecp/ui/kapecp/trust.jsp?searchKeyword=2158301642
미래산업과학고등학교,서울,mist.hs.kr,입학설명회,https://mist.hs.kr/posts/61725?back=true
미래산업과학고등학교,서울,hostncd.ssem.or.kr,PLAY,https://hostncd.ssem.or.kr/api/frame_player.html?syncno=3875759838_6337370542&xx=auto&&yy=500
미래산업과학고등학교,서울,webzine.serii.re.kr,계간 『서울교육』(연 4회 발간) 홍보 [새 창 열림],https://webzine.serii.re.kr/
미래산업과학고등학교,서울,read365.edunet.net,독서로 [링크] [새 창 열림],https://read365.edunet.net/
밀알학교,서울,www.kidkids.net,학습사이트,http://www.kidkids.net/
반포고등학교,서울,read365.edunet.net,도서검색,https://read365.edunet.net/PureScreen/SchoolSearch?schoolName=반포고등학교&amp;provCode=B10&amp;neisCode=B100000440
반포고등학교,서울,hostncd.ssem.or.kr,PLAY,https://hostncd.ssem.or.kr/api/frame_player.html?syncno=2376336048_5924010620&xx=auto&&yy=500
반포고등학교,서울,webzine.serii.re.kr,계간 『서울교육』(연 4회 발간) 홍보 [새 창 열림],https://webzine.serii.re.kr/
방배중학교,서울,url.kr,학부모 TV,https://url.kr/fTz8Qh
방배중학교,서울,teentalk.or.kr,다 들어줄게,http://teentalk.or.kr/
방배중학교,서울,webzine.serii.re.kr,계간 『서울교육』(연 4회 발간) 홍보 [새 창 열림],https://webzine.serii.re.kr/
방배중학교,서울,read365.edunet.net,독서로 [링크] [새 창 열림],https://read365.edunet.net/
방산고등학교,서울,read365.edunet.net,도서검색,https://read365.edunet.net/PureScreen/SchoolSearch?schoolName=방산고등학교&provCode=B10&neisCode=B100005182
방산고등학교,서울,bangsan.riroschool.kr,리로스쿨,https://bangsan.riroschool.kr/
방산고등학교,서울,forms.gle,학교방문 사전예약,https://forms.gle/8yqA4UWmnoBSPSdT9
방산고등학교,서울,webzine.serii.re.kr,계간 『서울교육』(연 4회 발간) 홍보 [새 창 열림],https://webzine.serii.re.kr/
방원중학교,서울,www.ekape.or.kr,축산물이력조회,https://www.ekape.or.kr/kapecp/ui/kapecp/trust.jsp?searchKeyword=1098304631
방이중학교,서울,read365.edunet.net,방이중학교 도서자료 검색,https://read365.edunet.net/PureScreen/SchoolSearch?schoolName=방이중학교&provCode=B10&neisCode=B100000867
배문고등학교,서울,baemoon.riroschool.kr,리로 스쿨(학교방문예약),https://baemoon.riroschool.kr/
배문고등학교,서울,read365.edunet.net,도서관 자료검색,https://read365.edunet.net/PureScreen/SchoolSearch?schoolName=%EB%B0%B0%EB%AC%B8%EA%B3%A0%EB%93%B1%ED%95%99%EA%B5%90&provCode=B10&neisCode=B100000442
배문고등학교,서울,www.ekape.or.kr,출산물이력번호 조회,https://www.ekape.or.kr/kapecp/ui/kapecp/trust.jsp?searchKeyword=1068200508
배문고등학교,서울,www.baemoon.org,배문 동문회 배문고등학교 선배님들의 모임,http://www.baemoon.org/
배문고등학교,서울,principia.kr,메인 컨텐츠 배너,http://principia.kr/
배문고등학교,서울,schoolsafe.kr,학교안전정보센터,http://schoolsafe.kr/front.php
배문고등학교,서울,baemoon-hs.k-forum.co.kr,배문고등학교 도서관,https://baemoon-hs.k-forum.co.kr
배문고등학교,서울,reading.ssem.or.kr,독서교육종합지원시스템,http://reading.ssem.or.kr/r/reading/main/main.jsp
배문고등학교,서울,soroweb.co.kr,SORO,http://soroweb.co.kr/
배재고등학교,서울,paichai-in.net,배재IN,https://paichai-in.net/
배재고등학교,서울,www.dbpia.co.kr,DBPIA,https://www.dbpia.co.kr/
배재고등학교,서울,new.ssem.or.kr,뉴쌤,https://new.ssem.or.kr/
배재고등학교,서울,paichai.riroschool.kr,리로스쿨,https://paichai.riroschool.kr/
배재고등학교,서울,www.humanpivot.com,Power by Humanpivot,https://www.humanpivot.com/index.php
보성여자고등학교,서울,online.fliphtml5.com,2026 학부모총회 자료집,https://online.fliphtml5.com/jpaxzg/qege/
보성여자고등학교,서울,www.adiga.kr,대학입학정보,https://www.adiga.kr/
보성여자고등학교,서울,www.procollege.kr,전문대학입학정보,https://www.procollege.kr/
보성중학교,서울,read365.edunet.net,독서로,https://read365.edunet.net/PureScreen/SchoolSearch?schoolName=보성중학교&amp;provCode=B10&amp;neisCode=B100000870
보인중학교,서울,boin-ms.schoolbooks.kr,보인중 스쿨북스,https://boin-ms.schoolbooks.kr
보인중학교,서울,webzine.serii.re.kr,계간 『서울교육』(연 4회 발간) 홍보 [새 창 열림],https://webzine.serii.re.kr/
보인중학교,서울,read365.edunet.net,독서로 [링크] [새 창 열림],https://read365.edunet.net/
봉화중학교,서울,webzine.serii.re.kr,계간 『서울교육』(연 4회 발간) 홍보 [새 창 열림],https://webzine.serii.re.kr/
봉화중학교,서울,read365.edunet.net,독서로 [링크] [새 창 열림],https://read365.edunet.net/
불광중학교,서울,webzine.serii.re.kr,계간 『서울교육』(연 4회 발간) 홍보 [새 창 열림],https://webzine.serii.re.kr/
불광중학교,서울,read365.edunet.net,독서로 [링크] [새 창 열림],https://read365.edunet.net/
불암고등학교,서울,read365.edunet.net,우리학교도서찾기,https://read365.edunet.net/PureScreen/SchoolSearch?schoolName=%EB%B6%88%EC%95%94%EA%B3%A0%EB%93%B1%ED%95%99%EA%B5%90&amp;provCode=B10&amp;neisCode=B100005263
불암고등학교,서울,www.dbpia.co.kr,DBpia,http://www.dbpia.co.kr/
상경중학교,서울,www.ekape.or.kr,급식축산물이력번호조회,https://www.ekape.or.kr/kapecp/ui/kapecp/index.html
상계고등학교,서울,read365.edunet.net,도서관,https://read365.edunet.net/PureScreen/SchoolSearch?schoolName=%EC%83%81%EA%B3%84%EA%B3%A0%EB%93%B1%ED%95%99%EA%B5%90
상계중학교,서울,www.ekape.or.kr,축산물이력번호조회,https://www.ekape.or.kr/kapecp/ui/kapecp/trust.jsp?searchKeyword=2178300843
상명고등학교,서울,sangmyung.riroschool.kr,방과후운영시스템,https://sangmyung.riroschool.kr/
상명고등학교,서울,read365.edunet.net,디지털도서관,https://read365.edunet.net/PureScreen/SchoolSearch?schoolName=%EC%83%81%EB%AA%85%EC%A4%91%EA%B3%A0%EB%93%B1%ED%95%99%EA%B5%90&provCode=B10&neisCode=B100000451
상명고등학교,서울,webzine.serii.re.kr,계간 『서울교육』(연 4회 발간) 홍보 [새 창 열림],https://webzine.serii.re.kr/
상명대학교사범대학부속여자중학교,서울,read365.edunet.net,전자도서관(우리 학교),https://read365.edunet.net/PureScreen/SchoolSearch?schoolName=상명대학교사범대학부속여자중학교&amp;provCode=B10&amp;neisCode=B100002346
상명초등학교,서울,www.smcho.es.kr,입학/전입 안내,http://www.smcho.es.kr/84314/subMenu.do
상명초등학교,서울,sangmyeong.net,입학 안내 사이트,https://sangmyeong.net/
상신중학교,서울,webzine.serii.re.kr,계간 『서울교육』(연 4회 발간) 홍보 [새 창 열림],https://webzine.serii.re.kr/
상신중학교,서울,read365.edunet.net,독서로 [링크] [새 창 열림],https://read365.edunet.net/
서운중학교,서울,www.ekape.or.kr,축산물 이력번호 조회,https://www.ekape.or.kr/kapecp/ui/kapecp/trust.jsp?searchKeyword=2148300067
서울가동초등학교,서울,www.ekape.or.kr,축산물 이력번호 조회,https://www.ekape.or.kr/kapecp/ui/kapecp/trust.jsp?searchKeyword=2158300906
서울가동초등학교,서울,www.edunet.net,정보통신윤리교육,http://www.edunet.net/redu/ethicsvc/ethicForm.do?menu_id=0127
서울가동초등학교,서울,www.edunet4u.net,자녀교육자료,http://www.edunet4u.net/main/html/think/think1.html
서울가동초등학교,서울,webzine.serii.re.kr,계간 『서울교육』(연 4회 발간) 홍보 [새 창 열림],https://webzine.serii.re.kr/
서울가동초등학교,서울,read365.edunet.net,독서로 [링크] [새 창 열림],https://read365.edunet.net/
서울가산초등학교,서울,www.edunet.net,에듀넷,http://www.edunet.net/redu/main/mainForm.do
서울가산초등학교,서울,www.kkulbaksa.com,꿀박사,http://www.kkulbaksa.com/
서울가산초등학교,서울,webzine.serii.re.kr,계간 『서울교육』(연 4회 발간) 홍보 [새 창 열림],https://webzine.serii.re.kr/
서울가산초등학교,서울,read365.edunet.net,독서로 [링크] [새 창 열림],https://read365.edunet.net/
서울가재울초등학교,서울,www.ekape.or.kr,축산물이력번호조회,https://www.ekape.or.kr/kapecp/ui/kapecp/trust.jsp?searchKeyword=6078305513
서울갈산초등학교,서울,webzine.serii.re.kr,계간 『서울교육』(연 4회 발간) 홍보 [새 창 열림],https://webzine.serii.re.kr/
서울갈산초등학교,서울,read365.edunet.net,독서로 [링크] [새 창 열림],https://read365.edunet.net/
서울갈현초등학교,서울,read365.edunet.net,도서검색,https://read365.edunet.net/PureScreen/SchoolSearch?schoolName=서울갈현초등학교&amp;provCode=B10&amp;neisCode=B100001968
서울갈현초등학교,서울,www.ekape.or.kr,이력번호 조회하기,https://www.ekape.or.kr/kapecp/ui/kapecp/trust.jsp?searchKeyword=1118300166
서울강덕초등학교,서울,www.ekape.or.kr,축산물 이력번호조회,https://www.ekape.or.kr/kapecp/ui/kapecp/trust.jsp?searchKeyword=2128301323
서울강명초등학교,서울,read365.edunet.net,강명도서관,https://read365.edunet.net/PureScreen/SchoolSearch?schoolName=서울강명초등학교&amp;provCode=B10&amp;neisCode=B100005527
서울강서초등학교,서울,www.ekape.or.kr,축산물 이력조회,https://www.ekape.or.kr/kapecp/ui/kapecp/trust.jsp?searchKeyword=1178300219
서울강월초등학교,서울,www.ekape.or.kr,학교급식 축산물 이력번호 조회,https://www.ekape.or.kr/kapecp/ui/kapecp/trust.jsp?searchKeyword=1178300223
서울강일초등학교,서울,webzine.serii.re.kr,계간 『서울교육』(연 4회 발간) 홍보 [새 창 열림],https://webzine.serii.re.kr/
서울강일초등학교,서울,read365.edunet.net,독서로 [링크] [새 창 열림],https://read365.edunet.net/
서울개롱초등학교,서울,webzine.serii.re.kr,계간 『서울교육』(연 4회 발간) 홍보 [새 창 열림],https://webzine.serii.re.kr/
서울개봉초등학교,서울,www.ekape.or.kr,축산물 이력번호 조회,https://www.ekape.or.kr/kapecp/ui/kapecp/trust.jsp?searchKeyword=1138300070
서울개봉초등학교,서울,read365.edunet.net,도서관 자료검색,https://read365.edunet.net/PureScreen/SchoolSearch?schoolName=%EC%84%9C%EC%9A%B8%EA%B0%9C%EB%B4%89%EC%B4%88%EB%93%B1%ED%95%99%EA%B5%90%20%EB%8F%84%EC%84%9C%EA%B4%80&amp;provCode=B10&amp;neisCode=B1000
서울개봉초등학교,서울,gaebonges.dkyobobook.co.kr,개봉초 전자도서관,https://gaebonges.dkyobobook.co.kr
서울개운초등학교,서울,read365.edunet.net,도서검색,https://read365.edunet.net/PureScreen/SchoolSearch?schoolName=서울개운초등학교&amp;provCode=B10&amp;neisCode=B100002292
서울개운초등학교,서울,webzine.serii.re.kr,계간 『서울교육』(연 4회 발간) 홍보 [새 창 열림],https://webzine.serii.re.kr/
서울개웅초등학교,서울,reading.ssem.or.kr,독서교육종합시스템,http://reading.ssem.or.kr/r/reading/main/main.jsp
서울개웅초등학교,서울,www.kkulbaksa.com,꿀박사,https://www.kkulbaksa.com/standard/main/main.do
서울개웅초등학교,서울,webzine.serii.re.kr,계간 『서울교육』(연 4회 발간) 홍보 [새 창 열림],https://webzine.serii.re.kr/
서울개웅초등학교,서울,read365.edunet.net,독서로 [링크] [새 창 열림],https://read365.edunet.net/
서울개포초등학교,서울,read365.edunet.net,학교도서관,https://read365.edunet.net/PureScreen/SchoolSearch?schoolName=%EC%84%9C%EC%9A%B8%EA%B0%9C%ED%8F%AC%EC%B4%88%EB%93%B1%ED%95%99%EA%B5%90&provCode=B10&neisCode=B100000739
서울개포초등학교,서울,webzine.serii.re.kr,계간 『서울교육』(연 4회 발간) 홍보 [새 창 열림],https://webzine.serii.re.kr/
서울개현초등학교,서울,read365.edunet.net,개현초도서관,https://read365.edunet.net/PureScreen/SchoolSearch?schoolName=서울개현초등학교&provCode=B10&neisCode=7091496
서울개현초등학교,서울,www.ssem.or.kr,서울교육포털,https://www.ssem.or.kr/index.do?sso=ok
서울개현초등학교,서울,webzine.serii.re.kr,계간 『서울교육』(연 4회 발간) 홍보 [새 창 열림],https://webzine.serii.re.kr/
서울개화초등학교,서울,webzine.serii.re.kr,계간 『서울교육』(연 4회 발간) 홍보 [새 창 열림],https://webzine.serii.re.kr/
서울개화초등학교,서울,read365.edunet.net,독서로 [링크] [새 창 열림],https://read365.edunet.net/
서울개화초등학교,서울,www.gaehwa.es.kr,찾아오시는길,http://www.gaehwa.es.kr/16626/subMenu.do?menuNo=16643
서울거원초등학교,서울,www.거원.kr,병설유치원,http://www.거원.kr/home/#
서울경동초등학교,서울,read365.edunet.net,우리학교 도서검색,https://read365.edunet.net/PureScreen/SchoolSearch?schoolName=%EC%84%9C%EC%9A%B8%EA%B2%BD%EB%8F%99%EC%B4%88%EB%93%B1%ED%95%99%EA%B5%90&amp;provCode=B10&amp;neisCode=B100002164
서울경운학교,서울,www.ekape.or.kr,이력번호조회,https://www.ekape.or.kr/kapecp/ui/kapecp/trust.jsp?searchKeyword=1018302978
서울경운학교,서울,webzine.serii.re.kr,계간 『서울교육』(연 4회 발간) 홍보 [새 창 열림],https://webzine.serii.re.kr/
서울경운학교,서울,read365.edunet.net,독서로 [링크] [새 창 열림],https://read365.edunet.net/
서울경인초등학교,서울,read365.edunet.net,경인도서관,https://read365.edunet.net/PureScreen/SchoolSearch?schoolName=%EC%84%9C%EC%9A%B8%EA%B2%BD%EC%9D%B8%EC%B4%88%EB%93%B1%ED%95%99%EA%B5%90%20&provCode=B10&neisCode=B100001011
서울경인초등학교,서울,webzine.serii.re.kr,계간 『서울교육』(연 4회 발간) 홍보 [새 창 열림],https://webzine.serii.re.kr/
서울계남초등학교,서울,webzine.serii.re.kr,계간 『서울교육』(연 4회 발간) 홍보 [새 창 열림],https://webzine.serii.re.kr/
서울계남초등학교,서울,read365.edunet.net,독서로 [링크] [새 창 열림],https://read365.edunet.net/
서울계상초등학교,서울,www.ssem.or.kr,ssem,http://www.ssem.or.kr
서울계상초등학교,서울,webzine.serii.re.kr,계간 『서울교육』(연 4회 발간) 홍보 [새 창 열림],https://webzine.serii.re.kr/
서울계상초등학교,서울,read365.edunet.net,독서로 [링크] [새 창 열림],https://read365.edunet.net/
서울고등학교,서울,seoul.riroschool.kr,리로스쿨,https://seoul.riroschool.kr
서울고등학교,서울,webzine.serii.re.kr,계간 『서울교육』(연 4회 발간) 홍보 [새 창 열림],https://webzine.serii.re.kr/
서울고등학교,서울,read365.edunet.net,독서로 [링크] [새 창 열림],https://read365.edunet.net/
서울고원초등학교,서울,webzine.serii.re.kr,계간 『서울교육』(연 4회 발간) 홍보 [새 창 열림],https://webzine.serii.re.kr/
서울고원초등학교,서울,read365.edunet.net,독서로 [링크] [새 창 열림],https://read365.edunet.net/
서울고척초등학교,서울,www.kkulbaksa.com,꿀박사,http://www.kkulbaksa.com/standard/main/main.do
서울고척초등학교,서울,www.gocheok.kg.kr,,http://www.gocheok.kg.kr/
서울고척초등학교,서울,read365.edunet.net,고척초도서관,https://read365.edunet.net/PureScreen/SchoolSearch?schoolName=%EC%84%9C%EC%9A%B8%EA%B3%A0%EC%B2%99%EC%B4%88%EB%93%B1%ED%95%99%EA%B5%90&provCode=B10&neisCode=B100001203
서울고척초등학교,서울,webzine.serii.re.kr,계간 『서울교육』(연 4회 발간) 홍보 [새 창 열림],https://webzine.serii.re.kr/
서울고현초등학교,서울,www.ekape.or.kr,축산물 이력번호 조회,https://www.ekape.or.kr/kapecp/ui/kapecp/trust.jsp?searchKeyword=8368300057
서울공연예술고등학교,서울,www.schoolhealth.kr,학생생명존중 교육자료,http://www.schoolhealth.kr/
서울공연초등학교,서울,read365.edunet.net,지혜의샘,https://read365.edunet.net/PureScreen/SchoolSearch?schoolName=%EC%84%9C%EC%9A%B8%EA%B3%B5%EC%97%B0%EC%B4%88%EB%93%B1%ED%95%99%EA%B5%90&amp;provCode=B10&amp;neisCode=B100001737
서울공연초등학교,서울,webzine.serii.re.kr,계간 『서울교육』(연 4회 발간) 홍보 [새 창 열림],https://webzine.serii.re.kr/
서울광남초등학교,서울,reading.ssem.or.kr,교육 활동,http://reading.ssem.or.kr/r/reading/main/main.jsp?menuNo=42499
서울광남초등학교,서울,read365.edunet.net,독서로,https://read365.edunet.net/
서울광장초등학교,서울,www.ekape.or.kr,축산물이력조회,https://www.ekape.or.kr/kapecp/trustservicemng/trustSrvcMng/trustSearchOne.do?trustEntrpsNm=2078300486&amp;sectnCd=001
서울광진학교,서울,webzine.serii.re.kr,계간 『서울교육』(연 4회 발간) 홍보 [새 창 열림],https://webzine.serii.re.kr/
서울광진학교,서울,read365.edunet.net,독서로 [링크] [새 창 열림],https://read365.edunet.net/
서울구남초등학교,서울,www.ekape.or.kr,축산물 이력번호 조회(맘편한 서비스),https://www.ekape.or.kr/kapecp/ui/kapecp/trust.jsp?searchKeyword=2078301786
서울구남초등학교,서울,reading.ssem.or.kr,도서검색,https://reading.ssem.or.kr/r/newReading/search/schoolSearchOnlyForm.jsp?schoolCode=33830&amp;kind=1
서울구룡초등학교,서울,www.ekape.or.kr,축산물 이력 조회,https://www.ekape.or.kr/kapecp/ui/kapecp/trust.jsp?searchKeyword=2138300138
서울구룡초등학교,서울,read365.edunet.net,구룡도서검색,https://read365.edunet.net/PureScreen/SchoolSearch?schoolName=서울구룡초등학교&amp;provCode=B10&amp;neisCode=B100000741
서울구룡초등학교,서울,webzine.serii.re.kr,계간 『서울교육』(연 4회 발간) 홍보 [새 창 열림],https://webzine.serii.re.kr/
서울구산초등학교,서울,www.ekape.or.kr,축산물 이력번호 조회,https://www.ekape.or.kr/kapecp/ui/kapecp/trust.jsp?searchKeyword=1118301447
서울구산초등학교,서울,reading.ssem.or.kr,구산도서자료,https://reading.ssem.or.kr/r/reading/search/schoolCodeSetting.jsp?schoolCode=46&amp;returnUrl=
서울구암초등학교,서울,webzine.serii.re.kr,계간 『서울교육』(연 4회 발간) 홍보 [새 창 열림],https://webzine.serii.re.kr/
서울구암초등학교,서울,read365.edunet.net,독서로 [링크] [새 창 열림],https://read365.edunet.net/
서울구일초등학교,서울,read365.edunet.net,구일전자도서관,http://read365.edunet.net/PureScreen/SchoolSearch?schoolName=서울구일초등학교&provCode=B10&neisCode=B100001206
서울구일초등학교,서울,www.kkulmat.com,꿀맛닷컴,http://www.kkulmat.com/ngedu/mainPage.action?decorator=main&confirm=true
서울구일초등학교,서울,www.ssem.or.kr,SSEM,http://www.ssem.or.kr/index.do?sso=ok
서울구일초등학교,서울,webzine.serii.re.kr,계간 『서울교육』(연 4회 발간) 홍보 [새 창 열림],https://webzine.serii.re.kr/
서울군자초등학교,서울,webzine.serii.re.kr,계간 『서울교육』(연 4회 발간) 홍보 [새 창 열림],https://webzine.serii.re.kr/
서울군자초등학교,서울,read365.edunet.net,독서로 [링크] [새 창 열림],https://read365.edunet.net/
서울금동초등학교,서울,webzine.serii.re.kr,계간 『서울교육』(연 4회 발간) 홍보 [새 창 열림],https://webzine.serii.re.kr/
서울금동초등학교,서울,read365.edunet.net,독서로 [링크] [새 창 열림],https://read365.edunet.net/
서울금산초등학교,서울,schoolzone.emac.kr,학구도안내,https://schoolzone.emac.kr/gis/gis.do?type=vworldBase&amp;xmax=14127642.774235071&amp;xmin=14126786.440652636&amp;ymax=4501276.996920723&amp;ymin=4500417.080352587&amp;link=extent
서울금산초등학교,서울,webzine.serii.re.kr,계간 『서울교육』(연 4회 발간) 홍보 [새 창 열림],https://webzine.serii.re.kr/
서울금산초등학교,서울,read365.edunet.net,독서로 [링크] [새 창 열림],https://read365.edunet.net/
서울금옥초등학교,서울,webzine.serii.re.kr,계간 『서울교육』(연 4회 발간) 홍보 [새 창 열림],https://webzine.serii.re.kr/
서울금옥초등학교,서울,read365.edunet.net,독서로 [링크] [새 창 열림],https://read365.edunet.net/
서울금호초등학교,서울,www.ekape.or.kr,이력번호조회,https://www.ekape.or.kr/kapecp/ui/kapecp/trust.jsp?searchKeyword=2068300858
서울금호초등학교,서울,forms.gle,학교교육설문조사,https://forms.gle/zugpGHQmrHDhJccRA
서울금화초등학교,서울,ksurv.kr,교육과정 설문,http://ksurv.kr/?c=35406
서울금화초등학교,서울,reading.ssem.or.kr,도서검색,http://reading.ssem.or.kr/r/reading/search/schoolSearchForm.jsp
서울길원초등학교,서울,webzine.serii.re.kr,계간 『서울교육』(연 4회 발간) 홍보 [새 창 열림],https://webzine.serii.re.kr/
서울길원초등학교,서울,read365.edunet.net,독서로 [링크] [새 창 열림],https://read365.edunet.net/
서울길음초등학교,서울,read365.edunet.net,디지털도서관,https://read365.edunet.net/PureScreen/SchoolSearch?schoolName=서울길음초등학교&amp;provCode=B10&amp;neisCode=B100002293
서울길음초등학교,서울,webzine.serii.re.kr,계간 『서울교육』(연 4회 발간) 홍보 [새 창 열림],https://webzine.serii.re.kr/
서울난우초등학교,서울,webzine.serii.re.kr,계간 『서울교육』(연 4회 발간) 홍보 [새 창 열림],https://webzine.serii.re.kr/
서울난우초등학교,서울,read365.edunet.net,독서로 [링크] [새 창 열림],https://read365.edunet.net/
서울난향초등학교,서울,www.ekape.or.kr,축산물이력제,https://www.ekape.or.kr/kapecp/ui/kapecp/trust.jsp?searchKeyword=1128300946
서울난향초등학교,서울,read365.edunet.net,도서검색,https://read365.edunet.net/PureScreen/SchoolSearch?schoolName=서울난향초등학교&amp;provCode=B10&amp;neisCode=B100001581
서울난향초등학교,서울,webzine.serii.re.kr,계간 『서울교육』(연 4회 발간) 홍보 [새 창 열림],https://webzine.serii.re.kr/
서울남명초등학교,서울,www.ekape.or.kr,축산물이력번호 조회,https://www.ekape.or.kr/kapecp/ui/kapecp/trust.jsp?searchKeyword=1178300470
서울남명초등학교,서울,read365.edunet.net,도서관,https://read365.edunet.net/PureScreen/SchoolSearch?schoolName=%EC%84%9C%EC%9A%B8%EB%82%A8%EB%AA%85%EC%B4%88%EB%93%B1%ED%95%99%EA%B5%90&provCode=B10&neisCode=B100001015
서울남부초등학교,서울,webzine.serii.re.kr,계간 『서울교육』(연 4회 발간) 홍보 [새 창 열림],https://webzine.serii.re.kr/
서울남부초등학교,서울,read365.edunet.net,독서로 [링크] [새 창 열림],https://read365.edunet.net/
서울남사초등학교,서울,www.ekape.or.kr,축산물이력번호조회,https://www.ekape.or.kr/kapecp/ui/kapecp/trust.jsp?searchKeyword=1088302192
서울남성초등학교,서울,www.ekape.or.kr,축산물이력번호조회,https://www.ekape.or.kr/kapecp/ui/kapecp/trust.jsp?searchKeyword=1088302120
서울내발산초등학교,서울,www.ekape.or.kr,축산물 이력번호 조회,https://www.ekape.or.kr/kapecp/ui/kapecp/trust.jsp?searchKeyword=1098301390
서울내발산초등학교,서울,smart.koedu.co.kr,스마트체험도서관,http://smart.koedu.co.kr/
서울내발산초등학교,서울,book.edunet.net,e-교과서,http://book.edunet.net/ebook/main.do
서울노량진초등학교,서울,www.ekape.or.kr,급식(축산물 이력 조회),https://www.ekape.or.kr/kapecp/ui/kapecp/trust.jsp?searchKeyword=1088300893
서울노원초등학교,서울,webzine.serii.re.kr,계간 『서울교육』(연 4회 발간) 홍보 [새 창 열림],https://webzine.serii.re.kr/
서울노원초등학교,서울,read365.edunet.net,독서로 [링크] [새 창 열림],https://read365.edunet.net/
서울노일초등학교,서울,www.ekape.or.kr,축산물 이력 조회,https://www.ekape.or.kr/kapecp/ui/kapecp/trust.jsp?searchKeyword=2178301352
서울녹천초등학교,서울,webzine.serii.re.kr,계간 『서울교육』(연 4회 발간) 홍보 [새 창 열림],https://webzine.serii.re.kr/
서울녹천초등학교,서울,read365.edunet.net,독서로 [링크] [새 창 열림],https://read365.edunet.net/
서울누원초등학교,서울,www.ekape.or.kr,축산물 이력번호 조회,https://www.ekape.or.kr/kapecp/ui/kapecp/trust.jsp?searchKeyword=2108302044
서울다솜관광고등학교,서울,sds.hs.kr,교육활동,http://sds.hs.kr/147788/subMenu.do
서울다원학교,서울,webzine.serii.re.kr,계간 『서울교육』(연 4회 발간) 홍보 [새 창 열림],https://webzine.serii.re.kr/
서울다원학교,서울,read365.edunet.net,독서로 [링크] [새 창 열림],https://read365.edunet.net/
서울답십리초등학교,서울,www.ekape.or.kr,축산물이력번호조회하기,https://www.ekape.or.kr/kapecp/ui/kapecp/trust.jsp?searchKeyword=2048301322
서울대림초등학교,서울,www.ssem.or.kr,서울교육포털,http://www.ssem.or.kr/index.do?sso=ok
서울대림초등학교,서울,dtbook.edunet.net,EDUNET 디지털교과서,https://dtbook.edunet.net/viewCntl/dtIntro?in_div=nedu
서울대림초등학교,서울,www.edunet.net,에듀넷-티클리어,http://www.edunet.net/nedu/contsvc/subjectForm.do?menu_id=2
서울대림초등학교,서울,www.crezone.net,창의인성교육넷(크레존),http://www.crezone.net
서울대림초등학교,서울,webzine.serii.re.kr,계간 『서울교육』(연 4회 발간) 홍보 [새 창 열림],https://webzine.serii.re.kr/
서울대림초등학교,서울,read365.edunet.net,독서로 [링크] [새 창 열림],https://read365.edunet.net/
서울대방초등학교,서울,www.ekape.or.kr,급식(축산물 이력 조회),https://www.ekape.or.kr/kapecp/ui/kapecp/trust.jsp?searchKeyword=1188300283
서울대신초등학교,서울,www.ekape.or.kr,축산물 이력번호 조회,https://www.ekape.or.kr/kapecp/ui/kapecp/trust.jsp?searchKeyword=1108300241
서울대신초등학교,서울,webzine.serii.re.kr,계간 『서울교육』(연 4회 발간) 홍보 [새 창 열림],https://webzine.serii.re.kr/
서울대신초등학교,서울,read365.edunet.net,독서로 [링크] [새 창 열림],https://read365.edunet.net/
서울대영초등학교,서울,read365.edunet.net,꿈나무도서관,https://read365.edunet.net/PureScreen/SchoolSearch?schoolName=%EC%84%9C%EC%9A%B8%EB%8C%80%EC%98%81%EC%B4%88%EB%93%B1%ED%95%99%EA%B5%90&amp;provCode=B10&amp;neisCode=B100001215
서울대왕초등학교,서울,ibo.org,IBO,https://ibo.org/
서울대은초등학교,서울,www.ekape.or.kr,축산물 이력번호 조회,https://www.ekape.or.kr/kapecp/ui/kapecp/trust.jsp?searchKeyword=1118301016
서울대은초등학교,서울,read365.edunet.net,우리학교도서검색,https://read365.edunet.net/PureScreen/SchoolSearch?schoolName=서울대은초등학교&amp;provCode=B10&amp;neisCode=B100001975
서울대은초등학교,서울,webzine.serii.re.kr,계간 『서울교육』(연 4회 발간) 홍보 [새 창 열림],https://webzine.serii.re.kr/
서울대조초등학교,서울,www.ekape.or.kr,축산물사용이력조회,https://www.ekape.or.kr/kapecp/ui/kapecp/trust.jsp?searchKeyword=1118300211
서울대조초등학교,서울,schoolzone.emac.kr,학구도안내서비스,https://schoolzone.emac.kr/gis/gis.do?type=vworldBase&amp;xmax=14129774.236304617&amp;xmin=14127588.61502703&amp;ymax=4525695.372856462&amp;ymin=4523925.377920188&amp;link=extent
서울대진초등학교,서울,webzine.serii.re.kr,계간 『서울교육』(연 4회 발간) 홍보 [새 창 열림],https://webzine.serii.re.kr/
서울대진초등학교,서울,read365.edunet.net,독서로 [링크] [새 창 열림],https://read365.edunet.net/
서울대학교사범대학부설고등학교,서울,read365.edunet.net,디지털 도서관,https://read365.edunet.net/PureScreen/SchoolSearch?schoolName=서울대학교사범대학부설고등학교&provCode=B10&neisCode=A000003561
서울대학교사범대학부설고등학교,서울,snubugo.net,총동창회,http://snubugo.net
서울대학교사범대학부설고등학교,서울,webzine.serii.re.kr,계간 『서울교육』(연 4회 발간) 홍보 [새 창 열림],https://webzine.serii.re.kr/
서울대학교사범대학부설여자중학교,서울,read365.edunet.net,전자도서관,https://read365.edunet.net/
서울덕암초등학교,서울,www.ealimi.com,학교방문사전예약,https://www.ealimi.com//visit/intro/7e7y1a1c
서울덕암초등학교,서울,www.ssem.or.kr,서울교육포털,http://www.ssem.or.kr
서울덕암초등학교,서울,www.kkulmat.com,꿀맛닷컴,http://www.kkulmat.com
서울덕암초등학교,서울,hostncd.ssem.or.kr,PLAY,https://hostncd.ssem.or.kr/api/frame_player.html?syncno=9048086166_0059585928&xx=auto&&yy=500
서울덕암초등학교,서울,webzine.serii.re.kr,계간 『서울교육』(연 4회 발간) 홍보 [새 창 열림],https://webzine.serii.re.kr/
서울덕암초등학교,서울,read365.edunet.net,독서로 [링크] [새 창 열림],https://read365.edunet.net/
서울독일학교,서울,mintzukunftschaffen.de,,https://mintzukunftschaffen.de/
서울동구로초등학교,서울,webzine.serii.re.kr,계간 『서울교육』(연 4회 발간) 홍보 [새 창 열림],https://webzine.serii.re.kr/
서울동구로초등학교,서울,read365.edunet.net,독서로 [링크] [새 창 열림],https://read365.edunet.net/
서울동답초등학교,서울,read365.edunet.net,독서로,https://read365.edunet.net/PureScreen/SchoolSearch?schoolName=서울동답초등학교&amp;provCode=B10&amp;neisCode=B100001399
서울동답초등학교,서울,webzine.serii.re.kr,계간 『서울교육』(연 4회 발간) 홍보 [새 창 열림],https://webzine.serii.re.kr/
서울동일초등학교,서울,read365.edunet.net,동일검색사이트,https://read365.edunet.net/PureScreen/SchoolSearch?schoolName=서울동일초등학교&provCode=B10&neisCode=B100001744
서울동일초등학교,서울,webzine.serii.re.kr,계간 『서울교육』(연 4회 발간) 홍보 [새 창 열림],https://webzine.serii.re.kr/
서울동자초등학교,서울,www.ekape.or.kr,축산물 이력번호 조회,https://www.ekape.or.kr/kapecp/ui/kapecp/trust.jsp?searchKeyword=2078301388
서울동자초등학교,서울,read365.edunet.net,우리학교 도서검색,https://read365.edunet.net/PureScreen/SchoolSearch?schoolName=%EC%84%9C%EC%9A%B8%EB%8F%99%EC%9E%90%EC%B4%88%EB%93%B1%ED%95%99%EA%B5%90&amp;provCode=B10&amp;neisCode=B100002176
서울동작초등학교,서울,hostncd.ssem.or.kr,PLAY,https://hostncd.ssem.or.kr/api/frame_player.html?syncno=3097061474_4852604002&xx=auto&&yy=500
서울동작초등학교,서울,info.edunet.net,에듀넷,http://info.edunet.net/
서울동작초등학교,서울,read365.edunet.net,독서로,https://read365.edunet.net/
서울동작초등학교,서울,webdt.edunet.net,E-교과서,https://webdt.edunet.net
서울동작초등학교,서울,webzine.serii.re.kr,계간 『서울교육』(연 4회 발간) 홍보 [새 창 열림],https://webzine.serii.re.kr/
서울동호초등학교,서울,webzine.serii.re.kr,계간 『서울교육』(연 4회 발간) 홍보 [새 창 열림],https://webzine.serii.re.kr/
서울동호초등학교,서울,read365.edunet.net,독서로 [링크] [새 창 열림],https://read365.edunet.net/
서울두산초등학교,서울,www.kkulbaksa.com,역사책읽기,https://www.kkulbaksa.com/standard/history/historyVideo.do?method=search&mc=S2025
서울두산초등학교,서울,read365.edunet.net,서울두산초도서관,https://read365.edunet.net/PureScreen/SchoolSearch?schoolName=서울두산초등학교&provCode=B10&neisCode=B100001221
서울두산초등학교,서울,hostncd.ssem.or.kr,PLAY,https://hostncd.ssem.or.kr/api/frame_player.html?syncno=6067367070_7481824842&xx=auto&&yy=500
서울두산초등학교,서울,webzine.serii.re.kr,계간 『서울교육』(연 4회 발간) 홍보 [새 창 열림],https://webzine.serii.re.kr/
서울둔촌초등학교,서울,www.ekape.or.kr,축산물이력조회,https://www.ekape.or.kr/kapecp/trustservicemng/trustSrvcMng/trustSearchOne.do?trustEntrpsNm=%EB%91%94%EC%B4%8C%EC%B4%88%EB%93%B1%ED%95%99%EA%B5%90&amp;sectnCd=0001
서울둔촌초등학교,서울,read365.edunet.net,둔촌초 도서관(독서로),https://read365.edunet.net/PureScreen/SchoolSearch?schoolName=%EC%84%9C%EC%9A%B8%EB%91%94%EC%B4%8C%EC%B4%88%EB%93%B1%ED%95%99%EA%B5%90&provCode=B10&neisCode=B100000912
서울둔촌초등학교,서울,www.ssem.or.kr,서울교육포털,http://www.ssem.or.kr/index.do?sso=ok
서울드와이트외국인학교,서울,www.dwight.edu,GLOBAL NETWORK,https://www.dwight.edu/
서울드와이트외국인학교,서울,www.dwightlondon.org,LONDON,https://www.dwightlondon.org/
서울드와이트외국인학교,서울,www.qibaodwight.org,SHANGHAI,https://www.qibaodwight.org/
서울드와이트외국인학교,서울,www.dwight.ae,DUBAI,https://www.dwight.ae/
서울드와이트외국인학교,서울,www.dwighthanoi.org,HANOI,https://www.dwighthanoi.org/
서울드와이트외국인학교,서울,dwightcairo.org,CAIRO,https://dwightcairo.org/
서울드와이트외국인학교,서울,www.franklinjc.org,JERSEY CITY,https://www.franklinjc.org/
서울드와이트외국인학교,서울,www.staging.globalschools.com,SEOUL,https://www.staging.globalschools.com/dwight_kr/
서울드와이트외국인학교,서울,dwight.myglobalschool.org,APPLY,https://dwight.myglobalschool.org/adm/AdmissionForm/
서울드와이트외국인학교,서울,www.linkedin.com,,https://www.linkedin.com/company/dwight-school-seoul
서울등명초등학교,서울,webzine.serii.re.kr,계간 『서울교육』(연 4회 발간) 홍보 [새 창 열림],https://webzine.serii.re.kr/
서울등명초등학교,서울,read365.edunet.net,독서로 [링크] [새 창 열림],https://read365.edunet.net/
서울등서초등학교,서울,www.ekape.or.kr,학교급식 축산물 이력번호 조회,https://www.ekape.or.kr/kapecp/ui/kapecp/trust.jsp?searchKeyword=1098301463
서울등양초등학교,서울,www.ekape.or.kr,맘편한서비스(축산물이력번호 조회),https://www.ekape.or.kr/kapecp/ui/kapecp/trust.jsp?searchKeyword=1098304683
서울등현초등학교,서울,www.ekape.or.kr,축산물 이력번호 조회,https://www.ekape.or.kr/kapecp/ui/kapemcp/index.jsp?mobileDivSh=M_01&amp;searchKeyword=1098304761
서울디지텍고등학교,서울,naver.me,popup-banner-img,http://naver.me/GfdDiDb4
서울마장초등학교,서울,majang.dkyobobook.co.kr,마장 전자도서관,http://majang.dkyobobook.co.kr/main.ink
서울마천초등학교,서울,www.ekape.or.kr,축산물 이력번호,https://www.ekape.or.kr/kapecp/ui/kapecp/trust.jsp?searchKeyword=2158300599
서울마포초등학교,서울,webzine.serii.re.kr,계간 『서울교육』(연 4회 발간) 홍보 [새 창 열림],https://webzine.serii.re.kr/
서울마포초등학교,서울,read365.edunet.net,독서로 [링크] [새 창 열림],https://read365.edunet.net/
서울망원초등학교,서울,mangwones.dkyobobook.co.kr,전자책도서관,https://mangwones.dkyobobook.co.kr
서울망원초등학교,서울,reading.ssem.or.kr,우리학교자료검색,http://reading.ssem.or.kr/r/newReading/search/schoolCodeSetting.jsp?schoolCode=31165&amp;returnUrl=
서울망원초등학교,서울,webzine.serii.re.kr,계간 『서울교육』(연 4회 발간) 홍보 [새 창 열림],https://webzine.serii.re.kr/
서울망원초등학교,서울,read365.edunet.net,독서로 [링크] [새 창 열림],https://read365.edunet.net/
서울매동초등학교,서울,www.ekape.or.kr,축산물사용이력,https://www.ekape.or.kr/kapecp/ui/kapecp/trust.jsp?searchKeyword=1028300672
서울매봉초등학교,서울,maebonges.dkyobobook.co.kr,전자도서관,http://maebonges.dkyobobook.co.kr
서울매봉초등학교,서울,hostncd.ssem.or.kr,PLAY,https://hostncd.ssem.or.kr/api/frame_player.html?syncno=7828070867_5576546486&xx=auto&&yy=500
서울매봉초등학교,서울,webzine.serii.re.kr,계간 『서울교육』(연 4회 발간) 홍보 [새 창 열림],https://webzine.serii.re.kr/
서울매봉초등학교,서울,read365.edunet.net,독서로 [링크] [새 창 열림],https://read365.edunet.net/
서울면남초등학교,서울,www.ekape.or.kr,축산물 이력번호,https://www.ekape.or.kr/kapecp/ui/kapecp/index.html
서울면남초등학교,서울,webzine.serii.re.kr,계간 『서울교육』(연 4회 발간) 홍보 [새 창 열림],https://webzine.serii.re.kr/
서울면남초등학교,서울,read365.edunet.net,독서로 [링크] [새 창 열림],https://read365.edunet.net/
서울면동초등학교,서울,reading.ssem.or.kr,독서교육종합시스템,http://reading.ssem.or.kr/r/reading/search/schoolCodeSetting.jsp?schoolCode=31332
서울면목초등학교,서울,read365.edunet.net,도서검색,https://read365.edunet.net/PureScreen/SchoolSearch?schoolName=서울면목초등학교&amp;provCode=B10&amp;neisCode=B100001404
서울면목초등학교,서울,schoolzone.emac.kr,학구도,https://schoolzone.emac.kr/gis/gis.do?schoolId=1859
서울면일초등학교,서울,reading.ssem.or.kr,독서교육지원시스템,http://reading.ssem.or.kr
서울면일초등학교,서울,webzine.serii.re.kr,계간 『서울교육』(연 4회 발간) 홍보 [새 창 열림],https://webzine.serii.re.kr/
서울면일초등학교,서울,read365.edunet.net,독서로 [링크] [새 창 열림],https://read365.edunet.net/
서울명신초등학교,서울,read365.edunet.net,우리학교 도서관,https://read365.edunet.net/PureScreen/SchoolSearch?schoolName=서울명신초등학교&amp;provCode=B10&amp;neisCode=B100002378
서울명신초등학교,서울,webzine.serii.re.kr,계간 『서울교육』(연 4회 발간) 홍보 [새 창 열림],https://webzine.serii.re.kr/
서울명원초등학교,서울,read365.edunet.net,독서로,https://read365.edunet.net/
서울명원초등학교,서울,cyber.norischool.com,사이버 영어 동화마을,http://cyber.norischool.com/blp_cyber/index.asp
서울명원초등학교,서울,webzine.serii.re.kr,계간 『서울교육』(연 4회 발간) 홍보 [새 창 열림],https://webzine.serii.re.kr/
서울명일초등학교,서울,www.ekape.or.kr,축산물 사용이력조회,https://www.ekape.or.kr/kapecp/ui/kapecp/trust.jsp?searchKeyword=2128300381
서울명일초등학교,서울,read365.edunet.net,독서로,https://read365.edunet.net/PureScreen/SchoolSearch?schoolName=서울명일초등학교&amp;provCode=B10&amp;neisCode=B100000916
서울명일초등학교,서울,webzine.serii.re.kr,계간 『서울교육』(연 4회 발간) 홍보 [새 창 열림],https://webzine.serii.re.kr/
서울묘곡초등학교,서울,reading.ssem.or.kr,우리학교도서관,http://reading.ssem.or.kr/r/newReading/search/schoolSearchForm.jsp
서울무학초등학교,서울,read365.edunet.net,도서검색,https://read365.edunet.net/PureScreen/SchoolSearch?schoolName=%EC%84%9C%EC%9A%B8%EB%AC%B4%ED%95%99%EC%B4%88%EB%93%B1%ED%95%99%EA%B5%90&amp;provCode=B10&amp;neisCode=B100002177
서울문덕초등학교,서울,read365.edunet.net,우리학교도서관,https://read365.edunet.net/PureScreen/SchoolSearch?schoolName=%EC%84%9C%EC%9A%B8%EB%AC%B8%EB%8D%95%EC%B4%88%EB%93%B1%ED%95%99%EA%B5%90&provCode=B10&neisCode=B100000918
서울문덕초등학교,서울,cls.edunet.net,e-학습터,http://cls.edunet.net/cyber/cm/mcom/pmco000b00.do
서울문덕초등학교,서울,www.youthnavi.net,유스내비,https://www.youthnavi.net/
서울문덕초등학교,서울,info.edunet.net,에듀넷,http://info.edunet.net/
서울문덕초등학교,서울,webzine.serii.re.kr,계간 『서울교육』(연 4회 발간) 홍보 [새 창 열림],https://webzine.serii.re.kr/
서울문영여자중학교,서울,www.ekape.or.kr,축산물이력번호 조회,https://www.ekape.or.kr/kapecp/ui/kapecp/trust.jsp?searchKeyword=1128204630
서울문정초등학교,서울,www.ekape.or.kr,축산물이력번호조회,https://www.ekape.or.kr/kapecp/ui/kapecp/trust.jsp?searchKeyword=2158300075
서울미동초등학교,서울,www.ekape.or.kr,축산물사용이력조회,https://www.ekape.or.kr/kapecp/ui/kapecp/trust.jsp?searchKeyword=1108300275
서울반원초등학교,서울,read365.edunet.net,학교도서관,https://read365.edunet.net/
서울반원초등학교,서울,webzine.serii.re.kr,계간 『서울교육』(연 4회 발간) 홍보 [새 창 열림],https://webzine.serii.re.kr/
서울반포초등학교,서울,webzine.serii.re.kr,계간 『서울교육』(연 4회 발간) 홍보 [새 창 열림],https://webzine.serii.re.kr/
서울반포초등학교,서울,read365.edunet.net,독서로 [링크] [새 창 열림],https://read365.edunet.net/
서울방일초등학교,서울,read365.edunet.net,학교도서관,https://read365.edunet.net/PureScreen/SchoolSearch?schoolName=서울방일초등학교&amp;provCode=B10&amp;neisCode=B100000756
서울방일초등학교,서울,www.ekape.or.kr,축산물이력번호조회,https://www.ekape.or.kr/kapecp/ui/kapecp/trust.jsp?searchKeyword=1148300582
서울방일초등학교,서울,webzine.serii.re.kr,계간 『서울교육』(연 4회 발간) 홍보 [새 창 열림],https://webzine.serii.re.kr/
서울방현초등학교,서울,www.ekape.or.kr,축산물 이력번호 조회,https://www.ekape.or.kr/kapecp/ui/kapecp/trust.jsp?searchKeyword=1148300826
서울백산초등학교,서울,webzine.serii.re.kr,계간 『서울교육』(연 4회 발간) 홍보 [새 창 열림],https://webzine.serii.re.kr/
서울백산초등학교,서울,read365.edunet.net,독서로 [링크] [새 창 열림],https://read365.edunet.net/
서울백운초등학교,서울,schoolzone.emac.kr,학구도안내서비스,https://schoolzone.emac.kr/
서울버들초등학교,서울,seoulbeodle.yes24library.com,전자도서관,http://seoulbeodle.yes24library.com/
서울버들초등학교,서울,read365.edunet.net,독서로(우리학교 도서검색),https://read365.edunet.net/PureScreen/SchoolSearch?schoolName=서울버들초등학교&provCode=B10&neisCode=B100005384
서울버들초등학교,서울,cls.edunet.net,학습터,https://cls.edunet.net/index.html
서울버들초등학교,서울,www.ssem.or.kr,꿀맛닷컴,http://www.ssem.or.kr/index.do?sso=ok
서울버들초등학교,서울,webzine.serii.re.kr,계간 『서울교육』(연 4회 발간) 홍보 [새 창 열림],https://webzine.serii.re.kr/
서울보라매초등학교,서울,www.ekape.or.kr,급식(축산물 이력조회),https://www.ekape.or.kr/kapecp/ui/kapecp/trust.jsp?searchKeyword=1088302815
서울봉천초등학교,서울,webzine.serii.re.kr,계간 『서울교육』(연 4회 발간) 홍보 [새 창 열림],https://webzine.serii.re.kr/
서울봉천초등학교,서울,read365.edunet.net,독서로 [링크] [새 창 열림],https://read365.edunet.net/
서울북성초등학교,서울,read365.edunet.net,산수유도서관,https://read365.edunet.net/PureScreen/SchoolSearch?schoolName=서울북성초등학교&amp;provCode=B10&amp;neisCode=B100001982
서울북성초등학교,서울,ssem.or.kr,,http://ssem.or.kr
서울북한산초등학교,서울,read365.edunet.net,도서검색,https://read365.edunet.net/PureScreen/SchoolSearch?schoolName=%EC%84%9C%EC%9A%B8%EB%B6%81%ED%95%9C%EC%82%B0%EC%B4%88%EB%93%B1%ED%95%99%EA%B5%90&provCode=B10&neisCode=B100001983
서울북한산초등학교,서울,webzine.serii.re.kr,계간 『서울교육』(연 4회 발간) 홍보 [새 창 열림],https://webzine.serii.re.kr/
서울불암초등학교,서울,www.ekape.or.kr,축산물사용이력조회,https://www.ekape.or.kr/kapecp/ui/kapecp/trust.jsp?searchKeyword=2178301196
서울불암초등학교,서울,webzine.serii.re.kr,계간 『서울교육』(연 4회 발간) 홍보 [새 창 열림],https://webzine.serii.re.kr/
서울불암초등학교,서울,read365.edunet.net,독서로 [링크] [새 창 열림],https://read365.edunet.net/
서울사당초등학교,서울,read365.edunet.net,독서로,https://read365.edunet.net/
서울사당초등학교,서울,webzine.serii.re.kr,계간 『서울교육』(연 4회 발간) 홍보 [새 창 열림],https://webzine.serii.re.kr/
서울삼각산초등학교,서울,read365.edunet.net,온라인도서관,https://read365.edunet.net/PureScreen/SchoolSearch?schoolName=서울삼각산초등학교&amp;provCode=B10&amp;neisCode=B100002299
서울삼각산초등학교,서울,webzine.serii.re.kr,계간 『서울교육』(연 4회 발간) 홍보 [새 창 열림],https://webzine.serii.re.kr/
서울삼광초등학교,서울,www.ssem.or.kr,ssem,http://www.ssem.or.kr/index.do?sso=ok
서울삼광초등학교,서울,www.kkulbaksa.com,꿀맛닷컴,https://www.kkulbaksa.com/standard/main/main.do#
서울삼광초등학교,서울,read365.edunet.net,독서로,https://read365.edunet.net/PureScreen/SchoolSearch?schoolName=서울삼광초등학교&provCode=B10&neisCode=B100002381
서울삼광초등학교,서울,webzine.serii.re.kr,계간 『서울교육』(연 4회 발간) 홍보 [새 창 열림],https://webzine.serii.re.kr/
서울삼성학교,서울,webzine.serii.re.kr,계간 『서울교육』(연 4회 발간) 홍보 [새 창 열림],https://webzine.serii.re.kr/
서울삼성학교,서울,read365.edunet.net,독서로 [링크] [새 창 열림],https://read365.edunet.net/
서울상경초등학교,서울,www.ekape.or.kr,축산물이력조회,https://www.ekape.or.kr/kapecp/ui/kapecp/trust.jsp?searchKeyword=2178300538
서울상경초등학교,서울,webzine.serii.re.kr,계간 『서울교육』(연 4회 발간) 홍보 [새 창 열림],https://webzine.serii.re.kr/
서울상경초등학교,서울,read365.edunet.net,독서로 [링크] [새 창 열림],https://read365.edunet.net/
서울상곡초등학교,서울,www.ekape.or.kr,축산물이력조회,https://www.ekape.or.kr/kapecp/ui/kapecp/trust.jsp?searchKeyword=2178300523
서울상곡초등학교,서울,read365.edunet.net,꿈마루 도서관,https://read365.edunet.net/PureScreen/SchoolSearch?schoolName=%EC%84%9C%EC%9A%B8%EC%83%81%EA%B3%A1%EC%B4%88%EB%93%B1%ED%95%99%EA%B5%90&amp;provCode=B10&amp;neisCode=B100001750
서울상곡초등학교,서울,www.kkulbaksa.com,꿀박사,https://www.kkulbaksa.com/standard/main/main.do
서울상곡초등학교,서울,webzine.serii.re.kr,계간 『서울교육』(연 4회 발간) 홍보 [새 창 열림],https://webzine.serii.re.kr/
서울상봉초등학교,서울,read365.edunet.net,전자도서관,https://read365.edunet.net/PureScreen/SchoolSearch?schoolName=%EC%84%9C%EC%9A%B8%EC%83%81%EB%B4%89%EC%B4%88%EB%93%B1%ED%95%99%EA%B5%90&provCode=B10&neisCode=B100001411
서울상수초등학교,서울,read365.edunet.net,독서로DLS,https://read365.edunet.net/
서울상수초등학교,서울,hostncd.ssem.or.kr,PLAY,https://hostncd.ssem.or.kr/api/frame_player.html?syncno=7433315617_0871507930&xx=auto&&yy=500
서울상수초등학교,서울,webzine.serii.re.kr,계간 『서울교육』(연 4회 발간) 홍보 [새 창 열림],https://webzine.serii.re.kr/
서울상신초등학교,서울,www.ekape.or.kr,축산물이력번호조회,https://www.ekape.or.kr/kapecp/ui/kapecp/trust.jsp?searchKeyword=1118301035
서울상원초등학교,서울,read365.edunet.net,상원도서검색,https://read365.edunet.net/PureScreen/SchoolSearch?schoolName=서울상원초등학교&provCode=B10&neisCode=B100001752
서울상원초등학교,서울,webzine.serii.re.kr,계간 『서울교육』(연 4회 발간) 홍보 [새 창 열림],https://webzine.serii.re.kr/
서울상지초등학교,서울,www.ekape.or.kr,축산물 이력조회,https://www.ekape.or.kr/kapecp/ui/kapecp/trust.jsp?searchKeyword=1058315155
서울상천초등학교,서울,www.ekape.or.kr,축산물 이력번호 조회,https://www.ekape.or.kr/kapecp/ui/kapecp/trust.jsp?searchKeyword=2178300595
서울서교초등학교,서울,webzine.serii.re.kr,계간 『서울교육』(연 4회 발간) 홍보 [새 창 열림],https://webzine.serii.re.kr/
서울서교초등학교,서울,read365.edunet.net,독서로 [링크] [새 창 열림],https://read365.edunet.net/
서울서이초등학교,서울,cls1.edunet.net,e학습터,https://cls1.edunet.net/cyber/cm/mcom/pmco000b00.do
서울서일초등학교,서울,www.kkulbaksa.com,스스로학습,http://www.kkulbaksa.com/standard/main/main.do
서울서일초등학교,서울,st.edunet.net,디지털교과서,https://st.edunet.net/viewCntl/dtIntro?in_div=nedu
서울서일초등학교,서울,webzine.serii.re.kr,계간 『서울교육』(연 4회 발간) 홍보 [새 창 열림],https://webzine.serii.re.kr/
서울서일초등학교,서울,read365.edunet.net,독서로 [링크] [새 창 열림],https://read365.edunet.net/
서울서초초등학교,서울,www.ekape.or.kr,축산물이력번호 조회,https://www.ekape.or.kr/kapecp/ui/kapecp/trust.jsp?searchKeyword=2148300126
서울석계초등학교,서울,www.ekape.or.kr,축산물이력번호조회,https://www.ekape.or.kr/kapecp/ui/kapecp/trust.jsp?searchKeyword=2098302044
서울석관초등학교,서울,seokgwan.dongsamo.co.kr,전자도서관,http://seokgwan.dongsamo.co.kr/
서울석촌초등학교,서울,reading.ssem.or.kr,,http://reading.ssem.or.kr
서울석촌초등학교,서울,hostncd.ssem.or.kr,PLAY,https://hostncd.ssem.or.kr/api/frame_player.html?syncno=9936848594_0273422014&xx=auto&&yy=500
서울석촌초등학교,서울,webzine.serii.re.kr,계간 『서울교육』(연 4회 발간) 홍보 [새 창 열림],https://webzine.serii.re.kr/
서울석촌초등학교,서울,read365.edunet.net,독서로 [링크] [새 창 열림],https://read365.edunet.net/
서울선곡초등학교,서울,webzine.serii.re.kr,계간 『서울교육』(연 4회 발간) 홍보 [새 창 열림],https://webzine.serii.re.kr/
서울선곡초등학교,서울,read365.edunet.net,독서로 [링크] [새 창 열림],https://read365.edunet.net/
서울선사초등학교,서울,read365.edunet.net,도서검색,https://read365.edunet.net/PureScreen/SchoolSearch?schoolName=서울선사초등학교&amp;provCode=B10&amp;neisCode=B100000926
서울성내초등학교,서울,schoolzone.emac.kr,학구도 안내,https://schoolzone.emac.kr/gis/gis.do?schoolId=2179&amp;schoolClass=SICATC1002
서울성북초등학교,서울,www.kkulbaksa.com,꿀박사,https://www.kkulbaksa.com/
서울성북초등학교,서울,read365.edunet.net,독서로,https://read365.edunet.net/PureScreen/SchoolSearch?schoolName=서울성북초등학교&provCode=B10&neisCode=B100002303
서울성북초등학교,서울,www.edunet.net,에듀넷,https://www.edunet.net/nedu/main/mainForm.do
서울성북초등학교,서울,hostncd.ssem.or.kr,PLAY,https://hostncd.ssem.or.kr/api/frame_player.html?syncno=4941023388_6730881643&xx=auto&&yy=500
서울성북초등학교,서울,webzine.serii.re.kr,계간 『서울교육』(연 4회 발간) 홍보 [새 창 열림],https://webzine.serii.re.kr/
서울성일초등학교,서울,www.ekape.or.kr,학교급식 축산물 이력번호 조회 안내,https://www.ekape.or.kr/kapecp/ui/kapecp/trust.jsp?searchKeyword=2128300886
서울성자초등학교,서울,www.ekape.or.kr,축산물 이력번호 조회,https://www.ekape.or.kr/kapecp/ui/kapecp/trust.jsp?searchKeyword=2078301302
서울성자초등학교,서울,webzine.serii.re.kr,계간 『서울교육』(연 4회 발간) 홍보 [새 창 열림],https://webzine.serii.re.kr/
서울성자초등학교,서울,read365.edunet.net,독서로 [링크] [새 창 열림],https://read365.edunet.net/
서울세검정초등학교,서울,www.ekape.or.kr,축산물이력제,https://www.ekape.or.kr/kapecp/ui/kapecp/trust.jsp?searchKeyword=1028301083
서울세곡초등학교,서울,www.kkulbaksa.com,꿀박사,http://www.kkulbaksa.com
서울세곡초등학교,서울,www.ssem.or.kr,SSEM,http://www.ssem.or.kr
서울세곡초등학교,서울,www.edunet.net,에듀넷,http://www.edunet.net
서울세곡초등학교,서울,webzine.serii.re.kr,계간 『서울교육』(연 4회 발간) 홍보 [새 창 열림],https://webzine.serii.re.kr/
서울세곡초등학교,서울,read365.edunet.net,독서로 [링크] [새 창 열림],https://read365.edunet.net/
서울송례초등학교,서울,www.ekape.or.kr,축산물이력조회,https://www.ekape.or.kr/kapecp/ui/kapecp/trust.jsp?searchKeyword=2158301735
서울송원초등학교,서울,cls.edunet.net,e학습터,http://cls.edunet.net/cyber/cm/mcom/pmco000b00.do
서울송중초등학교,서울,read365.edunet.net,학교도서검색,https://read365.edunet.net/PureScreen/SchoolSearch?schoolName=%EC%84%9C%EC%9A%B8%EC%86%A1%EC%A4%91%EC%B4%88%EB%93%B1%ED%95%99%EA%B5%90&amp;provCode=B10&amp;neisCode=B100002304
서울송중초등학교,서울,songjoonges.dkyobobook.co.kr,전자책도서관 바로가기,https://songjoonges.dkyobobook.co.kr/main.ink
서울송중초등학교,서울,songjoong.readinggate.com,리딩게이트 바로가기,https://songjoong.readinggate.com/
서울송중초등학교,서울,www.ekape.or.kr,축산물이력번호조회,https://www.ekape.or.kr/kapecp/ui/kapecp/trust.jsp?searchKeyword=2108301384
서울송천초등학교,서울,song-cheon.kg.kr,병설유치원,http://song-cheon.kg.kr
서울송화초등학교,서울,read365.edunet.net,우리학교 도서검색,https://read365.edunet.net/PureScreen/SchoolSearch?schoolName=%EC%84%9C%EC%9A%B8%EC%86%A1%ED%99%94%EC%B4%88%EB%93%B1%ED%95%99%EA%B5%90&provCode=B10&neisCode=B100001031
서울송화초등학교,서울,www.kkulbaksa.com,꿀박사,http://www.kkulbaksa.com
서울송화초등학교,서울,www.ssem.or.kr,ssem,http://www.ssem.or.kr/index.do?sso=ok
서울송화초등학교,서울,webzine.serii.re.kr,계간 『서울교육』(연 4회 발간) 홍보 [새 창 열림],https://webzine.serii.re.kr/
서울수락초등학교,서울,webzine.serii.re.kr,계간 『서울교육』(연 4회 발간) 홍보 [새 창 열림],https://webzine.serii.re.kr/
서울수락초등학교,서울,read365.edunet.net,독서로 [링크] [새 창 열림],https://read365.edunet.net/
서울수서초등학교,서울,read365.edunet.net,글누리도서관,https://read365.edunet.net/PureScreen/SchoolSearch?schoolName=%EC%84%9C%EC%9A%B8%EC%88%98%EC%84%9C%EC%B4%88%EB%93%B1%ED%95%99%EA%B5%90&provCode=B10&neisCode=B100000765
서울수서초등학교,서울,webzine.serii.re.kr,계간 『서울교육』(연 4회 발간) 홍보 [새 창 열림],https://webzine.serii.re.kr/
서울수서초등학교,서울,suseo.es.kr,찾아오시는길,http://suseo.es.kr/71963/subMenu.do?menuNo=71980
서울숭곡초등학교,서울,read365.edunet.net,우리학교 도서검색,https://read365.edunet.net/PureScreen/SchoolSearch?schoolName=%EC%84%9C%EC%9A%B8%EC%88%AD%EA%B3%A1%EC%B4%88%EB%93%B1%ED%95%99%EA%B5%90&amp;provCode=B10&amp;neisCode=B100002308
서울숭곡초등학교,서울,webzine.serii.re.kr,계간 『서울교육』(연 4회 발간) 홍보 [새 창 열림],https://webzine.serii.re.kr/
서울시흥초등학교,서울,www.ekape.or.kr,축산물 이력번호 조회,https://www.ekape.or.kr/kapecp/ui/kapecp/trust.jsp?searchKeyword=1198300097
서울신가초등학교,서울,ibo.org,IBO,https://ibo.org
서울신가초등학교,서울,webzine.serii.re.kr,계간 『서울교육』(연 4회 발간) 홍보 [새 창 열림],https://webzine.serii.re.kr/
서울신가초등학교,서울,read365.edunet.net,독서로 [링크] [새 창 열림],https://read365.edunet.net/
서울신강초등학교,서울,www.ekape.or.kr,축산물 이력조회,https://www.ekape.or.kr/kapecp/ui/kapecp/trust.jsp?searchKeyword=1178300276
서울신계초등학교,서울,reading.ssem.or.kr,우리학교 도서검색,http://reading.ssem.or.kr/r/reading/search/schoolSearchForm.jsp
서울신계초등학교,서울,webzine.serii.re.kr,계간 『서울교육』(연 4회 발간) 홍보 [새 창 열림],https://webzine.serii.re.kr/
서울신계초등학교,서울,read365.edunet.net,독서로 [링크] [새 창 열림],https://read365.edunet.net/
서울신구로초등학교,서울,www.ekape.or.kr,축산물사용이력조회,https://www.ekape.or.kr/kapecp/ui/kapecp/trust.jsp?searchKeyword=1138300949
서울신구초등학교,서울,reading.ssem.or.kr,도서관 바로가기,http://reading.ssem.or.kr/r/reading/search/schoolCodeSetting.jsp?schoolCode=32070&amp;returnUrl=
서울신구초등학교,서울,www.kkulbaksa.com,꿀박사,http://www.kkulbaksa.com
서울신구초등학교,서울,cls.edunet.net,e학습터,http://cls.edunet.net
서울신구초등학교,서울,oc.ebssw.kr,EBS 온라인 클래스,https://oc.ebssw.kr/onlineClass/reqst/onlineClassReqstInfoView.do
서울신기초등학교,서울,www.ekape.or.kr,맘편한서비스QR코드,https://www.ekape.or.kr/kapecp/ui/kapecp/trust.jsp?searchKeyword=1178301178
서울신기초등학교,서울,read365.edunet.net,독서교육   종합시스템,https://read365.edunet.net/PureScreen/SchoolSearch?schoolName=%EC%84%9C%EC%9A%B8%EC%8B%A0%EA%B8%B0%EC%B4%88%EB%93%B1%ED%95%99%EA%B5%90&provCode=B10&neisCode=B100002495
서울신기초등학교,서울,webzine.serii.re.kr,계간 『서울교육』(연 4회 발간) 홍보 [새 창 열림],https://webzine.serii.re.kr/
서울신길초등학교,서울,www.ekape.or.kr,급식(축산물 이력조회),https://www.ekape.or.kr/kapecp/ui/kapecp/trust.jsp?searchKeyword=1188300115
서울신길초등학교,서울,read365.edunet.net,우리학교 도서검색,https://read365.edunet.net/PureScreen/SchoolSearch?schoolName=서울신길초등학교&amp;provCode=B10&amp;neisCode=B100001596
서울신남성초등학교,서울,www.ekape.or.kr,축산물사용이력조회,https://www.ekape.or.kr/kapecp/ui/kapecp/trust.jsp?searchKeyword=1088302187
서울신답초등학교,서울,read365.edunet.net,우리학교도서검색,https://read365.edunet.net/PureScreen/SchoolSearch?schoolName=서울신답초등학교&provCode=B10&neisCode=B100001413
서울신답초등학교,서울,webzine.serii.re.kr,계간 『서울교육』(연 4회 발간) 홍보 [새 창 열림],https://webzine.serii.re.kr/
서울신당초등학교,서울,read365.edunet.net,독서,https://read365.edunet.net/
서울신당초등학교,서울,webzine.serii.re.kr,계간 『서울교육』(연 4회 발간) 홍보 [새 창 열림],https://webzine.serii.re.kr/
서울신림초등학교,서울,www.ekape.or.kr,축산물이력번호조회,https://www.ekape.or.kr/kapecp/ui/kapecp/trust.jsp?searchKeyword=1128300306
서울신목초등학교,서울,www.ekape.or.kr,축산물 이력조회하기,https://www.ekape.or.kr/kapecp/ui/kapecp/trust.jsp?searchKeyword=1178300524
서울신묵초등학교,서울,webzine.serii.re.kr,계간 『서울교육』(연 4회 발간) 홍보 [새 창 열림],https://webzine.serii.re.kr/
서울신묵초등학교,서울,read365.edunet.net,독서로 [링크] [새 창 열림],https://read365.edunet.net/
서울신봉초등학교,서울,webzine.serii.re.kr,계간 『서울교육』(연 4회 발간) 홍보 [새 창 열림],https://webzine.serii.re.kr/
서울신봉초등학교,서울,read365.edunet.net,독서로 [링크] [새 창 열림],https://read365.edunet.net/
서울신북초등학교,서울,primary.ebs.co.kr,EBS초등,http://primary.ebs.co.kr
서울신북초등학교,서울,www.kkulbaksa.com,꿀박사 사이버가정학습,http://www.kkulbaksa.com
서울신북초등학교,서울,read365.edunet.net,학교전자도서관,https://read365.edunet.net/PureScreen/SchoolSearch?schoolName=서울신북초등학교&provCode=B10&neisCode=B100001995
서울신북초등학교,서울,webzine.serii.re.kr,계간 『서울교육』(연 4회 발간) 홍보 [새 창 열림],https://webzine.serii.re.kr/
서울신사초등학교,서울,www.ekape.or.kr,축산물사용이력표시,https://www.ekape.or.kr/kapecp/ui/kapecp/trust.jsp?searchKeyword=1118300981
서울신서초등학교,서울,www.ekape.or.kr,축산물이력조회,https://www.ekape.or.kr/kapecp/ui/kapecp/trust.jsp?searchKeyword=1178300539
서울신석초등학교,서울,www.ekape.or.kr,학교급식축산물 이력조회,https://www.ekape.or.kr/kapecp/ui/kapecp/trust.jsp?searchKeyword=1058300176
서울신석초등학교,서울,reading.ssem.or.kr,신석도서관,http://reading.ssem.or.kr/r/reading/search/schoolCodeSetting.jsp?schoolCode=30634&amp;returnUrl=
서울신석초등학교,서울,sinseok.dkyobobook.co.kr,신석전자도서관,https://sinseok.dkyobobook.co.kr/main.ink
서울신석초등학교,서울,cls.edunet.net,E학습터,http://cls.edunet.net/cyber/cm/mcom/pmco000b00.do
서울신성초등학교,서울,read365.edunet.net,독서교육지원시스템,https://read365.edunet.net/PureScreen/SchoolSearch?schoolName=%EC%84%9C%EC%9A%B8%EC%8B%A0%EC%84%B1%EC%B4%88%EB%93%B1%ED%95%99%EA%B5%90&amp;provCode=B10&amp;neisCode=B100001601
서울신용산초등학교,서울,read365.edunet.net,우리학교도서관,https://read365.edunet.net/PureScreen/SchoolSearch?schoolName=서울신용산초등학교&provCode=B10&neisCode=B100002385
서울신용산초등학교,서울,webzine.serii.re.kr,계간 『서울교육』(연 4회 발간) 홍보 [새 창 열림],https://webzine.serii.re.kr/
서울신원초등학교,서울,webzine.serii.re.kr,계간 『서울교육』(연 4회 발간) 홍보 [새 창 열림],https://webzine.serii.re.kr/
서울신원초등학교,서울,read365.edunet.net,독서로 [링크] [새 창 열림],https://read365.edunet.net/
서울신은초등학교,서울,www.ekape.or.kr,축산물이력조회,https://www.ekape.or.kr/kapecp/ui/kapecp/trust.jsp?searchKeyword=1178301256
서울신자초등학교,서울,www.ekape.or.kr,축산물이력제,https://www.ekape.or.kr/kapecp/ui/kapecp/trust.jsp?searchKeyword=2078300564
서울신정초등학교,서울,cls.edunet.net,e학습터 꿈을 이루는 학습공간,https://cls.edunet.net/cyber/cm/mcom/pmco000b00.do
서울신정초등학교,서울,read365.edunet.net,독서교육지원시스템,https://read365.edunet.net/PureScreen/SchoolSearch?schoolName=%EC%84%9C%EC%9A%B8%EC%8B%A0%EC%A0%95%EC%B4%88%EB%93%B1%ED%95%99%EA%B5%90&provCode=B10&neisCode=B100001039
서울신정초등학교,서울,schoolaw.lawinfo.or.kr,스쿨로,http://schoolaw.lawinfo.or.kr/
서울신정초등학교,서울,www.edulove.co.kr,학교폭력신고센터,http://www.edulove.co.kr/main/
서울신정초등학교,서울,dtbook.edunet.net,e교과서,https://dtbook.edunet.net/viewCntl/dtIntro?in_div=nedu
서울신정초등학교,서울,webzine.serii.re.kr,계간 『서울교육』(연 4회 발간) 홍보 [새 창 열림],https://webzine.serii.re.kr/
서울신중초등학교,서울,www.ekape.or.kr,급식이력번호 조회하기,https://www.ekape.or.kr/kapecp/ui/kapecp/trust.jsp?searchKeyword=2148300034
서울신천초등학교,서울,read365.edunet.net,신천초도서관,https://read365.edunet.net/PureScreen/SchoolSearch?schoolName=%EC%84%9C%EC%9A%B8%EC%8B%A0%EC%B2%9C%EC%B4%88%EB%93%B1%ED%95%99%EA%B5%90&provCode=B10&neisCode=B100000935
서울신천초등학교,서울,cls.edunet.net,E학습터,https://cls.edunet.net/cyber/cm/mcom/pmco000b00.do
서울신천초등학교,서울,www.ssem.or.kr,ssem,http://www.ssem.or.kr
서울신천초등학교,서울,www.서울신천병설유치원.com,신천초병설유치원,http://www.서울신천병설유치원.com
서울신천초등학교,서울,webzine.serii.re.kr,계간 『서울교육』(연 4회 발간) 홍보 [새 창 열림],https://webzine.serii.re.kr/
서울신현초등학교,서울,read365.edunet.net,우리학교 도서검색,https://read365.edunet.net/PureScreen/SchoolSearch?schoolName=%EC%84%9C%EC%9A%B8%EC%8B%A0%ED%98%84%EC%B4%88%EB%93%B1%ED%95%99%EA%B5%90&amp;provCode=B10&amp;neisCode=B100001415
서울신현초등학교,서울,webzine.serii.re.kr,계간 『서울교육』(연 4회 발간) 홍보 [새 창 열림],https://webzine.serii.re.kr/
서울신화초등학교,서울,webzine.serii.re.kr,계간 『서울교육』(연 4회 발간) 홍보 [새 창 열림],https://webzine.serii.re.kr/
서울신화초등학교,서울,read365.edunet.net,독서로 [링크] [새 창 열림],https://read365.edunet.net/
서울신흥초등학교,서울,read365.edunet.net,독서로,https://read365.edunet.net/PureScreen/SchoolSearch?schoolName=%EC%84%9C%EC%9A%B8%EC%8B%A0%ED%9D%A5%EC%B4%88%EB%93%B1%ED%95%99%EA%B5%90&provCode=B10&neisCode=B100001236
서울신흥초등학교,서울,www.kkulmat.com,꿀맛닷컴,http://www.kkulmat.com/ngedu/mainPage.action?decorator=main&confirm=true
서울신흥초등학교,서울,book.edunet.net,e-교과서,http://book.edunet.net/ebook/main.do
서울신흥초등학교,서울,www.ssem.or.kr,서울교육포털,http://www.ssem.or.kr/index.do?sso=ok
서울신흥초등학교,서울,webzine.serii.re.kr,계간 『서울교육』(연 4회 발간) 홍보 [새 창 열림],https://webzine.serii.re.kr/
서울아주초등학교,서울,read365.edunet.net,독서로,https://read365.edunet.net/PureScreen/SchoolSearch?schoolName=%EC%84%9C%EC%9A%B8%EC%95%84%EC%A3%BC%EC%B4%88%EB%93%B1%ED%95%99%EA%B5%90%20%EB%8F%84%EC%84%9C%EC%8B%A4&provCode=B10&neisCode=B100000936
서울아주초등학교,서울,hostncd.ssem.or.kr,PLAY,https://hostncd.ssem.or.kr/api/frame_player.html?syncno=4062865073_7936705091&xx=auto&&yy=500
서울아주초등학교,서울,webzine.serii.re.kr,계간 『서울교육』(연 4회 발간) 홍보 [새 창 열림],https://webzine.serii.re.kr/
서울안산초등학교,서울,www.ekape.or.kr,축산물이력번호조회,https://www.ekape.or.kr/kapecp/ui/kapecp/trust.jsp?searchKeyword=1108300936
서울안산초등학교,서울,webzine.serii.re.kr,계간 『서울교육』(연 4회 발간) 홍보 [새 창 열림],https://webzine.serii.re.kr/
서울안산초등학교,서울,read365.edunet.net,독서로 [링크] [새 창 열림],https://read365.edunet.net/
서울안암초등학교,서울,read365.edunet.net,우리학교도서관,https://read365.edunet.net/PureScreen/SchoolSearch?schoolName=서울안암초등학교&provCode=B10&neisCode=B100002312
서울안암초등학교,서울,www.ssem.or.kr,SSEM,http://www.ssem.or.kr/
서울안암초등학교,서울,dtbook.edunet.net,디지털교과서,https://dtbook.edunet.net/
서울안암초등학교,서울,hostncd.ssem.or.kr,PLAY,https://hostncd.ssem.or.kr/api/frame_player.html?syncno=5884180265_0071603127&xx=auto&&yy=500
서울안암초등학교,서울,webzine.serii.re.kr,계간 『서울교육』(연 4회 발간) 홍보 [새 창 열림],https://webzine.serii.re.kr/
서울안천초등학교,서울,www.ekape.or.kr,축산물이력번호조회,https://www.ekape.or.kr/kapecp/ui/kapecp/trust.jsp?searchKeyword=1198300200
서울양목초등학교,서울,www.ekape.or.kr,축산물이력조회,https://www.ekape.or.kr/kapecp/ui/kapecp/trust.jsp?searchKeyword=1178300432
서울양원초등학교,서울,yangwon.yes24library.com,양원초 전자도서관,http://yangwon.yes24library.com/
서울양원초등학교,서울,www.kkulbaksa.com,꿀박사,https://www.kkulbaksa.com/standard/main/main.do
서울양원초등학교,서울,www.ssem.or.kr,Ssem 서울교육포 털시스템,http://www.ssem.or.kr
서울양원초등학교,서울,webzine.serii.re.kr,계간 『서울교육』(연 4회 발간) 홍보 [새 창 열림],https://webzine.serii.re.kr/
서울양원초등학교,서울,read365.edunet.net,독서로 [링크] [새 창 열림],https://read365.edunet.net/
서울양재초등학교,서울,webzine.serii.re.kr,계간 『서울교육』(연 4회 발간) 홍보 [새 창 열림],https://webzine.serii.re.kr/
서울양재초등학교,서울,read365.edunet.net,독서로 [링크] [새 창 열림],https://read365.edunet.net/
서울양전초등학교,서울,webzine.serii.re.kr,계간 『서울교육』(연 4회 발간) 홍보 [새 창 열림],https://webzine.serii.re.kr/
서울양전초등학교,서울,read365.edunet.net,독서로 [링크] [새 창 열림],https://read365.edunet.net/
서울양천초등학교,서울,www.ekape.or.kr,축산물이력번호(맘편한서비스),https://www.ekape.or.kr/kapecp/ui/kapecp/trust.jsp?searchKeyword=1098302841
서울양천초등학교,서울,webzine.serii.re.kr,계간 『서울교육』(연 4회 발간) 홍보 [새 창 열림],https://webzine.serii.re.kr/
서울양천초등학교,서울,read365.edunet.net,독서로 [링크] [새 창 열림],https://read365.edunet.net/
서울언주초등학교,서울,www.dbdbschool.kr,방과후 온라인학교,https://www.dbdbschool.kr/go/ai/0XiQf08
서울언주초등학교,서울,primary.ebs.co.kr,EBS초등,http://primary.ebs.co.kr/main/primary
서울언주초등학교,서울,webzine.serii.re.kr,계간 『서울교육』(연 4회 발간) 홍보 [새 창 열림],https://webzine.serii.re.kr/
서울언주초등학교,서울,read365.edunet.net,독서로 [링크] [새 창 열림],https://read365.edunet.net/
서울여자상업고등학교,서울,webmail.sys.hs.kr,웹메일,http://webmail.sys.hs.kr/intro.php
서울역삼초등학교,서울,www.ekape.or.kr,축산물이력조회,https://www.ekape.or.kr/kapecp/ui/kapecp/trust.jsp?searchKeyword=2208300077
서울역촌초등학교,서울,reading.ssem.or.kr,학교도서관,http://reading.ssem.or.kr/r/reading/search/schoolCodeSetting.jsp?schoolCode=31971&returnUrl=
서울역촌초등학교,서울,www.e-jindan.kr,스마트폰이용습관,http://www.e-jindan.kr
서울역촌초등학교,서울,webzine.serii.re.kr,계간 『서울교육』(연 4회 발간) 홍보 [새 창 열림],https://webzine.serii.re.kr/
서울역촌초등학교,서울,read365.edunet.net,독서로 [링크] [새 창 열림],https://read365.edunet.net/
서울역촌초등학교,서울,yeokchon.es.kr,찾아오시는길,http://yeokchon.es.kr/147744/subMenu.do?menuNo=69657
서울연가초등학교,서울,www.ekape.or.kr,축산물이력번호 조회,https://www.ekape.or.kr/kapecp/ui/kapecp/trust.jsp?searchKeyword=1118300341
서울연광초등학교,서울,www.kkulbaksa.com,꿀박사,http://www.kkulbaksa.com/standard/main/main.do
서울연광초등학교,서울,webzine.serii.re.kr,계간 『서울교육』(연 4회 발간) 홍보 [새 창 열림],https://webzine.serii.re.kr/
서울연광초등학교,서울,read365.edunet.net,독서로 [링크] [새 창 열림],https://read365.edunet.net/
서울연신초등학교,서울,www.ekape.or.kr,학교급식 축산물이력조회,https://www.ekape.or.kr/kapecp/ui/kapecp/trust.jsp?searchKeyword=1118300486
서울연은초등학교,서울,dtbook.edunet.net,E-교과서,https://dtbook.edunet.net/
서울연은초등학교,서울,read365.edunet.net,독서로,https://read365.edunet.net/
서울연은초등학교,서울,hostncd.ssem.or.kr,PLAY,https://hostncd.ssem.or.kr/api/frame_player.html?syncno=7627021313_6344105641&xx=auto&&yy=500
서울연은초등학교,서울,webzine.serii.re.kr,계간 『서울교육』(연 4회 발간) 홍보 [새 창 열림],https://webzine.serii.re.kr/
서울연지초등학교,서울,www.ekape.or.kr,축산물 이력관리,https://www.ekape.or.kr/kapecp/ui/kapecp/trust.jsp?searchKeyword=2178301672
서울연지초등학교,서울,cls.edunet.net,e-학습터,https://cls.edunet.net?
서울연지초등학교,서울,primary.ebs.co.kr,EBS 초등,http://primary.ebs.co.kr?
서울연지초등학교,서울,www.playsw.or.kr,소프트웨어야 놀자!,http://www.playsw.or.kr
서울연지초등학교,서울,st.edunet.net,디지털교과서,http://st.edunet.net
서울연지초등학교,서울,webzine.serii.re.kr,계간 『서울교육』(연 4회 발간) 홍보 [새 창 열림],https://webzine.serii.re.kr/
서울연지초등학교,서울,read365.edunet.net,독서로 [링크] [새 창 열림],https://read365.edunet.net/
서울연희초등학교,서울,read365.edunet.net,도서검색,https://read365.edunet.net/
서울연희초등학교,서울,webzine.serii.re.kr,계간 『서울교육』(연 4회 발간) 홍보 [새 창 열림],https://webzine.serii.re.kr/
서울염동초등학교,서울,read365.edunet.net,푸른숲도서관,https://read365.edunet.net/PureScreen/SchoolSearch?schoolName=서울염동초등학교&amp;provCode=B10&amp;neisCode=B100001048
서울염창초등학교,서울,webzine.serii.re.kr,계간 『서울교육』(연 4회 발간) 홍보 [새 창 열림],https://webzine.serii.re.kr/
서울염창초등학교,서울,read365.edunet.net,독서로 [링크] [새 창 열림],https://read365.edunet.net/
서울영문초등학교,서울,reading.ssem.or.kr,어린이마당,http://reading.ssem.or.kr/r/reading/main/main.jsp
서울영본초등학교,서울,www.ekape.or.kr,급식(축산물 이력조회),https://www.ekape.or.kr/kapecp/ui/kapecp/trust.jsp?searchKeyword=1088301062
서울영신초등학교,서울,schoolzone.emac.kr,학구도 안내,https://schoolzone.emac.kr/
서울영원초등학교,서울,webzine.serii.re.kr,계간 『서울교육』(연 4회 발간) 홍보 [새 창 열림],https://webzine.serii.re.kr/
서울영원초등학교,서울,read365.edunet.net,독서로 [링크] [새 창 열림],https://read365.edunet.net/
서울오금초등학교,서울,www.ekape.or.kr,축산물 이력조회,https://www.ekape.or.kr/kapecp/ui/kapecp/trust.jsp?searchKeyword=2158301206
서울오류초등학교,서울,read365.edunet.net,도서검색,https://read365.edunet.net/PureScreen/SchoolSearch?schoolName=%EC%84%9C%EC%9A%B8%EC%98%A4%EB%A5%98%EC%B4%88%EB%93%B1%ED%95%99%EA%B5%90&amp;provCode=B10&amp;neisCode=B100001249
서울오류초등학교,서울,www.ekape.or.kr,급식축산물조회,https://www.ekape.or.kr/kapecp/ui/kapecp/trust.jsp?searchKeyword=1138300823
서울오류초등학교,서울,www.edunet.net,에듀넷 티클리어,http://www.edunet.net/nedu/main/mainForm.do
서울오류초등학교,서울,schoolzone.emac.kr,학구도안내서비스,https://schoolzone.emac.kr/main/main.do
서울오류초등학교,서울,webzine.serii.re.kr,계간 『서울교육』(연 4회 발간) 홍보 [새 창 열림],https://webzine.serii.re.kr/
서울온곡초등학교,서울,webzine.serii.re.kr,계간 『서울교육』(연 4회 발간) 홍보 [새 창 열림],https://webzine.serii.re.kr/
서울온곡초등학교,서울,read365.edunet.net,독서로 [링크] [새 창 열림],https://read365.edunet.net/
서울온라인학교,서울,sen1389.sharepoint.com,팀즈 가입방법 영상,https://sen1389.sharepoint.com/:v:/s/msteams_ea6f1c/IQD7002cK0h5QqMtYDtq7UH5AXuS9C_nSKbR-HOX71DZ5xI?e=Ai8NY6
서울온라인학교,서울,hostncd.ssem.or.kr,PLAY,https://hostncd.ssem.or.kr/api/frame_player.html?syncno=1906062004_8191782882&xx=auto&&yy=500
서울온라인학교,서울,webzine.serii.re.kr,계간 『서울교육』(연 4회 발간) 홍보 [새 창 열림],https://webzine.serii.re.kr/
서울온라인학교,서울,read365.edunet.net,독서로 [링크] [새 창 열림],https://read365.edunet.net/
서울온수초등학교,서울,read365.edunet.net,온수디지털도서관,https://read365.edunet.net/PureScreen/SchoolSearch?schoolName=서울온수초등학교&provCode=B10&neisCode=B100001251
서울온수초등학교,서울,schoolzone.emac.kr,학구도안내서비스,https://schoolzone.emac.kr/
서울온수초등학교,서울,www.ssem.or.kr,서울교육포털,http://www.ssem.or.kr/index.do?sso=ok
서울온수초등학교,서울,webzine.serii.re.kr,계간 『서울교육』(연 4회 발간) 홍보 [새 창 열림],https://webzine.serii.re.kr/
서울외국인학교,서울,theatreoffice.seoulforeign.org,Theatre Office(opens in new window/tab),http://theatreoffice.seoulforeign.org
서울외국인학교,서울,www.tes.com,Positions available(opens in new window/,https://www.tes.com/jobs/employer/seoul-foreign-school-1055417
서울외국인학교,서울,seoulforeign.fsenrollment.com,Apply,https://seoulforeign.fsenrollment.com/users/sign_in
서울외국인학교,서울,seoulforeign.schooladminonline.com,Inquire,https://seoulforeign.schooladminonline.com/portal/new_inquiry
서울외국인학교,서울,ca.linkedin.com,Linkedin(opens in new window/tab),https://ca.linkedin.com/company/seoul-foreign-school
서울외국인학교,서울,www.wscuc.org,WASC(opens in new window/tab),https://www.wscuc.org/
서울외국인학교,서울,internationalcurriculum.com,ICA(opens in new window/tab),https://internationalcurriculum.com/
서울외국인학교,서울,www.ibo.org,IB(opens in new window/tab),https://www.ibo.org/
서울외국인학교,서울,www.gov.uk,National Curriculum (opens in new window,https://www.gov.uk/government/publications/national-curriculum-in-england-english-programmes-of-study
서울외국인학교,서울,www.finalsite.com,Powered by Finalsite,https://www.finalsite.com/international-schools
서울용산국제학교,서울,yis.to,Apply,https://yis.to/apply
서울프랑스학교,서울,lfseoul.eduka.school,EDUKA,https://lfseoul.eduka.school
서울프랑스학교,서울,2390001c.index-education.net,PRONOTE,https://2390001c.index-education.net/pronote/parent.html
서울프랑스학교,서울,www.aefe.fr,AEFE logo,https://www.aefe.fr
서울프랑스학교,서울,www.linkedin.com,LinkedIn,https://www.linkedin.com/school/lycée-français-de-séoul/
서울프랑스학교,서울,naver.me,Naver Map,http://naver.me/Gz5XFXZF
서울프랑스학교,서울,www.education.gouv.fr,,https://www.education.gouv.fr
서울프랑스학교,서울,www.cambridgeenglish.org,,https://www.cambridgeenglish.org
서울프랑스학교,서울,www.franceolympique.com,,https://www.franceolympique.com
서울프랑스학교,서울,www.dele.org,,https://www.dele.org
선화예술고등학교,서울,read365.edunet.net,디지털도서관,https://read365.edunet.net/PureScreen/SchoolSearch?schoolName=선화예술중고등학교&provCode=B10&neisCode=B100000626
선화예술고등학교,서울,kcgp.or.kr,,http://kcgp.or.kr/pp/youthGamble/2/youthSOSList.do
선화예술고등학교,서울,webzine-serii.re.kr,,http://webzine-serii.re.kr/
선화예술고등학교,서울,myshhs.cafe24.com,,http://myshhs.cafe24.com/food/regi/login.php
선화예술고등학교,서울,sclassroom.cafe24.com,,http://sclassroom.cafe24.com/sc_sugang/regi/login.php
선화예술고등학교,서울,lib.schoolp.co.kr,선화인,https://lib.schoolp.co.kr/sunhwa-hs
선화예술고등학교,서울,school.educate.kr,영수증출력,https://school.educate.kr/school_fee/sunhwa/
성덕고등학교,서울,ssd.riroschool.kr,방과후학교,https://ssd.riroschool.kr/home.php
성덕고등학교,서울,scholar.kyobobook.co.kr,논문검색,https://scholar.kyobobook.co.kr/main
성덕고등학교,서울,school.nitroeye.co.kr,이메일무단수집거부,http://school.nitroeye.co.kr/ewut_new/html/popup/mail_reject.htm
성덕고등학교,서울,www.학교혁신지원센터.kr,학교혁신지원센터,http://www.학교혁신지원센터.kr/main
성덕고등학교,서울,if-blog.tistory.com,맞춤형 교육급여,http://if-blog.tistory.com/5138
시흥중학교,서울,www.dbdbschool.kr,자유학기제,https://www.dbdbschool.kr/member/login/sn/1713
신도봉중학교,서울,read365.edunet.net,도서검색,https://read365.edunet.net/PureScreen/SchoolSearch?schoolName=신도봉중학교&amp;provCode=B10&amp;neisCode=B100001714
신도봉중학교,서울,webzine.serii.re.kr,계간 『서울교육』(연 4회 발간) 홍보 [새 창 열림],https://webzine.serii.re.kr/
신도중학교,서울,webzine.serii.re.kr,계간 『서울교육』(연 4회 발간) 홍보 [새 창 열림],https://webzine.serii.re.kr/
신도중학교,서울,read365.edunet.net,독서로 [링크] [새 창 열림],https://read365.edunet.net/
신림중학교,서울,reading.ssem.or.kr,도서검색,http://reading.ssem.or.kr/r/reading/search/schoolListForm.jsp
신명중학교,서울,www.ekape.or.kr,축산물 이력번호 조회,https://www.ekape.or.kr/kapecp/ui/kapecp/trust.jsp?searchKeyword=2128301677
신서고등학교,서울,www.suneung.re.kr,수능문제,https://www.suneung.re.kr/boardCnts/list.do?boardID=1500234&amp;m=0403&amp;s=suneung&amp;searchStr=
신서고등학교,서울,read365.edunet.net,도서관,https://read365.edunet.net/PureScreen/SchoolSearch?schoolName=신서고등학교&amp;provCode=B10&amp;neisCode=B100005285
신서고등학교,서울,sinseo.riroschool.kr,리로스쿨,https://sinseo.riroschool.kr
신서고등학교,서울,www.dbpia.co.kr,DBpia학술정보,http://www.dbpia.co.kr
신서고등학교,서울,webzine.serii.re.kr,계간 『서울교육』(연 4회 발간) 홍보 [새 창 열림],https://webzine.serii.re.kr/
신연중학교,서울,hostncd.ssem.or.kr,PLAY,https://hostncd.ssem.or.kr/api/frame_player.html?syncno=9894316881_3304592036&xx=auto&&yy=500
신연중학교,서울,webzine.serii.re.kr,계간 『서울교육』(연 4회 발간) 홍보 [새 창 열림],https://webzine.serii.re.kr/
신연중학교,서울,read365.edunet.net,독서로 [링크] [새 창 열림],https://read365.edunet.net/
신일중학교,서울,read365.edunet.net,독서교육시스템,https://read365.edunet.net/
신일중학교,서울,www.ssem.or.kr,서울교육포털,https://www.ssem.or.kr/index.do?sso=ok
신일중학교,서울,hostncd.ssem.or.kr,PLAY,https://hostncd.ssem.or.kr/api/frame_player.html?syncno=8582370506_9842864339&xx=auto&&yy=500
신일중학교,서울,webzine.serii.re.kr,계간 『서울교육』(연 4회 발간) 홍보 [새 창 열림],https://webzine.serii.re.kr/
신진과학기술고등학교,서울,shinjin.riroschool.kr,사전방문예약,https://shinjin.riroschool.kr/visit.php?db=visit&action=guest_login
신진과학기술고등학교,서울,read365.edunet.net,전자도서관 Digital Library,https://read365.edunet.net/PureScreen/SchoolSearch?schoolName=%EC%8B%A0%EC%A7%84%EA%B3%BC%ED%95%99%EA%B8%B0%EC%88%A0%EA%B3%A0%EB%93%B1%ED%95%99%EA%B5%90&provCode=B10&neisCode=B100000595
신진과학기술고등학교,서울,webzine.serii.re.kr,서울교육,https://webzine.serii.re.kr/
신현고등학교,서울,reading.ssem.or.kr,디지털도서관,http://reading.ssem.or.kr/r/reading/search/schoolCodeSetting.jsp?schoolCode=30244&amp;returnUrl=
신현고등학교,서울,webzine.serii.re.kr,계간 『서울교육』(연 4회 발간) 홍보 [새 창 열림],https://webzine.serii.re.kr/
신현고등학교,서울,read365.edunet.net,독서로 [링크] [새 창 열림],https://read365.edunet.net/
신화중학교,서울,read365.edunet.net,독서로,https://read365.edunet.net/PureScreen/SchoolSearch?schoolName=%EC%8B%A0%ED%99%94%EC%A4%91%ED%95%99%EA%B5%90&provCode=B10&neisCode=B100000993
신화중학교,서울,webzine.serii.re.kr,계간 『서울교육』(연 4회 발간) 홍보 [새 창 열림],https://webzine.serii.re.kr/
아시아퍼시픽국제외국인학교,서울,www.http,Hawai‘i campus,http://www.http://apishawaii.org/
아시아퍼시픽국제외국인학교,서울,apis.powerschool.com,POWERSCHOOL,https://apis.powerschool.com/public/home.html
아시아퍼시픽국제외국인학교,서울,www.landsend.com,UNIFORM,https://www.landsend.com/pp/SchoolSearch.html?action=landing&selectedSchoolNum=900189994
아시아퍼시픽국제외국인학교,서울,apishawaii.org,HAWAI'ICAMPUS,http://apishawaii.org/
아시아퍼시픽국제외국인학교,서울,mailchi.mp,"Korean Day, Concert, End-of-Year Milesto",https://mailchi.mp/5b539ce67e77/apisupdatesnewsletter-13879099
아시아퍼시픽국제외국인학교,서울,www.apis.org,,https://www.apis.org/admissions_applying_to_apis.php
양강중학교,서울,reading.ssem.or.kr,독서교육종합지원시스템,http://reading.ssem.or.kr
양진중학교,서울,www.jinhak.or.kr,진로진학정보센터,http://www.jinhak.or.kr/uat/uia/main.do
양화중학교,서울,read365.edunet.net,청목도서관,https://read365.edunet.net/PureScreen/SchoolSearch?schoolName=양화중학교&amp;provCode=B10&amp;neisCode=B100001185
양화중학교,서울,webzine.serii.re.kr,계간 『서울교육』(연 4회 발간) 홍보 [새 창 열림],https://webzine.serii.re.kr/
언남고등학교,서울,webzine.serii.re.kr,계간 『서울교육』(연 4회 발간) 홍보 [새 창 열림],https://webzine.serii.re.kr/
언남고등학교,서울,read365.edunet.net,독서로 [링크] [새 창 열림],https://read365.edunet.net/
언남중학교,서울,eonnam.ms.kr,서비스이용약관,http://eonnam.ms.kr/dggb/module/policy/selectPolicyDetail.do?policyTypeCode=PLC003&amp;menuNo=19655
언남중학교,서울,read365.edunet.net,독서로 DLS,https://read365.edunet.net/PureScreen/SchoolSearch?schoolName=언남중학교&provCode=B10&neisCode=B100000725
언남중학교,서울,www.kkulbaksa.com,꿀박사,http://www.kkulbaksa.com/standard/main/main.do
언남중학교,서울,webzine.serii.re.kr,계간 『서울교육』(연 4회 발간) 홍보 [새 창 열림],https://webzine.serii.re.kr/
언북중학교,서울,www.ekape.or.kr,축산물 이력번호 조회,https://www.ekape.or.kr/kapecp/ui/kapecp/trust.jsp?searchKeyword=2118301320
여명학교,서울,mrmweb.hsit.co.kr,�Ŀ��ϱ�,https://mrmweb.hsit.co.kr/v2/default.aspx?Server=zFbt5lzry2qI2y2H+SU3LA==&action=join
여명학교,서울,worshipd.wixsite.com,기도후원,https://worshipd.wixsite.com/ympray
여명학교,서울,forms.gle,뉴스레터 구독,https://forms.gle/SBM9RT6rLuJpxdyh9
여명학교(중),서울,mrmweb.hsit.co.kr,�Ŀ��ϱ�,https://mrmweb.hsit.co.kr/v2/default.aspx?Server=zFbt5lzry2qI2y2H+SU3LA==&action=join
여명학교(중),서울,worshipd.wixsite.com,기도후원,https://worshipd.wixsite.com/ympray
여명학교(중),서울,forms.gle,뉴스레터 구독,https://forms.gle/SBM9RT6rLuJpxdyh9
여의도중학교,서울,read365.edunet.net,도서관 자료검색,https://read365.edunet.net/PureScreen/SchoolSearch?schoolName=여의도중학교&provCode=B10&neisCode=B100001186
여의도중학교,서울,hostncd.ssem.or.kr,PLAY,https://hostncd.ssem.or.kr/api/frame_player.html?syncno=9334350279_5892290156&xx=auto&&yy=500
여의도중학교,서울,webzine.serii.re.kr,계간 『서울교육』(연 4회 발간) 홍보 [새 창 열림],https://webzine.serii.re.kr/
염경중학교,서울,webzine.serii.re.kr,계간 『서울교육』(연 4회 발간) 홍보 [새 창 열림],https://webzine.serii.re.kr/
염경중학교,서울,read365.edunet.net,독서로 [링크] [새 창 열림],https://read365.edunet.net/
영동고등학교,서울,yd.riroschool.kr,방문 사전 예약,https://yd.riroschool.kr/visit.php?db=visit
영동고등학교,서울,webzine.serii.re.kr,계간 『서울교육』(연 4회 발간) 홍보 [새 창 열림],https://webzine.serii.re.kr/
영동고등학교,서울,read365.edunet.net,독서로 [링크] [새 창 열림],https://read365.edunet.net/
영동중학교,서울,read365.edunet.net,우리학교도서검색,https://read365.edunet.net/PureScreen/SchoolSearch?schoolName=영동중학교 도서실&amp;provCode=B10&amp;neisCode=B100000729
영등포여자고등학교,서울,www.ssem.or.kr,서울교육포털,http://www.ssem.or.kr
영등포여자고등학교,서울,www.kkulbaksa.com,꿀박사,http://www.kkulbaksa.com
영등포여자고등학교,서울,read365.edunet.net,영등포여고 도서관,http://read365.edunet.net/PureScreen/SchoolSearch?schoolName=영등포여자고등학교&provCode=B10&neisCode=B100000498
영등포여자고등학교,서울,webzine.serii.re.kr,계간 『서울교육』(연 4회 발간) 홍보 [새 창 열림],https://webzine.serii.re.kr/
영서중학교,서울,webzine.serii.re.kr,계간 『서울교육』(연 4회 발간) 홍보 [새 창 열림],https://webzine.serii.re.kr/
영서중학교,서울,read365.edunet.net,독서로 [링크] [새 창 열림],https://read365.edunet.net/
영신간호비즈니스고등학교,서울,forms.gle,진로캠프 꿈이 IT(있)니?,https://forms.gle/uVx2gZHgtfTw8cFo7
영신고등학교,서울,youngsinhs.dkyobobook.co.kr,영신고전자도서관,http://youngsinhs.dkyobobook.co.kr
영신고등학교,서울,read365.edunet.net,영신고 도서검색,https://read365.edunet.net/PureScreen/SchoolSearch?schoolName=%EC%98%81%EC%8B%A0%EA%B3%A0%EB%93%B1%ED%95%99%EA%B5%90&amp;provCode=B10&amp;neisCode=B100000501
영원중학교,서울,webzine.serii.re.kr,계간 『서울교육』(연 4회 발간) 홍보 [새 창 열림],https://webzine.serii.re.kr/
영원중학교,서울,read365.edunet.net,독서로 [링크] [새 창 열림],https://read365.edunet.net/
영파여자고등학교,서울,webzine.serii.re.kr,계간 『서울교육』(연 4회 발간) 홍보 [새 창 열림],https://webzine.serii.re.kr/
영파여자고등학교,서울,read365.edunet.net,독서로 [링크] [새 창 열림],https://read365.edunet.net/
영파여자중학교,서울,www.edunet.net,"에듀넷,티-클리어",https://www.edunet.net
영파여자중학교,서울,www.ebs.co.kr,EBS교육방송,http://www.ebs.co.kr/main
영파여자중학교,서울,www.kkulbaksa.com,꿀박사,https://www.kkulbaksa.com/
영훈고등학교,서울,www.kmr.or.kr,법인소개,https://www.kmr.or.kr
영훈국제중학교,서울,younghoon.pe.kr,방과후학교 신청,https://younghoon.pe.kr:50105/sugang/regi/login.php
영훈국제중학교,서울,edudirectory.withgoogle.com,찾기 쉬운 생활법령정보 사이트로 이동,https://edudirectory.withgoogle.com/search?expertTypes=schoolOrDistrict
영훈국제중학교,서울,younghoon.dkyobobook.co.kr,e 나라도움 사이트로 이동,https://younghoon.dkyobobook.co.kr/main.ink
영훈국제중학교,서울,www.textbook114.com,온라인행정심판 사이트로 이동,https://www.textbook114.com/index.jsp
영훈국제중학교,서울,unesco.or.kr,서울교사노동조합 사이트로 이동,https://unesco.or.kr/
영훈국제중학교,서울,www.komca.or.kr,www.komca.or.kr,https://www.komca.or.kr/CTLJSP
영훈국제중학교,서울,www.ktrwa.or.kr,www.ktrwa.or.kr,https://www.ktrwa.or.kr/web/user/main.do;jsessionid=2D6695757615E3EE097C272170958CD9
영훈국제중학교,서울,www.scenario.or.kr,www.scenario.or.kr,http://www.scenario.or.kr/
영훈국제중학교,서울,www.copycle.or.kr,www.copycle.or.kr,http://www.copycle.or.kr/
영훈국제중학교,서울,www.fkmp.kr,www.fkmp.kr,https://www.fkmp.kr/
영훈국제중학교,서울,www.kobpra.or.kr,www.kobpra.or.kr,https://www.kobpra.or.kr/main
영훈국제중학교,서울,www.riak.or.kr,www.kapp.or.kr,http://www.riak.or.kr/index.php?tpf=main/index
영훈국제중학교,서울,www.copyright.or.kr,www.copyright.or.kr,https://www.copyright.or.kr/main.do
영훈초등학교,서울,read365.edunet.net,독서로,https://read365.edunet.net/PureScreen/SchoolSearch?schoolName=%EC%98%81%ED%9B%88%EC%B4%88%EB%93%B1%ED%95%99%EA%B5%90&amp;provCode=B10&amp;neisCode=B100002327
영훈초등학교,서울,www.ekape.or.kr,축산물 이력 조회,https://www.ekape.or.kr/kapecp/ui/kapecp/trust.jsp?searchKeyword=2108200092
영훈초등학교,서울,privacy.kisa.or.kr,privacy.kisa.or.kr,https://privacy.kisa.or.kr
예원학교,서울,myyewonorg.cafe24.com,전공실기지도카드 운영시스템,http://myyewonorg.cafe24.com/gemmo/regi/login.php
오금고등학교,서울,ogum.hs.kr,학생활동,http://ogum.hs.kr/106273/subMenu.do
오금중학교,서울,www.ekape.or.kr,급식 재료 축산물 이력 조회,https://www.ekape.or.kr/kapecp/ui/kapecp/trust.jsp?searchKeyword=2158300283
오남중학교,서울,www.ekape.or.kr,축산물이력조회,https://www.ekape.or.kr/kapecp/ui/kapecp/trust.jsp?searchKeyword=1138301104
오류중학교,서울,www.ebs.co.kr,EBS교육방송,http://www.ebs.co.kr
오류중학교,서울,www.kkulmat.com,꿀맛닷컴,http://www.kkulmat.com
오주중학교,서울,www.ekape.or.kr,축산물이력번호,https://www.ekape.or.kr/kapecp/ui/kapecp/trust.jsp?searchKeyword=2158300508
용강중학교,서울,schoolaw.lawinfo.or.kr,,http://schoolaw.lawinfo.or.kr
용강중학교,서울,jinhak.or.kr,,http://jinhak.or.kr/uat/uia/main.do
용강중학교,서울,webzine.serii.re.kr,계간 『서울교육』(연 4회 발간) 홍보 [새 창 열림],https://webzine.serii.re.kr/
용강중학교,서울,read365.edunet.net,독서로 [링크] [새 창 열림],https://read365.edunet.net/
용문고등학교,서울,ymoon.hs.kr,커뮤니티,http://ymoon.hs.kr/20649/subMenu.do
용문중학교,서울,webzine.serii.re.kr,계간 『서울교육』(연 4회 발간) 홍보 [새 창 열림],https://webzine.serii.re.kr/
용문중학교,서울,read365.edunet.net,독서로 [링크] [새 창 열림],https://read365.edunet.net/
우신고등학교,서울,www.wooshin.org,총동창회,http://www.wooshin.org/g5/
원묵중학교,서울,www.ssem.or.kr,교수학습센터,http://www.ssem.or.kr
유석초등학교,서울,ibo.org,About the IB,https://ibo.org/
유한공업고등학교,서울,forms.gle,개방체험활동 신청,https://forms.gle/mqBWktk6KBEuDURVA
유한공업고등학교,서울,vr2.dreamvrad.net,학교 VR 항공사진,https://vr2.dreamvrad.net/yuhan_sen_hs_vr/
은평고등학교,서울,webzine.serii.re.kr,계간 『서울교육』(연 4회 발간) 홍보 [새 창 열림],https://webzine.serii.re.kr/
은평고등학교,서울,read365.edunet.net,독서로 [링크] [새 창 열림],https://read365.edunet.net/
은평대영학교,서울,www.ekape.or.kr,이력번호조회,https://www.ekape.or.kr/kapecp/ui/kapecp/trust.jsp?searchKeyword=1118203491
이수중학교,서울,read365.edunet.net,이수도서관,https://read365.edunet.net/PureScreen/SchoolSearch?schoolName=이수중학교&amp;provCode=B10&amp;neisCode=B100000732
이화여자고등학교,서울,enter.jinhakapply.com,,https://enter.jinhakapply.com/Notice/9117002/A
이화여자고등학교,서울,ewha.riroschool.kr,학교방문예약,https://ewha.riroschool.kr/
이화여자고등학교,서울,www.ewha1886.net,졸업생코너 이화총동창회,http://www.ewha1886.net/
이화여자고등학교,서울,www.ewhamuseum.co.kr,이화박물관 박물관에 가면,http://www.ewhamuseum.co.kr/
이화여자고등학교,서울,ewhamuseum.com,,https://ewhamuseum.com/bbs/board.php?bo_table=sub_0501&amp;prog_code=RCT00052
이화여자대학교사범대학부속이화・금란중학교,서울,read365.edunet.net,도서관,https://read365.edunet.net/PureScreen/SchoolSearch?schoolName=%EC%9D%B4%ED%99%94%EC%97%AC%EC%9E%90%EB%8C%80%ED%95%99%EA%B5%90%EC%82%AC%EB%B2%94%EB%8C%80%ED%95%99%EB%B6%80%EC%86%8D%EC%9D%B4%ED%99%94%E3
이화여자대학교사범대학부속초등학교,서울,www.kspesa.com,원서접수,https://www.kspesa.com
이화여자대학교사범대학부속초등학교,서울,myewha.cafe24.com,전입생 원서접수,https://myewha.cafe24.com
이화여자대학교사범대학부속초등학교,서울,ewha-ele.booktobi.com,전자책 도서관,https://ewha-ele.booktobi.com
이화여자대학교사범대학부속초등학교,서울,read365.edunet.net,도서관,https://read365.edunet.net/
인창중학교,서울,read365.edunet.net,독서로,https://read365.edunet.net
잠신중학교,서울,read365.edunet.net,독서로,https://read365.edunet.net/PureScreen/SchoolSearch?schoolName=잠신중학교&provCode=B10&neisCode=B100000887
잠신중학교,서울,webzine.serii.re.kr,계간 『서울교육』(연 4회 발간) 홍보 [새 창 열림],https://webzine.serii.re.kr/
잠실고등학교,서울,www.jinhak.or.kr,진로진학정보,http://www.jinhak.or.kr
잠실고등학교,서울,read365.edunet.net,도서실자료검색,https://read365.edunet.net/PureScreen/SchoolSearch?schoolName=잠실고등학교&provCode=B10&neisCode=B100000523
잠실고등학교,서울,hostncd.ssem.or.kr,PLAY,https://hostncd.ssem.or.kr/api/frame_player.html?syncno=7801636677_2752676757&xx=auto&&yy=500
잠실고등학교,서울,webzine.serii.re.kr,계간 『서울교육』(연 4회 발간) 홍보 [새 창 열림],https://webzine.serii.re.kr/
잠실중학교,서울,read365.edunet.net,우리학교 도서검색,https://read365.edunet.net/PureScreen/SchoolSearch?schoolName=잠실중학교%20도서관&amp;provCode=B10&amp;neisCode=B100000888
잠실중학교,서울,jamsilms.dkyobobook.co.kr,전자도서관,https://jamsilms.dkyobobook.co.kr/main.ink
잠실중학교,서울,www.kkulbaksa.com,꿀박사,https://www.kkulbaksa.com/
장원중학교,서울,reading.ssem.or.kr,독서교육종합지원시스템,http://reading.ssem.or.kr
장원중학교,서울,www.jinhak.or.kr,진로정보,http://www.jinhak.or.kr
장원중학교,서울,www.ssem.or.kr,ssem,http://www.ssem.or.kr
장원중학교,서울,webzine.serii.re.kr,계간 『서울교육』(연 4회 발간) 홍보 [새 창 열림],https://webzine.serii.re.kr/
장원중학교,서울,read365.edunet.net,독서로 [링크] [새 창 열림],https://read365.edunet.net/
장위중학교,서울,www.kkulmat.com,꿀맛닷컴,http://www.kkulmat.com
장위중학교,서울,ssem.or.kr,ssem,http://ssem.or.kr
장위중학교,서울,read365.edunet.net,장위중학교 도서관,https://read365.edunet.net/PureScreen/SchoolSearch?schoolName=장위중학교도서관&provCode=B10&neisCode=B100002283
장위중학교,서울,webzine.serii.re.kr,계간 『서울교육』(연 4회 발간) 홍보 [새 창 열림],https://webzine.serii.re.kr/
장평중학교,서울,read365.edunet.net,장평중학교도서관,https://read365.edunet.net/PureScreen/SchoolSearch?schoolName=%EC%9E%A5%ED%8F%89%EC%A4%91%ED%95%99%EA%B5%90&provCode=B10&neisCode=B100001381
장평중학교,서울,www.edunet.net,에듀넷,https://www.edunet.net/nedu/main/mainForm.do
장평중학교,서울,webzine.serii.re.kr,계간 『서울교육』(연 4회 발간) 홍보 [새 창 열림],https://webzine.serii.re.kr/
재한몽골학교,서울,nasom.or.kr,나섬공동체,http://nasom.or.kr/
재한몽골학교,서울,nasomchurch.com,나섬교회,http://nasomchurch.com
재한몽골학교,서울,mongolcenter.org,몽골울란바타르 문화진흥원,http://mongolcenter.org
재한몽골학교,서울,webchon.com,Powered by Webchon,https://webchon.com/
전동중학교,서울,read365.edunet.net,도서관 자료 검색,https://read365.edunet.net/PureScreen/SchoolSearch?schoolName=전동중학교&amp;provCode=B10&amp;neisCode=B100001383
전일중학교,서울,webzine.serii.re.kr,계간 『서울교육』(연 4회 발간) 홍보 [새 창 열림],https://webzine.serii.re.kr/
전일중학교,서울,read365.edunet.net,독서로 [링크] [새 창 열림],https://read365.edunet.net/
정신여자중학교,서울,www.dbdbschool.kr,주제선택 프로그램 신청,https://www.dbdbschool.kr/member/login/sn/668#none
정원여자중학교,서울,read365.edunet.net,정원도서관,https://read365.edunet.net/
정의여자중학교,서울,read365.edunet.net,도서 검색,https://read365.edunet.net/PureScreen/SchoolSearch?schoolName=정의여자중학교&amp;provCode=B10&amp;neisCode=B100001722
정의여자중학교,서울,webzine.serii.re.kr,계간 『서울교육』(연 4회 발간) 홍보 [새 창 열림],https://webzine.serii.re.kr/
종로산업정보학교,서울,jps.sc.kr,학과소개,https://jps.sc.kr
종로산업정보학교,서울,jongnops.notion.site,건축인테리어과,https://jongnops.notion.site/f6aa6adedb8d48f8a62db5d68e45a1f1
주몽학교,서울,webzine.serii.re.kr,계간 『서울교육』(연 4회 발간) 홍보 [새 창 열림],https://webzine.serii.re.kr/
주몽학교,서울,read365.edunet.net,독서로 [링크] [새 창 열림],https://read365.edunet.net/
중계중학교,서울,www.ekape.or.kr,축산물이력번호조회,http://www.ekape.or.kr/kapecp/ui/kapecp/trust.jsp?searchKeyword=2178301309
중계중학교,서울,read365.edunet.net,우리 학교 도서 검색,https://read365.edunet.net/PureScreen/SchoolSearch?schoolName=중계중학교&amp;provCode=B10&amp;neisCode=B100001723
중동중학교,서울,www.mc0606.com,학생증 명찰 개별신청,http://www.mc0606.com/
중산고등학교,서울,www.ekape.or.kr,축산물이력번호조회,https://www.ekape.or.kr/kapecp/ui/kapecp/trust.jsp?searchKeyword=2138205005
중산고등학교,서울,jungsan.riroschool.kr,중산 리로스쿨(학교방문예약),https://jungsan.riroschool.kr
중산고등학교,서울,read365.edunet.net,독서로,https://read365.edunet.net/
중산고등학교,서울,jungsanhs.dkyobobook.co.kr,"중산전자책도서관의 배너, 새창열림",https://jungsanhs.dkyobobook.co.kr
중산고등학교,서울,www.dbpia.co.kr,"DBpia의 배너, 새창열림",http://www.dbpia.co.kr/
중산고등학교,서울,www.jinhak.or.kr,"서울진학진로정보센터의 배너, 새창열림",https://www.jinhak.or.kr/jinhakindex.html
중산고등학교,서울,www.ebse.co.kr,"ebs영어교육채널의 배너, 새창열림",http://www.ebse.co.kr/ebs/index.laf
중산고등학교,서울,k-dokdo.com,"K-독도의 배너, 새창열림",https://k-dokdo.com/
중산고등학교,서울,www.safetykorea.kr,"safety korea의 배너, 새창열림",https://www.safetykorea.kr/
중산고등학교,서울,eiec.kdi.re.kr,"경제교육종합정보시스템의 배너, 새창열림",https://eiec.kdi.re.kr/
중산고등학교,서울,www.kcue.or.kr,"KCUE 대학입학정보의 배너, 새창열림",https://www.kcue.or.kr/kcue_intro/intro.php
중산고등학교,서울,www.crezone.net,"Cre Zone의 배너, 새창열림",http://www.crezone.net/
중산고등학교,서울,mydatasafe.kr,"개인정보 보호의 날의 배너, 새창열림",https://mydatasafe.kr/
중산고등학교,서울,www.nitroeye.co.kr,이메일무단수집거부,http://www.nitroeye.co.kr/ewut_new/html/popup/mail_reject.htm
중앙대학교사범대학부속고등학교,서울,cau.riroschool.kr,학교 방문 사전 예약시스템,https://cau.riroschool.kr/visit.php?db=visit&amp;action=guest_login
중앙중학교,서울,read365.edunet.net,도서 검색,https://read365.edunet.net
중앙중학교,서울,webzine.serii.re.kr,계간 『서울교육』(연 4회 발간) 홍보 [새 창 열림],https://webzine.serii.re.kr/
중원중학교,서울,read365.edunet.net,독서교육지원시스템-우리 학교 도서실입니다.,https://read365.edunet.net/PureScreen/SchoolSearch?schoolName=%EC%A4%91%EC%9B%90%EC%A4%91%ED%95%99%EA%B5%90&provCode=B10&neisCode=B100001724
중원중학교,서울,www.ebs.co.kr,EBS 중학,http://www.ebs.co.kr/main
중원중학교,서울,webzine.serii.re.kr,계간 『서울교육』(연 4회 발간) 홍보 [새 창 열림],https://webzine.serii.re.kr/
중화고등학교,서울,myjhh.cafe24.com,방과후학교 수강신청,http://myjhh.cafe24.com
지구촌기독외국인학교,서울,www.weebly.com,Powered by Create your own unique websit,https://www.weebly.com/signup?utm_source=internal&utm_medium=footer
지구촌학교,서울,webzine.serii.re.kr,계간 『서울교육』(연 4회 발간) 홍보 [새 창 열림],https://webzine.serii.re.kr/
지구촌학교,서울,read365.edunet.net,독서로 [링크] [새 창 열림],https://read365.edunet.net/
지구촌학교 고등학교,서울,webzine.serii.re.kr,계간 『서울교육』(연 4회 발간) 홍보 [새 창 열림],https://webzine.serii.re.kr/
지구촌학교 고등학교,서울,read365.edunet.net,독서로 [링크] [새 창 열림],https://read365.edunet.net/
진관고등학교,서울,webzine.serii.re.kr,계간 『서울교육』(연 4회 발간) 홍보 [새 창 열림],https://webzine.serii.re.kr/
진관고등학교,서울,read365.edunet.net,독서로 [링크] [새 창 열림],https://read365.edunet.net/
진선여자고등학교,서울,www.ekape.or.kr,축산물 품질평가 이력조회,https://www.ekape.or.kr/kapecp/ui/kapecp/trust.jsp?searchKeyword=2208200861
진선여자중학교,서울,www.ekape.or.kr,축산물이력번호 조회,https://www.ekape.or.kr/kapecp/ui/kapecp/trust.jsp?searchKeyword=2208200876
진선여자중학교,서울,webzine.serii.re.kr,계간 『서울교육』(연 4회 발간) 홍보 [새 창 열림],https://webzine.serii.re.kr/
진선여자중학교,서울,read365.edunet.net,독서로 [링크] [새 창 열림],https://read365.edunet.net/
창덕여자중학교,서울,login.microsoftonline.com,office365,https://login.microsoftonline.com/login.srf?wa=wsignin1.0&amp;rpsnv=4&amp;ct=1491293098&amp;rver=6.7.6640.0&amp;wp=MCMBI&amp;wreply=https%3a%2f%2fportal.office.com%2flanding.aspx%3ftarget%3d%252fdefau
창덕여자중학교,서울,read365.edunet.net,독서로(dls),https://read365.edunet.net/PureScreen/SchoolSearch?schoolName=창덕여자중학교&amp;provCode=B10&amp;neisCode=B100002360
창덕여자중학교,서울,changdeokms.dkyobobook.co.kr,전자도서관,https://changdeokms.dkyobobook.co.kr/main.ink
창동중학교,서울,read365.edunet.net,도서관,https://read365.edunet.net/PureScreen/SchoolSearch?schoolName=%26%2352285%3B%26%2346041%3B%26%2351473%3B%26%2354617%3B%26%2344368%3B%20%26%2346020%3B%26%2349436%3B%26%2344288%3B&amp;provCode=B10&amp;n
청담고등학교,서울,chungdam.riroschool.kr,학사일정,https://chungdam.riroschool.kr/school_schedule.php?db=2301
청담중학교,서울,read365.edunet.net,우리학교도서관,https://read365.edunet.net/PureScreen/SchoolSearch?schoolName=청담중학교%20도서관&provCode=B10&neisCode=B100000735
청담중학교,서울,webzine.serii.re.kr,계간 『서울교육』(연 4회 발간) 홍보 [새 창 열림],https://webzine.serii.re.kr/
청량중학교,서울,www.jinhak.or.kr,서울진로진학정보센터,http://www.jinhak.or.kr/
청량중학교,서울,read365.edunet.net,우리학교자료검색,https://read365.edunet.net/PureScreen/SchoolSearch?schoolName=%EC%B2%AD%EB%9F%89%EC%A4%91%ED%95%99%EA%B5%90&amp;provCode=B10&amp;neisCode=B100001388
청운중학교,서울,read365.edunet.net,독서로(도서 검색),https://read365.edunet.net/PureScreen/SchoolSearch?schoolName=%EC%B2%AD%EC%9A%B4%EC%A4%91%ED%95%99%EA%B5%90&amp;provCode=B10&amp;neisCode=B100002361
청운중학교,서울,cheongunms.dkyobobook.co.kr,전자도서관,https://cheongunms.dkyobobook.co.kr/main.ink
청원중학교,서울,reading.ssem.or.kr,독서교육지원시스템,http://reading.ssem.or.kr/r/newReading/main/main.jsp
청원중학교,서울,www.cheongwon-sc.org,급식센터,http://www.cheongwon-sc.org
청원중학교,서울,read365.edunet.net,청원학원도서관,https://read365.edunet.net/PureScreen/SchoolSearch?schoolName=청원여자고등학교&provCode=B10&neisCode=B100000545
청원중학교,서울,청원.com,청원중고등학교총동문회,https://청원.com/
청원중학교,서울,main.schoolpoint.co.kr,생활평점제시스,http://main.schoolpoint.co.kr/main.asp?SubDomain=cheongwonms
청원중학교,서울,webzine.serii.re.kr,계간 『서울교육』(연 4회 발간) 홍보 [새 창 열림],https://webzine.serii.re.kr/
청원초등학교,서울,ebookcollection.co.kr,Grade K,http://ebookcollection.co.kr/bookshelf/cwon/gr_kf.html
코리아외국인학교,서울,wordpress.org,A WordPress Commenter,https://wordpress.org/
코리아외국인학교,서울,woostify.com,Woostify,https://woostify.com/
풍문고등학교,서울,poongmoon.riroschool.kr,방과후학교,https://poongmoon.riroschool.kr/
하비에르국제학교,서울,edu.afseoul.com,Cours de français,https://edu.afseoul.com/lix/
학력인정 정암미용고등학교(2년제),서울,webzine.serii.re.kr,계간 『서울교육』(연 4회 발간) 홍보 [새 창 열림],https://webzine.serii.re.kr/
학력인정 정암미용고등학교(2년제),서울,read365.edunet.net,독서로 [링크] [새 창 열림],https://read365.edunet.net/
학력인정 청량정보고등학교,서울,www.schoolinfo.co.kr,학교알리미,http://www.schoolinfo.co.kr
학력인정 청량정보고등학교,서울,reading.ssem.or.kr,학교전자도서관,http://reading.ssem.or.kr
학력인정 청량정보고등학교,서울,webzine.serii.re.kr,계간 『서울교육』(연 4회 발간) 홍보 [새 창 열림],https://webzine.serii.re.kr/
학력인정 청량정보고등학교,서울,read365.edunet.net,독서로 [링크] [새 창 열림],https://read365.edunet.net/
한가람고등학교,서울,read365.edunet.net,도서실자료검색.png,https://read365.edunet.net/PureScreen/SchoolSearch?schoolName=한가람고등학교&amp;provCode=B10&amp;neisCode=B100000549
한가람고등학교,서울,hangaram.riroschool.kr,banner_riro.gif,https://hangaram.riroschool.kr/
한가람고등학교,서울,hangaram-h.yes24library.com,e-lib.gif,https://hangaram-h.yes24library.com/
한강중학교,서울,www.ealimi.com,e알리미,https://www.ealimi.com/
한국삼육고등학교,서울,web.superschool.link,슈퍼스쿨,https://web.superschool.link/teacher/canteen/2023-3-3
한국삼육중학교,서울,reading.ssem.or.kr,독서교육종합시스템,http://reading.ssem.or.kr/r/reading/main/main.jsp
한국제과학교,서울,www.q-net.or.kr,,http://www.q-net.or.kr/
한국제과학교,서울,www.bakery.or.kr,,http://www.bakery.or.kr/
한국제과학교,서울,akmb.or.kr,,http://akmb.or.kr/
한국제과학교,서울,www.kead.or.kr,,http://www.kead.or.kr
한국제과학교,서울,www.foodca.or.kr,,http://www.foodca.or.kr/
한국제과학교,서울,nvsa.co.kr,,http://nvsa.co.kr/introdution/greet.php
한국제과학교,서울,www.kofmia.org,,http://www.kofmia.org/
한국제과학교,서울,www.sugar.or.kr,,http://www.sugar.or.kr/
한국제과학교,서울,www.fma.or.kr,,http://www.fma.or.kr/
한국켄트외국인학교,서울,www.plusportals.com,,https://www.plusportals.com/KKFS
한국한성화교소학교,서울,www.xiaohongshu.com,XiaohongshuLOGO.png,https://www.xiaohongshu.com/user/profile/64b9f4d20000000014035a58
한산중학교,서울,webzine.serii.re.kr,계간 『서울교육』(연 4회 발간) 홍보 [새 창 열림],https://webzine.serii.re.kr/
한산중학교,서울,read365.edunet.net,독서로 [링크] [새 창 열림],https://read365.edunet.net/
한서고등학교,서울,www.ekape.or.kr,축산물이력번호조회,https://www.ekape.or.kr/kapecp/ui/kapecp/trust.jsp?searchKeyword=1098201409
한성여자고등학교,서울,www.ebsi.co.kr,학력평가 기출문제,https://www.ebsi.co.kr/ebs/xip/xipc/previousPaperList.ebs?targetCd=D100
한양대학교사범대학부속고등학교,서울,hanyang.riroschool.kr,한양통,https://hanyang.riroschool.kr
한양대학교사범대학부속고등학교,서울,read365.edunet.net,독서로,https://read365.edunet.net/PureScreen/SchoolSearch?schoolName=%ED%95%9C%EC%96%91%EB%8C%80%EB%B6%80%EC%86%8D%EA%B3%A0%20%EB%8F%84%EC%84%9C%EA%B4%80&provCode=B10&neisCode=B100000557
한양대학교사범대학부속고등학교,서울,neisplus.kr,나이스 플러스,https://neisplus.kr
한양대학교사범대학부속고등학교,서울,www.humanpivot.com,Power by Humanpivot,https://www.humanpivot.com/index.php
한양대학교사범대학부속중학교,서울,webzine.serii.re.kr,계간 『서울교육』(연 4회 발간) 홍보 [새 창 열림],https://webzine.serii.re.kr/
한양대학교사범대학부속중학교,서울,read365.edunet.net,독서로 [링크] [새 창 열림],https://read365.edunet.net/
해누리중학교,서울,www.ekape.or.kr,축산물 이력 조회,https://www.ekape.or.kr/kapecp/ui/kapecp/trust.jsp?searchKeyword=3088305047
혜원여자고등학교,서울,www.dbpia.co.kr,DBpia(전자저널),http://www.dbpia.co.kr
혜원여자고등학교,서울,www.krpia.co.kr,KRpia(지식레퍼런스),http://www.krpia.co.kr
혜원여자고등학교,서울,www.bookrail.co.kr,Book Rail(전자책),http://www.bookrail.co.kr
혜원여자고등학교,서울,scholar.kyobobook.co.kr,교보 스콜라,https://scholar.kyobobook.co.kr
혜원여자고등학교,서울,hyewon.dkyobobook.co.kr,교보 전자도서관,https://hyewon.dkyobobook.co.kr
혜원여자중학교,서울,webzine.serii.re.kr,계간 『서울교육』(연 4회 발간) 홍보 [새 창 열림],https://webzine.serii.re.kr/
혜원여자중학교,서울,read365.edunet.net,독서로 [링크] [새 창 열림],https://read365.edunet.net/
홍은중학교,서울,read365.edunet.net,독서로DLS,http://read365.edunet.net/PureScreen/SchoolSearch?schoolName=홍은중학교&provCode=B10&neisCode=B100001964
홍은중학교,서울,webzine.serii.re.kr,계간 『서울교육』(연 4회 발간) 홍보 [새 창 열림],https://webzine.serii.re.kr/
홍익대학교사범대학부속고등학교,서울,read365.edunet.net,홍익도서관,https://read365.edunet.net/PureScreen/SchoolSearch?schoolName=%ED%99%8D%EB%8C%80%EB%B6%80%EA%B3%A0%20%EB%8F%84%EC%84%9C%EA%B4%80&amp;provCode=B10&amp;neisCode=B100000563
홍익대학교사범대학부속고등학교,서울,www.miricanvas.com,학교홍보브로셔,https://www.miricanvas.com/v/134qvbo
홍익대학교사범대학부속고등학교,서울,hostncd.ssem.or.kr,PLAY,https://hostncd.ssem.or.kr/api/frame_player.html?syncno=8441083348_5497900015&xx=auto&&yy=500
홍익대학교사범대학부속고등학교,서울,webzine.serii.re.kr,계간 『서울교육』(연 4회 발간) 홍보 [새 창 열림],https://webzine.serii.re.kr/
홍익대학교사범대학부속초등학교,서울,hongik-es.woobi.co.kr,학교 시설,http://hongik-es.woobi.co.kr/hg.html
화곡중학교,서울,webzine.serii.re.kr,계간 『서울교육』(연 4회 발간) 홍보 [새 창 열림],https://webzine.serii.re.kr/
화곡중학교,서울,read365.edunet.net,독서로 [링크] [새 창 열림],https://read365.edunet.net/
환일고등학교,서울,read365.edunet.net,독보 도서관 자료검색,https://read365.edunet.net/
환일고등학교,서울,www.sunfull.or.kr,선플달기,http://www.sunfull.or.kr/page/main.php
환일고등학교,서울,hwanil.ms.kr,환일 중학교,http://hwanil.ms.kr/
환일고등학교,서울,doran.edunet.net,,https://doran.edunet.net/board/119/postDetail/58286
환일고등학교,서울,www.textbook114.com,,https://www.textbook114.com/index.jsp
환일고등학교,서울,www.google.co.kr,Chrome,https://www.google.co.kr/chrome/browser/desktop/index.html
환일고등학교,서울,www.elegantthemes.com,Elegant Themes,https://www.elegantthemes.com
환일고등학교,서울,www.wordpress.org,WordPress,https://www.wordpress.org
효문중학교,서울,read365.edunet.net,도서검색이 가능한 우리학교 전자도서관,https://read365.edunet.net/PureScreen/SchoolSearch?schoolName=효문중학교&provCode=B10&neisCode=B100005289
휘문고등학교,서울,read365.edunet.net,도서관,https://read365.edunet.net/
휘문고등학교,서울,fee.allssemsds.com,영수증,https://fee.allssemsds.com/whimoon/
휘문고등학교,서울,www.kedi.re.kr,한국교육개발원,https://www.kedi.re.kr/khome/main/webhome/Home.do
휘문고등학교,서울,www.kice.re.kr,한국교육과정평가원,https://www.kice.re.kr/main.do?s=kice
휘문고등학교,서울,www.whimoon.kr,휘문행정시스템,http://www.whimoon.kr
휘봉고등학교,서울,read365.edunet.net,독서로,https://read365.edunet.net/PureScreen/SchoolSearch?schoolName=휘봉고등학교&provCode=B10&neisCode=B100005573
휘봉고등학교,서울,webzine.serii.re.kr,계간 『서울교육』(연 4회 발간) 홍보 [새 창 열림],https://webzine.serii.re.kr/
흑석고등학교,서울,hhs.riroschool.kr,리로스쿨,https://hhs.riroschool.kr/
흑석고등학교,서울,webzine.serii.re.kr,계간 『서울교육』(연 4회 발간) 홍보 [새 창 열림],https://webzine.serii.re.kr/
흑석고등학교,서울,read365.edunet.net,독서로 [링크] [새 창 열림],https://read365.edunet.net/
