제품명,학교,시도,계약명,업체,일자,출처
SMART,광주자동화설비공업고등학교,,광주자동화설비공업고등학교 실험실습 기자재(Smart Electromechanical Training System 외 1종) 구입,새한테크놀로지주식회사,2023-01-09,나라장터
SMART,율곡중학교,강원특별자치도,3학년 진로캠프(학업향상  SMART자기주도 학습캠프) 용역 요청,꿈찾기운동본부,2023-07-11,나라장터
SMART,석성초등학교,,2024학년도 석성  Smart Science Festival 용역 계약,에스티(ST)사이언스,2024-04-03,나라장터
SMART,청옥초등학교,경기도,2024학년도 청옥 Smart Science Festival 용역,스팀사이언스,2024-05-13,나라장터
SMART,김포고등학교,경기도,2024년 김포고 SMART프로그램 응용실험 운영,세종과학아카데미 협동조합,2024-11-29,나라장터
SMART,인천청람초등학교,인천광역시,SMART 미래교실 구축공사 감리용역,주안건축사사무소,2026-01-06,나라장터
SMART,인천청람초등학교,인천광역시,SMART 미래교실 구축공사 감리용역,주안건축사사무소,2026-01-06,나라장터
전자칠판,하남중학교,,하남중 미래형과학실 구축 전자칠판 구입,주식회사 삼성엠피에스,2023-01-04,나라장터
전자칠판,선덕여자중학교,경상북도,선덕여자중학교 전자칠판(본체 및 이동형 스탠드)  구매건,(주)삼성엠앤에스,2023-01-04,나라장터
전자칠판,도래울고등학교,경기도,국어교과교실 전자칠판용 OPS PC 구입 계약,주식회사 스마트터치,2023-01-06,나라장터
전자칠판,충암고등학교,서울특별시,전자칠판 구매 설치 신청,주식회사 티원엘에스,2023-01-31,나라장터
전자칠판,은석초등학교,서울특별시,2022학년도 영어교실 전자칠판 물품 구입,주식회사 유겐트,2023-01-06,나라장터
전자칠판,선화예술중학교,서울특별시,선화예술중학교 2022학년도 전자칠판 구매 계약,(주)케이에이치그룹한국역사문화원,2023-01-06,나라장터
전자칠판,미포초등학교,울산광역시,2022학년도 융합형 선진교실(전자칠판)구축을 위한 법랑화이트보드 구입 건,주식회사 뉴퍼스,2023-01-09,나라장터
전자칠판,정산고등학교,충청남도,정산고등학교 고교학점제 지능형교실 전자칠판 삽입용 ops pc 물품 계약,주식회사 조은아이티,2023-01-12,나라장터
전자칠판,대성중학교,서울특별시,대성중 도서실환경개선 전자칠판 구매,(주)테크커넥트,2023-01-13,나라장터
전자칠판,매곡초등학교,울산광역시,매곡초 융합형 선진교실 구축 교실등 전자칠판 설치 관련 화이트보드판 구매 계약,(주)월드퍼니처,2023-02-03,나라장터
전자칠판,울산공업고등학교,울산광역시,전자칠판 조성을 위한  OPS 및 미니PC 구매 변경계약,울산미디어통신,2023-01-16,나라장터
전자칠판,영훈고등학교,서울특별시,영훈고 영어교과교실 전자칠판 보조장 구매,주식회사 비엘산업,2023-01-17,나라장터
전자칠판,태화초등학교,울산광역시,초등 융합형 선진교실(전자칠판) 컴퓨터 메모리 및 그래픽카드 구매,주식회사 에이치앤티,2023-01-17,나라장터
전자칠판,서신초등학교,경기도,서신초 전자칠판 구입,주식회사 베스트키퍼스,2023-01-20,나라장터
전자칠판,구의중학교,서울특별시,구의중 창의융합형 과학실험실 환경 구축 전자칠판 구입,주식회사 삼성엠피에스,2023-01-25,나라장터
전자칠판,서신초등학교,경기도,서신초 전자칠판 이동식 스탠드 구입,(주)삼성엠앤에스,2023-01-19,나라장터
전자칠판,화진중학교,울산광역시,2022학년도 울산화진중학교 융합형 선진교실(전자칠판) 조성을 위한 기가재 구입 계약,문수시스템,2023-01-19,나라장터
전자칠판,안일중학교,경기도,미래형 과학실 구축비_전자칠판 구매,주식회사 한결비투비,2023-01-20,나라장터
전자칠판,학성초등학교,울산광역시,2022학년도 융합형 선진교실 구축을 위한 전자칠판 이동형 스탠드 및 설치 계약,문수시스템,2023-01-19,나라장터
전자칠판,쌘뽈여자고등학교,충청남도,쌘뽈여자고등학교 전자칠판OPS구매계약,삼성전자논산점,2023-01-25,나라장터
전자칠판,곡정고등학교,경기도,전자칠판구입,주식회사 에어픽,2023-01-26,나라장터
전자칠판,무룡고등학교,울산광역시,무룡고등학교 전자칠판 설치를 위한 물품(ops) 구매 계약,문수시스템,2023-01-26,나라장터
전자칠판,무룡고등학교,울산광역시,무룡고등학교 전자칠판 설치를 위한 지지장 제작 계약,트리메탈,2023-01-26,나라장터
전자칠판,가좌여자중학교,,인천가좌여자중학교  전자칠판 구축 화이트보드 구입,동아보드,2023-01-26,나라장터
전자칠판,웅천중학교,충청남도,"지능형 창의융합형 교실 구축 전자 칠판 구입(진로실, 도움반)",주식회사 삼성엠피에스,2023-01-26,나라장터
전자칠판,호계중학교,울산광역시,2022학년도 선진형 융합교실(전자칠판) 조성을 위한 가구 구입,(주)밀리언텍,2023-01-26,나라장터
전자칠판,옹정초등학교,경기도,옹정초 과학실 전자칠판 구입 및 설치 계약,주식회사 삼성엠피에스,2023-01-26,나라장터
전자칠판,복자여자고등학교,충청남도,복자여자고등학교 전자칠판 외 1종 구매 2단계(규격·가격 동시) 전자입찰 재공고,탐투스 주식회사,2023-01-27,나라장터
전자칠판,지평중학교,경기도,지평중 미래형 과학실 구축 물품 구입(전자칠판),한승사무기,2023-01-30,나라장터
전자칠판,단원중학교,경기도,단원중 미래형 과학실 전자칠판 구매 계약,주식회사 삼성엠피에스,2023-01-31,나라장터
전자칠판,호계중학교,울산광역시,선진형 융합교실(전자칠판) 조성을 위한 OPS 구입,케이시스 미디어,2023-02-01,나라장터
전자칠판,한내여자중학교,충청남도,"지능형교실 구축 과학실, 강당 전자칠판 구매 계약",주식회사 하나정보통신,2023-02-06,나라장터
전자칠판,선덕여자중학교,경상북도,선덕여자중학교 전자칠판(본체 및 이동형 스탠드) 추가구매 건,(주)삼성엠앤에스,,나라장터
전자칠판,중산초등학교,울산광역시,중산초등학교 전자칠판 설치를 위한 부품구입,주식회사 컴넷,2023-01-16,나라장터
전자칠판,잠원중학교,경기도,미래형 정보교실구축 전자칠판 구매,주식회사 신흥솔루션,2023-02-07,나라장터
전자칠판,호서고등학교,충청남도,지능형교실 전자칠판 구입소액수의(조합추천) 공고,주식회사 한국크레아,2023-02-06,나라장터
전자칠판,논산대건고등학교,충청남도,논산대건중고등학교 전자칠판 외 7종 구매 2단계(규격·가격 동시) 전자입찰 공고(긴급),이솔정보통신 주식회사,,나라장터
전자칠판,산의초등학교,경기도,창의융합실 전자칠판용 미니PC 및 이동형 스탠드 구입 계약,주식회사 현대아이티,2023-02-10,나라장터
전자칠판,구의중학교,서울특별시,구의중학교 도서관 전자칠판 외 구매,주식회사 삼성엠피에스,2023-02-10,나라장터
전자칠판,서울연가초등학교,서울특별시,전자칠판(TV수신기 및 분배기) 소액수의 전자계약,이솔정보통신 주식회사,2023-02-10,나라장터
전자칠판,무룡고등학교,울산광역시,무룡고등학교 전자칠판 설치를 위한 지지장 제작 계약,트리메탈,2023-02-15,나라장터
전자칠판,온양초등학교,충청남도,온양초등학교 전자칠판보장 제작 구매,주식회사 비엠오피스퍼니처,2023-02-14,나라장터
전자칠판,문학정보고등학교,인천광역시,문학정보고등학교 실습실 현대화 기자재 전자칠판 구매,주식회사 미래디스플레이,2023-02-17,나라장터
전자칠판,잠실여자고등학교,서울특별시,"잠실여자고등학교 교실 프로젝터, 전자칠판 방송 설치 물품 구입",0331스튜디오,2023-02-22,나라장터
전자칠판,잠일고등학교,서울특별시,2022학년도 잠일고등학교 이동식전자칠판 구매,주식회사 삼성엠피에스,2023-02-21,나라장터
전자칠판,인천예일고등학교,인천광역시,"인천예일고등학교 학교공간조성에 따른 물품(전자펜,전자칠판) 구매 계약",(주)아이엘에스커뮤니케이션,2023-02-23,나라장터
전자칠판,서울은빛초등학교,서울특별시,(서울은빛초)1학년 꿈담교실(학교공간 재구조화) 전자칠판(4대) 구입,금오C앤C,2023-02-23,나라장터
전자칠판,구의중학교,서울특별시,구의중학교 특별실 전자칠판 구입,주식회사 삼성엠피에스,2023-02-27,나라장터
전자칠판,성포초등학교,경기도,스마트 미래교실 기자재(이동형 전자칠판 스탠드 외 2종) 구매,염광전기통신(주),2023-02-27,나라장터
전자칠판,구의중학교,서울특별시,구의중학교 도서관 전자칠판 외 구매,주식회사 삼성엠피에스,2023-02-28,나라장터
리딩게이트,화성청계초등학교,경기도,영어 수업프로그램(리딩게이트) 구입 계약,주식회사 리딩게이트,2023-01-04,나라장터
리딩게이트,성지초등학교,경기도,성지초 독후프로그램(리딩게이트) 사용료 계약,주식회사 리딩게이트,2023-03-01,나라장터
리딩게이트,다산가람초등학교,경기도,학교도서관 리딩게이트 프로그램 구독,주식회사 리딩게이트,2023-03-08,나라장터
리딩게이트,양수초등학교,경기도,양수초 영어 온라인 독서프로그램(리딩게이트) 구입,주식회사 리딩게이트,2023-03-08,나라장터
리딩게이트,소사중학교,경기도,2023학년도 소사중학교 리딩게이트 프로그램 사용 계약,주식회사 리딩게이트,2023-03-02,나라장터
리딩게이트,부천초등학교,경기도,2023학년도 부천초 온라인영어독서프로그램(리딩게이트) 구매 계약,주식회사 리딩게이트,2023-03-01,나라장터
리딩게이트,솔개초등학교,경기도,2023 리딩게이트 영어독후프로그램 사용료 계약,주식회사 리딩게이트,2023-03-10,나라장터
리딩게이트,소현초등학교,경기도,2023학년도 리딩게이트 영어독후프로그램 사용료 계약,주식회사 리딩게이트,2023-03-15,나라장터
리딩게이트,신백현초등학교,경기도,신백현초 2023학년도 리딩게이트 영어독후프로그램 온라인 사용계약,주식회사 리딩게이트,2023-03-22,나라장터
리딩게이트,금신초등학교,경기도,리딩게이트 사용료(2023.3.1.~.2024.2.29.),주식회사 리딩게이트,2023-02-23,나라장터
리딩게이트,벌원초등학교,경기도,2023학년도 영어리딩게이트 프로그램 사용계약 납품 품의건,주식회사 리딩게이트,2023-03-06,나라장터
리딩게이트,하늘초등학교,경기도,2023학년도 하늘초 리딩게이트 프로그램 사용 계약,주식회사 리딩게이트,2023-03-01,나라장터
리딩게이트,공도초등학교,경기도,2023학년도 리딩게이트 영어학습프로그램 사용계약,주식회사 리딩게이트,2023-03-02,나라장터
리딩게이트,이황초등학교,경기도,2023학년도 리딩게이트 프로그램 사용 계약,주식회사 리딩게이트,2023-03-01,나라장터
리딩게이트,송린초등학교,경기도,2023학년도 송린초 리딩게이트 영어독후프로그램 이용,주식회사 리딩게이트,2023-03-17,나라장터
리딩게이트,청솔초등학교,경기도,2023학년도 영어리딩게이트 프로그램 이용 계약,주식회사 리딩게이트,2023-03-01,나라장터
리딩게이트,성남서초등학교,경기도,영어독서프로그램(리딩게이트) 계약,주식회사 리딩게이트,2023-03-01,나라장터
리딩게이트,옥천초등학교,경기도,2023학년도 옥천초 리딩게이트(온라인 영어독서프로그램) 사용 계약,주식회사 리딩게이트,2023-03-01,나라장터
리딩게이트,청계초등학교,경기도,2023학년도 청계초 리딩게이트 프로그램 사용 계약,주식회사 리딩게이트,2023-04-04,나라장터
리딩게이트,구갈초등학교,경기도,2023학년도 구갈초 리딩게이트 영어 도서 구매 계약,주식회사 리딩게이트,2023-04-25,나라장터
리딩게이트,서울묵동초등학교,서울특별시,리딩게이트 영어독후프로그램,주식회사 리딩게이트,2023-05-18,나라장터
리딩게이트,성남여자중학교,경기도,성남여중 2023학년도 중등 영어 독서프로그램 리딩게이트 영어 도서 구입,주식회사 리딩게이트,2023-05-22,나라장터
리딩게이트,개군중학교,경기도,리딩게이트 영어독후프로그램 사용 계약,주식회사 리딩게이트,2023-03-15,나라장터
리딩게이트,망월초등학교,경기도,망월초 리딩게이트 영어독후프로그램 사용계약,주식회사 리딩게이트,,나라장터
리딩게이트,미사초등학교,경기도,2023학년도 미사초 리딩게이트 영어독후프로그램 사용 계약,주식회사 리딩게이트,2023-03-31,나라장터
리딩게이트,금릉초등학교,경기도,금릉초 리딩게이트 영어독서 프로그램 구매,주식회사 리딩게이트,,나라장터
리딩게이트,금릉초등학교,경기도,금릉초 영어독서 프로그램(리딩게이트) 구입,주식회사 리딩게이트,2023-04-01,나라장터
리딩게이트,산내초등학교,경기도,2023 온라인 영어독서프로그램(리딩게이트) 연간 사용 계약,주식회사 리딩게이트,2023-04-21,나라장터
리딩게이트,마성초등학교,경기도,2023마성초 영어교육연계 독서교육 리딩게이트 사용건,주식회사 리딩게이트,2023-04-21,나라장터
리딩게이트,호매실초등학교,경기도,2023학년도 호매실초등학교 리딩게이트 사용 계약,주식회사 리딩게이트,2023-04-21,나라장터
리딩게이트,양평동초등학교,경기도,양평동초 2023학년도 리딩게이트 영어독서프로그램 사용 계약,주식회사 리딩게이트,2023-04-24,나라장터
리딩게이트,석현초등학교,경기도,석현초 리딩게이트 영어독후프로그램 사용 계약,주식회사 리딩게이트,2023-04-27,나라장터
리딩게이트,월롱초등학교,경기도,월롱초 리딩게이트 프로그램 사용 계약,주식회사 리딩게이트,2023-05-01,나라장터
리딩게이트,주엽초등학교,경기도,2023년 주엽초 리딩게이트 프로그램 계약,주식회사 리딩게이트,2023-05-10,나라장터
리딩게이트,군포중학교,경기도,2023학년도 군포중학교 영어독후프로그램 리딩게이트 사용 용역 계약,주식회사 리딩게이트,2023-07-05,나라장터
리딩게이트,성남초등학교,경기도,성남초 영어도서(리딩게이트) 도서 구매 계약,주식회사 리딩게이트,2023-10-17,나라장터
리딩게이트,소현초등학교,경기도,2024학년도 리딩게이트 영어독후프로그램 사용료 계약,주식회사 리딩게이트,2024-03-06,나라장터
리딩게이트,양수초등학교,경기도,양수초 영어 온라인 독서프로그램(리딩게이트) 구입 계약,주식회사 리딩게이트,2024-03-12,나라장터
리딩게이트,오포초등학교,경기도,오포초등학교 리딩게이트 영어독후프로그램 계약 체결(11개월),주식회사 리딩게이트,2024-03-12,나라장터
리딩게이트,미사중앙초등학교,경기도,2024학년도 리딩게이트 영어독후프로그램 사용 계약,주식회사 리딩게이트,2024-03-26,나라장터
리딩게이트,금신초등학교,경기도,2024학년도 리딩게이트 영어독후프로그램 사용계약,주식회사 리딩게이트,2024-02-29,나라장터
리딩게이트,새솔초등학교,경기도,2024학년도 영어 독서 프로그램 (리딩게이트) 사용료,주식회사 리딩게이트,2024-03-01,나라장터
리딩게이트,대지초등학교,경기도,2024학년 대지초 리딩게이트 사용 계약,주식회사 리딩게이트,2024-03-01,나라장터
리딩게이트,하늘초등학교,경기도,2024학년도 온라인 영어독서 프로그램(리딩게이트) 사용 계약,주식회사 리딩게이트,2024-03-01,나라장터
리딩게이트,성복초등학교,경기도,2024학년도 성복초 영어독서프로그램(리딩게이트) 사용 계약,주식회사 리딩게이트,2024-03-01,나라장터
리딩게이트,금신초등학교,경기도,2024학년도 리딩게이트 영어독후프로그램 사용계약(변경),주식회사 리딩게이트,2024-03-15,나라장터
리딩게이트,효원초등학교,경기도,효원초 리딩게이트 영어독후프로그램 사용료 전자계약체결,주식회사 리딩게이트,2024-03-22,나라장터
리딩게이트,구갈초등학교,경기도,2024년도 리딩게이트 영어도서 구매 계약,주식회사 리딩게이트,2024-05-07,나라장터
리딩게이트,백현중학교,경기도,2024  백현중 영어독서프로그램 온라인프로그램(리딩게이트) 계약,주식회사 리딩게이트,2024-03-01,나라장터
리딩게이트,옥천초등학교,경기도,옥천초 리딩게이트(온라인 영어독서프로그램) 사용비,주식회사 리딩게이트,2024-03-29,나라장터
온라인 교육,창원기계공업고등학교,경상남도,해외인턴십 독일어 온라인 교육,주식회사 에스제이더블유인터내셔널,2023-01-04,나라장터
온라인 교육,서울동구고등학교,서울특별시,2024학년도 NCS기반 취업대비 및 공무원반 온라인 교육 위탁 계약,(주) 챔프스터디,2024-04-05,나라장터
온라인 교육,대구소프트웨어마이스터고등학교,대구광역시,2025학년도 3학년 대상 전문교과 수업을 위한 온라인 교육 서비스 구독,주식회사 데이원컴퍼니,2025-03-25,나라장터
온라인 교육,대구소프트웨어마이스터고등학교,대구광역시,2025학년도 3학년 대상 전문교과 수업을 위한 온라인 교육 서비스 구독,주식회사 데이원컴퍼니,2025-03-25,나라장터
온라인 교육,서울동구고등학교,서울특별시,"2025학년도 재학생 대상 금융자격증, IT 온라인 교육 제공 계약",(주) 챔프스터디,2025-04-15,나라장터
온라인 교육,서울동구고등학교,서울특별시,"2025학년도 재학생 대상 금융자격증, IT 온라인 교육 제공 계약",(주) 챔프스터디,2025-04-15,나라장터
온라인 교육,곡성고등학교,전남광주통합특별시(전남),곡성고등학교 2025학년도 중-고 연계 EBS 활용 온라인 교육멘토링 용역,한국교육방송공사,2025-07-01,나라장터
온라인 교육,곡성고등학교,전남광주통합특별시(전남),곡성고등학교 2025학년도 중-고 연계 EBS 활용 온라인 교육멘토링 용역,한국교육방송공사,2025-07-01,나라장터
온라인 교육,단원고등학교,경기도,2025학년도 단원고 사회진출 역량강화 온라인 교육 프로그램 위탁 용역  계약,한국교육방송공사,2025-11-07,나라장터
온라인 교육,단원고등학교,경기도,2025학년도 단원고 사회진출 역량강화 온라인 교육 프로그램 운영,주식회사 에듀윌,2025-11-07,나라장터
온라인 교육,단원고등학교,경기도,2025학년도 단원고 사회진출 역량강화 온라인 교육 프로그램 위탁 용역  계약,한국교육방송공사,2025-11-07,나라장터
온라인 교육,단원고등학교,경기도,2025학년도 단원고 사회진출 역량강화 온라인 교육 프로그램 위탁 용역  계약,한국교육방송공사,2025-11-07,나라장터
온라인 교육,단원고등학교,경기도,2025학년도 단원고 사회진출 역량강화 온라인 교육 프로그램 운영,주식회사 에듀윌,2025-11-07,나라장터
온라인 교육,수원농생명과학고등학교,경기도,고3 사회진출 역량개발 지원사업 온라인 교육 용역 ,한국교육방송공사,2025-11-10,나라장터
온라인 교육,수원농생명과학고등학교,경기도,고3 사회진출 역량개발 지원사업 온라인 교육 용역 ,한국교육방송공사,2025-11-10,나라장터
온라인 교육,수원농생명과학고등학교,경기도,고3 사회진출 역량개발 지원사업 온라인 교육 용역 ,한국교육방송공사,2025-11-10,나라장터
온라인 교육,덕이고등학교,경기도,온라인 교육프로그램 위탁 운영,한국교육방송공사,2025-11-12,나라장터
온라인 교육,덕이고등학교,경기도,온라인 교육프로그램 위탁 운영,한국교육방송공사,2025-11-12,나라장터
온라인 교육,군포고등학교,경기도,2025학년도 군포고등학교 사회진출 역량개발 지원사업 온라인 교육 프로그램 구입,한국교육방송공사,2025-11-17,나라장터
온라인 교육,군포고등학교,경기도,2025학년도 군포고등학교 사회진출 역량개발 지원사업 온라인 교육 프로그램 구입,한국교육방송공사,2025-11-17,나라장터
온라인 교육,백석고등학교,경기도,2025학년도 고등학교 졸업예정자 사회진출 역량 개발 지원 사업 온라인 교육 프로그램 위탁운영 ,한국교육방송공사,2025-11-24,나라장터
온라인 교육,백석고등학교,경기도,2025학년도 고등학교 졸업예정자 사회진출 역량 개발 지원 사업 온라인 교육 프로그램 위탁운영 ,한국교육방송공사,2025-11-24,나라장터
온라인 교육,고양동산고등학교,경기도,2025학년도 고양동산고 졸업예정자 사회진출 역량개발 지원사업 온라인 교육 프로그램 위탁 운영 용역 계약,한국교육방송공사,2025-11-25,나라장터
온라인 교육,고양동산고등학교,경기도,2025학년도 고양동산고 졸업예정자 사회진출 역량개발 지원사업 온라인 교육 프로그램 위탁 운영 용역 계약,한국교육방송공사,2025-11-25,나라장터
온라인 교육,화수고등학교,경기도,2025년도 화수고등학교 사회진출 역량개발 지원사업 온라인 교육 프로그램 위탁 운영 용역,한국교육방송공사,2025-11-28,나라장터
온라인 교육,화수고등학교,경기도,2025년도 화수고등학교 사회진출 역량개발 지원사업 온라인 교육 프로그램 위탁 운영 용역,한국교육방송공사,2025-11-28,나라장터
온라인 교육,양지고등학교,경기도,2025년도 양지고등학교 사회진출 역량 개발 지원사업 온라인교육 프로그램 위탁운영 계약,한국교육방송공사,2025-12-04,나라장터
온라인 교육,양지고등학교,경기도,2025년도 양지고등학교 사회진출 역량 개발 지원사업 온라인교육 프로그램 위탁운영 계약,한국교육방송공사,2025-12-04,나라장터
온라인 교육,곡성고등학교,전남광주통합특별시(전남),곡성고등학교 2026학년도 EBS 활용 온라인 교육멘토링 용역 계약,한국교육방송공사,2026-05-27,나라장터
온라인 교육,곡성고등학교,전남광주통합특별시(전남),곡성고등학교 2026학년도 EBS 활용 온라인 교육멘토링 용역 계약,한국교육방송공사,2026-05-27,나라장터
온라인 교육,경북바이오마이스터고등학교,경상북도,2026년 AICE 과정 온라인 교육 위탁용역,(주)한국경제신문,2026-07-21,나라장터
온라인 교육,경북바이오마이스터고등학교,경상북도,2026년 AICE 과정 온라인 교육 위탁용역,(주)한국경제신문,2026-07-21,나라장터
온라인 교육,경북바이오마이스터고등학교,경상북도,2026년 AICE 과정 온라인 교육 위탁용역,(주)한국경제신문,2026-07-21,나라장터
온라인 교육,경북바이오마이스터고등학교,경상북도,2026년 AICE 과정 온라인 교육 위탁용역,(주)한국경제신문,2026-07-21,나라장터
레이저사격시스템,서울공업고등학교,서울특별시,스마트건강관리교실 물품(레이저사격시스템) 구입,주식회사 에듀건,2023-01-06,나라장터
레이저사격시스템,망월초등학교,경기도,망월초등학교 스마트체육(레이저사격) 시스템 구입,주식회사 에듀건,2023-01-16,나라장터
레이저사격시스템,서울양명초등학교,서울특별시,서울양명초등학교 레이저 사격 시스템 구매 계약(전용 PC1대외),주식회사 에듀건,2023-01-19,나라장터
레이저사격시스템,동부초등학교,,2022 동부초 레이저사격 시스템 구매 및 설치 계약,주식회사 에듀건,2023-02-08,나라장터
레이저사격시스템,하남초등학교,,레이저사격시스템 구매 및 설치,주식회사 에듀건,2023-02-14,나라장터
레이저사격시스템,제주동여자중학교,제주특별자치도,제주동여자중학교 레이저사격시스템 구입 및 설치,프리모션(Free motion),2023-07-07,나라장터
레이저사격시스템,남한고등학교,경기도,남한고 레이저사격 시스템 물품 구입,주식회사 에듀건,2023-07-11,나라장터
레이저사격시스템,신장고등학교,경기도,신장고 레이저사격시스템 구입,주식회사 에듀건,2023-07-26,나라장터
레이저사격시스템,남한중학교,경기도,남한중 레이저사격 시스템 물품 구입,주식회사 에듀건,2023-08-28,나라장터
레이저사격시스템,충암중학교,서울특별시,2023학년도 충암중학교 레이저사격시스템 구매 및 설치,주식회사 에듀건,2023-10-17,나라장터
레이저사격시스템,서울구산초등학교,서울특별시,서울구산초 레이저사격시스템 구매 계약,주식회사 에듀건,2024-02-06,나라장터
레이저사격시스템,서울갈현초등학교,서울특별시,서울갈현초 스마트 체육시설 레이저사격시스템 구매 계약,주식회사 에듀건,2024-02-14,나라장터
레이저사격시스템,연세중학교,경기도,레이저사격 시스템 물품 구입,주식회사 에듀건,2024-02-13,나라장터
레이저사격시스템,와부고등학교,경기도,2024학년도 공교육레벨업 프로젝트 및 디지털선도학교 운영 물품(레이저 사격 시스템) 구입,주식회사 에듀건,2024-05-13,나라장터
레이저사격시스템,서울수색초등학교,서울특별시,서울수색초 이동형 레이저사격시스템 구입 및 설치,주식회사 에듀건,2024-08-01,나라장터
레이저사격시스템,매양중학교,경기도,매양중학교 이도형 레이저사격시스템 구입 계약,주식회사 에듀건,2024-10-24,나라장터
레이저사격시스템,서울로봇고등학교,서울특별시,2024학년도 서울로봇고등학교 레이저사격시스템 구매 및 설치,주식회사 에듀건,2024-11-12,나라장터
레이저사격시스템,향남중학교,경기도,향남중학교 2024년 레이저사격시스템 구입 계약,주식회사 에듀건,2024-12-23,나라장터
레이저사격시스템,평내중학교,경기도,평내중학교 미래형 디지털활용 특수학급 교육과정 모델 개발 교구(레이저사격 시스템) 구입,주식회사 에듀건,2025-03-19,나라장터
레이저사격시스템,평내중학교,경기도,평내중학교 미래형 디지털활용 특수학급 교육과정 모델 개발 교구(레이저사격 시스템) 구입,주식회사 에듀건,2025-03-19,나라장터
레이저사격시스템,평내중학교,경기도,평내중학교 미래형 디지털활용 특수학급 교육과정 모델 개발 교구(레이저사격 시스템) 구입,주식회사 에듀건,2025-03-19,나라장터
레이저사격시스템,한마음초등학교,제주특별자치도,한마음초등학교 레이저사격시스템 구입 및 설치,주식회사 에듀건,2025-04-07,나라장터
레이저사격시스템,한마음초등학교,제주특별자치도,한마음초등학교 레이저사격시스템 구입 및 설치,주식회사 에듀건,2025-04-07,나라장터
레이저사격시스템,오류중학교,서울특별시,오류중학교  스마트레이저사격시스템 구매  설치 계약,주식회사 에듀건,2025-04-28,나라장터
레이저사격시스템,오류중학교,서울특별시,오류중학교  스마트레이저사격시스템 구매  설치 계약,주식회사 에듀건,2025-04-28,나라장터
레이저사격시스템,효문중학교,서울특별시,2025 디지털기반 스마트건강관리교실 구축에 따른 물품(레이저사격시스템 외) 구입 ,주식회사 에듀건,2025-05-13,나라장터
레이저사격시스템,효문중학교,서울특별시,2025 디지털기반 스마트건강관리교실 구축에 따른 물품(레이저사격시스템 외) 구입 ,주식회사 에듀건,2025-05-13,나라장터
레이저사격시스템,효문중학교,서울특별시,2025 디지털기반 스마트건강관리교실 구축에 따른 물품(레이저사격시스템 외) 구입 ,주식회사 에듀건,2025-05-13,나라장터
레이저사격시스템,충암초등학교,서울특별시,2025학년도 충암초등학교 스마트건강관리교실 레이저사격 시스템 구매,주식회사 에듀건,2025-05-26,나라장터
레이저사격시스템,충암초등학교,서울특별시,2025학년도 충암초등학교 스마트건강관리교실 레이저사격 시스템 구매,주식회사 에듀건,2025-05-26,나라장터
레이저사격시스템,양오중학교,경기도,양오중학교 스마트레이저사격시스템 대여,주식회사 에듀건,2025-05-07,나라장터
레이저사격시스템,상암중학교,서울특별시,상암중학교 디지털기반 스마트건강관리교실 지원사업 레이저사격시스템 구매 계약,주식회사 에듀건,2025-07-09,나라장터
레이저사격시스템,상암중학교,서울특별시,상암중학교 디지털기반 스마트건강관리교실 지원사업 레이저사격시스템 구매 계약,주식회사 에듀건,2025-07-09,나라장터
레이저사격시스템,용마중학교,서울특별시,용마중학교 디지털기반 스마트건강관리교실 지원사업 레이저사격시스템 구매 계약 ,주식회사 에듀건,2025-07-15,나라장터
레이저사격시스템,용마중학교,서울특별시,용마중학교 디지털기반 스마트건강관리교실 지원사업 레이저사격시스템 구매 계약 ,주식회사 에듀건,2025-07-15,나라장터
레이저사격시스템,공항고등학교,서울특별시,공항고등학교 스마트건강관리교실 구축 물품(레이저사격시스템) 구매,주식회사 에듀건,2025-08-27,나라장터
레이저사격시스템,공항고등학교,서울특별시,공항고등학교 스마트건강관리교실 구축 물품(레이저사격시스템) 구매,주식회사 에듀건,2025-08-27,나라장터
레이저사격시스템,한울중학교,서울특별시,한울중학교 스마트건강관리교실 레이저사격시스템 구매 ,주식회사 에듀건,2025-09-09,나라장터
레이저사격시스템,한울중학교,서울특별시,한울중학교 스마트건강관리교실 레이저사격시스템 구매 ,주식회사 에듀건,2025-09-09,나라장터
레이저사격시스템,상원중학교,서울특별시,2025학년도 상원중학교 레이저사격시스템 구매 및 설치 ,주식회사 에듀건,2025-09-15,나라장터
레이저사격시스템,상원중학교,서울특별시,2025학년도 상원중학교 레이저사격시스템 구매 및 설치 ,주식회사 에듀건,2025-09-15,나라장터
레이저사격시스템,양오중학교,경기도,양오중학교 스마트레이저사격시스템 대여,주식회사 에듀건,2025-05-07,나라장터
레이저사격시스템,덕산중학교,서울특별시,2025 디지털기반 스마트건강관리교실 구축에 따른 물품(레이저사격시스템) 구입,주식회사 에듀건,2025-09-18,나라장터
레이저사격시스템,덕산중학교,서울특별시,2025 디지털기반 스마트건강관리교실 구축에 따른 물품(레이저사격시스템) 구입,주식회사 에듀건,2025-09-18,나라장터
레이저사격시스템,상계제일중학교,서울특별시,상계제일중학교 디지털기반 스마트 건강관리교실 레이저 사격시스템 구입,주식회사 에듀건,2026-01-12,나라장터
레이저사격시스템,상계제일중학교,서울특별시,상계제일중학교 디지털기반 스마트 건강관리교실 레이저 사격시스템 구입,주식회사 에듀건,2026-01-12,나라장터
레이저사격시스템,한빛누리고등학교,경기도,한빛누리고등학교 2026학년도 레이저사격시스템 구입,주식회사 에듀건,2026-04-09,나라장터
레이저사격시스템,한빛누리고등학교,경기도,한빛누리고등학교 2026학년도 레이저사격시스템 구입,주식회사 에듀건,2026-04-09,나라장터
레이저사격시스템,서울양원숲초등학교,서울특별시,서울양원숲초등학교 레이저사격 시스템 구매·설치,주식회사 에듀건,2026-06-22,나라장터
레이저사격시스템,서울양원숲초등학교,서울특별시,서울양원숲초등학교 레이저사격 시스템 구매·설치,주식회사 에듀건,2026-06-22,나라장터
유클래스,덕적고등학교,인천광역시,덕적고 온니유 클래스 학습환경(G-T선도지구 도서지역) 조성을 위한 물품 구입,서광퍼니처,2023-01-12,나라장터
유클래스,덕적고등학교,인천광역시,덕적고 온니유 클래스 학습환경 (G-T선도지구 도서지역) 조성을 위한 시설 구축,주식회사 서광에스케이,2023-01-13,나라장터
유클래스,인천영종고등학교,인천광역시,"인천영종고등학교 지능형과학실, 실내스크린골프연습장, 온니유클래스 구축공사 감리용역",호연건축사사무소,2023-01-25,나라장터
유클래스,화담중학교,경기도,2026학년도 화담중 에듀테크 수업관리 솔루션(유클래스) 소프트웨어 물품 구매 계약,주식회사 엠에이치소프트,2026-06-08,나라장터
유클래스,화담중학교,경기도,2026학년도 화담중 에듀테크 수업관리 솔루션(유클래스) 소프트웨어 물품 구매 계약,주식회사 엠에이치소프트,2026-06-08,나라장터
유클래스,평내중학교,경기도,평내중학교 에듀테크 수업관리 솔루션(유클래스)구입,주식회사 엠에이치소프트,2026-07-16,나라장터
유클래스,평내중학교,경기도,평내중학교 에듀테크 수업관리 솔루션(유클래스)구입,주식회사 엠에이치소프트,2026-07-16,나라장터
유클래스,전주근영중학교,,에듀테크활용 컨텐츠 유클래스 구입,,2025-12-09,S2B
유클래스,청북고등학교,,U Class 청북고등학교 영구 라이선스 구입,,2025-08-22,S2B
코딩스쿨,삼일공업고등학교,경기도,2022학년도 수원형도제교육 코딩스쿨 기자재 컴퓨터 구매,주식회사 에이치케이시스템,2023-01-16,나라장터
배움공책,동탄초등학교,경기도,2023학년도 1학기 배움공책 구매계약,우천사,2023-01-18,나라장터
배움공책,인천연성초등학교,인천광역시,2023학년도 연성 스마일 배움공책 제작,효명인쇄공사,2023-03-08,나라장터
배움공책,병점중학교,경기도,2023학년도 병점중학교 배움공책 인쇄용역,신화프린팅,2023-03-17,나라장터
배움공책,병점중학교,경기도,2023학년도 병점중학교 배움공책 인쇄용역 변경계약,신화프린팅,2023-03-17,나라장터
배움공책,매홀중학교,경기도,매홀중 2023학년도 1학기 배움공책 제작 계약,주식회사 선두,2023-04-03,나라장터
배움공책,동탄초등학교,경기도,2023학년도 2학기 배움공책 구매계약,우천사,2023-07-11,나라장터
배움공책,매홀중학교,경기도,매홀중 2023학년도 2학기 배움공책 제작 계약,주식회사 선두,2023-08-18,나라장터
배움공책,상탄초등학교,경기도,2023년 상탄초 배움공책 구입,선일,2023-11-03,나라장터
배움공책,구름산초등학교,경기도,2024학년도 학생 배움공책 제작,도서출판 광명인쇄,2023-11-08,나라장터
배움공책,예원초등학교,경기도,2023년 2학기 배움공책 구입,주식회사 예가커뮤니케이션,2023-11-23,나라장터
배움공책,동탄초등학교,경기도,2024학년도 1학기 배움공책 구매계약,우천사,2023-12-13,나라장터
배움공책,광주도평초등학교,경기도,2024 광주도평초 전교생 배움공책 구매 계약,이화미디어플러스,2024-03-05,나라장터
배움공책,화성반월중학교,경기도,화성반월중 수학과 배움공책 제작 용역 계약,더블유디자인,2024-03-05,나라장터
배움공책,동탄초등학교,경기도,2024학년도 2학기 배움공책 구매계약,우천사,2024-07-02,나라장터
배움공책,매홀중학교,경기도,매홀중 2024학년도 2학기 배움공책 제작,주식회사한울기획,2024-07-17,나라장터
배움공책,화성반월중학교,경기도,화성반월중 수학과 2학기 배움공책 제작 용역 계약,더블유디자인,2024-08-01,나라장터
배움공책,동탄초등학교,경기도,2025학년도 1학기 배움공책 구매계약,우천사,2024-12-10,나라장터
배움공책,매홀중학교,경기도,매홀중 2025학년도 1학기 배움공책 제작 계약,주식회사 선두,2025-03-10,나라장터
배움공책,매홀중학교,경기도,매홀중 2025학년도 1학기 배움공책 제작 계약,주식회사 선두,2025-03-10,나라장터
배움공책,병점중학교,경기도,병점중학교 교과별 배움공책 및 행복습관노트 제작,주식회사한울기획,2025-03-14,나라장터
배움공책,병점중학교,경기도,병점중학교 교과별 배움공책 및 행복습관노트 제작,주식회사한울기획,2025-03-14,나라장터
배움공책,매홀중학교,경기도,2025학년도 2학기 매홀중 배움공책 제작 구매 계약,주식회사한울기획,2025-08-13,나라장터
배움공책,매홀중학교,경기도,2025학년도 2학기 매홀중 배움공책 제작 구매 계약,주식회사한울기획,2025-08-13,나라장터
배움공책,매홀중학교,경기도,매홀중 2026학년도 1학기 배움공책 제작 계약 ,주식회사 선두,2026-03-13,나라장터
배움공책,매홀중학교,경기도,매홀중 2026학년도 1학기 배움공책 제작 계약 ,주식회사 선두,2026-03-13,나라장터
배움공책,매홀중학교,경기도,2026학년도 2학기 매홀중학교 배움공책 제작 구매 계약,주식회사한울기획,2026-07-20,나라장터
배움공책,매홀중학교,경기도,2026학년도 2학기 매홀중학교 배움공책 제작 구매 계약,주식회사한울기획,2026-07-20,나라장터
e알리미,성주초등학교,경기도,2023학년도 e알리미  구매 계약,주식회사 이웃닷컴,2023-01-30,나라장터
e알리미,용인고등학교,경기도,2023년 e-알리미 문자서비스 이용 계약,주식회사 이웃닷컴,2023-02-13,나라장터
e알리미,인천여자고등학교,인천광역시,2023학년도 인천여자고등학교 문자서비스(e알리미) 이용 계약,주식회사 이웃닷컴,2023-02-01,나라장터
e알리미,현암초등학교,경기도,2023학년도 e알리미 사용 계약,주식회사 이웃닷컴,2023-02-01,나라장터
e알리미,용문초등학교,경기도,2023학년도 용문초등학교 e알리미 구입 계약,주식회사 이웃닷컴,,나라장터
e알리미,냉천초등학교,경기도,냉천초 2023학년도 e알리미서비스 이용 계약,주식회사 이웃닷컴,2023-02-03,나라장터
e알리미,평촌고등학교,경기도,2023 평촌고 e알리미 연간 사용권 구매,주식회사 이웃닷컴,2023-02-02,나라장터
e알리미,서울숭인초등학교,서울특별시,2023학년도 서울숭인초 스마트공지시스템(e-알리미) 구매,주식회사 이웃닷컴,2023-02-03,나라장터
e알리미,세곡초등학교,경기도,e-알리미 서비스 계약,주식회사 이웃닷컴,2023-02-13,나라장터
e알리미,만송초등학교,경기도,만송초 2023년 e알리미 사용 용역 계약,주식회사 이웃닷컴,2023-02-09,나라장터
e알리미,광주숭일고등학교,전남광주통합특별시(광주),2023학년도 광주숭일고등학교 e알리미 프로그램 사용 계약,주식회사 이웃닷컴,2023-02-15,나라장터
e알리미,대덕초등학교,충청남도,2023학년도 e알리미서비스 사용 계약,주식회사 이웃닷컴,2023-02-13,나라장터
e알리미,인계초등학교,경기도,2023학년도 스마트 공지 시스템 e알리미,주식회사 이웃닷컴,2023-02-15,나라장터
e알리미,현암중학교,경기도,현암중 2023학년도 e알리미 사용료 계약,주식회사 이웃닷컴,2023-02-10,나라장터
e알리미,부천중앙초등학교,경기도,2023학년도 e알리미 사용 계약,주식회사 이웃닷컴,2023-03-09,나라장터
e알리미,생연초등학교,경기도,2023년 생연초 e알리미 서비스,주식회사 이웃닷컴,2023-02-21,나라장터
e알리미,수진초등학교,경기도,2023학년도 수진초 e알리미 계약,주식회사 이웃닷컴,2023-02-17,나라장터
e알리미,송삼초등학교,경기도,2023년 송삼초등학교 e알리미서비스 이용,주식회사 이웃닷컴,2023-02-16,나라장터
e알리미,효원고등학교,경기도,2023학년도 e알리미 연간 사용 전자계약,주식회사 이웃닷컴,2023-02-16,나라장터
e알리미,장기초등학교,경기도,장기초 2023학년도  e알리미 사용용역계약체결,주식회사 이웃닷컴,2023-02-17,나라장터
e알리미,송신초등학교,경기도,2023학년도 송신초 E-알리미 사용 계약,주식회사 이웃닷컴,2023-02-20,나라장터
e알리미,이우고등학교,경기도,이우학교 e알리미 사용을 위한 구입,주식회사 이웃닷컴,2023-02-17,나라장터
e알리미,평일초등학교,경기도,2023학년도 평일초등학교 e알리미 구입·사용 계약,주식회사 이웃닷컴,2023-02-17,나라장터
e알리미,서울강일초등학교,서울특별시,2023학년도 e알리미 사용,주식회사 이웃닷컴,2023-02-20,나라장터
e알리미,중동고등학교,서울특별시,2023학년도 E알리미 사용권 구매 계약,주식회사 이웃닷컴,2023-02-20,나라장터
e알리미,파주광일중학교,,2023학년도 파주광일중학교 e알리미 사용 계약의 건,주식회사 이웃닷컴,2023-02-21,나라장터
e알리미,대전계산초등학교,대전광역시,2023년 대전계산초등학교 e알리미 소프트웨어 구매 계약,주식회사 이웃닷컴,2023-03-01,나라장터
e알리미,이매초등학교,경기도,2023학년도 이매초등학교 e알리미 사용,주식회사 이웃닷컴,2023-02-23,나라장터
e알리미,조남초등학교,경기도,2023학년도 e알리미 사용계약,주식회사 이웃닷컴,2023-02-22,나라장터
e알리미,용동중학교,경기도,2023 e알리미 사용 계약,주식회사 이웃닷컴,2023-02-28,나라장터
e알리미,신리초등학교,경기도,신리초 2023학년도 e알리미 사용 계약,주식회사 이웃닷컴,2023-02-23,나라장터
e알리미,화홍고등학교,경기도,2023학년도 e알리미 사용 계약,주식회사 이웃닷컴,2023-02-24,나라장터
e알리미,세류초등학교,경기도,2023학년도 세류초등학교 e알리미서비스 이용,주식회사 이웃닷컴,2023-02-23,나라장터
e알리미,보영여자중학교,,2023학년도 e알리미 사용,주식회사 이웃닷컴,2023-02-22,나라장터
e알리미,양일중학교,경기도,2023학년도 E알리미 문자서비스 계약의 건,주식회사 이웃닷컴,2023-02-23,나라장터
e알리미,운중중학교,경기도,2023년도 운중중학교 e알리미 사용 계약,주식회사 이웃닷컴,2023-02-23,나라장터
e알리미,증포중학교,경기도,2023학년도 e-알리미 서비스 이용 계약,주식회사 이웃닷컴,2023-03-01,나라장터
e알리미,금옥여자고등학교,서울특별시,2023학년도 e알리미 시스템 구입·이용 계약,주식회사 이웃닷컴,2023-02-17,나라장터
e알리미,인천청일초등학교,인천광역시,인천청일초 2023년 e알리미 사용 계약,주식회사 이웃닷컴,2023-02-23,나라장터
e알리미,효원초등학교,경기도,2023학년도 e알리미서비스 용역 계약,주식회사 이웃닷컴,2023-02-24,나라장터
e알리미,용인초등학교,경기도,2023학년도 e알리미 이용 계약,주식회사 이웃닷컴,2023-02-23,나라장터
e알리미,언주중학교,서울특별시,2023학년도 학교 문자서비스(e-알리미) 계약,주식회사 이웃닷컴,2023-02-24,나라장터
e알리미,서울동호초등학교,서울특별시,2023학년도 서울동호초등학교 e알리미 구매 및 사용,주식회사 이웃닷컴,2023-02-24,나라장터
e알리미,주엽고등학교,경기도,e알리미 이용권 구입,주식회사 이웃닷컴,2023-02-28,나라장터
e알리미,세교고등학교,경기도,2023학년도 e알리미 이용권 구매,주식회사 이웃닷컴,2023-02-27,나라장터
e알리미,대하초등학교,경기도,대하초 2023학년도 e알리미 구매 및 사용 계약,주식회사 이웃닷컴,2023-02-24,나라장터
e알리미,용인성산초등학교,경기도,2023학년도 용인성산초 E알리미 위탁용역 계약,주식회사 이웃닷컴,2023-02-24,나라장터
e알리미,장현초등학교,경기도,2023년 장현초등학교 e알리미 통신 소프트웨어 구입 계약,주식회사 이웃닷컴,2023-03-01,나라장터
e알리미,잠원초등학교,경기도,잠원초 2023학년도 e알리미 가정통신 서비스 이용 전자계약,주식회사 이웃닷컴,2023-02-27,나라장터
e알리미,경희여자중학교,서울특별시,2023년 e알리미 사용 계약,주식회사 이웃닷컴,2023-02-28,나라장터
스마트 롱점프 (제자리 멀리뛰기),나곡중학교,경기도,IT체육교실 물품(스마트롱점프 외 8종) 구매 계약,주식회사 건강한신체활동연구소,2023-02-01,나라장터
OrCAD,공주마이스터고등학교,충청남도,전기전자부 실험실습 기자재(orCAD 소프트웨어) 구입,주식회사 씽크렉스,2023-02-01,나라장터
OrCAD,동의공업고등학교,,동의공고 전기과 NCS 기자재(OR CAD) 구입 소액수의 전자견적 재공고,랩스,2023-07-03,나라장터
OrCAD,상산전자고등학교,,전자과 NCS기반 실습실 기자재(OrCAD) 구입,위드상사,2023-11-27,나라장터
OrCAD,부산소프트웨어마이스터고등학교,부산광역시,부산소프트웨어마이스터고 응용소프트웨어(OrCAD) 구입 소액수의 견적제출 공고,에스엔지시스템,2023-12-29,나라장터
OrCAD,부산기계공업고등학교,부산광역시,2023학년도 전기과 실험실습기자재(OR-CAD 외 1종) 구입,랩스,2024-01-02,나라장터
OrCAD,경주공업고등학교,,경주공업고등학교 하반기 NCS 기자재 구입(Or Cad외 2종),주식회사 퍼씨엠,2024-01-15,나라장터
OrCAD,대진전자통신고등학교,부산광역시,실습실 기자재(ORCAD 스탠다트)구입 계약체결,에스엔지시스템,2024-02-13,나라장터
OrCAD,대진전자통신고등학교,부산광역시,대진전자통신고등학교 NCS기반 기자재(OrCAD) 구입,"주식회사 엔시스 (N-SYS Co. ,Ltd.)",2024-07-01,나라장터
OrCAD,부산항공고등학교,부산광역시,2024학년도 부산항공고 항공정비과 NCS기반 기자재 구입 소액수의 견적 공고( OrCAD),랩스,2024-07-05,나라장터
OrCAD,해운대공업고등학교,,2025년 부산해군과학기술고 전환개교 지원사업 기자재(응용소프트웨어-OrCAD) 구매,에스엔지시스템,2024-10-02,나라장터
OrCAD,군자디지털과학고등학교,경기도,2024학년도 디지털전자과 실습기자재(ORCAD) 구입 계약,(주)경희정보테크,2024-10-18,나라장터
OrCAD,영남공업고등학교,대구광역시,전자과 기자재(ORCAD)구입 소액수의 견적제출 안내 공고,주식회사 루트텍,2024-11-15,나라장터
OrCAD,삼일공업고등학교,경기도,삼일공고 반도체계약학과 기자재 OrCAD 구매,나인플러스아이티(주),2024-12-06,나라장터
OrCAD,영남공업고등학교,대구광역시,전자과 기자재(OrCAD프로그램)구입,"주식회사 엔시스 (N-SYS Co. ,Ltd.)",2025-02-25,나라장터
OrCAD,영남공업고등학교,대구광역시,전자과 기자재(OrCAD프로그램)구입,"주식회사 엔시스 (N-SYS Co. ,Ltd.)",2025-02-25,나라장터
OrCAD,부산해군과학기술고등학교,부산광역시,2025년 부산해군과학기술고 전환개교 지원사업 기자재(응용소프트웨어-OrCAD) 구매,에스엔지시스템,2024-10-02,나라장터
OrCAD,금샘고등학교,부산광역시,『금정전자고등학교 응용소프트웨어(ORCAD) 구입』  소액수의 견적제출 안내 공고,HB시스템,2022-12-14,나라장터
리로스쿨,주엽고등학교,경기도,리로스쿨 프로그램 이용료 구입,주식회사 리로소프트,2023-02-28,나라장터
리로스쿨,양평고등학교,경기도,2023학년도 리로스쿨 프로그램 이용 계약,주식회사 리로소프트,,나라장터
리로스쿨,운중고등학교,경기도,2023학년도 진로진학시스템(리로스쿨) 사용 계약,주식회사 리로소프트,2023-01-05,나라장터
리로스쿨,이산고등학교,경기도,이산고등학교 2023학년도 학사운영 프로그램(리로스쿨) 구축 및 사용,주식회사 리로소프트,2023-01-05,나라장터
리로스쿨,상암고등학교,서울특별시,상암고 2023학년도 리로스쿨 프로그램 이용,주식회사 리로소프트,2023-01-10,나라장터
리로스쿨,한빛고등학교,경기도,한빛고 학생관리용 웹사이트 및 리로스쿨프로그램 구축,주식회사 리로소프트,2023-01-09,나라장터
리로스쿨,인천송천고등학교,인천광역시,2023학년도 리로스쿨 이용,주식회사 리로소프트,2023-01-31,나라장터
리로스쿨,옥정고등학교,경기도,2023학년도 옥정고 리로스쿨 프로그램 용역,주식회사 리로소프트,2023-01-20,나라장터
리로스쿨,송림고등학교,경기도,2023학년도 리로스쿨 프로그램 설치 및 이용 계약 (2024. 2. 29.까지),주식회사 리로소프트,2023-01-25,나라장터
리로스쿨,인천포스코고등학교,인천광역시,리로스쿨 프로그램 사용 계약,주식회사 리로소프트,2023-01-26,나라장터
리로스쿨,부평고등학교,인천광역시,부평고 학생관리용 웹사이트 구축 및 리로스쿨 프로그램 이용 계약,주식회사 리로소프트,2023-01-31,나라장터
리로스쿨,이충고등학교,경기도,2023학년도 리로스쿨 프로그램 이용,주식회사 리로소프트,2023-02-28,나라장터
리로스쿨,서정고등학교,경기도,2023학년도 서정고 리로스쿨(학교알리미) 프로그램 용역 계약,주식회사 리로소프트,2023-01-31,나라장터
리로스쿨,도농고등학교,경기도,2023학년도 리로스쿨(학생관리 통합 프로그램) 서비스 용역,주식회사 리로소프트,2023-02-27,나라장터
리로스쿨,안양외국어고등학교,경기도,안양외고 리로스쿨 프로그램 구축 및 사용,주식회사 리로소프트,2023-02-01,나라장터
리로스쿨,계산여자고등학교,인천광역시,2023학년도 리로스쿨 프로그램 용역,주식회사 리로소프트,2023-02-03,나라장터
리로스쿨,서해고등학교,경기도,2023학년도 진급반 및 시간표 편성 프로그램 리로스쿨 사용 계약,주식회사 리로소프트,2023-02-21,나라장터
리로스쿨,인천청라고등학교,인천광역시,2023학년도 리로스쿨 프로그램 이용 계약,주식회사 리로소프트,2023-02-08,나라장터
리로스쿨,명신여자고등학교,인천광역시,2023학년도 명신여자고등학교 리로스쿨 프로그램 사용료 용역 계약,주식회사 리로소프트,2023-02-07,나라장터
리로스쿨,곡정고등학교,경기도,2023학년도 곡정고 리로스쿨프로그램 이용 계약,주식회사 리로소프트,2023-02-22,나라장터
리로스쿨,장곡고등학교,경기도,2023학년도 장곡고 리로스쿨 프로그램 연간 이용 유지관리 용역,주식회사 리로소프트,2023-02-20,나라장터
리로스쿨,다운고등학교,울산광역시,2023학년도 학사관리 통합 솔루션(리로스쿨) 소프트웨어 사용 계약,주식회사 리로소프트,2023-02-22,나라장터
리로스쿨,신천고등학교,경기도,2023학년도 학생관리용 웹사이트 리로스쿨 프로그램 이용 용역 계약,주식회사 리로소프트,2023-02-15,나라장터
리로스쿨,불곡고등학교,경기도,2023학년도 리로스쿨 프로그램 이용 계약,주식회사 리로소프트,2023-02-08,나라장터
리로스쿨,계성고등학교,서울특별시,계성고등학교 리로스쿨 소프트웨어 사용 용역,주식회사 리로소프트,2023-02-09,나라장터
리로스쿨,은광여자고등학교,서울특별시,2023학년도 리로스쿨(학생관리프로그램 소프트웨어) 사용 및 유지관리 용역,주식회사 리로소프트,2023-02-09,나라장터
리로스쿨,나루고등학교,경기도,2023학년도 교육과정프로그램(리로스쿨) 사용 계약,주식회사 리로소프트,2023-02-17,나라장터
리로스쿨,인천고잔고등학교,인천광역시,2023학년도 인천고잔고등학교 리로스쿨프로그램 이용 계약,주식회사 리로소프트,2023-02-15,나라장터
리로스쿨,한서고등학교,서울특별시,2023학년도 한서고등학교 리로스쿨 프로그램 사용 계약,주식회사 리로소프트,2023-02-10,나라장터
리로스쿨,향일고등학교,경기도,향일고 리로스쿨 프로그램 이용료 계약,주식회사 리로소프트,2023-02-15,나라장터
리로스쿨,수락고등학교,서울특별시,2023학년도 수락고 리로스쿨 용역,주식회사 리로소프트,2023-02-13,나라장터
리로스쿨,문현고등학교,울산광역시,2023학년도 학사관리통합솔루션(리로스쿨)이용 계약,주식회사 리로소프트,2023-02-13,나라장터
리로스쿨,신봉고등학교,경기도,2023학년도 리로스쿨 프로그램 사용 계약,주식회사 리로소프트,2023-02-16,나라장터
리로스쿨,동광고등학교,경기도,2023학년도 리로스쿨 프로그램 관리용역 계약,주식회사 리로소프트,2023-02-13,나라장터
리로스쿨,낙생고등학교,경기도,2023학년도 리로스쿨 프로그램 사용료 계약,주식회사 리로소프트,2023-02-13,나라장터
리로스쿨,동탄중앙고등학교,경기도,2023학년도 동탄중앙고 리로스쿨 프로그램 이용 계약,주식회사 리로소프트,,나라장터
리로스쿨,동탄중앙고등학교,경기도,2023학년도 동탄중앙고 리로스쿨 프로그램 이용 계약,주식회사 리로소프트,2023-02-17,나라장터
리로스쿨,성신여자고등학교,서울특별시,2023학년도 성신여자고등학교 리로스쿨 프로그램 서비스 용역,주식회사 리로소프트,2023-02-17,나라장터
리로스쿨,인천해송고등학교,인천광역시,2023학년도 리로스쿨 서비스 계약,주식회사 리로소프트,2023-02-15,나라장터
리로스쿨,천안고등학교,충청남도,2023학년도 리로스쿨 프로그램 이용 계약,주식회사 리로소프트,2023-02-14,나라장터
리로스쿨,유신고등학교,경기도,2023년 리로스쿨 프로그램 사용 계약,주식회사 리로소프트,2023-02-16,나라장터
리로스쿨,가평고등학교,경기도,2023학년도 가평고등학교 리로스쿨 프로그램 사용 계약,주식회사 리로소프트,2023-02-15,나라장터
리로스쿨,경인고등학교,서울특별시,2023학년도 경인고등학교 리로스쿨 프로그램 이용서비스 계약,주식회사 리로소프트,2023-02-17,나라장터
리로스쿨,신명여자고등학교,인천광역시,신명여자고등학교 2023학년도 리로스쿨 프로그램 서비스 이용계약,주식회사 리로소프트,2023-02-15,나라장터
리로스쿨,영신여자고등학교,경기도,2023학년도 영신여자고등학교 리로스쿨 프로그램 사용 계약,주식회사 리로소프트,2023-02-17,나라장터
리로스쿨,인천진산과학고등학교,인천광역시,2023학년도 인천진산과학고 학생통합관리시스템(리로스쿨) 이용 및 관리 용역,주식회사 리로소프트,2023-02-21,나라장터
리로스쿨,누원고등학교,서울특별시,2023학년도 누원고 리로스쿨 프로그램 이용,주식회사 리로소프트,2023-02-20,나라장터
리로스쿨,성문고등학교,경기도,2023학년도 학사관리통합솔루션(리로스쿨) 연간사용 계약,주식회사 리로소프트,2023-03-01,나라장터
리로스쿨,인천과학고등학교,인천광역시,2023학년도 인천과학고등학교 리로스쿨 연간 이용 계약,주식회사 리로소프트,2023-02-17,나라장터
리로스쿨,옥련여자고등학교,인천광역시,2023학년도 옥련여자고등학교 리로스쿨프로그램  용역계약,주식회사 리로소프트,2023-02-21,나라장터
학생참여중심수업,도농고등학교,경기도,2023학년도 학생참여중심수업 학습보조자료 제작,(주)디자인마이러브,2023-02-23,나라장터
심리검사,광덕고등학교,경기도,"1,2학년 대상 표준화 심리검사",(주)가이던스프로,2023-03-03,나라장터
심리검사,예당초등학교,경기도,2023학년도 2~5학년 심리검사지 구매,학교표준화심리검사평가 연구소,2023-03-10,나라장터
심리검사,원미고등학교,경기도,"2023년 원미고 1,2학년 진로심리검사지 구매 계약",(주)휴노,2023-03-09,나라장터
심리검사,매홀중학교,경기도,매홀중 학생표준화 진로탐색 심리검사지 구매계약,(주)휴노,2023-03-08,나라장터
심리검사,성복고등학교,경기도,2023학년도 성복고등학교 진로심리검사도구 구매 계약,한국심리적성검사연구소,2023-03-09,나라장터
심리검사,가림중학교,경기도,2023년 진로심리검사지 구매 계약,(주)가이던스프로,2023-03-13,나라장터
심리검사,연성중학교,경기도,2023학년도 연성중학교 전학년 진로심리검사지 구매계약,(주)가이던스프로,2023-03-13,나라장터
심리검사,옥정중학교,경기도,옥정중 2023학년도 진로심리검사지 구매,주식회사 디에스 컴퍼니,2023-03-14,나라장터
심리검사,신백중학교,경기도,2023 표준화 심리검사지 구매 계약,주식회사 어세스타,2023-03-14,나라장터
심리검사,안일초등학교,경기도,6학년 심리검사 도구 구입,해피교육,2023-03-14,나라장터
심리검사,신봉고등학교,경기도,1학년 진로심리검사 계약,용인 천재교육,2023-03-16,나라장터
심리검사,신봉고등학교,경기도,"2,3학년 진로심리검사 계약",혜안심리연구소,2023-03-16,나라장터
심리검사,조원고등학교,경기도,2023학년도 표준화심리검사지 구매 계약,학교표준화심리검사평가 연구소,2023-03-20,나라장터
심리검사,현화중학교,경기도,2023년 표준화 심리검사지 구입,"한국가이던스 오산,평택지사 두리교육",2023-03-20,나라장터
심리검사,통진고등학교,경기도,2023학년도  통진고등학교 진로 표준화 심리검사지 구입,(주)가이던스프로,2023-03-20,나라장터
심리검사,고촌고등학교,경기도,"고촌고 2023학년도 1,2학년 진로심리검사지 구입",INFORMATION 한강,2023-03-20,나라장터
심리검사,별내고등학교,경기도,별내고등학교 1-2학년 진로심리검사지 구입 계약,태성서적,2023-03-21,나라장터
심리검사,광휘고등학교,경기도,"광휘고등학교 1, 2학년 진로진학 심리검사 계약",(주)가이던스프로,2023-03-24,나라장터
심리검사,용인한빛초등학교,경기도,2023학년도 표준화 심리 검사지 구입,대광교육사,2023-03-23,나라장터
심리검사,원미고등학교,경기도,"2023년 원미고 1,2학년 진로심리검사지 구매 변경 계약",(주)휴노,2023-04-05,나라장터
심리검사,동광고등학교,경기도,2022 선배동행 심리검사,천재도서,2023-01-27,나라장터
심리검사,오남고등학교,경기도,오남고 2023학년도 표준화심리검사 용역 계약,주식회사 정동엠피아이,2023-02-27,나라장터
심리검사,화도초등학교,경기도,2023학년도 화도초등학교 학생표준화 심리검사 전자계약,태성서적,2023-03-03,나라장터
심리검사,안현초등학교,경기도,"2023학년도 안현초등학교 5,6학년 표준화 심리검사 계약",(주)휴노,2023-03-03,나라장터
심리검사,초당초등학교,경기도,2023학년도 초당초 표준화심리검사 용역,(주)가이던스프로,2023-03-06,나라장터
심리검사,서정고등학교,경기도,서정고등학교 2023학년도 진로심리검사,(주)휴노,2023-03-08,나라장터
심리검사,보라고등학교,경기도,2023학년도 진로심리검사 용역 전자계약,(주)휴노,2023-03-07,나라장터
심리검사,부천중학교,경기도,부천중학교 진로심리검사 위탁 용역 계약,(주)가이던스프로,2023-03-02,나라장터
심리검사,효명고등학교,경기도,"2023학년도 1,2학년 학생 표준화 심리검사 용역",두리교육,2023-03-08,나라장터
심리검사,과정초등학교,부산광역시,과정초 표준화 심리검사,한국심리적성검사연구소,2023-03-08,나라장터
심리검사,안화고등학교,경기도,안화고 2023학년도 표준화 심리검사,(주)가이던스프로,2023-03-08,나라장터
심리검사,수원칠보고등학교,경기도,2023년 표준화 심리검사 용역 계약,(주)인싸이트,2023-03-09,나라장터
심리검사,흥덕고등학교,경기도,"2023학년도 흥덕고등학교 1,2학년 표준화 심리검사",용인 천재교육,2023-03-29,나라장터
심리검사,시흥매화중학교,경기도,2023학년도 표준화 심리검사 및 결과해석 프로그램비,(주)가이던스프로,2023-03-09,나라장터
심리검사,동구중학교,경기도,2023학년도 동구중 표준화 심리검사 용역 계약,주식회사 디에스 컴퍼니,2023-03-09,나라장터
심리검사,운양중학교,경기도,2023학년도 표준화 심리검사 실시 계약,(주)휴노,2023-03-09,나라장터
심리검사,서천중학교,경기도,2023학년도 표준화 심리검사 용역 계약,(주)가이던스프로,2023-03-15,나라장터
심리검사,효원고등학교,경기도,2023학년도 효원고등학교 표준화 심리검사 용역 계약,주식회사 어세스타,2023-03-13,나라장터
심리검사,화홍중학교,경기도,"화홍중학교 1, 2학년 표준화 심리검사 용역",진흥서적,2023-03-13,나라장터
심리검사,영덕중학교,경기도,2023학년도 표준화 심리 검사 용역,진흥서적,2023-03-16,나라장터
심리검사,풍덕고등학교,경기도,"2,3학년 단체 심리검사 계약",(주)휴노,2023-03-14,나라장터
심리검사,양오초등학교,경기도,"2023학년도 3학년, 5학년 학생 표준화심리검사 실시",한국행동심리연구소,2023-03-15,나라장터
심리검사,현암고등학교,경기도,2023학년도  현암고 진로심리검사 실시 계약,(주)가이던스프로,2023-03-16,나라장터
심리검사,이매중학교,경기도,이매중 2023학년도 학년별 표준화 심리검사 용역 계약,주식회사 어세스타,2023-03-28,나라장터
심리검사,광교호수중학교,경기도,2023년 학생 표준화심리검사 용역 계약,주식회사 어세스타,2023-03-17,나라장터
심리검사,정평중학교,경기도,"2023학년도 2,3학년 표준황심리 검사 용역 게약",(주)휴노,,나라장터
심리검사,정평중학교,경기도,"2023학년도 2,3학년 표준화심리 검사 용역 계약",(주)휴노,2023-03-20,나라장터
심리검사,오남고등학교,경기도,오남고 2023학년도 표준화심리검사 용역 계약,주식회사 정동엠피아이,2023-03-20,나라장터
심리검사,위례중학교,경기도,2023 표준화 진로 심리검사 운영 계약,(주)가이던스프로,2023-03-22,나라장터
심리검사,모현중학교,경기도,모현중 표준화 심리검사 용역계약,(주)휴노,2023-03-22,나라장터
표준화 심리 검사,광덕고등학교,경기도,"1,2학년 대상 표준화 심리검사",(주)가이던스프로,2023-03-03,나라장터
표준화 심리 검사,신백중학교,경기도,2023 표준화 심리검사지 구매 계약,주식회사 어세스타,2023-03-14,나라장터
표준화 심리 검사,조원고등학교,경기도,2023학년도 표준화심리검사지 구매 계약,학교표준화심리검사평가 연구소,2023-03-20,나라장터
표준화 심리 검사,현화중학교,경기도,2023년 표준화 심리검사지 구입,"한국가이던스 오산,평택지사 두리교육",2023-03-20,나라장터
표준화 심리 검사,통진고등학교,경기도,2023학년도  통진고등학교 진로 표준화 심리검사지 구입,(주)가이던스프로,2023-03-20,나라장터
표준화 심리 검사,용인한빛초등학교,경기도,2023학년도 표준화 심리 검사지 구입,대광교육사,2023-03-23,나라장터
표준화 심리 검사,오남고등학교,경기도,오남고 2023학년도 표준화심리검사 용역 계약,주식회사 정동엠피아이,2023-02-27,나라장터
표준화 심리 검사,화도초등학교,경기도,2023학년도 화도초등학교 학생표준화 심리검사 전자계약,태성서적,2023-03-03,나라장터
표준화 심리 검사,안현초등학교,경기도,"2023학년도 안현초등학교 5,6학년 표준화 심리검사 계약",(주)휴노,2023-03-03,나라장터
표준화 심리 검사,초당초등학교,경기도,2023학년도 초당초 표준화심리검사 용역,(주)가이던스프로,2023-03-06,나라장터
표준화 심리 검사,효명고등학교,경기도,"2023학년도 1,2학년 학생 표준화 심리검사 용역",두리교육,2023-03-08,나라장터
표준화 심리 검사,과정초등학교,부산광역시,과정초 표준화 심리검사,한국심리적성검사연구소,2023-03-08,나라장터
표준화 심리 검사,안화고등학교,경기도,안화고 2023학년도 표준화 심리검사,(주)가이던스프로,2023-03-08,나라장터
표준화 심리 검사,수원칠보고등학교,경기도,2023년 표준화 심리검사 용역 계약,(주)인싸이트,2023-03-09,나라장터
표준화 심리 검사,흥덕고등학교,경기도,"2023학년도 흥덕고등학교 1,2학년 표준화 심리검사",용인 천재교육,2023-03-29,나라장터
표준화 심리 검사,시흥매화중학교,경기도,2023학년도 표준화 심리검사 및 결과해석 프로그램비,(주)가이던스프로,2023-03-09,나라장터
표준화 심리 검사,동구중학교,경기도,2023학년도 동구중 표준화 심리검사 용역 계약,주식회사 디에스 컴퍼니,2023-03-09,나라장터
표준화 심리 검사,운양중학교,경기도,2023학년도 표준화 심리검사 실시 계약,(주)휴노,2023-03-09,나라장터
표준화 심리 검사,서천중학교,경기도,2023학년도 표준화 심리검사 용역 계약,(주)가이던스프로,2023-03-15,나라장터
표준화 심리 검사,효원고등학교,경기도,2023학년도 효원고등학교 표준화 심리검사 용역 계약,주식회사 어세스타,2023-03-13,나라장터
표준화 심리 검사,화홍중학교,경기도,"화홍중학교 1, 2학년 표준화 심리검사 용역",진흥서적,2023-03-13,나라장터
표준화 심리 검사,영덕중학교,경기도,2023학년도 표준화 심리 검사 용역,진흥서적,2023-03-16,나라장터
표준화 심리 검사,양오초등학교,경기도,"2023학년도 3학년, 5학년 학생 표준화심리검사 실시",한국행동심리연구소,2023-03-15,나라장터
표준화 심리 검사,이매중학교,경기도,이매중 2023학년도 학년별 표준화 심리검사 용역 계약,주식회사 어세스타,2023-03-28,나라장터
표준화 심리 검사,광교호수중학교,경기도,2023년 학생 표준화심리검사 용역 계약,주식회사 어세스타,2023-03-17,나라장터
표준화 심리 검사,정평중학교,경기도,"2023학년도 2,3학년 표준화심리 검사 용역 계약",(주)휴노,2023-03-20,나라장터
표준화 심리 검사,오남고등학교,경기도,오남고 2023학년도 표준화심리검사 용역 계약,주식회사 정동엠피아이,2023-03-20,나라장터
표준화 심리 검사,모현중학교,경기도,모현중 표준화 심리검사 용역계약,(주)휴노,2023-03-22,나라장터
표준화 심리 검사,비전중학교,경기도,비전중 2023학년도 진로표준화 심리검사 실시,"한국가이던스 오산,평택지사 두리교육",2023-03-22,나라장터
표준화 심리 검사,동백중학교,경기도,진로 표준화 심리검사 용역 계약,(주)휴노,2023-03-23,나라장터
표준화 심리 검사,평택여자고등학교,경기도,2023학년도 표준화 심리검사(1~3학년) 용역 계약,두리교육,2023-03-29,나라장터
표준화 심리 검사,철산중학교,경기도,철산중 2023 표준화 심리검사 검사 용역 계약,(주)가이던스프로,2023-03-23,나라장터
표준화 심리 검사,라온중학교,경기도,2023학년도 표준화 심리검사 용역,"한국가이던스 오산,평택지사 두리교육",2023-03-23,나라장터
표준화 심리 검사,용인신릉중학교,경기도,2023학년도 표준화 심리 검사 용역,(주)가이던스프로,2023-03-28,나라장터
표준화 심리 검사,태안초등학교,경기도,2023학년도 표준화 심리검사 용역 계약,학교표준화심리검사평가 연구소,2023-03-28,나라장터
표준화 심리 검사,성일중학교,경기도,2023학년도 표준화심리검사 용역,키팻한국심리적성검사연구소,2023-03-28,나라장터
표준화 심리 검사,포항중앙고등학교,경상북도,"2023학년도 1,2학년 대상 표준화 심리검사 실시",한국심리적성검사연구소,,나라장터
표준화 심리 검사,포항중앙고등학교,경상북도,"2023학년도 1,2학년 대상 표준화 심리검사 실시",한국심리적성검사연구소,2023-03-28,나라장터
표준화 심리 검사,경일관광경영고등학교,,"2023학년도 1,2,3학년 표준화심리 검사 및 결과 해설 용역",(주)가이던스프로,2023-03-31,나라장터
표준화 심리 검사,운양중학교,경기도,2023학년도 표준화 심리검사 실시 계약,(주)휴노,2023-03-30,나라장터
표준화 심리 검사,초당초등학교,경기도,2023학년도 초당초 표준화심리검사 용역,(주)가이던스프로,2023-03-31,나라장터
표준화 심리 검사,안현초등학교,경기도,"2023학년도 안현초등학교 5,6학년 표준화 심리검사 계약",(주)휴노,2023-03-31,나라장터
표준화 심리 검사,구운중학교,경기도,2023학년도 구운중학교 표준화심리검사 실시 계약,주식회사 어세스타,2023-03-31,나라장터
표준화 심리 검사,갈매중학교,경기도,2023년 표준화 심리검사 계약,주식회사 디에스 컴퍼니,2023-03-31,나라장터
표준화 심리 검사,진해냉천중학교,경상남도,2023년도 표준화 심리검사지 구입,혜안심리연구소,2023-04-04,나라장터
표준화 심리 검사,여강중학교,경기도,2023학년도 여강중학교 표준화 심리검사교재 구입계약,대동교육사,2023-04-10,나라장터
표준화 심리 검사,중원중학교,경기도,2023학년도 학생표준화 심리검사 실시 물품 구입 및 해석상담,(주)가이던스프로,2023-04-13,나라장터
표준화 심리 검사,현화중학교,경기도,2023년 표준화 심리검사지 구입,"한국가이던스 오산,평택지사 두리교육",2023-04-17,나라장터
표준화 심리 검사,방교중학교,경기도,방교중 표준화심리검사 구입,와이즈멘토 유한회사,2023-04-24,나라장터
표준화 심리 검사,방교중학교,경기도,"방교중 표준화심리검사 구입(1,2학년)",와이즈멘토 유한회사,,나라장터
V-AMT,동일미래과학고등학교,전남광주통합특별시(광주),V-AMT 소프트웨어 구입 계약,유한회사 창해,2023-02-24,나라장터
V-AMT,두원공업고등학교,경기도,두원공업고등학교 미래역량강화사업 기자재 (V-AMT) 계약,주식회사 큐빅테크,2023-05-16,나라장터
V-AMT,안산공업고등학교,경기도,2023년 안산공업고등학교 NCS기반 실습기자재 소프트웨어 (V-AMT) 구매,주식회사 큐빅테크,2023-06-12,나라장터
V-AMT,김포과학기술고등학교,경기도,2024학년도 김포과학기술고 산학일체형 도제학교 기자재 구입(V-AMT),주식회사 큐빅테크,2024-07-22,나라장터
V-AMT,경북과학기술고등학교,경상북도,경북과학기술고등학교 전기전자과 기자재(V-AMT) 구매,(주)젠소프트,2024-12-12,나라장터
V-AMT,송원여자상업고등학교,,(재구조화) 내선공사실습실 기자재(V-AMT 내선공사 시뮬레이션 프로그램) 구입,(주)스팀솔루션,2025-11-04,나라장터
V-AMT,송원여자상업고등학교,,(재구조화) 내선공사실습실 기자재(V-AMT 내선공사 시뮬레이션 프로그램) 구입,(주)스팀솔루션,2025-11-04,나라장터
[스쿨톡] 교원안심번호,장곡초등학교,경기도,장곡초 2023학년도 교원안심번호(말톡오피스)서비스 구매 계약,주식회사 다이얼커뮤니케이션즈,2023-03-06,나라장터
[스쿨톡] 교원안심번호,서울당현초등학교,서울특별시,2023학년도 서울당현초등학교 교원안심번호서비스,주식회사 다이얼커뮤니케이션즈,2023-02-10,나라장터
[스쿨톡] 교원안심번호,서울양명초등학교,서울특별시,2023학년도 교원 안심번호 서비스(말톡 오피스) 사용 계약 체결,주식회사 다이얼커뮤니케이션즈,2023-02-03,나라장터
[스쿨톡] 교원안심번호,서울개운초등학교,서울특별시,2023학년도 개운초 교원안심번호 서비스 사용 계약,주식회사 다이얼커뮤니케이션즈,2023-03-01,나라장터
[스쿨톡] 교원안심번호,한여울초등학교,경기도,2023학년도 교원 안심번호서비스 사용 계약,주식회사 티로그텔레콤,2023-02-15,나라장터
[스쿨톡] 교원안심번호,서울광장초등학교,서울특별시,광장초 교원 안심번호 서비스 유지보수,주식회사 다이얼커뮤니케이션즈,2023-02-23,나라장터
[스쿨톡] 교원안심번호,금오초등학교,경기도,2023학년도 금오초등학교 교원 안심번호 서비스 용역 계약,주식회사 티로그텔레콤,2023-02-22,나라장터
[스쿨톡] 교원안심번호,서울당현초등학교,서울특별시,2023학년도 서울당현초등학교 교원안심번호서비스,주식회사 다이얼커뮤니케이션즈,2023-02-24,나라장터
[스쿨톡] 교원안심번호,다솔초등학교,경기도,2023학년도 교원안심번호 서비스이용 용역 계약,주식회사 티로그텔레콤,2023-02-28,나라장터
[스쿨톡] 교원안심번호,서울서빙고초등학교,서울특별시,2023학년도 서울서빙고초등학교 교원안심번호 사용 계약,주식회사 다이얼커뮤니케이션즈,2023-02-27,나라장터
[스쿨톡] 교원안심번호,서울돈암초등학교,서울특별시,말톡 교원 안심번호 서비스 용역,주식회사 다이얼커뮤니케이션즈,2023-02-24,나라장터
[스쿨톡] 교원안심번호,목포백련초등학교,전남광주통합특별시(전남),2023학년도 말톡 오피스(교원안심번호 서비스),주식회사 다이얼커뮤니케이션즈,2023-03-13,나라장터
[스쿨톡] 교원안심번호,발곡고등학교,경기도,발곡고등학교 티처콜 교원 안심번호서비스 이용,주식회사 티로그텔레콤,2023-03-13,나라장터
[스쿨톡] 교원안심번호,창릉초등학교,경기도,2023년 창릉초 교원안심번호 서비스 이용계약,주식회사 다이얼커뮤니케이션즈,2023-03-01,나라장터
[스쿨톡] 교원안심번호,발곡고등학교,경기도,발곡고등학교 티처콜 교원 안심번호서비스 이용 계약금액 변경,주식회사 티로그텔레콤,2023-04-03,나라장터
[스쿨톡] 교원안심번호,안화초등학교,경기도,안화초 2024학년 교원안심번호 사용 계약,주식회사 티로그텔레콤,2024-03-20,나라장터
[스쿨톡] 교원안심번호,광교초등학교,경기도,2024학년도 광교초등학교 교원안심번호 사용 용역 계약,주식회사 아이스크림미디어,,나라장터
[스쿨톡] 교원안심번호,고양중학교,경기도,2024학년도 교권보호를 위한 교원안심번호서비스 계약,주식회사 티로그텔레콤,2024-02-15,나라장터
[스쿨톡] 교원안심번호,옥정고등학교,경기도,2024학년도 교원 안심번호서비스 용역 계약,주식회사 티로그텔레콤,2024-02-15,나라장터
[스쿨톡] 교원안심번호,서울천왕초등학교,서울특별시,2024학년도 서울천왕초등학교 연간 용역(교원안심번호),주식회사 세이프어드바이져,,나라장터
[스쿨톡] 교원안심번호,인천청라초등학교,인천광역시,천청라초병설유치원 교원 안심번호서비스 용역계약,주식회사 티로그텔레콤,2024-02-22,나라장터
[스쿨톡] 교원안심번호,대안여자중학교,경기도,2024년 대안여중 교원 안심번호서비스 사용 계약,주식회사 티로그텔레콤,2024-03-05,나라장터
[스쿨톡] 교원안심번호,서울장위초등학교,서울특별시,말톡 교원 안심번호 서비스 용역,주식회사 다이얼커뮤니케이션즈,2024-02-26,나라장터
[스쿨톡] 교원안심번호,서울돈암초등학교,서울특별시,(돈암초)2024학년도 말톡 교원 안심번호 서비스 용역,주식회사 다이얼커뮤니케이션즈,2024-02-28,나라장터
[스쿨톡] 교원안심번호,목포백련초등학교,전남광주통합특별시(전남),2024학년도 교원 안심번호 서비스,주식회사 다이얼커뮤니케이션즈,2024-03-04,나라장터
[스쿨톡] 교원안심번호,수원매화초등학교,경기도,수원매화초 교원 안심번호 서비스 프로그램 사용 계약,주식회사 티로그텔레콤,2024-03-05,나라장터
[스쿨톡] 교원안심번호,신기중학교,경기도,2024학년도 교원안심번호 용역 계약,주식회사 티로그텔레콤,2024-03-06,나라장터
[스쿨톡] 교원안심번호,서울소의초등학교,서울특별시,2024학년도 서울소의초 교원안심번호 시스템(말톡) 계약,주식회사 다이얼커뮤니케이션즈,,나라장터
[스쿨톡] 교원안심번호,창릉초등학교,경기도,2024년 교원 안심번호 서비스 이용 계약,주식회사 다이얼커뮤니케이션즈,2024-03-01,나라장터
[스쿨톡] 교원안심번호,정현초등학교,경기도,정현초 교원 안심번호 서비스 계약,주식회사 아이스크림미디어,,나라장터
[스쿨톡] 교원안심번호,인천청라초등학교,인천광역시,2024학년도 인천청라초 교원 안심번호 운영 계약,주식회사 다이얼커뮤니케이션즈,2024-03-01,나라장터
[스쿨톡] 교원안심번호,인천청라초등학교,인천광역시,2024학년도 인천청라초 교원 안심번호 운영 변경 계약,주식회사 다이얼커뮤니케이션즈,2024-09-11,나라장터
[스쿨톡] 교원안심번호,성남화랑초등학교,경기도,2025학년도 교원안심번호 서비스 사용 계약,주식회사 티로그텔레콤,2025-02-19,나라장터
[스쿨톡] 교원안심번호,둔전제일초등학교,경기도,2025학년도 둔전제일초 교원 안심번호서비스 사용계약,주식회사 티로그텔레콤,2025-02-24,나라장터
[스쿨톡] 교원안심번호,성남화랑초등학교,경기도,2025학년도 교원안심번호 서비스 사용 계약,주식회사 티로그텔레콤,2025-02-19,나라장터
[스쿨톡] 교원안심번호,둔전제일초등학교,경기도,2025학년도 둔전제일초 교원 안심번호서비스 사용계약,주식회사 티로그텔레콤,2025-02-24,나라장터
[스쿨톡] 교원안심번호,옥정고등학교,경기도,2025학년도 교원 안심번호서비스 용역 계약,주식회사 티로그텔레콤,2025-02-26,나라장터
[스쿨톡] 교원안심번호,수원매화초등학교,경기도,수원매화초 2025학년도 교원 안심번호 프로그램 사용 계약,주식회사 티로그텔레콤,2025-02-24,나라장터
[스쿨톡] 교원안심번호,둔전제일초등학교,경기도,2025학년도 둔전제일초 교원 안심번호서비스 사용계약,주식회사 티로그텔레콤,2025-02-24,나라장터
[스쿨톡] 교원안심번호,수원매화초등학교,경기도,수원매화초 2025학년도 교원 안심번호 프로그램 사용 계약,주식회사 티로그텔레콤,2025-02-24,나라장터
[스쿨톡] 교원안심번호,옥정고등학교,경기도,2025학년도 교원 안심번호서비스 용역 계약,주식회사 티로그텔레콤,2025-02-26,나라장터
[스쿨톡] 교원안심번호,서울돈암초등학교,서울특별시,[돈암초] 2025학년도 교원안심번호(티처콜)서비스 용역,주식회사 티로그텔레콤,2025-02-27,나라장터
[스쿨톡] 교원안심번호,신기중학교,경기도,2025학년도 교원안심번호 사용 계약 ,주식회사 티로그텔레콤,2025-02-28,나라장터
[스쿨톡] 교원안심번호,신기중학교,경기도,2024학년도 교원안심번호 용역 계약,주식회사 티로그텔레콤,2025-02-28,나라장터
[스쿨톡] 교원안심번호,서울돈암초등학교,서울특별시,[돈암초] 2025학년도 교원안심번호(티처콜)서비스 용역,주식회사 티로그텔레콤,2025-02-27,나라장터
[스쿨톡] 교원안심번호,신기중학교,경기도,2025학년도 교원안심번호 사용 계약 ,주식회사 티로그텔레콤,2025-02-28,나라장터
[스쿨톡] 교원안심번호,신기중학교,경기도,2024학년도 교원안심번호 용역 계약,주식회사 티로그텔레콤,2025-02-28,나라장터
[스쿨톡] 교원안심번호,대안여자중학교,경기도,2025학년도 대안여중 교원안심번호 서비스 이용 ,주식회사 티로그텔레콤,2025-03-06,나라장터
[스쿨톡] 교원안심번호,대안여자중학교,경기도,2025학년도 대안여중 교원안심번호 서비스 이용 ,주식회사 티로그텔레콤,2025-03-06,나라장터
[스쿨톡] 교원안심번호,계원예술중학교,경기도,2025학년도 계원예술중학교 터치콜 교원안심번호 서비스 ,주식회사 티로그텔레콤,2025-02-28,나라장터
[스쿨톡] 출결관리 시스템,대전이문고등학교,대전광역시,대전이문고등학교 출결관리시스템 구매 계약,(주)쿨스쿨,2023-03-07,나라장터
[스쿨톡] 출결관리 시스템,서초고등학교,서울특별시,2023학년도 출결관리시스템 유지보수용역 계약,(주)씨솔,2023-02-28,나라장터
[스쿨톡] 출결관리 시스템,인천갈월초등학교,인천광역시,인천갈월초등학교 돌봄교실 출결관리시스템 구축 물품 구입 계약,주식회사 가치브라더,2023-06-09,나라장터
[스쿨톡] 출결관리 시스템,인천해든초등학교,인천광역시,인천해든초_초등돌봄교실 출결관리시스템 설치,주식회사 가치브라더,2023-06-12,나라장터
[스쿨톡] 출결관리 시스템,인천남동초등학교,인천광역시,초등돌봄교실 출결관리시스템 구입,주식회사 가치브라더,,나라장터
[스쿨톡] 출결관리 시스템,인천소양초등학교,인천광역시,2023학년도 초등돌봄교실 출결관리시스템(안심알림이) 물품 구입 및 유지관리,주식회사 가치브라더,2023-06-26,나라장터
[스쿨톡] 출결관리 시스템,인천조동초등학교,인천광역시,인천조동초 초등돌봄교실 안전관리 출결관리시스템 구축 계약,(주)제이티통신,2023-05-16,나라장터
[스쿨톡] 출결관리 시스템,인천대정초등학교,인천광역시,2023년 돌봄교실 안전관리 출결관리 시스템 사용료 계약,(주)제이티통신,2023-05-31,나라장터
[스쿨톡] 출결관리 시스템,인천삼목초등학교,인천광역시,인천삼목초등학교 돌봄교실 출결관리 시스템 용역 계약,주식회사 에스원,2023-06-01,나라장터
[스쿨톡] 출결관리 시스템,인천은봉초등학교,인천광역시,2023학년도 인천은봉초등학교 돌봄교실 출결관리시스템 서비스 사용 계약,(주)제이티통신,2023-06-16,나라장터
[스쿨톡] 출결관리 시스템,인천귤현초등학교,인천광역시,인천귤현초등학교 초등돌봄교실 출결관리시스템(에듀패밀리) 사용 계약,아바드 주식회사,2023-06-26,나라장터
[스쿨톡] 출결관리 시스템,한일초등학교,인천광역시,한일초등학교 돌봄교실 안전관리 출결관리시스템 구축 계약,(주)제이티통신,2023-07-06,나라장터
[스쿨톡] 출결관리 시스템,인천송명초등학교,인천광역시,2023학년도 초등돌봄교실 출결관리시스템 용역 계약,주식회사 가치브라더,2023-07-11,나라장터
[스쿨톡] 출결관리 시스템,인천천마초등학교,인천광역시,초등돌봄교실 및 늘품꿈터 출결관리시스템 설치 및 안심 등하원 알림서비스 계약,주식회사 에스원,2023-07-18,나라장터
[스쿨톡] 출결관리 시스템,인천담방초등학교,인천광역시,초등돌봄교실 출결관리시스템 설치 계약,주식회사 가치브라더,2023-08-23,나라장터
[스쿨톡] 출결관리 시스템,담방초등학교,,초등돌봄교실 출결관리시스템 설치 계약,주식회사 가치브라더,2023-08-23,나라장터
[스쿨톡] 출결관리 시스템,인천인동초등학교,인천광역시,초등돌봄교실 출결관리시스템 구축비,주식회사 가치브라더,2023-08-28,나라장터
[스쿨톡] 출결관리 시스템,인동초등학교,경상북도,초등돌봄교실 출결관리시스템 구축비,주식회사 가치브라더,2023-08-28,나라장터
[스쿨톡] 출결관리 시스템,선원초등학교,인천광역시,선원초등학교 초등돌봄교실 출결관리시스템 서비스용역 계약,주식회사 가치브라더,2023-08-29,나라장터
[스쿨톡] 출결관리 시스템,서울중화초등학교,서울특별시,2023 돌봄교실 출결관리 시스템 구축,(주)제이티통신,2023-09-18,나라장터
[스쿨톡] 출결관리 시스템,서울일원초등학교,서울특별시,2023학년도 초등돌봄교실 출결관리시스템(임대) 용역계약,주식회사 가치브라더,2023-09-18,나라장터
[스쿨톡] 출결관리 시스템,서울도신초등학교,서울특별시,서울도신초 초등돌봄교실 출결관리시스템 설치 및 운영,주식회사 루키스,2023-09-20,나라장터
[스쿨톡] 출결관리 시스템,서울창천초등학교,서울특별시,창천초 초등돌봄교실 출결관리시스템 설치 계약,(주)제이티통신,2023-09-21,나라장터
[스쿨톡] 출결관리 시스템,창천초등학교,제주특별자치도,창천초 초등돌봄교실 출결관리시스템 설치 계약,(주)제이티통신,2023-09-21,나라장터
[스쿨톡] 출결관리 시스템,화도초등학교,인천광역시,초등돌봄교실 안전관리 강화 지원 용역(전자출결관리시스템),주식회사 가치브라더,2023-09-22,나라장터
[스쿨톡] 출결관리 시스템,서울송전초등학교,서울특별시,서울송전초등학교 돌봄교실 출결관리시스템 설치 계약,주식회사 루키스,2023-09-26,나라장터
[스쿨톡] 출결관리 시스템,서울송파초등학교,서울특별시,서울송파초등학교 초등돌봄교실 출결관리시스템 구축,주식회사 루키스,,나라장터
[스쿨톡] 출결관리 시스템,하남초등학교,,하남초 늘봄학교 및 돌봄교실 출결관리시스템 구매,엠포플러스 주식회사,2023-12-29,나라장터
[스쿨톡] 출결관리 시스템,서울구일초등학교,서울특별시,서울구일초등학교 돌봄교실 입출결관리시스템 구매 계약,(주)제이티통신,2024-01-30,나라장터
[스쿨톡] 출결관리 시스템,푸른솔중학교,경기도,2024학년도 푸른솔중학교 출결 관리 시스템 사용 계약,주식회사 슈퍼스쿨이노베이션,2024-03-05,나라장터
[스쿨톡] 출결관리 시스템,서울송파초등학교,서울특별시,서울송파초등학교 초등돌봄교실 출결관리시스템 설치,주식회사 루키스,2023-12-28,나라장터
[스쿨톡] 출결관리 시스템,서울태릉초등학교,서울특별시,2024 태릉초 돌봄교실 출결관리시스템 구축 계약,(주)제이티통신,2024-01-15,나라장터
[스쿨톡] 출결관리 시스템,서울방학초등학교,서울특별시,초등돌봄교실 출결관리시스템 구축 및 서비스 가입,(주)제이티통신,2024-01-22,나라장터
[스쿨톡] 출결관리 시스템,서초고등학교,서울특별시,2024학년도 출결관리시스템 유지보수 용역,(주)씨솔,2024-02-28,나라장터
[스쿨톡] 출결관리 시스템,갑룡초등학교,인천광역시,2024학년도 갑룡초 돌봄교실 출결관리 시스템 계약,주식회사 에스원,2024-02-29,나라장터
[스쿨톡] 출결관리 시스템,선원초등학교,인천광역시,2024학년도 선원초등학교 초등돌봄교실 출결관리시스템 서비스 용역,주식회사 가치브라더,2024-02-29,나라장터
[스쿨톡] 출결관리 시스템,불은초등학교,인천광역시,불은초등학교 돌봄교실 출결관리시스템 용역 계약,주식회사 에스원,2024-03-11,나라장터
[스쿨톡] 출결관리 시스템,김제농생명마이스터고등학교,전북특별자치도,2024학년도 전자출결관리 시스템 유지관리 용역 계약,주식회사씨드시스템,2024-03-01,나라장터
[스쿨톡] 출결관리 시스템,서울용산초등학교,서울특별시,서울용산초 돌봄교실 출결관리시스템 계약,(주)제이티통신,2024-08-13,나라장터
[스쿨톡] 출결관리 시스템,인천단봉초등학교,인천광역시,2025학년도 인천단봉초등학교 무인경비 및 출결관리시스템 유지관리 용역 계약,주식회사 에스원,2025-02-21,나라장터
[스쿨톡] 출결관리 시스템,인천단봉초등학교,인천광역시,2025학년도 인천단봉초등학교 무인경비 및 출결관리시스템 유지관리 용역 계약,주식회사 에스원,2025-02-21,나라장터
[스쿨톡] 출결관리 시스템,판교고등학교,경기도,2025학년도 출결관리 시스템 계약,주식회사 슈퍼스쿨,2025-03-12,나라장터
[스쿨톡] 출결관리 시스템,판교고등학교,경기도,2025학년도 출결관리 시스템 계약,주식회사 슈퍼스쿨,2025-03-12,나라장터
[스쿨톡] 출결관리 시스템,판교고등학교,경기도,2025학년도 출결관리 시스템 계약,주식회사 슈퍼스쿨,2025-03-12,나라장터
[스쿨톡] 출결관리 시스템,인천인수초등학교,인천광역시, 2025학년도 인수초 늘봄학교운영 전자출결관리시스템 서비스 용역,주식회사 가치브라더,2025-03-21,나라장터
[스쿨톡] 출결관리 시스템,화성월문초등학교,경기도,2025학년도 늘봄학교 출결관리시스템 구축 계약,로데브(주),2025-04-17,나라장터
[스쿨톡] 출결관리 시스템,효원초등학교,경기도,2025 효원초 늘봄학교 출결관리시스템 사용 계약,로데브(주),2025-04-17,나라장터
[스쿨톡] 출결관리 시스템,화성월문초등학교,경기도,2025학년도 늘봄학교 출결관리시스템 구축 계약,로데브(주),2025-04-17,나라장터
[스쿨톡] 출결관리 시스템,효원초등학교,경기도,2025 효원초 늘봄학교 출결관리시스템 사용 계약,로데브(주),2025-04-17,나라장터
[스쿨톡] 출결관리 시스템,금화초등학교,경기도,2025 금화초 늘봄교실 출결관리 시스템 설치,주식회사 루키스,2025-04-18,나라장터
심리검사지,예당초등학교,경기도,2023학년도 2~5학년 심리검사지 구매,학교표준화심리검사평가 연구소,2023-03-10,나라장터
심리검사지,원미고등학교,경기도,"2023년 원미고 1,2학년 진로심리검사지 구매 계약",(주)휴노,2023-03-09,나라장터
심리검사지,매홀중학교,경기도,매홀중 학생표준화 진로탐색 심리검사지 구매계약,(주)휴노,2023-03-08,나라장터
심리검사지,가림중학교,경기도,2023년 진로심리검사지 구매 계약,(주)가이던스프로,2023-03-13,나라장터
심리검사지,연성중학교,경기도,2023학년도 연성중학교 전학년 진로심리검사지 구매계약,(주)가이던스프로,2023-03-13,나라장터
심리검사지,옥정중학교,경기도,옥정중 2023학년도 진로심리검사지 구매,주식회사 디에스 컴퍼니,2023-03-14,나라장터
심리검사지,신백중학교,경기도,2023 표준화 심리검사지 구매 계약,주식회사 어세스타,2023-03-14,나라장터
심리검사지,조원고등학교,경기도,2023학년도 표준화심리검사지 구매 계약,학교표준화심리검사평가 연구소,2023-03-20,나라장터
심리검사지,현화중학교,경기도,2023년 표준화 심리검사지 구입,"한국가이던스 오산,평택지사 두리교육",2023-03-20,나라장터
심리검사지,통진고등학교,경기도,2023학년도  통진고등학교 진로 표준화 심리검사지 구입,(주)가이던스프로,2023-03-20,나라장터
심리검사지,고촌고등학교,경기도,"고촌고 2023학년도 1,2학년 진로심리검사지 구입",INFORMATION 한강,2023-03-20,나라장터
심리검사지,별내고등학교,경기도,별내고등학교 1-2학년 진로심리검사지 구입 계약,태성서적,2023-03-21,나라장터
심리검사지,용인한빛초등학교,경기도,2023학년도 표준화 심리 검사지 구입,대광교육사,2023-03-23,나라장터
심리검사지,원미고등학교,경기도,"2023년 원미고 1,2학년 진로심리검사지 구매 변경 계약",(주)휴노,2023-04-05,나라장터
심리검사지,진해냉천중학교,경상남도,2023년도 표준화 심리검사지 구입,혜안심리연구소,2023-04-04,나라장터
심리검사지,현화중학교,경기도,2023년 표준화 심리검사지 구입,"한국가이던스 오산,평택지사 두리교육",2023-04-17,나라장터
심리검사지,별내고등학교,경기도,별내고등학교 1-2학년 진로심리검사지 구입 계약,태성서적,2023-04-28,나라장터
심리검사지,진해냉천중학교,경상남도,2023년도 표준화 심리검사지 구입,혜안심리연구소,2023-05-12,나라장터
심리검사지,풍생중학교,경기도,2023학년도 학생표준화 심리검사지 구입 건,인성도서/가이던스,2023-05-24,나라장터
심리검사지,효성고등학교,경기도,"효성고 1,2학년 진로표준화심리검사지 구입",인성도서/가이던스,2023-06-27,나라장터
심리검사지,자란초등학교,경기도,"2023학년도 자란초 2,4,6학년용 심리검사지 구매","한국가이던스 오산,평택지사 두리교육",2023-07-04,나라장터
심리검사지,자란초등학교,경기도,"2023학년도 자란초 3, 5학년용 심리검사지 구매",부원서림,,나라장터
심리검사지,자란초등학교,경기도,"2023학년도 자란초 3, 5학년용 심리검사지 구매",부원서림,2023-07-04,나라장터
심리검사지,시흥가온초등학교,경기도,2023학년도 시흥가온초 진로교육 표준화 심리검사지 구입 계약,한국행동심리연구소,2023-11-01,나라장터
심리검사지,매홀중학교,경기도,매홀중 학생 표준화 심리검사지 구매 계약,진로교육사,2024-03-06,나라장터
심리검사지,예당초등학교,경기도,2~4학년 표준화 심리검사지 구매,학교표준화심리검사평가 연구소,2024-03-08,나라장터
심리검사지,과정초등학교,부산광역시,과정초등학교 표준화 심리검사지 구매,한국심리적성검사연구소,2024-03-07,나라장터
심리검사지,별내고등학교,경기도,별내고등학교 1~2학년 진로심리검사지 구입,미래교육,2024-03-15,나라장터
심리검사지,죽전중학교,경기도,죽전중 2024학년도 표준화 심리검사지 구입,용인 천재교육,2024-03-15,나라장터
심리검사지,화도초등학교,경기도,2024학년도 학생표준화 심리검사지 구입계약,미래교육,2024-03-26,나라장터
심리검사지,매홀중학교,경기도,(변경)매홀중 학생 표준화 심리검사지 구매 계약,진로교육사,2024-03-22,나라장터
심리검사지,안산해솔중학교,경기도,2024 안산해솔중학교 표준화심리검사지 구입,동명문고,2024-03-26,나라장터
심리검사지,여강중학교,경기도,2024학년도 여강중학교 표준화 심리검사지 구입,대동교육사,2024-04-04,나라장터
심리검사지,별내고등학교,경기도,별내고등학교 1~2학년 진로심리검사지 구입 변경 계약,미래교육,2024-04-04,나라장터
심리검사지,신백중학교,경기도,2024 표준화 심리검사지 구매 계약,주식회사 어세스타,2024-04-12,나라장터
심리검사지,안산해솔중학교,경기도,2024 안산해솔중학교 표준화심리검사지 구입(정산감액),동명문고,2024-04-12,나라장터
심리검사지,화도초등학교,경기도,2024학년도 학생표준화 심리검사지 구입 변경계약,미래교육,2024-04-15,나라장터
심리검사지,용인한빛초등학교,경기도,2024학년도 표준화 심리 검사지 구입,대광교육사,2024-04-15,나라장터
심리검사지,인천석암초등학교,인천광역시,진로심리검사지 구매 계약,(주)가이던스프로,2024-05-03,나라장터
심리검사지,시흥가온초등학교,경기도,2024학년도 시흥가온초 진로교육 표준화 심리검사지 구입 계약,한국행동심리연구소,2024-05-31,나라장터
심리검사지,풍생중학교,경기도,풍생중학교 2024학년도 학생 표준화 심리검사지 구입 건,인성도서/가이던스,2024-05-22,나라장터
심리검사지,방교중학교,경기도,"2024학년도 방교중학교 1,2학년 표준화심리검사지 구매",(주)인싸이트,2024-09-23,나라장터
심리검사지,효성고등학교,경기도,효성고 진로 표준화심리검사지 구입,인성도서/가이던스,2024-11-18,나라장터
심리검사지,방교중학교,경기도,"2024학년도 방교중학교 1,2학년 표준화심리검사지 구매",(주)인싸이트,2024-11-06,나라장터
심리검사지,통진고등학교,경기도,2025학년도 통진고등학교 진로 표준화 심리검사지 구입,(주)가이던스프로,2025-03-11,나라장터
심리검사지,통진고등학교,경기도,2025학년도 통진고등학교 진로 표준화 심리검사지 구입,(주)가이던스프로,2025-03-11,나라장터
심리검사지,과정초등학교,부산광역시,2025학년도 표준화심리검사지 구입,키팻한국심리적성검사연구소,2025-03-13,나라장터
심리검사지,과정초등학교,부산광역시,2025학년도 표준화심리검사지 구입,키팻한국심리적성검사연구소,2025-03-13,나라장터
심리검사지,권선고등학교,경기도,2025학년도 1학년 진로역량강화 진로캠프-표준화 심리 검사지 구입 계약,주식회사 어세스타,2025-03-13,나라장터
심리검사지,권선고등학교,경기도,2025학년도 1학년 진로역량강화 진로캠프-표준화 심리 검사지 구입 계약,주식회사 어세스타,2025-03-13,나라장터
온라인 수강 신청,운천고등학교,경기도,운천고등학교 온라인 수강신청 프로그램 구매,아이티메인주식회사,2023-03-09,나라장터
온라인 수강 신청,화정고등학교,경기도,온라인 수강신청 프로그램 구입,아이티메인주식회사,2023-09-06,나라장터
온라인 수강 신청,용호고등학교,경기도,용호고등학교 2024학년도 온라인 수강신청 프로그램 구입 G2B 전자계약 체결,아이티메인주식회사,2024-04-09,나라장터
온라인 수강 신청,화정고등학교,경기도,온라인 수강신청 프로그램 구입,아이티메인주식회사,2024-08-30,나라장터
온라인 수강 신청,등명중학교,서울특별시,1학년 자유학년제 온라인 수강신청 프로그램 연장 유지보수,아이티메인주식회사,2024-09-10,나라장터
온라인 수강 신청,서연고등학교,경기도,서연고 온라인 수강신청 프로그램 설치 계약,주식회사 리로소프트,2025-03-31,나라장터
온라인 수강 신청,서연고등학교,경기도,서연고 온라인 수강신청 프로그램 설치 계약,주식회사 리로소프트,2025-03-31,나라장터
온라인 수강 신청,주성고등학교,충청북도,2025년 주성고 교육과정 온라인 수강신청 프로그램 구입,아이티메인주식회사,2025-06-20,나라장터
온라인 수강 신청,주성고등학교,충청북도,2025년 주성고 교육과정 온라인 수강신청 프로그램 구입,아이티메인주식회사,2025-06-20,나라장터
학교종이,양일초등학교,경기도,2023학년도 학교종이 어플리케이션 구매 계약,주식회사 학교종이,2023-03-08,나라장터
학교종이,대평초등학교,경기도,2023학년도 학교종이 연간사용권 구매,주식회사 학교종이,2023-02-06,나라장터
학교종이,창명여자중학교,경기도,창명여자중학교 종이가방 제작 계약,끌림광고디자인,2023-02-07,나라장터
학교종이,구영중학교,울산광역시,2023학년도 학교종이앱 서비스 사용,주식회사 학교종이,2023-02-24,나라장터
학교종이,온양중앙초등학교,충청남도,2023학년도 학교종이 용역 계약,주식회사 학교종이,2023-02-27,나라장터
학교종이,전주오송초등학교,전북특별자치도,2023학년도 전주오송초 학교종이앱 사용권 계약,주식회사 학교종이,2023-02-27,나라장터
학교종이,대구옥산초등학교,대구광역시,2023학년도 학교종이 앱 서비스 사용 계약,주식회사 학교종이,2023-03-02,나라장터
학교종이,하안북초등학교,경기도,2023학년도 학교종이 프로그램 사용 계약,주식회사 학교종이,2023-03-06,나라장터
학교종이,오산고현초등학교,경기도,2023학년도 오산고현초 학교종이 서비스 사용 계약,주식회사 학교종이,2023-03-07,나라장터
학교종이,수원신곡초등학교,경기도,2023학년도 학교종이 사용계약,주식회사 학교종이,2023-03-08,나라장터
학교종이,아산공수초등학교,충청남도,2023년 학교종이 사용권 계약,주식회사 학교종이,2023-03-03,나라장터
학교종이,선행초등학교,경기도,선행초 2023학년도 학교종이 앱 서비스 용역,주식회사 학교종이,2023-03-16,나라장터
학교종이,내유초등학교,경기도,내유초등학교 학교종이 앱 사용 계약,주식회사 학교종이,2023-03-29,나라장터
학교종이,중동초등학교,경기도,2023년 학교종이 애플리케이션 사용료 계약,주식회사 학교종이,2023-03-03,나라장터
학교종이,중동초등학교,경기도,2023년 학교종이 애플리케이션 사용권 구매 계약,주식회사 학교종이,2023-03-03,나라장터
학교종이,서울목동초등학교,서울특별시,"23년 2기 방과후학교(종이접기,비즈,클레이) 재료 구매",화인공예,2023-11-22,나라장터
학교종이,대구대산초등학교,대구광역시,대구대산초등학교 학교종이 앱서비스 사용권 구매,주식회사 학교종이,2024-03-01,나라장터
학교종이,대평초등학교,경기도,2024학년도 스마트알림장(학교종이) 연간사용권 구매계약,주식회사 학교종이,2024-01-15,나라장터
학교종이,온양중앙초등학교,충청남도,2024학년도 학교종이 용역,주식회사 학교종이,2024-02-06,나라장터
학교종이,구영중학교,울산광역시,2024학년도 학교종이앱 서비스 사용,주식회사 학교종이,2024-02-28,나라장터
학교종이,하안북초등학교,경기도,2024학년도 학교종이 프로그램 사용 계약,주식회사 학교종이,2024-02-22,나라장터
학교종이,범서중학교,울산광역시,2024학년도 학교종이(가정통신문앱) 사용,주식회사 학교종이,2024-02-27,나라장터
학교종이,중동초등학교,경기도,2024학년도 중동초등학교 학교종이 사용 계약,주식회사 학교종이,2024-03-04,나라장터
학교종이,대구옥산초등학교,대구광역시,2024학년도 학교종이 앱 서비스 사용 계약,주식회사 학교종이,2024-03-05,나라장터
학교종이,선행초등학교,경기도,선행초 2024학년도 학교종이 앱 서비스 용역,주식회사 학교종이,2024-03-11,나라장터
학교종이,소사벌초등학교,경기도,2024학년도 소사벌초등학교 학교종이 앱 서비스 용역 계약,주식회사 학교종이,2024-04-01,나라장터
학교종이,상서초등학교,충청남도,상서초 STEAM선도학교 종이비행기 체험활동 계약,주식회사 위플레이,2024-09-26,나라장터
학교종이,온양중앙초등학교,충청남도,2025학년도 학교종이 사용권 계약,주식회사 학교종이,2025-02-05,나라장터
학교종이,온양중앙초등학교,충청남도,2025학년도 학교종이 사용권 계약,주식회사 학교종이,2025-02-05,나라장터
학교종이,온양중앙초등학교,충청남도,2025학년도 학교종이 사용권 계약,주식회사 학교종이,2025-02-05,나라장터
학교종이,구영중학교,울산광역시,2025학년도 학교종이앱 서비스 용역,주식회사 학교종이,2025-02-26,나라장터
학교종이,하안북초등학교,경기도,2025학년도 학교종이 프로그램 사용 계약,주식회사 학교종이,2025-02-20,나라장터
학교종이,하안북초등학교,경기도,2025학년도 학교종이 프로그램 사용 계약,주식회사 학교종이,2025-02-20,나라장터
학교종이,구영중학교,울산광역시,2025학년도 학교종이앱 서비스 용역,주식회사 학교종이,2025-02-26,나라장터
학교종이,범서중학교,울산광역시,2025학년도 범서중학교 학교종이(가정통신문앱) 사용,주식회사 학교종이,2025-02-27,나라장터
학교종이,범서중학교,울산광역시,2025학년도 범서중학교 학교종이(가정통신문앱) 사용,주식회사 학교종이,2025-02-27,나라장터
학교종이,범서중학교,울산광역시,2025학년도 범서중학교 학교종이(가정통신문앱) 사용,주식회사 학교종이,2025-02-27,나라장터
학교종이,중동초등학교,경기도,2025학년도 중동초등학교 학교종이 사용 계약,주식회사 학교종이,2025-03-04,나라장터
학교종이,중동초등학교,경기도,2025학년도 중동초등학교 학교종이 사용 계약,주식회사 학교종이,2025-03-04,나라장터
학교종이,대구옥산초등학교,대구광역시,2025학년도 학교종이 앱 서비스 사용 계약,주식회사 학교종이,2025-03-05,나라장터
학교종이,대구옥산초등학교,대구광역시,2025학년도 학교종이 앱 서비스 사용 계약,주식회사 학교종이,2025-03-05,나라장터
학교종이,와우초등학교,경기도,2025학년도 와우초등학교 학교종이 사용 계약,주식회사 학교종이,2025-03-06,나라장터
학교종이,와우초등학교,경기도,2025학년도 와우초등학교 학교종이 사용 계약,주식회사 학교종이,2025-03-06,나라장터
학교종이,소사벌초등학교,경기도,2025학년도 소사벌초등학교 학교종이 앱 서비스 용역 계약,주식회사 학교종이,2025-03-10,나라장터
학교종이,소사벌초등학교,경기도,2025학년도 소사벌초등학교 학교종이 앱 서비스 용역 계약,주식회사 학교종이,2025-03-10,나라장터
학교종이,선행초등학교,경기도,2025학년도  선행초 학교종이 어플 서비스 용역 계약,주식회사 학교종이,2025-03-11,나라장터
학교종이,선행초등학교,경기도,2025학년도  선행초 학교종이 어플 서비스 용역 계약,주식회사 학교종이,2025-03-11,나라장터
학교종이,목포정명여자중학교,전남광주통합특별시(전남),목포정명여자중학교 학교종이 웹기반 앱서비스(스마트 가정통신 앱 ) 구매 계약,주식회사 학교종이,,나라장터
학교종이,대평초등학교,경기도,2026학년도 학교종이 연간사용권 구매계약,주식회사 학교종이,2025-11-19,나라장터
학교종이,대평초등학교,경기도,2026학년도 학교종이 연간사용권 구매계약,주식회사 학교종이,2025-11-19,나라장터
대학입학정보프로그램 유니브,예당고등학교,경기도,예당고등학교 2023학년도 진학지도 프로그램(UNIV) 구입,(주)비엘소프트,2023-03-08,나라장터
대학입학정보프로그램 유니브,의정부고등학교,경기도,의정부고 2023 입시상담프로그램(UNIV) 구매계약,(주)비엘소프트,2023-03-06,나라장터
대학입학정보프로그램 유니브,온양여자고등학교,충청남도,순천향대 open university 전공체험에 대한 버스 임차,남산관광(자),,나라장터
대학입학정보프로그램 유니브,온양여자고등학교,충청남도,순천향대 open universtiy 전공체험에 대한 버스 임차,남산관광(자),2023-07-10,나라장터
대학입학정보프로그램 유니브,의정부고등학교,경기도,의정부고 2024 입시상담프로그램(UNIV)구매계약,(주)비엘소프트,2024-03-06,나라장터
대학입학정보프로그램 유니브,부여고등학교,충청남도,2024학년도 1학년 K1-Univ 전공체험학습 버스 임차 용역,통일관광주식회사,2024-05-08,나라장터
대학입학정보프로그램 유니브,의정부고등학교,경기도,의정부고등학교 2025 입시상담프로그램(UNIV)구매계약,(주)비엘소프트,2025-03-06,나라장터
대학입학정보프로그램 유니브,의정부고등학교,경기도,의정부고등학교 2025 입시상담프로그램(UNIV)구매계약,(주)비엘소프트,2025-03-06,나라장터
대학입학정보프로그램 유니브,의정부고등학교,경기도,2026학년도 의정부고등학교 입시상담 프로그램(UNIV) 구매 계약,(주)비엘소프트,2026-03-05,나라장터
대학입학정보프로그램 유니브,의정부고등학교,경기도,2026학년도 의정부고등학교 입시상담 프로그램(UNIV) 구매 계약,(주)비엘소프트,2026-03-05,나라장터
대학입학정보프로그램 유니브,화담고등학교,경기도,(화담고) 2026학년도 및 2027학년도 대학진학지도 프로그램 유니브(UNIV) 구입,(주)비엘소프트,2026-04-29,나라장터
대학입학정보프로그램 유니브,화담고등학교,경기도,(화담고) 2026학년도 및 2027학년도 대학진학지도 프로그램 유니브(UNIV) 구입,(주)비엘소프트,2026-04-29,나라장터
진학관리프로그램,낙생고등학교,경기도,2023학년도 진학관리프로그램 구입 계약,김영일교육컨설팅(주),2023-03-01,나라장터
진학관리프로그램,율곡고등학교,경기도,2024학년도 진로진학관리 프로그램 용역 계약 건,주식회사 리로소프트,2024-02-23,나라장터
진학관리프로그램,낙생고등학교,경기도,2024학년도 진학관리프로그램(유웨이 입시매니저) 사용 계약,주식회사 유웨이,2024-04-17,나라장터
진학관리프로그램,단양고등학교,충청북도,2024학년도 학생 진로진학 관리 프로그램 사용 계약,주식회사 리로소프트,2024-03-01,나라장터
진학관리프로그램,율곡고등학교,경기도,2025학년도 진로진학관리 프로그램 용역,주식회사 리로소프트,2025-02-24,나라장터
진학관리프로그램,율곡고등학교,경기도,2025학년도 진로진학관리 프로그램 용역,주식회사 리로소프트,2025-02-24,나라장터
진학관리프로그램,낙생고등학교,경기도,25학년도 진학관리프로그램(김영일교육컨설팅) 계약,김영일교육컨설팅(주),2025-03-01,나라장터
진학관리프로그램,낙생고등학교,경기도,25학년도 진학관리프로그램(김영일교육컨설팅) 계약,김영일교육컨설팅(주),2025-03-01,나라장터
진학관리프로그램,낙생고등학교,경기도,2025학년도 진학관리프로그램(유웨이 입시매니저) 사용 계약,주식회사 유웨이,2025-04-01,나라장터
진학관리프로그램,낙생고등학교,경기도,2025학년도 진학관리프로그램(유웨이 입시매니저) 사용 계약,주식회사 유웨이,2025-04-01,나라장터
진학관리프로그램,율곡고등학교,경기도,2026학년도 율곡고 진로진학관리 프로그램 용역 건,주식회사 리로소프트,2026-02-25,나라장터
진학관리프로그램,율곡고등학교,경기도,2026학년도 율곡고 진로진학관리 프로그램 용역 건,주식회사 리로소프트,2026-02-25,나라장터
진학관리프로그램,낙생고등학교,경기도,26학년도 진학관리 프로그램 계약,김영일교육컨설팅(주),2026-03-09,나라장터
진학관리프로그램,낙생고등학교,경기도,26학년도 진학관리 프로그램 계약,김영일교육컨설팅(주),2026-03-09,나라장터
진학관리프로그램,낙생고등학교,경기도,2025학년도 진학관리프로그램(유웨이입시매니저) 사용 계약,주식회사 유웨이,2026-04-10,나라장터
진학관리프로그램,낙생고등학교,경기도,2025학년도 진학관리프로그램(유웨이입시매니저) 사용 계약,주식회사 유웨이,2026-04-10,나라장터
진단수학,관양중학교,경기도,2023학년도 관양중학교 진단수학 라이센스 계약,(주)카디날정보기술,2023-03-15,나라장터
진단수학,관양중학교,경기도,2024년 진단수학 학교 라이선스 계약,(주)카디날정보기술,2024-05-16,나라장터
진단수학,관양중학교,경기도,2024년 진단수학 학교 라이선스 계약,(주)카디날정보기술,,나라장터
진단수학,광주동성중학교,전남광주통합특별시(광주),2024학년도 디지털 선도학교 AI코스웨어(진단수학) 프로그램 사용 계약,(주)카디날정보기술,2024-11-27,나라장터
클래스팅 AI,행신초등학교,경기도,클래스팅 AI프로그램 구입,주식회사 씨티,2023-03-23,나라장터
클래스팅 AI,도장중학교,경기도,도장중 클래스팅 AI러닝 프로그램 운영,주식회사 씨티,2023-03-29,나라장터
클래스팅 AI,한수초등학교,경기도,한수초 2023년 에듀테크 프로그램 (클래스팅 AI 러닝) 구매 계약,주식회사 씨티,2023-04-26,나라장터
클래스팅 AI,서울오정초등학교,서울특별시,2023 인공지능 AI마중물학교 클래스팅 AI 러닝 튜터 이용 계약,주식회사 씨티,2023-04-13,나라장터
클래스팅 AI,고창중학교,경기도,고창중학교 클래스팅 AI러닝 이용권 구매 계약,주식회사 씨티,2023-05-17,나라장터
클래스팅 AI,한국삼육중학교,서울특별시,클래스팅 AI러닝 사용권 계약,주식회사 씨티,2023-05-17,나라장터
클래스팅 AI,금신초등학교,경기도,금신초 2023년 클래스팅 AI러닝 라이센스 구매,주식회사 씨티,2023-05-17,나라장터
클래스팅 AI,배곧누리초등학교,경기도,배곧누리초 AI 맞춤형 교육 시범학교 운영을 위한 클래스팅 AI 코스웨어 구입,주식회사 씨티,2023-05-26,나라장터
클래스팅 AI,안산해양초등학교,경기도,안산해양초 클래스팅 AI 소프트웨어 구매,주식회사 씨티,2023-06-28,나라장터
클래스팅 AI,송산초등학교,경기도,송산초 클래스팅 AI러닝 사용료 계약,주식회사 씨티,2023-04-01,나라장터
클래스팅 AI,일산중학교,경기도,2023학년도 일산중 에듀테크(Edu-Tech) 기반 클래스팅 AI 용역 공급 계약 체결,주식회사 씨티,2023-04-07,나라장터
클래스팅 AI,대구중앙초등학교,대구광역시,2023학년도 온라인 학습 프로그램(클래스팅AI) 이용 계약,주식회사 씨티,2023-04-25,나라장터
클래스팅 AI,대구한솔초등학교,대구광역시,디지털 기반 스마트 선도학교 클래스팅AI러닝 및 디지털 가정통신문 서비스 계약,주식회사 씨티,2023-04-26,나라장터
클래스팅 AI,양곡초등학교,경기도,"2023학년도 5,6학년 클래스팅 AI러닝 소프트웨어 계약",주식회사 씨티,2023-04-28,나라장터
클래스팅 AI,대화중학교,경기도,2023학년도 클래스팅 AI러닝 서비스 용역계약,주식회사 씨티,2023-05-02,나라장터
클래스팅 AI,저동중학교,경기도,저동중 23년 클래스팅 AI프로그램 사용 계약,주식회사 씨티,2023-05-04,나라장터
클래스팅 AI,서울영일초등학교,서울특별시,서울영일초등학교 AI 마중물학교 인공지능 플랫폼(클래스팅 AI 러닝) 사용,주식회사 씨티,2023-05-31,나라장터
클래스팅 AI,영천초등학교,경기도,2023학년도 영천초 클래스팅 AI러닝 프로그램 사용 계약,주식회사 씨티,2023-05-31,나라장터
클래스팅 AI,지행초등학교,경기도,"학습 코스웨어(클래스팅 AI러닝,수학) 구입",주식회사 씨티,2023-08-01,나라장터
클래스팅 AI,임진초등학교,경기도,2023학년도 AI 코스웨어(클래스팅 AI) 구입 계약,주식회사 씨티,2023-09-01,나라장터
클래스팅 AI,인천석남서초등학교,인천광역시,2023학년도 클래스팅 AI구입,주식회사 씨티,2023-08-31,나라장터
클래스팅 AI,소하초등학교,경기도,3학년 클래스팅 AI러닝 프로그램 구입,주식회사 씨티,2023-09-01,나라장터
클래스팅 AI,대불초등학교,전남광주통합특별시(전남),대불초등학교 클래스팅 AI러닝 Pro 콘텐츠 계약,주식회사 씨티,2023-09-27,나라장터
클래스팅 AI,금릉초등학교,경기도,클래스팅 AI활용 평가 시스템 사용 계약,주식회사 씨티,2023-08-28,나라장터
클래스팅 AI,의왕덕성초등학교,경기도,2023학년도 인공지능교육 플랫폼(클래스팅AI러닝) 사용 계약,주식회사 씨티,2023-08-30,나라장터
클래스팅 AI,이솔초등학교,경기도,디지털 선도학교 코스웨어(클래스팅AI) 이용료 계약,주식회사 씨티,2023-08-30,나라장터
클래스팅 AI,소하초등학교,경기도,3학년 클래스팅 AI 러닝 프로그램 운영 계약,주식회사 씨티,,나라장터
클래스팅 AI,대구관천초등학교,대구광역시,2023학년도 AI 코스웨어 프로그램(클래스팅 AI러닝 Pro) 사용 계약,주식회사 씨티,,나라장터
클래스팅 AI,갈산고등학교,충청남도,클래스팅 AI러닝 Pro 및 Life 사용 계약,주식회사 씨티,,나라장터
클래스팅 AI,갈산고등학교,충청남도,클래스팅 AI러닝 Pro 및 Life 사용 계약,주식회사 씨티,2023-09-27,나라장터
클래스팅 AI,천안쌍정초등학교,충청남도,천안쌍정초등학교 AI코스웨이(클래스팅AI) 시스템 사용,주식회사 씨티,,나라장터
클래스팅 AI,원주삼육중학교,강원특별자치도,원주삼육중학교 디지털기반 교육혁신 선도학교 클래스팅 AI Pro 이용 용역 계약,주식회사 씨티,2023-11-01,나라장터
클래스팅 AI,상곡초등학교,충청남도,인공지능 기반 맞춤형 학습/지도 소프트웨어(클래스팅 AI러닝 1) 용역 계약,주식회사 씨티,2023-08-31,나라장터
클래스팅 AI,양곡초등학교,경기도,"2023학년도 양곡초 5,6학년 클래스팅 AI 이용권 구입",주식회사 씨티,2023-12-26,나라장터
클래스팅 AI,원당중학교,경기도,2024학년도 원당중 클래스팅 AI러닝 프로그램 계약,주식회사 씨티,2023-12-27,나라장터
클래스팅 AI,동인초등학교,충청북도,2024. 동인초등학교 클래스팅 AI러닝 사용권 구매,주식회사 씨티,2024-04-02,나라장터
클래스팅 AI,웅담초등학교,경기도,자기주도적 수업을 위한 클래스팅 AI 구입,주식회사 씨티,2024-04-02,나라장터
클래스팅 AI,부천부안초등학교,경기도,부천부안초 2024년 디지털기반 교육혁신 선도학교 AI 코스웨어(클래스팅AI 러닝 Pro) 구입 계약,주식회사 씨티,2024-04-15,나라장터
클래스팅 AI,자유초등학교,경기도,자유초 AI코스웨어(클래스팅A)I소프트웨어 이용권 구입계약,주식회사 씨티,2024-05-28,나라장터
클래스팅 AI,태안초등학교,경기도,2024학년도 태안초 교육지원 서비스(클래스팅 AI러닝) 이용 계약,주식회사 씨티,2024-04-01,나라장터
클래스팅 AI,진위초등학교,경기도,2024학년도 클래스팅AI러닝 서비스 용역 계약,주식회사 씨티,2024-04-12,나라장터
클래스팅 AI,대구중앙초등학교,대구광역시,클래스팅 AI러닝 프로그램 이용계약,주식회사 씨티,2024-04-23,나라장터
클래스팅 AI,영천초등학교,경기도,2024학년도 영천초 클래스팅 AI러닝 프로그램 사용 계약,주식회사 씨티,2024-05-30,나라장터
클래스팅 AI,부천부안초등학교,경기도,2024년 2학기 디지털기반 교육혁신 선도학교 AI 코스웨어(클래스팅AI 러닝 Pro) 구입 계약,주식회사 씨티,2024-08-13,나라장터
클래스팅 AI,자유초등학교,경기도,"자유초 AI코스웨어(클래스팅AI)소프트웨어 이용권 구매계약(사회,수학)",주식회사 씨티,2024-09-24,나라장터
클래스팅 AI,단원중학교,경기도,단원중 클래스팅 AI 코스웨어 사용 용역계약,주식회사 씨티,2024-07-15,나라장터
클래스팅 AI,양곡초등학교,경기도,5~6학년 클래스팅AI 수학이용권 구입,주식회사 씨티,2024-09-02,나라장터
클래스팅 AI,금릉초등학교,경기도,금릉초 AI활용 수업을 위한 코스웨이(클래스팅 AI) 사용 계약,주식회사 씨티,2024-09-01,나라장터
클래스팅 AI,한양초등학교,서울특별시,AI 코스웨어(클래스팅 AI) 구입,주식회사 씨티,2024-10-22,나라장터
클래스팅 AI,진위초등학교,경기도,2024학년도 클래스팅AI러닝 서비스 용역 계약(사회),주식회사 씨티,2024-09-26,나라장터
디비피아,수성고등학교,경기도,2023학년도 DBPIA 전체 패키지 구매 계약,주식회사 누리미디어,2023-03-23,나라장터
디비피아,천천고등학교,경기도,2023학년도 학술논문 연구 웹사이트(DBPIA) 구입,주식회사 누리미디어,2023-03-27,나라장터
디비피아,백산고등학교,전북특별자치도,2023학년도 백산고등학교 DBPIA 패키지 구입,주식회사 누리미디어,2023-03-01,나라장터
디비피아,기흥고등학교,경기도,2023학년도 DBPIA프로그램 사용 계약,주식회사 누리미디어,2023-03-01,나라장터
디비피아,신명여자고등학교,인천광역시,신명여자고등학교 2023년 DBPIA 1년 사용권 구입,주식회사 누리미디어,2023-03-20,나라장터
디비피아,원곡고등학교,경기도,2023학년도 DBpia 학술 콘텐츠 구독 계약 건,주식회사 누리미디어,2023-03-30,나라장터
디비피아,낙생고등학교,경기도,DBpia 정기구독 신청관련 계약,주식회사 누리미디어,2023-06-15,나라장터
디비피아,부영여자고등학교,전남광주통합특별시(전남),2023학년도 과학과 데이터베이스 운영 프로그램 구입(논문검색사이트 연간구독권: DBPIA),주식회사 누리미디어,2023-06-26,나라장터
디비피아,흥진고등학교,경기도,2023년 DBPIA(논문 전자책 서비스) 사용 계약,주식회사 누리미디어,2023-06-28,나라장터
디비피아,보문고등학교,,보문고등학교 논문검색서비스(DBPia) 구독 계약,주식회사 누리미디어,2023-04-24,나라장터
디비피아,보정고등학교,경기도,[꿈찾아드림]전자저널 및 논문 검색을 위한 DBPIA 전체 패키지 연간 이용 계약,주식회사 누리미디어,2023-04-25,나라장터
디비피아,해강고등학교,부산광역시,2023학년도 학술 원문 정보 사용을 위한 DBPia 라이센스 계약,주식회사 누리미디어,2023-05-25,나라장터
디비피아,순천제일고등학교,전남광주통합특별시(전남),학술정보활용 서비스(DBPIA 전체 패키지) 계약,주식회사 누리미디어,2023-06-26,나라장터
디비피아,화명고등학교,부산광역시,논문자료검색 이용을 위한 DBPIA 구입,주식회사 누리미디어,2023-09-12,나라장터
디비피아,충북여자고등학교,충청북도,충북여자고등학교 DBPIA 프로그램 구입 계약,주식회사 누리미디어,2023-10-04,나라장터
디비피아,광명북고등학교,경기도,DBpia 학술논문 플랫폼 활용을 위한 논문서비스 이용 용역 계약,주식회사 누리미디어,2023-08-29,나라장터
디비피아,청석고등학교,충청북도,청석고등학교 DBPIA 프로그램 구입,주식회사 누리미디어,2023-11-28,나라장터
디비피아,동화고등학교,경기도,동화고 2024학년도 DBpia 계약,주식회사 누리미디어,2023-12-15,나라장터
디비피아,아산고등학교,충청남도,아산고 2024 DBPIA 전체 패키지 구입,주식회사 누리미디어,2024-03-13,나라장터
디비피아,마석고등학교,경기도,2024년도 디비피아(DBpia) 학술원문서비스 구독 신청,주식회사 누리미디어,2024-03-21,나라장터
디비피아,보은여자고등학교,충청북도,2024학년도 DBPIA 데이터 베이스 연간 사용료 용역 계약,주식회사 누리미디어,2024-03-01,나라장터
디비피아,기흥고등학교,경기도,2024학년도 고교학점제 DBPIA 프로그램 사용 계약,주식회사 누리미디어,2024-03-01,나라장터
디비피아,통진고등학교,경기도,2024학년도 통진고등학교 학술논문 접속 서비스(DBpia)구독 서비스 계약,주식회사 누리미디어,2024-03-18,나라장터
디비피아,영생고등학교,경기도,DBpia 사용,주식회사 누리미디어,2024-03-18,나라장터
디비피아,분당고등학교,경기도,DBPIA 사용권 구매,주식회사 누리미디어,2024-03-28,나라장터
디비피아,도래울고등학교,경기도,2024 논문게재사이트 프로그램(DBPIA) 구입 계약,주식회사 누리미디어,2024-04-04,나라장터
디비피아,안산강서고등학교,경기도,2024년 안산강서고  DBpia 1171종 구독,주식회사 누리미디어,2024-04-12,나라장터
디비피아,전북외국어고등학교,전북특별자치도,소프트웨어[2024년 DBPIA  라이센스] 사용권[1년],주식회사 누리미디어,2024-04-15,나라장터
디비피아,포항중앙여자고등학교,경상북도,교과교실제를 위한 DBPIA 구독 서비스 가입,주식회사 누리미디어,2024-04-25,나라장터
디비피아,광주중앙고등학교,경기도,광주중앙고 국내학술정보포털(DBpia) 구독권 구입,주식회사 누리미디어,2024-04-26,나라장터
디비피아,효양고등학교,경기도,효양고등학교 학술전자저널 DBpia 구독,주식회사 누리미디어,2024-05-07,나라장터
디비피아,와부고등학교,경기도,2024년 DBPIA  전체 패키지 구입,주식회사 누리미디어,2024-05-07,나라장터
디비피아,전남외국어고등학교,전남광주통합특별시(전남),전남외국어고등학교 DBPIA 패키지 구입,주식회사 누리미디어,2024-05-16,나라장터
디비피아,흥진고등학교,경기도,2024학년도 DBPIA(논문 전자책 서비스) 사용 계약,주식회사 누리미디어,2024-06-21,나라장터
디비피아,감일고등학교,경기도,감일고 학교도서관 에듀테크 교육콘텐츠(디비피아) 구독 계약,주식회사 누리미디어,2024-04-01,나라장터
디비피아,포항이동고등학교,경상북도,온라인 학술 플랫폼(2024년 DBPIA 전체 패키지 1711종),주식회사 누리미디어,2024-04-09,나라장터
디비피아,보정고등학교,경기도,보정고 꿈찾아드림 행복한 과학 프로젝트 DBPIA 논문 검색 사이트 연간 이용 계약,주식회사 누리미디어,2024-04-17,나라장터
디비피아,낙생고등학교,경기도,DBPIA 정기구독 계약,주식회사 누리미디어,2024-06-11,나라장터
디비피아,해강고등학교,부산광역시,2024학년도 학술원문정보 사용을 위한 DBPia 라이센스 계약,주식회사 누리미디어,2024-06-14,나라장터
디비피아,순천제일고등학교,전남광주통합특별시(전남),2024. 고교학점제 연구학교 학술정보활용 서비스(DBPIA 전체 패키지) 계약,주식회사 누리미디어,2024-06-28,나라장터
디비피아,광명북고등학교,경기도,DBpia  학술논문 플랫폼 활용을 위한 논문서비스 이용  용역 계약,주식회사 누리미디어,2024-08-14,나라장터
디비피아,경민고등학교,경기도,경민고 고교학점제 학생자율주제탐구 DBPIA 패키지 계약,주식회사 누리미디어,2024-08-29,나라장터
디비피아,백영고등학교,경기도,논문 및 도서검색 프로그램 계약(DBpia),주식회사 누리미디어,2024-09-24,나라장터
디비피아,동화고등학교,경기도,동화고 2025년 디비피아 구독,주식회사 누리미디어,2024-11-20,나라장터
디비피아,소명여자고등학교,경기도,소명여고 DBPIA 전체 패키지 구입,주식회사 누리미디어,2024-12-23,나라장터
디비피아,소명여자고등학교,경기도,소명여고 DBPIA AI상품 구입,주식회사 누리미디어,2024-12-23,나라장터
디비피아,금정고등학교,부산광역시,2025학년도 금정고등학교 교수학습 지원 플랫폼(DBpia) 연간 구입,주식회사 누리미디어,2025-02-17,나라장터
디비피아,금정고등학교,부산광역시,2025학년도 금정고등학교 교수학습 지원 플랫폼(DBpia) 연간 구입,주식회사 누리미디어,2025-02-17,나라장터
디비피아,금정고등학교,부산광역시,2025학년도 금정고등학교 교수학습 지원 플랫폼(DBpia) 연간 구입,주식회사 누리미디어,2025-02-17,나라장터
디비피아,센텀고등학교,부산광역시,학술자료 사용용 DBPIA 구입(AI),주식회사 누리미디어,2025-02-25,나라장터
토도한글,군서초등학교,경기도,"2023년 토도한글,수학 프로그램 사용 계약",주식회사 에누마코리아,2023-04-05,나라장터
토도한글,군서초등학교,경기도,군서초등학교 토도한글 및 토도수학 라이센스 갱신계약,주식회사 에누마코리아,2025-03-07,나라장터
토도한글,군서초등학교,경기도,군서초등학교 토도한글 및 토도수학 라이센스 갱신계약,주식회사 에누마코리아,2025-03-07,나라장터
토도한글,대호초등학교,,대호초등학교 2학년 에듀테크 토도한글 구입,,2025-04-29,S2B
토도한글,오룡초등학교,,2024학년도 오룡초등학교 한글AI코스웨어 토도한글 구입,,2024-06-11,S2B
토도한글,오룡초등학교,,2024학년도 오룡초등학교 한글AI코스웨어 토도한글 구입,,2024-06-10,S2B
토도한글,충주대소원초중학교,,2024. 충주대소원초 토도한글 디지털코스웨어 구입,,2024-05-01,S2B
토도한글,구학초등학교,,"구학초 AI코스웨어 프로그램 토도수학,토도한글 사용계약 견적요청",,2026-04-09,S2B
토도한글,전주용와초등학교,,"AI코스웨어 토도한글, 토도수학 이용권 구매",,2026-04-02,S2B
토도한글,전주용와초등학교,,"AI코스웨어 토도한글, 토도수학 이용권 구매",,2026-04-02,S2B
토도한글,해남서초등학교,,토도한글 구독권 구매,,2024-04-03,S2B
토도한글,서울방이초등학교,,방이초 토도한글 구독 계약,,2026-04-15,S2B
토도한글,서울방이초등학교,,방이초 토도한글 구독 계약,,2026-04-13,S2B
토도한글,복내초등학교,,2026학년도 AI활용 교육자료 토도한글 및 토도수학,,2026-06-04,S2B
[패션디자이너] 에코백 만들기 키트,윤슬중학교,경기도,1학년 가정 실습재료(에코백만들기 키트) 구입,나루치,2023-03-28,나라장터
클래스싱크,처인고등학교,경기도,위클래스 싱크대 설치 계약,주식회사 우드미,2023-03-28,나라장터
클래스싱크,흥덕고등학교,경기도,흥덕고 위클래스 싱크대 제작 설치,주식회사 유준건축디자인,2024-03-26,나라장터
클래스싱크,용인심곡초등학교,경기도,심곡초등학교 위클래스 싱크대 구매 계약,디자인공백,,나라장터
클래스싱크,봉명초등학교,충청북도,2025. 위(Wee)클래스 싱크대 및 수납장 제작 설치,주식회사 하나주방종합가구,2026-01-28,나라장터
클래스싱크,봉명초등학교,충청북도,2025. 위(Wee)클래스 싱크대 및 수납장 제작 설치,주식회사 하나주방종합가구,2026-01-28,나라장터
공동교육과정,아산스마트팩토리마이스터고등학교,충청남도,2022 직업계고 공동교육과정 운영에 따른 버스 임차료 지급,스마일투어(주),2023-01-09,나라장터
공동교육과정,성포고등학교,경기도,온라인공동교육과정 거점교 운영품(모니터 보안기1종)구입,청송시스템 주식회사,2023-04-14,나라장터
공동교육과정,서탄초등학교,경기도,2023년 서탄초 5-6학년군 공동교육과정 현장체험학습(한국민속촌) 차량 용역계약,(주)부자관광,2023-04-04,나라장터
공동교육과정,삼봉초등학교,충청남도,2023학년도 소규모 유치원 공동교육과정 현장체험학습 전세버스 임차 계약,충남전세버스협동조합 당진지사,2023-04-06,나라장터
공동교육과정,서탄초등학교,경기도,2023년 서탄초 1-2학년군 공동교육과정 현장체험학습(챔피언1250) 차량 용역 계약,(주)부자관광,2023-04-10,나라장터
공동교육과정,서탄초등학교,경기도,2023년 서탄초내수분교장 1-2학년군 공동교육과정 현장체험학습(챔피언1250) 차량 용역 계약,주식회사부자투어,2023-04-10,나라장터
공동교육과정,의정부호동초등학교,경기도,2023학년도 의정부소규모공동교육과정 유치원 현장학습 버스 임차 용역 계약,(주)세은고속관광,2023-04-11,나라장터
공동교육과정,충남인터넷고등학교,,충남인터넷고 공동교육과정운영 차량 임차 용역,주식회사 태성고속관광여행사,2023-04-10,나라장터
공동교육과정,서탄초등학교,경기도,2023년 1학기 공동 교육과정(서탄초-내수분교) 운영을 위한 차량 용역 계약,주식회사 라온여행사,2023-04-11,나라장터
공동교육과정,서탄초등학교,경기도,2023년 서탄초 3-4학년군 공동교육과정 마을 연계 생태탐방(소풍정원) 차량 용역,(주)부자관광,2023-04-14,나라장터
공동교육과정,초락초등학교,충청남도,2023학년도 소규모 유치원 공동교육과정 뮤지컬 체험학습 임차용역 계약,충남전세버스협동조합 당진지사,2023-04-19,나라장터
공동교육과정,성남초등학교,충청남도,"성남초 공동교육과정 참가 전세버스 임차계약(5월10일, 천남중학교)",주식회사 백마관광여행사,2023-04-20,나라장터
공동교육과정,창기중학교,,창근만남 공동교육과정 연합 체육대회 전세버스 임차,충남관광주식회사,2023-05-03,나라장터
공동교육과정,학봉초등학교,충청남도,유치원 공동교육과정 체험학습에 따른 전세버스 임차,주식회사 태성고속관광여행사,2023-04-25,나라장터
공동교육과정,효포초등학교,충청남도,효포초등학교 지역마실 공동교육과정 역사생태체험 프로그램 숙식 용역 계약,사단법인유스드림,2023-04-26,나라장터
공동교육과정,연무초등학교,충청남도,2023학년도 소규모유치원 공동교육과정 오월드 현장체험에 따른 전세버스 임차 용역 계약,신촌관광,,나라장터
공동교육과정,연무초등학교,충청남도,2023학년도 소규모유치원 공동교육과정 오월드 현장체험에 따른 전세버스 임차 용역 계약,신촌관광,2023-04-26,나라장터
공동교육과정,전대초등학교,충청남도,2023 소규모 유치원 공동교육과정 노아숲체원 차량 임차용역,신성관광주식회사,2023-04-27,나라장터
공동교육과정,금마중학교,충청남도,2023년도 작은학교 공동교육과정(체육한마당) 전버스 임차 용역,주식회사 왕대골,2023-05-01,나라장터
공동교육과정,용정초등학교,충청남도,2023학년도 유치원 소규모 공동교육과정 충청남도교육청유아교육원 현장체험학습 차량 임차,(주)충무여행사,2023-05-03,나라장터
공동교육과정,고남초등학교,충청남도,고남초등학교 2023학년도 공동교육과정 봄 대운동회 버스 임차계약,주식회사통일관광,2023-05-03,나라장터
공동교육과정,고남초등학교,충청남도,고남초등학교 2023학년도 공동교육과정 봄 대운동회 버스 임차 계약,통일해외관광 주식회사,2023-05-03,나라장터
공동교육과정,서탄초등학교,경기도,2023년 서탄초내수분교장 1-2학년군 공동교육과정 현장체험학습(킹콩이농장) 차랑 용역,주식회사부자투어,2023-05-04,나라장터
공동교육과정,정미초등학교,충청남도,2023 소규모 유치원 공동교육과정 현장체험학습을 위한 버스 임차 계약(충남유아교육원),(주)서진관광,2023-05-04,나라장터
공동교육과정,정미초등학교,충청남도,2023 소규모 유치원 공동교육과정 현장체험학습을 위한 버스 임차 계약(국립세종수목원),충남전세버스협동조합 당진지사,2023-05-04,나라장터
공동교육과정,하남고등학교,경기도,2023년도 6월 하남고 공동교육과정(영상제작의 이해) 현장 실습 전세버스 용역 계약의 건,테마고속투어 주식회사,2023-05-09,나라장터
공동교육과정,남면중학교,충청남도,남면중-2022학년도 공동교육과정 연합체육대회 전세버스 임차용역 계약,서산관광주식회사,2023-05-09,나라장터
공동교육과정,남면중학교,충청남도,남면중-2023학년도 공동교육과정 연합체육대회 전세버스 임차용역 계약,서산관광주식회사,2023-05-09,나라장터
공동교육과정,시목초등학교,충청남도,2023학년도 독립서점 프로젝트 공동교육과정 체험학습 임차 용역 계약,서산관광주식회사,2023-05-09,나라장터
공동교육과정,현화고등학교,경기도,공동교육과정 거점센터 구축공사 설계용역,가온건축사사무소,2023-05-10,나라장터
공동교육과정,용정초등학교,충청남도,2023학년도 유치원 소규모 공동교육과정 뮤지컬 관람 현장체험학습 차량 임차 계약서,백상관광(주),2023-05-18,나라장터
공동교육과정,대흥초등학교,충청남도,2023학년도 작은학교 공동교육과정 체험학습 전세버스 임차,(주)통일고속관광,2023-05-17,나라장터
공동교육과정,입장초등학교,충청남도,2023 소규모 유치원 공동교육과정 찾아가는 놀이자람 체험학습 전세버스 임차 용역,신화관광협동조합,2023-05-17,나라장터
공동교육과정,고남초등학교,충청남도,고남초등학교 2023학년도 작은학교 공동교육과정(문화예술공연) 버스 임차 용역계약,주식회사통일관광,2023-05-19,나라장터
공동교육과정,남면초등학교,충청남도,유치원 공동교육과정 현장체험학습 전세버스 차량임차 용역,서산관광주식회사,2023-05-22,나라장터
공동교육과정,서탄초등학교,경기도,2023년 서탄초 3-4학년군 공동교육과정 현장체험학습(오썸플렉스) 차량 용역 계약,(주)부자관광,2023-05-23,나라장터
공동교육과정,홍동초등학교,충청남도,2023학년도 유치원 소규모 공동교육과정 현장체험학습 차량 임차,(주)금오관광,2023-05-25,나라장터
공동교육과정,홍성서부중학교,충청남도,백만리길 걷기 행사 및 작은학교 공동 교육과정 운영에 따른 차량 임차 용역 계약,(주)통일고속관광,2023-05-26,나라장터
공동교육과정,초락초등학교,충청남도,2023학년도 6월 소규모 유치원 공동교육과정 숲 체험학습 임차용역,충남전세버스협동조합 당진지사,2023-05-30,나라장터
공동교육과정,성당초등학교,충청남도,2023 소규모유치원 공동교육과정 현장체험학습 임차 용역,신성관광주식회사,2023-05-31,나라장터
공동교육과정,축석초등학교,경기도,2023 넘나들이 공동교육과정 생태현장체험학습 차량임차 용역계약,동진고속관광(주),,나라장터
공동교육과정,축석초등학교,경기도,2023 넘나들이 공동교육과정 생태현장체험학습 차량임차 용역계약,동진고속관광(주),2023-06-01,나라장터
공동교육과정,금마중학교,충청남도,작은학교 공동교육과정 국악공연 관람 전세버 임차 용역,주식회사 왕대골,2023-06-01,나라장터
공동교육과정,청파초등학교,충청남도,2023학년도 6월 유치원 소규모 공동교육과정 현장체험학습 전세버스 임차 용역,(주)삼성고속관광,2023-06-12,나라장터
공동교육과정,부내초등학교,충청남도,2023학년도 공동교육과정 체험학습 버스 임차,동백관광주식회사,2023-06-13,나라장터
공동교육과정,전대초등학교,충청남도,2023학년도 소규모유치원공동교육과정 아산퍼스트빌리지 차량 임차 용역,신성관광주식회사,2023-06-20,나라장터
공동교육과정,입장초등학교,충청남도,2023 소규모 유치원 공동교육과정 연계 현장체험학습 전세버스 임차 용역,신성관광여행사(주),2023-06-16,나라장터
공동교육과정,대흥초등학교,충청남도,2023 작은학교 공동교육과정 체험학습(세종답사) 전세버스 임차,(주)통일고속관광,2023-06-20,나라장터
공동교육과정,행정초등학교,충청북도,유치원 공동교육과정 싸이언스데이 체험 용역 계약,체험하자,2023-06-20,나라장터
공동교육과정,성당초등학교,충청남도,2023 소규모유치원 공동교육과정 현장체험학습 전세버스 임차 용역,신성관광주식회사,2023-06-22,나라장터
티솔루션,신길초등학교,경기도,신길초 환기설비 (31대)유지보수 용역계약-  에프티솔루션,주식회사 에프티솔루션,2023-02-01,나라장터
티솔루션,안산해양중학교,경기도,2023학년도 안산해양중학교 공기순환기 유지관리 용역 계약(에프티솔루션),주식회사 에프티솔루션,2023-02-13,나라장터
티솔루션,신길초등학교,경기도,신길초 환기설비 (31대)유지보수 용역계약-(에프티솔루션),주식회사 에프티솔루션,2024-01-26,나라장터
티솔루션,광명광성초등학교,경기도,2024학년도 공기순환기 유지보수 전자계약 체결(에프티솔루션),주식회사 에프티솔루션,2024-02-27,나라장터
티솔루션,위례중앙초등학교,경기도,2024학년도 위례중앙초 공기순환기 유지관리 용역 계약(에프티솔루션),주식회사 에프티솔루션,2024-02-29,나라장터
티솔루션,오마중학교,경기도,2024년도 오마중 공기정화장치 유지관리 용역계약(에프티솔루션),주식회사 에프티솔루션,2024-02-29,나라장터
티솔루션,부광중학교,인천광역시,2024학년도 부광중학교 복합기 임대 계약(디에스티솔루션),디에스티 솔루션,2024-02-26,나라장터
티솔루션,위례중앙초등학교,경기도,2025학년도 공기순환기 유지관리 용역(에프티솔루션),주식회사 에프티솔루션,2025-02-11,나라장터
티솔루션,위례중앙초등학교,경기도,2025학년도 공기순환기 유지관리 용역(에프티솔루션),주식회사 에프티솔루션,2025-02-11,나라장터
티솔루션,부광중학교,인천광역시,2025학년도 부광중학교 인쇄기 및 복합기 임대 계약(디에스티솔루션),디에스티 솔루션,2025-02-25,나라장터
티솔루션,부광중학교,인천광역시,2025학년도 부광중학교 인쇄기 및 복합기 임대 계약(디에스티솔루션),디에스티 솔루션,2025-02-25,나라장터
티솔루션,부광중학교,인천광역시,2025학년도 부광중학교 인쇄기 및 복합기 임대 계약(디에스티솔루션),디에스티 솔루션,2025-02-25,나라장터
티솔루션,부광중학교,인천광역시,2025학년도 부광중학교 인쇄기 및 복합기 임대 계약(디에스티솔루션),디에스티 솔루션,2025-02-25,나라장터
티솔루션,안산동산고등학교,경기도,2025학년도 안산동산고 공기순환기 유지보수(에프티솔루션),주식회사 에프티솔루션,2025-02-27,나라장터
티솔루션,안산동산고등학교,경기도,2025학년도 안산동산고 공기순환기 유지보수(에프티솔루션),주식회사 에프티솔루션,2025-02-27,나라장터
티솔루션,위례중앙초등학교,경기도,2026학년도 공기순환기 유지관리 용역(에프티솔루션),주식회사 에프티솔루션,2026-02-06,나라장터
티솔루션,위례중앙초등학교,경기도,2026학년도 공기순환기 유지관리 용역(에프티솔루션),주식회사 에프티솔루션,2026-02-06,나라장터
티솔루션,은행중학교,경기도,2026학년도 은행중학교 공기정화장치 유지관리 용역 계약(에프티솔루션),주식회사 에프티솔루션,2026-02-06,나라장터
티솔루션,은행중학교,경기도,2026학년도 은행중학교 공기정화장치 유지관리 용역 계약(에프티솔루션),주식회사 에프티솔루션,2026-02-06,나라장터
코드모스,상명초등학교,서울특별시,2023학년도 상명초등학교 4~6학년 코드모스 콘텐츠 이용 계약,주식회사 로지브라더스,2023-01-27,나라장터
코드모스,한신초등학교,서울특별시,한신초등학교 2023학년도 코드모스 콘텐츠 연간 이용 계약,주식회사 로지브라더스,2023-02-22,나라장터
코드모스,한신초등학교,서울특별시,한신초등학교 2024학년도 코드모스 콘텐츠 연간 이용 계약,주식회사 로지브라더스,2024-02-29,나라장터
코드모스,신평초등학교,,신평초 코드모스 AI코스웨어 사용 용역 계약,주식회사 로지브라더스,2024-05-07,나라장터
코드모스,단원중학교,경기도,단원중 코드모스 AI 코스웨어(정보) 사용 용역계약,주식회사 로지브라더스,2024-07-16,나라장터
코드모스,상명초등학교,서울특별시,2025학년도 상명초등학교 코드모스 AI코스웨어 이용권 구매 계약,주식회사 로지브라더스,2025-03-18,나라장터
코드모스,상명초등학교,서울특별시,2025학년도 상명초등학교 코드모스 AI코스웨어 이용권 구매 계약,주식회사 로지브라더스,2025-03-18,나라장터
코드모스,상명초등학교,서울특별시,2026학년도 상명초등학교 코드모스 AI코스웨어 이용권 구매 계약,주식회사 로지브라더스,2026-03-24,나라장터
코드모스,상명초등학교,서울특별시,2026학년도 상명초등학교 코드모스 AI코스웨어 이용권 구매 계약,주식회사 로지브라더스,2026-03-24,나라장터
코드모스,청남초등학교,,2023. 디지털 선도학교 AI코스웨어 및 에듀테크코드모스AI코스웨어 구입,,2023-09-07,S2B
코드모스,천안호수초등학교,,2023년 디지털 선도학교 코드모스 AI 코스웨어 구입,,2023-09-27,S2B
코드모스,경포초등학교,,경포초AI학습플랫폼코드모스AI코스웨어이용권,,2023-10-23,S2B
코드모스,경포초등학교,,경포초2023인공지능Ai 학습플랫폼 코드모스 AI코스웨어기간이용권,,2023-10-23,S2B
코드모스,천안신계초등학교,,코드모스 AI 코스웨어 구입,,2023-10-19,S2B
코드모스,울산양정초등학교,,2023학년도 디지털 선도학교 운영을 위한 정보 코드모스 AI 코스웨어 구입,,2023-10-04,S2B
코드모스,대구매동초등학교,,대구매동초등학교 코드모스 AI 코스웨어 이용 수의계약 견적 요청,,2024-06-04,S2B
코드모스,괴정초등학교,,괴정초 정보교과 코드모스 AI코스웨어 견적 요청,,2024-05-14,S2B
코드모스,인제초등학교,,인제초교 6학년 코드모스 AI 코스웨어 이용 견적요청,,2024-05-03,S2B
코드모스,남해지족초등학교,,남해 지족초 코드모스 AI 코스웨어 이용권,,2024-05-01,S2B
코드모스,전주용흥초등학교,,전주용흥초 코드모스 AI코스웨어 이용권 견적서 제출 요청,,2024-04-26,S2B
코드모스,배산초등학교,,2024년 배산초 정보 코드모스 AI 코스웨어 용역 계약,,2024-04-23,S2B
코드모스,서부초등학교,,코드모스 AI 코스웨어 10개월 이용권,,2024-04-22,S2B
코드모스,만수초등학교,,AI 코스웨어 정보과 코드모스 기간 이용권,,2024-04-13,S2B
코드모스,화원초등학교,,2024학년도 화원초등학교 AI 코스웨어 코드모스 구입,,2024-04-04,S2B
코드모스,해강초등학교,,해강초 코드모스 AI 코스웨어 이용 견적요청,,2024-04-01,S2B
코드모스,개금여자중학교,,개금여중 코드모스 AI 코스웨어 라이선스 이용권 견적 요청,,2024-10-14,S2B
코드모스,서울장수초등학교,,디지털 선도학교 운영을 위한 교수학습용 AI코스웨어(코드모스) 구독,,2025-01-17,S2B
코드모스,왕배초등학교,,왕배초 코드모스 AI 코스웨어 이용 견적요청,,2025-06-13,S2B
코드모스,오룡초등학교,,2025. 디지털 선도학교 운영물품 코드모스 코스웨어 견적요청,,2025-05-15,S2B
코드모스,북천초등학교,,2025. 디지털 교과학습용 코드모스 AI 코스웨어 이용권 견적 요청,,2025-04-25,S2B
코드모스,부산보건고등학교,,부산보건고등학교 디지털기반 교육혁신 선도학교 코스웨어 코드모스 라이센스 구입 견적 요청,,2025-08-19,S2B
코드모스,서산서남초등학교,,2025학년도 서산교육발전특구 지원사업 6학년 동아리활동 운영 코드모스 AI 코스웨어 이용,,2025-06-23,S2B
코드모스,둔전제일초등학교,,둔전제일초 디지털기반 학생맞춤교육 [코드모스AI 코스웨어]견적요청,,2025-12-16,S2B
코드모스,부산보건고등학교,,부산보건고등학교 AI중점학교 코드모스 AI코스웨어 구독 견적 요청,,2026-06-11,S2B
코드모스,인제하남초등학교,,하남초등학교 코드모스 AI 코스웨어 이용권 구입,,2026-06-10,S2B
코드모스,신정초등학교,,AI디지털 활용 선도학교 운영 코드모스 AI코스웨어 구입 견적요청,,2026-06-01,S2B
코드모스,동광초등학교,,동광초 AI코스웨어 코드모스 구입,,2026-06-01,S2B
코드모스,전주덕일초등학교,,2026학년도 전주덕일초 AI 코스웨어 구독 코드모스,,2026-04-16,S2B
코드모스,원주반곡초등학교,,4월 늘봄학교 코딩 코드모스 AI 코스웨어 이용권 구입,,2026-04-10,S2B
코드모스,한천초등학교,,2026년 코드모스 AI 코스웨어 구매 견적 요청,,2026-04-02,S2B
코드모스,인제하남초등학교,,코드모스 AI 코스웨어 이용권 구입,,2026-04-02,S2B
코드모스,한천초등학교,,2026년 코드모스 AI 코스웨어 구매 견적 요청,,2026-04-01,S2B
아이스크림 홈런,나산초등학교,,나산초등학교 아이스크림 홈런 컨텐츠 사용 계약,(주)아이스크림에듀,2023-01-02,나라장터
아이스크림 홈런,신양중학교,충청남도,2023년도 신양중학교 AI교육 활성화(아이스크림 홈런) 용역,주식회사 한국교육네트워크,2023-02-21,나라장터
아이스크림 홈런,함덕초등학교,제주특별자치도,함덕초등학교 스마트학습 아이스크림 홈런 공급 계약,(주)아이스크림에듀,2023-03-23,나라장터
아이스크림 홈런,옴천초등학교,전남광주통합특별시(전남),AI맞춤형 온라인 학습콘텐츠(아이스크림홈런) 지원 용역,주식회사 한국교육네트워크,2023-04-03,나라장터
아이스크림 홈런,한천초등학교,,2023. 교내 AI 맞춤형 온라인 콘텐츠 활용학습(아이스크림 홈런) 계약,주식회사 한국교육네트워크,2023-03-31,나라장터
아이스크림 홈런,군외초등학교,전남광주통합특별시(전남),2023학년도 AI맞춤형 온라인 학습콘텐츠(아이스크림홈런) 계약,주식회사 한국교육네트워크,2023-03-31,나라장터
아이스크림 홈런,산이초등학교,전남광주통합특별시(전남),산이초 아이스크림홈런 콘텐츠 사용 계약,주식회사 한국교육네트워크,2023-04-04,나라장터
아이스크림 홈런,춘양초등학교,,2023년 AI  맞춤형 온라인 학습콘텐츠 아이스크림 홈런 학습 신청,주식회사 한국교육네트워크,,나라장터
아이스크림 홈런,태인초등학교,,AI 맞춤형 온라인 학습콘텐츠 프로그램(아이스크림 홈런),주식회사 한국교육네트워크,2023-04-10,나라장터
아이스크림 홈런,망운초등학교,전남광주통합특별시(전남),2023. AI맞춤형 온라인 학습콘텐츠(아이스크림 홈런) 상품 대여,주식회사 한국교육네트워크,2023-04-10,나라장터
아이스크림 홈런,미암초등학교,전남광주통합특별시(전남),2023학년도 AI맞춤형 온라인 학습콘텐츠(아이스크림홈런) 사용 계약,주식회사 한국교육네트워크,2023-04-11,나라장터
아이스크림 홈런,천태초등학교,전남광주통합특별시(전남),천태초등학교 아이스크림 홈런 콘텐츠 활용 학습 용역 계약,주식회사 한국교육네트워크,2023-04-13,나라장터
아이스크림 홈런,대구고산초등학교,대구광역시,2023학년도 아이스크림홈런 학습프로그램 용역 전자계약,(주)아이스크림에듀,2023-04-24,나라장터
아이스크림 홈런,고산초등학교,,2023학년도 아이스크림홈런 학습프로그램 용역 전자계약,(주)아이스크림에듀,2023-04-24,나라장터
아이스크림 홈런,일로초등학교,전남광주통합특별시(전남),일로초등학교 AI맞춤형 온라인학습컨텐츠(아이스크림 홈런) 학습기기 대여,주식회사 한국교육네트워크,2023-04-20,나라장터
아이스크림 홈런,능주초등학교,전남광주통합특별시(전남),2023년 아이스크림 홈런 콘텐츠 사용,주식회사 한국교육네트워크,2023-04-24,나라장터
아이스크림 홈런,마정초등학교,경기도,2023 디지털 학력향상 하나 더 프로그램 초등 아이스크림 홈런 콘텐츠 사용 계약,(주)아이스크림에듀,2023-05-01,나라장터
아이스크림 홈런,강동중학교,서울특별시,강동중학교 인공지능 튜터 교육 용역 계약(아이스크림 홈런),주식회사 한국교육네트워크,2023-05-03,나라장터
아이스크림 홈런,산이초등학교,전남광주통합특별시(전남),산이초 아이스크림홈런 콘텐츠 사용 변경 계약,주식회사 한국교육네트워크,2023-05-04,나라장터
아이스크림 홈런,송린초등학교,경기도,2023. 송린초  늘봄학교 디지털학력향상 프로그램(아이스크림 홈런) 기기대여 계약,(주)아이스크림에듀,2023-05-12,나라장터
아이스크림 홈런,대구월촌초등학교,대구광역시,2023학년도 기초학력 향상을 위한 자기주도학습 프로그램 아이스크림홈런 계약,주식회사 한국교육네트워크,2023-05-18,나라장터
아이스크림 홈런,의정부초등학교,경기도,의정부초 디지털 학력향상 학습기기 렌탈 및 학습관리 계약체결 (아이스크림 홈런),(주)아이스크림에듀,2023-05-19,나라장터
아이스크림 홈런,장원중학교,서울특별시,장원중학교 기초학력 책임지도제 아이스크림 홈런 용역,주식회사 한국교육네트워크,2023-05-15,나라장터
아이스크림 홈런,마지초등학교,경기도,2023년 마지초 디지털 학력향상 하나 더 프로그램 초등 아이스크림 홈런 콘텐츠 사용계약,(주)아이스크림에듀,2023-06-01,나라장터
아이스크림 홈런,송호초등학교,경기도,송호초  2023학년도 디지털 학력향상 하나더 [아이스크림 홈런 학습]프로그램 이용 계약,(주)아이스크림에듀,2023-06-01,나라장터
아이스크림 홈런,다솜초등학교,경기도,2023학년도 다솜초 아이스크림 홈런 콘텐츠 사용 계약,(주)아이스크림에듀,2023-06-14,나라장터
아이스크림 홈런,서울응봉초등학교,서울특별시,AI튜터 마중물 학교 AI튜터 기기(아이스크림 홈런) 대여 용역,주식회사 한국교육네트워크,2023-06-19,나라장터
아이스크림 홈런,군외초등학교,전남광주통합특별시(전남),2023학년도 AI맞춤형 온라인 학습콘텐츠(아이스크림홈런) 변경 계약,주식회사 한국교육네트워크,2023-06-28,나라장터
아이스크림 홈런,군외초등학교,전남광주통합특별시(전남),2023학년도 AI맞춤형 온라인 학습콘텐츠(아이스크림홈런) 변경 계약(2차),주식회사 한국교육네트워크,2023-07-27,나라장터
아이스크림 홈런,지행초등학교,경기도,아이스크림 홈런(무관리형) 렌탈,(주)아이스크림에듀,2023-08-01,나라장터
아이스크림 홈런,화순동복중학교,전남광주통합특별시(전남),AI 학습력키움 사업 아이스크림 홈런 기기 사용 계약,주식회사 한국교육네트워크,2023-08-24,나라장터
아이스크림 홈런,마지초등학교,경기도,[변경] 2023년 마지초 디지털 학력향상 하나 더 프로그램 초등 아이스크림 홈런 콘텐츠 사용계약,(주)아이스크림에듀,2023-08-29,나라장터
아이스크림 홈런,마지초등학교,경기도,2023년 9월~11월 마지초 디지털 학력향상 하나 더 프로그램 초등 아이스크림 홈런 콘텐츠 사용계약,(주)아이스크림에듀,2023-08-29,나라장터
아이스크림 홈런,군외초등학교,전남광주통합특별시(전남),2023학년도 AI맞춤형 온라인 학습콘텐츠(아이스크림홈런) 변경 계약(3차),주식회사 한국교육네트워크,2023-08-31,나라장터
아이스크림 홈런,대불초등학교,전남광주통합특별시(전남),대불초등학교 아이스크림 홈런(홈런 올인원) 콘텐츠 계약,(주)아이스크림에듀,2023-09-27,나라장터
아이스크림 홈런,군외초등학교,전남광주통합특별시(전남),2023학년도 AI맞춤형 온라인 학습콘텐츠(아이스크림홈런) 변경 계약(4차),주식회사 한국교육네트워크,2023-11-01,나라장터
아이스크림 홈런,대구동평초등학교,대구광역시,2023. 학력향상 LMS기반 자기주도학습 프로그램(아이스크림 홈런 콘텐츠) 사용 계약,(주)아이스크림에듀,2023-11-13,나라장터
아이스크림 홈런,안산대월초등학교,경기도,아이스크림 홈런 올인원 콘텐츠 용역 계약,(주)아이스크림에듀,2023-12-06,나라장터
아이스크림 홈런,마지초등학교,경기도,2023년 9월~11월 마지초 디지털 학력향상 하나 더 프로그램 초등 아이스크림 홈런 콘텐츠 사용계약,(주)아이스크림에듀,2023-12-28,나라장터
아이스크림 홈런,함덕초등학교,제주특별자치도,함덕초등학교 선인분교장 스마트학습 아이스크림 홈런 공급계약,(주)아이스크림에듀,2024-04-08,나라장터
아이스크림 홈런,안산대월초등학교,경기도,AI 코스웨어(아이스크림 홈런 콘텐츠) 서비스 위탁 용역 계약,학교기업 홍보연구소,2024-04-04,나라장터
아이스크림 홈런,갈현초등학교,경기도,2024학년도 갈현초 디지털 학력 향상 프로그램(아이스크림 홈런) 기기 대여 용역,(주)아이스크림에듀,2024-04-11,나라장터
아이스크림 홈런,상원초등학교,,2024학년도 디지털 학력향상 하나 더 프로그램(아이스크림홈런) 사용 계약,주식회사 한국교육네트워크,2024-04-18,나라장터
아이스크림 홈런,미암초등학교,전남광주통합특별시(전남),2024학년도 AI맞춤형 온라인 학습콘텐츠(아이스크림 홈런) 사용 계약,주식회사 한국교육네트워크,2024-04-24,나라장터
아이스크림 홈런,망운초등학교,전남광주통합특별시(전남),2023. AI맞춤형 온라인 학습콘텐츠(아이스크림 홈런) 상품 대여,주식회사 한국교육네트워크,2024-04-29,나라장터
아이스크림 홈런,대구고산초등학교,대구광역시,2024학년도 아이스크림홈런 학습프로그램 이용 용역 전자계약,(주)아이스크림에듀,2024-04-30,나라장터
아이스크림 홈런,고산초등학교,,2024학년도 아이스크림홈런 학습프로그램 이용 용역 전자계약,(주)아이스크림에듀,2024-04-30,나라장터
아이스크림 홈런,산이초등학교,전남광주통합특별시(전남),AI 아이스크림 홈런 콘텐츠 이용,주식회사 한국교육네트워크,2024-05-08,나라장터
아이스크림 홈런,대구월촌초등학교,대구광역시,2024학년도 기초학력 향상을 위한 자기주도학습 프로그램(아이스크림 홈런)  계약,주식회사 한국교육네트워크,2024-05-10,나라장터
아이스크림 홈런,상곡초등학교,충청남도,상곡초등학교 디지털 온 선도학교 에듀테크 아이스크림 홈런 용역 계약,학교기업 홍보연구소,2024-03-04,나라장터
스쿨투게더,광남고등학교,서울특별시,2023학년도 광남고등학교 스쿨투게더(학교알리미) 이용 및 유지보수,매치포인트 주식회사,2023-02-08,나라장터
스쿨투게더,풍납중학교,서울특별시,2023학년도 스쿨투게더 서비스 용역,매치포인트 주식회사,2023-02-21,나라장터
스쿨투게더,오주중학교,서울특별시,2023학년도 스쿨투게더(알리미서비스)용역 계약,매치포인트 주식회사,2023-02-23,나라장터
스쿨투게더,안양부흥중학교,경기도,2023학년도 스쿨투게더 서비스 이용 용역,매치포인트 주식회사,2023-02-27,나라장터
스쿨투게더,등촌중학교,서울특별시,등촌중학교 2023학년도 우리학교알리미[스쿨투게더] 문자서비스 사용 계약,매치포인트 주식회사,2023-02-24,나라장터
스쿨투게더,성수고등학교,서울특별시,성수고등학교 2023학년도 스쿨투게더(학교알리미) 계약,매치포인트 주식회사,2023-03-01,나라장터
스쿨투게더,연성중학교,인천광역시,2023학년도 스마트 알림서비스 스쿨투게더 이용 용역,매치포인트 주식회사,2023-02-27,나라장터
스쿨투게더,화원중학교,서울특별시,2024학년도 스쿨투게더 문자서비스 용역,매치포인트 주식회사,2024-02-16,나라장터
스쿨투게더,광남고등학교,서울특별시,2024학년도 광남고등학교 스쿨투게더(학교알리미) 이용 및 유지보수 용역,매치포인트 주식회사,2024-02-06,나라장터
스쿨투게더,풍납중학교,서울특별시,2024학년도 풍납중 스쿨투게더 서바스 용역계약,매치포인트 주식회사,2024-02-06,나라장터
스쿨투게더,안양부흥중학교,경기도,2024학년도 스쿨투게더(문자 등) 서비스 이용,매치포인트 주식회사,2024-02-23,나라장터
스쿨투게더,광탄중학교,경기도,2024학년도 모바일 문자서비스(스쿨투게더) 용역 계약의 건,매치포인트 주식회사,2024-03-01,나라장터
스쿨투게더,연성중학교,인천광역시,2024학년도 스마트알림서비스 스쿨투게더 이용 용역,매치포인트 주식회사,2024-02-23,나라장터
스쿨투게더,구산중학교,서울특별시,2024학년도 구산중학교 스쿨투게더 문자메시지 알림서비스 사용료 연간계약,매치포인트 주식회사,2024-02-27,나라장터
스쿨투게더,등촌중학교,서울특별시,2024학년도 등촌중 스쿨투게더 문자서비스 사용 계약,매치포인트 주식회사,2024-02-26,나라장터
스쿨투게더,성동글로벌경영고등학교,서울특별시,2025년 스쿨투게더 문자 용역 계약,매치포인트 주식회사,2025-02-21,나라장터
스쿨투게더,성동글로벌경영고등학교,서울특별시,2025년 스쿨투게더 문자 용역 계약,매치포인트 주식회사,2025-02-21,나라장터
스쿨투게더,풍납중학교,서울특별시,2025학년도 풍납중학교 스쿨투게더 서비스 계약,매치포인트 주식회사,2025-02-24,나라장터
스쿨투게더,풍납중학교,서울특별시,2025학년도 풍납중학교 스쿨투게더 서비스 계약,매치포인트 주식회사,2025-02-24,나라장터
스쿨투게더,광탄중학교,경기도,2025학년도 모바일 문자서비스(스쿨투게더) 용역 계약 체결의 건,매치포인트 주식회사,2025-02-24,나라장터
스쿨투게더,연성중학교,인천광역시,2025학년도 스마트알림서비스 스쿨투게더 이용 계약,매치포인트 주식회사,2025-02-24,나라장터
스쿨투게더,오주중학교,서울특별시,2025학년도 스쿨투게더(알리미서비스)용역 계약,매치포인트 주식회사,2025-02-26,나라장터
스쿨투게더,광탄중학교,경기도,2025학년도 모바일 문자서비스(스쿨투게더) 용역 계약 체결의 건,매치포인트 주식회사,2025-02-24,나라장터
스쿨투게더,연성중학교,인천광역시,2025학년도 스마트알림서비스 스쿨투게더 이용 계약,매치포인트 주식회사,2025-02-24,나라장터
스쿨투게더,오주중학교,서울특별시,2025학년도 스쿨투게더(알리미서비스)용역 계약,매치포인트 주식회사,2025-02-26,나라장터
스쿨투게더,풍납중학교,서울특별시,2026학년도 풍납중학교 스쿨투게더서비스용역 계약,트리플제트 주식회사,2026-02-25,나라장터
스쿨투게더,문성중학교,서울특별시,2026학년도 알림서비스 스쿨투게더 용역 계약,매치포인트 주식회사,,나라장터
스쿨투게더,은평중학교,서울특별시,2026년 은평중학교 학부모알리미(스쿨투게더)서비스 용역계약,트리플제트 주식회사,2026-02-23,나라장터
스쿨투게더,성동글로벌경영고등학교,서울특별시,2026년 스쿨투게더 문자 용역게약,매치포인트 주식회사,,나라장터
스쿨투게더,성동글로벌경영고등학교,서울특별시,2026년 스쿨투게더 문자 용역게약,매치포인트 주식회사,,나라장터
스쿨투게더,등촌중학교,서울특별시,2026학년도 우리학교알라미[스쿨투게더] 문자서비스 사용 계약건,매치포인트 주식회사,,나라장터
스쿨투게더,문성중학교,서울특별시,2026학년도 알림서비스 스쿨투게더 용역 계약,트리플제트 주식회사,2026-02-24,나라장터
스쿨투게더,화원중학교,서울특별시,2026학년도 화원중학교 스쿨투게더 문자서비스 ,트리플제트 주식회사,2026-02-24,나라장터
스쿨투게더,문성중학교,서울특별시,2026학년도 알림서비스 스쿨투게더 용역 계약,트리플제트 주식회사,2026-02-24,나라장터
스쿨투게더,은평중학교,서울특별시,2026년 은평중학교 학부모알리미(스쿨투게더)서비스 용역계약,트리플제트 주식회사,2026-02-23,나라장터
스쿨투게더,등촌중학교,서울특별시,등촌중 2026학년도 우리학교알라미 [스쿨투게더] 문자서비스 사용 계약건,트리플제트 주식회사,2026-02-25,나라장터
스쿨투게더,은평중학교,서울특별시,2026년 은평중학교 학부모알리미(스쿨투게더)서비스 용역계약,트리플제트 주식회사,2026-02-23,나라장터
스쿨투게더,등촌중학교,서울특별시,등촌중 2026학년도 우리학교알라미 [스쿨투게더] 문자서비스 사용 계약건,트리플제트 주식회사,2026-02-25,나라장터
스쿨투게더,방이중학교,서울특별시,2026학년도 스쿨투게더 서비이 이용 용역계약,트리플제트 주식회사,2026-02-25,나라장터
스쿨투게더,풍납중학교,서울특별시,2026학년도 풍납중학교 스쿨투게더서비스용역 계약,트리플제트 주식회사,2026-02-25,나라장터
스쿨투게더,성동글로벌경영고등학교,서울특별시,2026년 스쿨투게더 문자 용역계약,트리플제트 주식회사,2026-02-27,나라장터
스쿨투게더,화원중학교,서울특별시,2026학년도 화원중학교 스쿨투게더 문자서비스 ,트리플제트 주식회사,2026-02-24,나라장터
스쿨투게더,방이중학교,서울특별시,2026학년도 스쿨투게더 서비이 이용 용역계약,트리플제트 주식회사,2026-02-25,나라장터
스쿨투게더,무학중학교,서울특별시,무학중학교 2026학년도 스쿨투게더 사용 계약 체결,트리플제트 주식회사,2026-02-26,나라장터
스쿨투게더,천일중학교,서울특별시,2026학년도 스마트 알림서비스(스쿨투게더) 이용 ,트리플제트 주식회사,,나라장터
스쿨투게더,무학중학교,서울특별시,무학중학교 2026학년도 스쿨투게더 사용 계약 체결,트리플제트 주식회사,2026-02-26,나라장터
스쿨투게더,풍납중학교,서울특별시,2026학년도 풍납중학교 스쿨투게더서비스용역 계약,트리플제트 주식회사,2026-02-25,나라장터
스쿨투게더,대진디자인고등학교,서울특별시,2026학년도 스쿨투게더 이용 계약,트리플제트 주식회사,2026-02-27,나라장터
스쿨투게더,대진디자인고등학교,서울특별시,2026학년도 스쿨투게더 이용 계약,트리플제트 주식회사,2026-02-27,나라장터
스쿨투게더,성동글로벌경영고등학교,서울특별시,2026년 스쿨투게더 문자 용역계약,트리플제트 주식회사,2026-02-27,나라장터
기숙사 관리 프로그램,동두천외국어고등학교,경기도,동두천외고 기숙사관리프로그램 사용 용역계약,(주)일호씨앤씨,2023-02-15,나라장터
기숙사 관리 프로그램,상산고등학교,전북특별자치도,상산고 기숙사 관리프로그램 사용,아이티메인주식회사,2023-10-24,나라장터
기숙사 관리 프로그램,동두천외국어고등학교,경기도,2024학년도 동두천외고 기숙사 관리 프로그램 운영 용역,(주)일호씨앤씨,2024-02-21,나라장터
기숙사 관리 프로그램,상산고등학교,전북특별자치도,상산고 기숙사 관리프로그램 사용,아이티메인주식회사,2024-10-08,나라장터
기숙사 관리 프로그램,동두천외국어고등학교,경기도,2025학년도 동두천외고 기숙사 관리 프로그램 운영 용역,(주)일호씨앤씨,2025-02-21,나라장터
기숙사 관리 프로그램,동두천외국어고등학교,경기도,2025학년도 동두천외고 기숙사 관리 프로그램 운영 용역,(주)일호씨앤씨,2025-02-21,나라장터
기숙사 관리 프로그램,상산고등학교,전북특별자치도,상산고 기숙사 관리프로그램 사용,아이티메인주식회사,2025-10-16,나라장터
기숙사 관리 프로그램,상산고등학교,전북특별자치도,상산고 기숙사 관리프로그램 사용,아이티메인주식회사,2025-10-16,나라장터
기숙사 관리 프로그램,동두천외국어고등학교,경기도,2026학년도 기숙사 관리프로그램 운영 용역 ,(주) 퓨처인포,2025-12-22,나라장터
기숙사 관리 프로그램,동두천외국어고등학교,경기도,2026학년도 기숙사 관리프로그램 운영 용역 ,(주) 퓨처인포,2025-12-22,나라장터
스쿨플랫,관양고등학교,경기도,관양고 아이엠티처 및 아이엠스쿨 플랫폼 서비스 이용,엔에이치엔에듀 주식회사,2023-02-21,나라장터
스쿨플랫,광양제철중학교,전남광주통합특별시(전남),광양제철중학교 수학창의반 운영 물품(AI 코스웨어 스쿨플랫) 구매 계약,주식회사 프리윌린,2025-03-13,나라장터
스쿨플랫,광양제철중학교,전남광주통합특별시(전남),광양제철중학교 수학창의반 운영 물품(AI 코스웨어 스쿨플랫) 구매 계약,주식회사 프리윌린,2025-03-13,나라장터
스쿨플랫,서대전고등학교,대전광역시,2025학년도 디지털 기반 학생 맞춤교육 선도학교 스쿨플랫 교육콘텐츠 사용계약,주식회사 프리윌린,2025-05-16,나라장터
스쿨플랫,서대전고등학교,대전광역시,2025학년도 디지털 기반 학생 맞춤교육 선도학교 스쿨플랫 교육콘텐츠 사용계약,주식회사 프리윌린,2025-05-16,나라장터
스쿨플랫,정지초등학교,경기도,정지초 2025 스쿨플랫 AI 코스웨어 사용 계약 ,주식회사 프리윌린,2025-05-01,나라장터
스쿨플랫,정지초등학교,경기도,정지초 2025 스쿨플랫 AI 코스웨어 사용 계약 ,주식회사 프리윌린,2025-05-01,나라장터
스쿨플랫,새뜸중학교,세종특별자치시,새뜸중학교 스쿨플랫 수학 AI 코스웨어 구입,주식회사 프리윌린,2025-11-04,나라장터
스쿨플랫,새뜸중학교,세종특별자치시,새뜸중학교 스쿨플랫 수학 AI 코스웨어 구입,주식회사 프리윌린,2025-11-04,나라장터
스쿨플랫,운정중앙중학교,경기도,2026학년도 수학 AI 디지털 학습 플랫폼(스쿨플랫) 이용 용역,주식회사 프리윌린,2026-04-16,나라장터
스쿨플랫,운정중앙중학교,경기도,2026학년도 수학 AI 디지털 학습 플랫폼(스쿨플랫) 이용 용역,주식회사 프리윌린,2026-04-16,나라장터
스쿨플랫,목포덕인고등학교,전남광주통합특별시(전남),2026. AI수학점핑학교 스쿨플랫 이용,주식회사 프리윌린,2026-06-01,나라장터
스쿨플랫,목포덕인고등학교,전남광주통합특별시(전남),2026. AI수학점핑학교 스쿨플랫 이용,주식회사 프리윌린,2026-06-01,나라장터
스쿨플랫,성일중학교,,성일중 교육용 에듀테크[스쿨플랫] 구매 계약,,2025-06-11,S2B
스쿨플랫,한국반도체마이스터고등학교,,경주공업고 에듀테크 콘텐츠 스쿨플랫 구입,,2025-05-07,S2B
스쿨플랫,청남초등학교,,2025. 디지털 선도학교 AI코스웨어 및 에듀테크 스쿨플랫 구입,,2025-04-28,S2B
스쿨플랫,장안중학교,,2025년 디지털 기반 교육혁신 선도학교 에듀테크 프로그램 스쿨플랫 수학,,2026-01-21,S2B
스쿨플랫,광양백운고등학교,,2024. 수학점핑학교 AI학습지원 코스웨어 스쿨플랫 어플 이용,,2024-06-11,S2B
스쿨플랫,대신중학교,,[시보조미래교육협력지구] 311. 여주형 미래교육과정 수학 AI 코스웨어스쿨플랫 어플리케이션 구매,,2024-11-26,S2B
스쿨플랫,전주용흥초등학교,,수학 AI 코스웨어 스쿨플랫 서비스 이용료 견적서 제출 요청,,2025-05-30,S2B
스쿨플랫,오룡초등학교,,2025. 디지털 선도학교 운영물품 스쿨플랫 수학AI코스웨어 견적요청,,2025-05-15,S2B
스쿨플랫,순천미래과학고등학교,,순천미래과학고 스쿨플랫 수학AI 코스웨어 사용 견적 요청,,2025-04-07,S2B
스쿨플랫,대신중학교,,[시보조-미래교육협력지구] 311. 여주형 미래교육과정 수학 AI 코스웨어(스쿨플랫) 어플리케이션 구입,,2025-03-31,S2B
스쿨플랫,고양성석초등학교,,스쿨플랫 수학 AI 코스웨어,,2025-08-26,S2B
스쿨플랫,대전구봉초등학교,,2026학년도 스쿨플랫 수학 AI 코스웨어 견적 제출 요청,,2026-02-20,S2B
스쿨플랫,장안중학교,,AI디지털 교육자료 활용 스쿨플랫 수학 AI 코스웨어 사용,,2026-01-21,S2B
스쿨플랫,두촌중학교,,2026학년도 두촌중학교 스쿨플랫 수학 AI 코스웨어 구입,,2026-04-21,S2B
스쿨플랫,황지초등학교,,2026년 황지초 스쿨플랫 수학 AI코스웨어 이용 견적 요청,,2026-04-07,S2B
스쿨플랫,전주화정초등학교,,2026학년도 AI디지털활용 6학년 스쿨플랫 수학 AI코스웨어 구독,,2026-04-01,S2B
스쿨플랫,목포혜인여자고등학교,,수학 학습 코스웨어 스쿨플랫 콘텐츠 이용권 구매,,2026-03-30,S2B
스쿨플랫,성심여자고등학교,,스쿨플랫 수학 AI 코스웨어,,2026-03-17,S2B
스쿨플랫,사직고등학교,,2026학년도 수학 AI코스웨어 프로그램 스쿨플랫 구입 견적 요청,,2026-03-16,S2B
스쿨플랫,세마고등학교,,스쿨플랫 수학 AI 코스웨어,,2026-07-07,S2B
스쿨플랫,정읍고등학교,,정읍고 수학 학습 사이트 스쿨플랫 구독권 구입,,2025-12-30,S2B
통합시스템,이포고등학교,경기도,2022학년도 학사통합시스템이용 전자계약,주식회사 리로소프트,2023-02-23,나라장터
통합시스템,창원북면고등학교,경상남도,2023. 리로스쿨(학생관리통합시스템) 사용 계약,주식회사 리로소프트,2023-03-09,나라장터
통합시스템,의왕초등학교,경기도,의왕초등학교 냉난방기 제어통합시스템 교체,삼인제어시스템 주식회사,2023-05-23,나라장터
통합시스템,금오공업고등학교,경상북도,금오공업고등학교 미래직업교육 실습용 기자재(반도체 로봇통합시스템) 구입,에이프로,2023-06-14,나라장터
통합시스템,분당고등학교,경기도,2024학년도 분당고 학사통합시스템(리로스쿨) 이용,주식회사 리로소프트,2024-02-29,나라장터
통합시스템,신목고등학교,서울특별시,2024학년도 신목고등학교 학사관리 통합시스템 사용 용역 계약,주식회사 리로소프트,2024-02-28,나라장터
통합시스템,서울동작초등학교,서울특별시,2025학년도 물품관리통합시스템 유지보수 용역,인프라테크 주식회사,2025-01-24,나라장터
통합시스템,서울동작초등학교,서울특별시,2025학년도 물품관리통합시스템 유지보수 용역,인프라테크 주식회사,2025-01-24,나라장터
통합시스템,여주여자중학교,,2025학년도 여주여중 무인통합시스템 경비 용역 계약,주식회사 에스원,2025-02-14,나라장터
통합시스템,여주여자중학교,,2025학년도 여주여중 무인통합시스템 경비 용역 계약,주식회사 에스원,2025-02-14,나라장터
통합시스템,광탄고등학교,경기도,학생진로진학길 찾기 관리를 위한 통합시스템 구축,주식회사 리로소프트,2025-04-22,나라장터
통합시스템,동일미래과학고등학교,전남광주통합특별시(광주),고졸자후속관리 졸업생 이력관리 통합시스템 개발 구축 용역 계약,(주) 모아정보기술,2025-09-09,나라장터
통합시스템,광양고등학교,,광양고등학교 스마트 전기재난예측 통합시스템 구축장비 구매 계약,오세플러스 주식회사,2025-11-18,나라장터
통합시스템,광양고등학교,,광양고등학교 스마트 전기재난예측 통합시스템 구축장비 구매 계약,오세플러스 주식회사,2025-11-18,나라장터
통합시스템,동일미래과학고등학교,전남광주통합특별시(광주),고졸자후속관리 졸업생 이력관리 통합시스템 개발 구축 용역 계약,(주) 모아정보기술,2025-09-09,나라장터
통합시스템,여주여자중학교,,2025학년도 여주여중 무인통합시스템 경비 용역 계약,주식회사 에스원,2025-02-14,나라장터
그라운드(Grownd),서울용마초등학교,서울특별시,"2023학년도 용마초 기계경비용역(본관, 아이엠그라운드)",주식회사 에스원,2023-02-27,나라장터
그라운드(Grownd),평택초등학교,경기도,교사동 청소 및 운동장 그라운드 클리닝 용역 계약 체결,(주)신창이엔지,2023-08-03,나라장터
그라운드(Grownd),선일중학교,경기도,2023학년도 선일중 운동장 그라운드 클리닉 작업,주식회사스마츠,2023-09-19,나라장터
그라운드(Grownd),인천이음초등학교,인천광역시,2023학년도 증설학급 돌봄교실 북그라운드 공기청청기 임대 전자계약,코웨이 주식회사,2023-12-13,나라장터
그라운드(Grownd),이천중학교,경기도,운동장 제초(그라운드 클리어)작업,건웅종합공사,2024-08-09,나라장터
그라운드(Grownd),오남초등학교,경기도,오남초 정약용 펀그라운드 차량 임차,퇴계원하나관광주식회사,2024-08-26,나라장터
그라운드(Grownd),선부중학교,경기도,선부중학교 운동장 정비작업(그라운드클리어),목림조경(주),2024-09-04,나라장터
그라운드(Grownd),예일초등학교,서울특별시,"예일초 5학년 경복궁, 하이커그라운드 현장체험학습 용역 계약",주식회사 한국콘텐츠연구소,,나라장터
그라운드(Grownd),고잔초등학교,경기도,고잔초 운동장 그라운드클리어 용역,목림조경(주),2025-04-03,나라장터
그라운드(Grownd),고잔초등학교,경기도,고잔초 운동장 그라운드클리어 용역,목림조경(주),2025-04-03,나라장터
그라운드(Grownd),세경고등학교,경기도,2025학년도 비즈니스 플레이 그라운드 창업캠프(앱메이킹) 계약,주식회사 프리윌,2025-07-01,나라장터
그라운드(Grownd),세경고등학교,경기도,2025학년도 비즈니스 플레이 그라운드 창업캠프(앱메이킹) 계약,주식회사 프리윌,2025-07-01,나라장터
그라운드(Grownd),명덕고등학교,경상남도,운동장 소금살포 및 그라운드클리어 작업,동성조경주식회사,2026-01-21,나라장터
그라운드(Grownd),명덕고등학교,경상남도,운동장 소금살포 및 그라운드클리어 작업,동성조경주식회사,2026-01-21,나라장터
수학 놀이터,한신초등학교,서울특별시,2023년 창의수학 놀이터 계약 요청,교육사다리협동조합,2023-02-27,나라장터
수학 놀이터,한신초등학교,서울특별시,2024학년도 창의수학 놀이터 계약 요청,교육사다리협동조합,2024-02-29,나라장터
수학 놀이터,한신초등학교,서울특별시,2025학년도 창의수학 놀이터 용역 계 요청,교육사다리협동조합,2025-02-27,나라장터
수학 놀이터,한신초등학교,서울특별시,2025학년도 창의수학 놀이터 용역 계 요청,교육사다리협동조합,2025-02-27,나라장터
투게더알리미,오주중학교,서울특별시,2023학년도 스쿨투게더(알리미서비스)용역 계약,매치포인트 주식회사,2023-02-23,나라장터
투게더알리미,오주중학교,서울특별시,2025학년도 스쿨투게더(알리미서비스)용역 계약,매치포인트 주식회사,2025-02-26,나라장터
투게더알리미,오주중학교,서울특별시,2025학년도 스쿨투게더(알리미서비스)용역 계약,매치포인트 주식회사,2025-02-26,나라장터
슈퍼스쿨,광남고등학교,경기도,2023학년도 광남고 슈퍼스쿨 서비스 사용 용역 계약,주식회사 슈퍼스쿨,2023-02-28,나라장터
슈퍼스쿨,소하중학교,경기도,비대면 학사관리 통합솔루션 시스템(슈퍼스쿨) 사용 계약,주식회사 슈퍼스쿨,2023-03-02,나라장터
슈퍼스쿨,광문고등학교,경기도,2023학년도 학교생활 플렛폼 슈퍼스쿨 이용료 계약,주식회사 슈퍼스쿨,2023-03-21,나라장터
슈퍼스쿨,효명고등학교,경기도,학교생활 온라인플랫폼(슈퍼스쿨) 연간 라이선스 구입,주식회사 슈퍼스쿨,2023-04-13,나라장터
슈퍼스쿨,광문중학교,경기도,2023학년도 광문중 슈퍼스쿨 사용 구매 계약,주식회사 슈퍼스쿨,2023-07-11,나라장터
슈퍼스쿨,광문중학교,경기도,2023학년도 광문중 슈퍼스쿨 사용 구매 계약,주식회사 슈퍼스쿨,2023-07-12,나라장터
슈퍼스쿨,운산고등학교,경기도,2023학년도 교내 정보화 프로그램(슈퍼스쿨) 용역,주식회사 슈퍼스쿨,2023-08-30,나라장터
슈퍼스쿨,영선중학교,전북특별자치도,에듀테크 시범학교 슈퍼스쿨 라이센스 구입,주식회사 슈퍼스쿨이노베이션,2024-02-01,나라장터
슈퍼스쿨,광남고등학교,경기도,광남고 2024학년도 슈퍼스쿨 서비스 용역 계약,주식회사 슈퍼스쿨이노베이션,2024-02-29,나라장터
슈퍼스쿨,대전지족고등학교,대전광역시,2024학년도 슈퍼스쿨 서비스 이용 계약,주식회사 슈퍼스쿨이노베이션,2024-02-27,나라장터
슈퍼스쿨,상우고등학교,경기도,2024학년도 상우고등학교 행정관리(슈퍼스쿨) 시스템 계약,주식회사 슈퍼스쿨이노베이션,2024-02-28,나라장터
슈퍼스쿨,운산고등학교,경기도,교내 정보화 프로그램(슈퍼스쿨) 용역계약,주식회사 슈퍼스쿨이노베이션,,나라장터
슈퍼스쿨,단원중학교,경기도,2024학년도 슈퍼스쿨 알리미 유지관리 용역,주식회사 슈퍼스쿨이노베이션,2024-03-01,나라장터
슈퍼스쿨,소하중학교,경기도,비대면 학사관리 통합솔루션 시스템(슈퍼스쿨) 사용 계약,주식회사 슈퍼스쿨이노베이션,2024-03-01,나라장터
슈퍼스쿨,효명고등학교,경기도,2024학년도 온라인플랫폼(슈퍼스쿨) 연간 이용 계약,주식회사 슈퍼스쿨이노베이션,2024-03-01,나라장터
슈퍼스쿨,수지고등학교,경기도,2024학년도 수지고등학교 스마트 공지 시스템 슈퍼스쿨 용역 계약,주식회사 슈퍼스쿨이노베이션,2024-03-14,나라장터
슈퍼스쿨,광문고등학교,경기도,2024학년도 학교생활 플랫폼 슈퍼스쿨 제공 용역,주식회사 슈퍼스쿨이노베이션,2024-03-14,나라장터
슈퍼스쿨,운산고등학교,경기도,2024학년도 교내 정보화프로그램(슈퍼스쿨) 이용 용역계약,주식회사 슈퍼스쿨,2024-03-13,나라장터
슈퍼스쿨,광문중학교,경기도,광문중 2024학년도 슈퍼스쿨 시스템 사용료 계약,주식회사 슈퍼스쿨,2024-05-03,나라장터
슈퍼스쿨,초월고등학교,경기도,초월고등학교 슈퍼스쿨(비대면 학사관리 통합솔루션 시스템) 서비스 이용 전자계약,주식회사 슈퍼스쿨,2024-04-04,나라장터
슈퍼스쿨,이충중학교,경기도,이충중 디지털 선도학교 AI 코스웨어 슈퍼스쿨 이용 계약,주식회사 슈퍼스쿨,2024-04-22,나라장터
슈퍼스쿨,판교고등학교,경기도,2024년 슈퍼스쿨 학사관리 시스템 계약,주식회사 슈퍼스쿨,2024-04-24,나라장터
슈퍼스쿨,판교고등학교,경기도,2024년 슈퍼스쿨 학사관리 시스템 계약,주식회사 슈퍼스쿨,2024-05-02,나라장터
슈퍼스쿨,판교고등학교,경기도,2024년 슈퍼스쿨 학사관리 시스템 계약,주식회사 슈퍼스쿨,2024-05-03,나라장터
슈퍼스쿨,소하중학교,경기도,비대면 학사관리 통합솔루션 시스템(슈퍼스쿨) 사용 변경 계약,주식회사 슈퍼스쿨,2024-05-28,나라장터
슈퍼스쿨,초월고등학교,경기도,초월고등학교 슈퍼스쿨(비대면 학사관리 통합솔루션 시스템) 서비스 이용 전자계약,주식회사 슈퍼스쿨,2024-06-19,나라장터
슈퍼스쿨,소하중학교,경기도,비대면 학사관리 통합솔루션 시스템(슈퍼스쿨) 사용 변경 계약,주식회사 슈퍼스쿨,2024-08-20,나라장터
슈퍼스쿨,대전지족고등학교,대전광역시,2024학년도 슈퍼스쿨 서비스 이용 계약,주식회사 슈퍼스쿨,2024-08-21,나라장터
슈퍼스쿨,수지고등학교,경기도,2024학년도 수지고등학교 스마트 공지 시스템 슈퍼스쿨 용역 계약,주식회사 슈퍼스쿨,2024-08-22,나라장터
슈퍼스쿨,광문중학교,경기도,광문중 2024학년도 슈퍼스쿨 시스템 사용료 변경 계약,주식회사 슈퍼스쿨,2024-10-15,나라장터
슈퍼스쿨,광문중학교,경기도,광문중 2024학년도 슈퍼스쿨 시스템 사용료 변경 계약,주식회사 슈퍼스쿨,2024-10-15,나라장터
슈퍼스쿨,심석고등학교,경기도,2025학년도 슈퍼스쿨 서비스 이용 계약,주식회사 슈퍼스쿨,2025-02-13,나라장터
슈퍼스쿨,심석고등학교,경기도,2025학년도 슈퍼스쿨 서비스 이용 계약,주식회사 슈퍼스쿨,2025-02-13,나라장터
슈퍼스쿨,재현고등학교,서울특별시,2025학년도 재현고등학교 슈퍼스쿨 서비스 이용 계약,주식회사 슈퍼스쿨,2025-03-01,나라장터
슈퍼스쿨,단원중학교,경기도,2025학년도 슈퍼스쿨 알리미 유지관리 용역,주식회사 슈퍼스쿨,2025-02-20,나라장터
슈퍼스쿨,재현고등학교,서울특별시,2025학년도 재현고등학교 슈퍼스쿨 서비스 이용 계약,주식회사 슈퍼스쿨,2025-03-01,나라장터
슈퍼스쿨,단원중학교,경기도,2025학년도 슈퍼스쿨 알리미 유지관리 용역,주식회사 슈퍼스쿨,2025-02-20,나라장터
슈퍼스쿨,토평고등학교,경기도,2025학년도 토평고등학교 슈퍼스쿨 비대면 학사관리 통합 솔루션  구입 전자계약,주식회사 슈퍼스쿨,2025-02-24,나라장터
슈퍼스쿨,토평고등학교,경기도,2025학년도 토평고등학교 슈퍼스쿨 비대면 학사관리 통합 솔루션  구입 전자계약,주식회사 슈퍼스쿨,2025-02-24,나라장터
슈퍼스쿨,인창고등학교,경기도,2025학년도 학교생활 플랫폼 슈퍼스쿨 서비스 사용 계약 ,주식회사 슈퍼스쿨,2025-03-07,나라장터
슈퍼스쿨,이충중학교,경기도,이충중 2025학년도 슈퍼스쿨 프로그램 사용 계약,주식회사 슈퍼스쿨,2025-03-10,나라장터
슈퍼스쿨,인창고등학교,경기도,2025학년도 학교생활 플랫폼 슈퍼스쿨 서비스 사용 계약 ,주식회사 슈퍼스쿨,2025-03-07,나라장터
슈퍼스쿨,이충중학교,경기도,이충중 2025학년도 슈퍼스쿨 프로그램 사용 계약,주식회사 슈퍼스쿨,2025-03-10,나라장터
슈퍼스쿨,천보중학교,경기도,천보중 슈퍼스쿨 이용 계약,주식회사 슈퍼스쿨,2025-03-11,나라장터
슈퍼스쿨,천보중학교,경기도,천보중 슈퍼스쿨 이용 계약,주식회사 슈퍼스쿨,2025-03-11,나라장터
슈퍼스쿨,공도중학교,경기도,2025학년도 공도중 디지털 출석부 플랫폼(슈퍼스쿨) 사용 계약,주식회사 슈퍼스쿨,2025-04-23,나라장터
슈퍼스쿨,공도중학교,경기도,2025학년도 공도중 디지털 출석부 플랫폼(슈퍼스쿨) 사용 계약,주식회사 슈퍼스쿨,2025-04-23,나라장터
슈퍼스쿨,분당아람고등학교,경기도,분당아람고 행정업무경감프로그램 -슈퍼스쿨 용역 계약,주식회사 슈퍼스쿨,2025-03-03,나라장터
슈퍼스쿨,분당아람고등학교,경기도,분당아람고 행정업무경감프로그램 -슈퍼스쿨 용역 계약,주식회사 슈퍼스쿨,2025-03-03,나라장터
슈퍼스쿨,연세중학교,경기도,2026학년도 교육용소프트웨어(슈퍼스쿨) 계약 체결,주식회사 슈퍼스쿨,2026-02-24,나라장터
북적북적,서울장곡초등학교,서울특별시,"2023학년도 장곡초 인쇄물(꿈오름공책, 북적북적 장곡생활) 제작",자유기획인쇄,2023-03-03,나라장터
북적북적,삼봉초등학교,충청남도,2023학년도 북적북적 독서동아리 임차 계약,수도고속관광 주식회사,2023-05-23,나라장터
북적북적,신평중학교,충청남도,2023년 북적북적 프로젝트 체험활동에 따른 버스 임대차 계약(6.7.),(주)서진관광,2023-06-01,나라장터
북적북적,복자여자중학교,충청남도,복자여자중학교 북적북적 북카페 가구제작,대신O.A,2023-07-05,나라장터
북적북적,삼봉초등학교,충청남도,2023학년도 북적북적 프로젝트 체험 임차 계약,수도고속관광 주식회사,2023-07-07,나라장터
북적북적,조치원중학교,세종특별자치시,2023학년도 2학년 북적북적 인문학 캠프 역사탐방 운영을 위한 전세번스 임차용역,주식회사 뉴제로쿨투어,2023-07-14,나라장터
북적북적,고산초등학교,충청남도,2023학년도 북적북적 서점나들이 차량 임차 계약,수도고속관광 주식회사,2023-08-31,나라장터
북적북적,전대초등학교,충청남도,2023학년도 생각꿈틀 북적북적 프로젝트 서점체험학습 차량 임차 용역,신성관광주식회사,2023-08-30,나라장터
북적북적,인천초은중학교,인천광역시,2023학년도 2학년 북적북적한 학교만들기 현장체험학습 차량임차 계약,(합)국제관광여행사,2023-11-06,나라장터
북적북적,안양초등학교,경기도,2024학년도 북적북적 책나들이를 위한 부스 위탁용역 계약,사단법인 한국예술문화연합회,2024-09-13,나라장터
북적북적,서종초등학교,경기도,2024년도 서종초등학교 북적북적 페스티벌 참가 전세버스 임차 계약,자유고속관광(주),2024-10-14,나라장터
북적북적,매곡초등학교,충청북도,2024. 제7회 북적북적 작가되기 책전시회(탈놀이극) 공연 용역 계약,극단꼭두광대,2024-10-18,나라장터
북적북적,안성고등학교,경기도,경기 북적북적 페스티벌 참가 버스 임차 용역,(주)신세계관광항공여행사,2024-10-21,나라장터
북적북적,고대중학교,충청남도,2024 북적북적 프로젝트 연계 독서동아리 문학기행 운영 전세버스 임차용역,(주)서진관광,2024-12-10,나라장터
YBM 리딩팜,상색초등학교,경기도,상색초 YBM 리딩팜 온라인서비스 용역계약,주식회사 와이비엠넷,2023-03-06,나라장터
YBM 리딩팜,서울방이초등학교,서울특별시,2023년 방이초등학교 영어도서관 YBM리딩팜온라인 이용권 구매계약,주식회사 와이비엠넷,2023-03-02,나라장터
YBM 리딩팜,미사강변중학교,경기도,2023년 미사강변중 YBM리딩팜 온라인서비스,주식회사 와이비엠넷,2023-04-01,나라장터
YBM 리딩팜,미사강변중학교,경기도,2023년 미사강변중 YBM리딩팜 온라인서비스,주식회사 와이비엠넷,2023-04-01,나라장터
YBM 리딩팜,경희초등학교,서울특별시,2024년 경흐초YBM 리딩팜 (전자도서관)계약체결,주식회사 와이비엠넷,2024-03-01,나라장터
YBM 리딩팜,한신초등학교,서울특별시,온라인 영어독서프로그램 (YBM 리딩팜) 6개월 사용계약 실시,주식회사 와이비엠넷,2025-09-04,나라장터
YBM 리딩팜,한신초등학교,서울특별시,온라인 영어독서프로그램 (YBM 리딩팜) 6개월 사용 계약,주식회사 와이비엠넷,,나라장터
YBM 리딩팜,한신초등학교,서울특별시,온라인 영어독서프로그램 (YBM 리딩팜) 6개월 사용계약 실시,주식회사 와이비엠넷,2025-09-04,나라장터
YBM 리딩팜,한신초등학교,서울특별시,2026학년도 온라인 영어 독서 프로그램(YBM 리딩팜) 용역 계약   ,주식회사 와이비엠,2026-02-27,나라장터
YBM 리딩팜,한신초등학교,서울특별시,2026학년도 온라인 영어 독서 프로그램(YBM 리딩팜) 용역 계약   ,주식회사 와이비엠,2026-02-27,나라장터
티처콜 교원안심번호,발곡고등학교,경기도,발곡고등학교 티처콜 교원 안심번호서비스 이용,주식회사 티로그텔레콤,2023-03-13,나라장터
티처콜 교원안심번호,발곡고등학교,경기도,발곡고등학교 티처콜 교원 안심번호서비스 이용 계약금액 변경,주식회사 티로그텔레콤,2023-04-03,나라장터
티처콜 교원안심번호,계원예술고등학교,경기도,2025학년도 계원예술고등학교 티처콜 교원안심번호 서비스 ,주식회사 티로그텔레콤,2025-02-28,나라장터
티처콜 교원안심번호,계원예술고등학교,경기도,2025학년도 계원예술고등학교 티처콜 교원안심번호 서비스 ,주식회사 티로그텔레콤,2025-02-28,나라장터
티처콜 교원안심번호,배화여자중학교,서울특별시,배화여중 티처콜 교원안심번호20 정액요금제,주식회사 티로그텔레콤,2025-12-31,나라장터
티처콜 교원안심번호,배화여자중학교,서울특별시,배화여중 티처콜 교원안심번호20 정액요금제,주식회사 티로그텔레콤,2025-12-31,나라장터
티처콜 교원안심번호,다운고등학교,울산광역시,2026학년도 티처콜 교원안심번호 서비스,주식회사 티로그텔레콤,2026-02-26,나라장터
티처콜 교원안심번호,다운고등학교,울산광역시,2026학년도 티처콜 교원안심번호 서비스,주식회사 티로그텔레콤,2026-02-26,나라장터
티처콜 교원안심번호,역곡중학교,경기도,티처콜(교원 안심번호) 서비스 계약,주식회사 티로그텔레콤,2026-03-16,나라장터
티처콜 교원안심번호,역곡중학교,경기도,티처콜(교원 안심번호) 서비스 계약,주식회사 티로그텔레콤,2026-03-16,나라장터
마음톡톡,상록초등학교,경기도,상록초 마음톡톡 집단상담 프로그램활동 용역계약,사회복지법인 굿네이버스 경기안양지부,2023-03-13,나라장터
마음톡톡,덕장중학교,경기도,덕장중학교 라온제나 뮤지컬 마음톡톡 예술치료 프로그램 계약,미스터리컴퍼니,2023-04-19,나라장터
마음톡톡,인천가좌초등학교,인천광역시,2024학년도 인천가좌초등학교 교육균형발전학교맞춤형지원사업(마음톡톡예술치료) 프로그램 운영 용역 계약,두그루아동청소년상담센터&amp;뮤직센터,2024-08-29,나라장터
마음톡톡,인천가좌초등학교,인천광역시,2025학년도 인천가좌초등학교 마음톡톡 예술치료 프로그램(타악기 연주) 계약 체결,두그루아동청소년상담센터&amp;뮤직센터,2025-08-28,나라장터
마음톡톡,인천가좌초등학교,인천광역시,2025학년도 인천가좌초등학교 마음톡톡 예술치료 프로그램(타악기 연주) 계약 체결,두그루아동청소년상담센터&amp;뮤직센터,2025-08-28,나라장터
마음톡톡,인천가좌초등학교,인천광역시,2025학년도 인천가좌초등학교 마음톡톡 예술치료 프로그램(타악기 연주) 계약 체결,두그루아동청소년상담센터&amp;뮤직센터,2025-08-28,나라장터
마음톡톡,안산광덕초등학교,경기도,안산광덕초 교육복지 마음톡톡 음악심리 프로그램 운영,포이에마,2026-04-14,나라장터
마음톡톡,안산광덕초등학교,경기도,안산광덕초 교육복지 마음톡톡 음악심리 프로그램 운영,포이에마,2026-04-14,나라장터
마음톡톡,서산중학교,충청남도,교육복지 마음톡톡 여름캠프 전세버스 임차,우등관광 주식회사,2026-06-10,나라장터
마음톡톡,서산중학교,충청남도,교육복지 마음톡톡 여름캠프 전세버스 임차,우등관광 주식회사,2026-06-10,나라장터
아이알리미,다산가람초등학교,경기도,2023학년도 아이알리미 서비스 계약,(주)제이티통신,2023-03-24,나라장터
아이알리미,대구매동초등학교,대구광역시,2023.아이알리미 서비스용역 계약 체결,(주)제이티통신,2023-03-29,나라장터
아이알리미,능원초등학교,경기도,2023학년도 안심알리미(아이알리미) 서비스 이용료 용역,(주)제이티통신,2023-05-01,나라장터
아이알리미,화서초등학교,경기도,2023학년도 아이알리미 사용 용역 계약,(주)제이티통신,2023-04-17,나라장터
아이알리미,안룡초등학교,경기도,아이알리미 서비스 이용 계약,(주)제이티통신,2023-04-19,나라장터
아이알리미,명학초등학교,경기도,2023학년도 안심(아이)알리미 사용,(주)제이티통신,2023-04-20,나라장터
아이알리미,호평초등학교,경기도,2023학년도 아이알리미 서비스 구매 계약,(주)제이티통신,2023-04-21,나라장터
아이알리미,지제초등학교,경기도,2023학년도 지제초 아이알리미 서비스 용역,(주)제이티통신,2023-04-26,나라장터
아이알리미,인천길주초등학교,인천광역시,2023학년도 초등돌봄교실 및 늘품꿈터 아이알리미 서비스 제공 용역 계약,(주)제이티통신,2023-05-25,나라장터
아이알리미,인천주안초등학교,인천광역시,2024학년도 학교시설관리 유지보수 용역 계약(아이알리미),(주)제이티통신,2024-02-07,나라장터
아이알리미,상현초등학교,경기도,2024학년도 아이알리미 용역,(주)제이티통신,2024-02-21,나라장터
아이알리미,새솔초등학교,경기도,2024학년도 JT아이알리미 서비스 용역,(주)제이티통신,2024-03-01,나라장터
아이알리미,만안초등학교,경기도,2024학년도 아이알리미(안심알리미)서비스 용역 계약,(주)제이티통신,2024-02-29,나라장터
아이알리미,고산초등학교,경기도,2024년도 아이알리미 서비스(등하교 안심) 계약,(주)제이티통신,2024-03-01,나라장터
아이알리미,세정초등학교,경기도,2024학년도 세정초 아이알리미 용역 계약,(주)제이티통신,2024-02-28,나라장터
아이알리미,갈곡초등학교,경기도,2024학년도 갈곡초 안심 아이알리미 서비스 용역 계약,(주)제이티통신,2024-03-13,나라장터
아이알리미,의정부초등학교,경기도,의정부초 2024학년 JT 아이알리미 계약 체결,(주)제이티통신,2024-03-01,나라장터
아이알리미,도제원초등학교,경기도,도제원초  2024학년도 아이알리미 서비스 계약,(주)제이티통신,2024-03-20,나라장터
아이알리미,김포구래초등학교,경기도,2024학년도 김포구래초 아이알리미 사용 계약,(주)제이티통신,2024-03-02,나라장터
아이알리미,정평초등학교,경기도,2024년 아이알리미 용역 계약,(주)제이티통신,2024-04-01,나라장터
아이알리미,군포초등학교,경기도,병설유치원 아이알리미 설치 및 연간이용료 지급 계약,(주)제이티통신,2024-06-05,나라장터
아이알리미,관양초등학교,경기도,2025학년도 관양초 아이알리미서비스 용역,(주)제이티통신,2025-02-13,나라장터
아이알리미,관양초등학교,경기도,2025학년도 관양초 아이알리미서비스 용역,(주)제이티통신,2025-02-13,나라장터
아이알리미,갈곡초등학교,경기도,2025학년도 갈곡초 안심 아이알리미 서비스 용역 계약,(주)제이티통신,2025-03-07,나라장터
아이알리미,갈곡초등학교,경기도,2025학년도 갈곡초 안심 아이알리미 서비스 용역 계약,(주)제이티통신,2025-03-07,나라장터
아이알리미,도제원초등학교,경기도,도제원초 2025학년도 아이알리미 서비스 계약,(주)제이티통신,2025-03-12,나라장터
아이알리미,도제원초등학교,경기도,도제원초 2025학년도 아이알리미 서비스 계약,(주)제이티통신,2025-03-12,나라장터
아이알리미,검바위초등학교,경기도,2025학년도 아이알리미 서비스 용역,(주)제이티통신,2025-04-07,나라장터
아이알리미,검바위초등학교,경기도,2025학년도 아이알리미 서비스 용역,(주)제이티통신,2025-04-07,나라장터
아이알리미,율포초등학교,경기도,2025학년도 어린이 아이알리미 T-루키스 이용 계약 ,주식회사 루키스,2025-04-15,나라장터
아이알리미,율포초등학교,경기도,2025학년도 어린이 아이알리미 T-루키스 이용 계약 ,주식회사 루키스,2025-04-15,나라장터
아이알리미,관양초등학교,경기도,2026학년도 관양초 아이알리미서비스 용역,(주)제이티통신,2026-02-12,나라장터
아이알리미,관양초등학교,경기도,2026학년도 관양초 아이알리미서비스 용역,(주)제이티통신,2026-02-12,나라장터
아이알리미,검바위초등학교,경기도,2026학년도 아이알리미 서비스 용역 계약,(주)제이티통신,2026-02-25,나라장터
아이알리미,빛가온초등학교,경기도,2026학년도 아이알리미(안심알리미) 서비스 용역 ,(주)제이티통신,2026-02-26,나라장터
아이알리미,검바위초등학교,경기도,2026학년도 아이알리미 서비스 용역 계약,(주)제이티통신,2026-02-25,나라장터
아이알리미,서울난우초등학교,서울특별시,2026학년도 초등돌봄교실 아이알리미(안전관리 출결 시스템) 월 이용료 계약 ,(주)제이티통신,2026-02-27,나라장터
아이알리미,빛가온초등학교,경기도,2026학년도 아이알리미(안심알리미) 서비스 용역 ,(주)제이티통신,2026-02-26,나라장터
아이알리미,갈곡초등학교,경기도,2026학년도 안심 아이알리미 서비스 용역 계약 체결,(주)제이티통신,2026-03-05,나라장터
아이알리미,능원초등학교,경기도,2026학년도 능원초 아이알리미 사용 용역 계약  ,(주)제이티통신,2026-03-04,나라장터
아이알리미,갈곡초등학교,경기도,2026학년도 안심 아이알리미 서비스 용역 계약 체결,(주)제이티통신,2026-03-05,나라장터
아이알리미,능원초등학교,경기도,2026학년도 능원초 아이알리미 사용 용역 계약  ,(주)제이티통신,2026-03-04,나라장터
아이알리미,수진초등학교,경기도,수진초 2026학년도 아이알리미 용역 계약,(주)제이티통신,2026-03-01,나라장터
아이알리미,수진초등학교,경기도,수진초 2026학년도 아이알리미 용역 계약,(주)제이티통신,2026-03-01,나라장터
아이알리미,서울난우초등학교,서울특별시,2026학년도 초등돌봄교실 아이알리미(안전관리 출결 시스템) 월 이용료 계약 ,(주)제이티통신,2026-02-27,나라장터
아이알리미,서울난우초등학교,서울특별시,2026학년도 초등돌봄교실 아이알리미(안전관리 출결 시스템) 월 이용료 계약 ,(주)제이티통신,2026-02-27,나라장터
아이알리미,송안초등학교,경기도,2026학년도 아이알리미 서비스 사용료 계약,(주)제이티통신,2026-03-13,나라장터
아이알리미,송곡초등학교,경기도,2026년 아이알리미 서비스 이용 계약,(주)제이티통신,2026-03-13,나라장터
아이알리미,송곡초등학교,경기도,2026년 아이알리미 서비스 이용 계약,(주)제이티통신,2026-03-13,나라장터
아이알리미,송안초등학교,경기도,2026학년도 아이알리미 서비스 사용료 계약,(주)제이티통신,2026-03-13,나라장터
[에듀인애스크] 원어민 화상영어,구정초등학교,충청북도,2023년 구정초등학교 원어민 화상영어 강의 위탁용역 계약,엔구코리아 주식회사,2023-03-24,나라장터
[에듀인애스크] 원어민 화상영어,제천동중학교,충청북도,2023. 방과후학교 원어민 화상영어 위탁 용역 계약,주식회사 캐럿에듀,2023-03-31,나라장터
[에듀인애스크] 원어민 화상영어,동중학교,,2023. 방과후학교 원어민 화상영어 위탁 용역 계약,주식회사 캐럿에듀,2023-03-31,나라장터
[에듀인애스크] 원어민 화상영어,서울금옥초등학교,서울특별시,2023 원어민화상영어 용역계약,(주)미래교육,2023-04-13,나라장터
[에듀인애스크] 원어민 화상영어,석적초등학교,경상북도,2023학년도 원어민 화상영어 운영 계약,씨톡영어,2023-04-20,나라장터
[에듀인애스크] 원어민 화상영어,사북초등학교,강원특별자치도,2023년 원어민 화상영어학습 프로그램 용역,(주)건우애듀,2023-04-27,나라장터
[에듀인애스크] 원어민 화상영어,갈래초등학교,강원특별자치도,2023년 갈래초등학교 원어민 화상영어 교육 용역 계약,(주)건우애듀,2023-04-28,나라장터
[에듀인애스크] 원어민 화상영어,대구소프트웨어마이스터고등학교,대구광역시,원어민 화상영어 교육 프로그램 위탁용역,아라소프트 주식회사,2023-05-02,나라장터
[에듀인애스크] 원어민 화상영어,함백중학교,강원특별자치도,2023년 함백중학교 원어민화상영어 운영,(주)건우애듀,2023-05-02,나라장터
[에듀인애스크] 원어민 화상영어,여량중학교,강원특별자치도,2023학년도 여량중학교 원어민화상영어 교육 계약,(주)건우애듀,2023-05-02,나라장터
[에듀인애스크] 원어민 화상영어,점촌북초등학교,경상북도,2023년 늘봄학교 프로그램 원어민 화상영어 수강료,(주)건우애듀,2023-05-03,나라장터
[에듀인애스크] 원어민 화상영어,김천초등학교,경상북도,2023학년도 온라인 영어학습(원어민 화상영어) 운영,(주)파고다에스씨에스,2023-06-01,나라장터
[에듀인애스크] 원어민 화상영어,중문고등학교,제주특별자치도,2023년 중문고등학교 원어민 화상영어 수업 운영 위탁용역,주식회사 캐럿솔루션즈,2023-08-07,나라장터
[에듀인애스크] 원어민 화상영어,한국국제통상마이스터고등학교,경상북도,2023학년도 방과후학교 원어민 화상영어 위탁 용역,(주)미래교육,2023-08-24,나라장터
[에듀인애스크] 원어민 화상영어,석적초등학교,경상북도,2023학년도 원어민 화상영어 운영 계약,씨톡영어,2023-12-13,나라장터
[에듀인애스크] 원어민 화상영어,갈래초등학교,강원특별자치도,2023년 갈래초등학교 원어민 화상영어 교육 용역 계약,(주)건우애듀,2023-12-21,나라장터
[에듀인애스크] 원어민 화상영어,한국국제통상마이스터고등학교,경상북도,2023학년도 방과후학교 원어민 화상영어 위탁 용역,(주)미래교육,2023-12-29,나라장터
[에듀인애스크] 원어민 화상영어,서울도시과학기술고등학교,서울특별시,2024학년도 원어민 화상 영어 학습 용역,(주)파고다에스씨에스,2024-03-22,나라장터
[에듀인애스크] 원어민 화상영어,구정초등학교,충청북도,2024년 구정초 원어민화상영어 강의 위탁용역 계약,엔구코리아 주식회사,2024-04-05,나라장터
[에듀인애스크] 원어민 화상영어,당북초등학교,전북특별자치도,원어민 화상영어 프로그램 실시,주식회사 캐럿솔루션즈,,나라장터
[에듀인애스크] 원어민 화상영어,대구소프트웨어마이스터고등학교,대구광역시,2024학년도 원어민 화상영어 교육 프로그램 위탁용역,아라소프트 주식회사,2024-05-02,나라장터
[에듀인애스크] 원어민 화상영어,서울금옥초등학교,서울특별시,2024학년도 원어민 화상영어 용역,(주)미래교육,,나라장터
[에듀인애스크] 원어민 화상영어,서울금옥초등학교,서울특별시,2024학년도 원어민 화상영어 학습 용역 계약,(주)미래교육,2024-05-08,나라장터
[에듀인애스크] 원어민 화상영어,산동초등학교,경상북도,2024학년도 산동초 원어민 화상영어수업 용역 계약,씨톡영어,2024-05-21,나라장터
[에듀인애스크] 원어민 화상영어,대구제일여자상업고등학교,대구광역시,2024.직업계고 글로벌프로그램(1학년 원어민화상영어) 위탁 운영,아라소프트 주식회사,2024-07-05,나라장터
[에듀인애스크] 원어민 화상영어,대구제일여자상업고등학교,대구광역시,"2024.직업계고 글로벌프로그램(2,3학년 원어민 화상영어) 위탁운영",주식회사아이디씨아시아,2024-07-09,나라장터
[에듀인애스크] 원어민 화상영어,대구동곡초등학교,대구광역시,2024학년도 2학기 1:1 원어민 화상 영어교육 프로그램 구입 계약 체결,주식회사 엔이능률,,나라장터
[에듀인애스크] 원어민 화상영어,효양고등학교,경기도,효양고등학교 2025학년도 원어민 화상영어 이용,엔구코리아 주식회사,2025-04-21,나라장터
[에듀인애스크] 원어민 화상영어,효양고등학교,경기도,효양고등학교 2025학년도 원어민 화상영어 이용,엔구코리아 주식회사,2025-04-21,나라장터
[에듀인애스크] 원어민 화상영어,구정초등학교,충청북도,2025학년도 구정초등학교 원어민화상영어 위탁용역 계약,엔구코리아 주식회사,2025-03-25,나라장터
[에듀인애스크] 원어민 화상영어,구정초등학교,충청북도,2025학년도 구정초등학교 원어민화상영어 위탁용역 계약,엔구코리아 주식회사,2025-03-25,나라장터
[에듀인애스크] 원어민 화상영어,대구동곡초등학교,대구광역시,2025학년도 대구동곡초등학교 1:1 원어민 화상영어 위탁운영 용역 전자계약,(주)미래교육,2025-04-11,나라장터
[에듀인애스크] 원어민 화상영어,대구소프트웨어마이스터고등학교,대구광역시,2025학년도 원어민 화상영어 교육 프로그램 위탁 용역,아라소프트 주식회사,2025-04-25,나라장터
[에듀인애스크] 원어민 화상영어,대구소프트웨어마이스터고등학교,대구광역시,2025학년도 원어민 화상영어 교육 프로그램 위탁 용역,아라소프트 주식회사,2025-04-25,나라장터
[에듀인애스크] 원어민 화상영어,대구동곡초등학교,대구광역시,2025학년도 대구동곡초등학교 1:1 원어민 화상영어 위탁운영 용역 전자계약,(주)미래교육,2025-04-11,나라장터
[에듀인애스크] 원어민 화상영어,상동고등학교,강원특별자치도,2025학년도 상동고등학교 원어민 화상영어 위탁 용역,엔구코리아 주식회사,2025-05-12,나라장터
[에듀인애스크] 원어민 화상영어,상동고등학교,강원특별자치도,2025학년도 상동고등학교 원어민 화상영어 위탁 용역,엔구코리아 주식회사,2025-05-12,나라장터
[에듀인애스크] 원어민 화상영어,대구동곡초등학교,대구광역시,(변경) 2025학년도 대구동곡초등학교 1:1 원어민 화상영어 위탁운영 용역 전자계약,(주)미래교육,2025-05-29,나라장터
[에듀인애스크] 원어민 화상영어,대구제일여자상업고등학교,대구광역시,2025. 직업계고 글로벌프로그램 원어민화상영어 운영,아라소프트 주식회사,2025-07-18,나라장터
[에듀인애스크] 원어민 화상영어,대구제일여자상업고등학교,대구광역시,2025. 직업계고 글로벌프로그램 원어민화상영어 운영,아라소프트 주식회사,2025-07-18,나라장터
[에듀인애스크] 원어민 화상영어,대구농업마이스터고등학교,대구광역시,2025학년도 글로벌 프로그램(2학년 원어민 화상영어 수업) 용역 계약,주식회사 이앤오즈,2025-08-14,나라장터
[에듀인애스크] 원어민 화상영어,대구농업마이스터고등학교,대구광역시,2025학년도 글로벌 프로그램(2학년 원어민 화상영어 수업) 용역 계약,주식회사 이앤오즈,2025-08-14,나라장터
[에듀인애스크] 원어민 화상영어,서울금옥초등학교,서울특별시,2025학년도 서울금옥초등학교 원어민 화상영어 용역 계약,(주)에듀인애스크,2025-09-10,나라장터
[에듀인애스크] 원어민 화상영어,서울금옥초등학교,서울특별시,2025학년도 서울금옥초등학교 원어민 화상영어 용역 계약,(주)에듀인애스크,2025-09-10,나라장터
[에듀인애스크] 원어민 화상영어,서울금옥초등학교,서울특별시,2025학년도 서울금옥초등학교 원어민 화상영어 용역 계약,(주)에듀인애스크,2025-09-10,나라장터
[에듀인애스크] 원어민 화상영어,서울금옥초등학교,서울특별시,2025학년도 서울금옥초등학교 원어민 화상영어 용역 계약,(주)에듀인애스크,2026-02-13,나라장터
[에듀인애스크] 원어민 화상영어,서울금옥초등학교,서울특별시,2025학년도 서울금옥초등학교 원어민 화상영어 용역 계약,(주)에듀인애스크,2026-02-13,나라장터
[에듀인애스크] 원어민 화상영어,대구동곡초등학교,대구광역시,(변경) 2025학년도 대구동곡초등학교 1:1 원어민 화상영어 위탁운영 용역 전자계약,(주)미래교육,2025-05-29,나라장터
[에듀인애스크] 원어민 화상영어,구정초등학교,충청북도,2026학년도 구정초등학교 원어민 화상영어 수업 계약,엔구코리아 주식회사,2026-03-10,나라장터
[에듀인애스크] 원어민 화상영어,구정초등학교,충청북도,2026학년도 구정초등학교 원어민 화상영어 수업 계약,엔구코리아 주식회사,2026-03-10,나라장터
로봇 코딩,보평고등학교,경기도,보평고 창의리더 아카데미 로봇코딩과정  프로그램 운영 계약,유니온티교육협회,2023-03-28,나라장터
로봇 코딩,청학고등학교,경기도,"2023학년도 과학탐구프로그램(인공지능, 로봇코딩) 운영 용역 계약",세종과학아카데미 협동조합,2023-05-02,나라장터
로봇 코딩,예솔초등학교,경기도,예솔초 5학년 로봇코딩 체험 계약,알레스구트,,나라장터
로봇 코딩,광주고등학교,경기도,2023년 로봇코딩 캠프 교육,세종과학아카데미 협동조합,2023-05-31,나라장터
로봇 코딩,주곡초등학교,경기도,주곡초등학교 2학년 로봇코딩 체험프로그램 재료 구입,주식회사 클리브,2023-09-18,나라장터
로봇 코딩,천안서초등학교,충청남도,2023학년도 로봇코딩선도학교 체험학습 차량 임차,(주)백우관광,2023-07-17,나라장터
로봇 코딩,보평고등학교,경기도,보평고 2023학년도 창의리더 아카데미 심화반(로봇코딩과정) 운영 계약,유니온티교육협회,2023-08-17,나라장터
로봇 코딩,푸른초등학교,경기도,2023년 푸른초등학교 6학년 로봇코딩 체험교육 운영 계약,쥬아카데미,2023-09-11,나라장터
로봇 코딩,수택초등학교,경기도,2023학년도 수택초등학교 핑퐁로봇코딩 프로그램 용역,주식회사 클리브,2023-10-18,나라장터
로봇 코딩,광주고등학교,경기도,로봇코딩 캠프 교육,세종과학교육 협동조합,2023-10-26,나라장터
로봇 코딩,다온초등학교,경기도,"2023학년도 다온초 돌봄교실 겨울방학 특강(로봇,코딩)프로그램 운영 계약",쥬아카데미,2023-11-14,나라장터
로봇 코딩,호평고등학교,경기도,호평고 2023학년도 3-1차 꿈길주간 로봇코딩 프로그램 운영 용역 계약,세종과학교육 협동조합,2023-11-21,나라장터
로봇 코딩,인천왕길초등학교,인천광역시,인천왕길초등학교 5학년 수업용 AI로봇코딩기기 대여 계약,프로브,2024-04-23,나라장터
로봇 코딩,광주고등학교,경기도,2024년 1학기 로봇코딩캠프 교육 계약,세종과학교육 협동조합,2024-06-11,나라장터
로봇 코딩,동광중학교,경기도,동광중 방과후학교 AI로봇코딩 교육 용역,주식회사 티앤비스쿨에듀,2024-06-12,나라장터
로봇 코딩,인천도림초등학교,인천광역시,인천도림초 2024학년도 5학년~6학년 로봇 코딩 교육 위탁 계약,주식회사 로보라이즌,2024-08-29,나라장터
로봇 코딩,광주고등학교,경기도,"2024년 2학기 로봇코딩, 컴퓨터프로그래밍 캠프 교육 계약",세종과학아카데미 협동조합,2024-09-05,나라장터
로봇 코딩,인천왕길초등학교,인천광역시,인천왕길초등학교 6학년 수업용 AI로봇코딩기기 대여 계약,프로브,2024-10-15,나라장터
로봇 코딩,가양초등학교,경기도,가양초 로봇코딩캠프 프로그램 운영 용역 계약,주식회사 로보그램인공지능로봇연구소,2024-09-19,나라장터
로봇 코딩,왕배초등학교,경기도,왕배초 2024학년도 6학년 SW로봇코딩 교육활동 프로그램 용역 계약,쥬아카데미,2024-11-12,나라장터
로봇 코딩,대구고등학교,대구광역시,음성인식 AI 로봇 코딩 체험 캠프 위탁운영 계약,주식회사 테이큰소프트,2024-12-04,나라장터
로봇 코딩,신태인초등학교,전북특별자치도,신태인초등학교병설유치원 방과후과정 로봇코딩 교재교구 구입,건담놀이터,2025-02-17,나라장터
로봇 코딩,신태인초등학교,전북특별자치도,신태인초등학교병설유치원 방과후과정 로봇코딩 교재교구 구입,건담놀이터,2025-02-17,나라장터
로봇 코딩,동두천중학교,경기도,2025 학생 미래역량강화 지역사회연계 로봇코딩 프로그램,이나에이아이솔루션 주식회사,2025-03-10,나라장터
로봇 코딩,동두천중학교,경기도,2025 학생 미래역량강화 지역사회연계 로봇코딩 프로그램,이나에이아이솔루션 주식회사,2025-03-10,나라장터
로봇 코딩,부천남초등학교,경기도,"2025학년도 부천남초3,4학년 찾아오는 로봇 코딩 수업 계약 체결",주식회사 퓨너스,2025-05-26,나라장터
로봇 코딩,부천남초등학교,경기도,"2025학년도 부천남초3,4학년 찾아오는 로봇 코딩 수업 계약 체결",주식회사 퓨너스,2025-05-26,나라장터
로봇 코딩,다사고등학교,대구광역시,다사고등학교 2025 자공고2.0 인공지능 로봇 코딩 캠프 위탁용역 계약,세종과학아카데미 협동조합,2025-08-18,나라장터
로봇 코딩,다사고등학교,대구광역시,다사고등학교 2025 자공고2.0 인공지능 로봇 코딩 캠프 위탁용역 계약,세종과학아카데미 협동조합,2025-08-18,나라장터
로봇 코딩,서울양화초등학교,서울특별시,2025학년도 3~6학년 AI 로봇 코딩 프로그램 운영,(주)와이즈교육,2025-10-29,나라장터
로봇 코딩,서울양화초등학교,서울특별시,2025학년도 3~6학년 AI 로봇 코딩 프로그램 운영,(주)와이즈교육,2025-10-29,나라장터
로봇 코딩,인천먼우금초등학교,인천광역시,2026학년도 AI 로봇 코딩캠프 교구 대여 계약,주식회사 아이젠테크,2026-03-27,나라장터
로봇 코딩,인천먼우금초등학교,인천광역시,2026학년도 AI 로봇 코딩캠프 교구 대여 계약,주식회사 아이젠테크,2026-03-27,나라장터
로봇 코딩,정림초등학교,경기도,2026학년도 정림초등학교  방과후 돌봄 로봇코딩부 교재 구입 계약,참다솜 주식회사,2026-04-09,나라장터
로봇 코딩,정림초등학교,경기도,2026학년도 정림초등학교  방과후 돌봄 로봇코딩부 교재 구입 계약,참다솜 주식회사,2026-04-09,나라장터
로봇 코딩,수원중촌초등학교,경기도,"수원중촌초 2,4학년 청개구리교실 체험프로그램(AI로봇,코딩드론) 계약",포스쿨,2026-06-18,나라장터
로봇 코딩,수원중촌초등학교,경기도,"수원중촌초 2,4학년 청개구리교실 체험프로그램(AI로봇,코딩드론) 계약",포스쿨,2026-06-18,나라장터
로봇 코딩,동패중학교,경기도,동패중학교 로봇·코딩체험교실 프로그램 운영 ,참다솜 주식회사,2026-06-23,나라장터
로봇 코딩,동패중학교,경기도,동패중학교 로봇·코딩체험교실 프로그램 운영 ,참다솜 주식회사,2026-06-23,나라장터
로봇 코딩,보평고등학교,경기도,보평고 창의리더 아카데미 심화반(로봇코딩과정) 프로그램 운영 용역 계약 ,주식회사 티앤비스쿨에듀,2026-07-07,나라장터
로봇 코딩,보평고등학교,경기도,보평고 창의리더 아카데미 심화반(로봇코딩과정) 프로그램 운영 용역 계약 ,주식회사 티앤비스쿨에듀,2026-07-07,나라장터
토도영어,약수초등학교,,토도영어/수학/한글프로그램 사용 계약,주식회사 에누마코리아,2023-04-14,나라장터
토도영어,임당초등학교,,임당초등학교 영어콘텐츠 토도영어 구독,,2026-04-15,S2B
토도영어,임당초등학교,,임당초등학교 영어콘텐츠 토도영어 구독,,2026-04-14,S2B
AI튜터,미림여자고등학교,서울특별시,2023 미림여자고등학교 인공지능(AI)튜터 구매 계약,(주)천재교과서,,나라장터
AI튜터,서울영일초등학교,서울특별시,서울영일초 AI 튜터 학습기 및 학습 콘텐츠 대여,주식회사 한국교육네트워크,2023-05-18,나라장터
AI튜터,이충중학교,경기도,이충중 2023학년도 AI맞춤형 시범학교 영어교과 AI 튜터 프로그램 구매 계약,주식회사 제로엑스플로우,2023-05-26,나라장터
AI튜터,서울응봉초등학교,서울특별시,AI튜터 마중물 학교 AI튜터 기기(아이스크림 홈런) 대여 용역,주식회사 한국교육네트워크,2023-06-19,나라장터
토도수학,양평초등학교,경기도,디지털 학력향상 프로그램 토도수학앱이용료 구입,주식회사 에누마코리아,2023-05-01,나라장터
토도수학,양평초등학교,경기도,디지털 학력향상 프로그램 토도수학앱이용구입계약,주식회사 에누마코리아,2024-04-03,나라장터
토도수학,군서초등학교,경기도,군서초등학교 토도한글 및 토도수학 라이센스 갱신계약,주식회사 에누마코리아,2025-03-07,나라장터
토도수학,군서초등학교,경기도,군서초등학교 토도한글 및 토도수학 라이센스 갱신계약,주식회사 에누마코리아,2025-03-07,나라장터
토도수학,금병초등학교,,AI 코스웨어 토도수학 이용권 구입,,2024-09-30,S2B
토도수학,금병초등학교,,AI 코스웨어 토도수학 이용권 구입내역,,2024-09-30,S2B
토도수학,구학초등학교,,"구학초 AI코스웨어 프로그램 토도수학,토도한글 사용계약 견적요청",,2026-04-09,S2B
토도수학,전주용와초등학교,,"AI코스웨어 토도한글, 토도수학 이용권 구매",,2026-04-02,S2B
토도수학,전주용와초등학교,,"AI코스웨어 토도한글, 토도수학 이용권 구매",,2026-04-02,S2B
토도수학,복내초등학교,,2026학년도 AI활용 교육자료 토도한글 및 토도수학,,2026-06-04,S2B
지니어스키트 블록,부평초등학교,경기도,부평초 영재학급 물품 구입(지니어스키트 블록),주식회사 네패스,2023-05-19,나라장터
북크리에이터(Bookcreator),안산석수초등학교,경기도,미래형  교과서 선도학교 소프트웨어(Adobe 및 북크리에이터 라이센스)구매,주식회사 후니테크,2023-06-27,나라장터
북크리에이터(Bookcreator),시흥중학교,경기도,시흥중 패들렛 및 북크리에이터 라이선스 계정 구매,주식회사 후니테크,2024-04-09,나라장터
"Microsoft 365 (파워포인트, 액셀, 워드, 팀즈, 러닝 액셀러레이터, 루프등 포함)",군자디지털과학고등학교,경기도,"유과 및 전공관련 교육활동용 소프트웨어(Adobe,Microsoft365) 구입 계약",주식회사 후니테크,2023-06-21,나라장터
"Microsoft 365 (파워포인트, 액셀, 워드, 팀즈, 러닝 액셀러레이터, 루프등 포함)",강일여자고등학교,,"배움성장 자기주도학습프로그램 정보교과 교육용 소프트웨어 연간사용료 MS Microsoft 365, ChatGPT 견적안내 요청",,2024-11-05,S2B
하드보안관,성서초등학교,경기도,성서초등학교 하드보안관 프로그램 구매 및 설치,주식회사 한일솔루션,2023-06-29,나라장터
하드보안관,소명여자중학교,경기도,소명여중 정보과 하드보안관 프로그램 구입 및 업그레이드,성림시스템,2023-04-27,나라장터
하드보안관,샘말초등학교,경기도,컴퓨터실 컴퓨터 하드보안관 설치,중앙솔루션,2023-07-11,나라장터
하드보안관,풍무고등학교,경기도,풍무고 하드보안관 프로그램 구입 설치,주식회사 발해이엔지,2023-07-19,나라장터
하드보안관,안성초등학교,경기도,하드보안관 구입 및 프로그램 설치,M.K 사무기,2023-07-27,나라장터
하드보안관,군문초등학교,경기도,군문초 컴퓨터실 PC 하드보안관 설치프로그램 구입 계약,(주)중부직영,2023-08-07,나라장터
하드보안관,합정초등학교,경기도,컴퓨터실 하드보안관(시스템관리소프트웨어) 구입,(주)중부직영,2023-08-14,나라장터
하드보안관,정평초등학교,경기도,하드보안관 구입,주식회사 한일솔루션,2023-08-21,나라장터
하드보안관,명덕초등학교,울산광역시,명덕초 컴퓨터실 본체 관리를 위한 하드보안관 프로그램 구입,주식회사 휴먼아이씨티,2024-07-16,나라장터
하드보안관,호법초등학교,경기도,컴퓨터실 하드보안관 구입,삼성네트워크,2025-03-21,나라장터
하드보안관,호법초등학교,경기도,컴퓨터실 하드보안관 구입,삼성네트워크,2025-03-21,나라장터
하드보안관,소사벌중학교,경기도,하드보안관 구입,주식회사 디노,2025-05-29,나라장터
하드보안관,소사벌중학교,경기도,하드보안관 구입,주식회사 디노,2025-05-29,나라장터
하드보안관,울산애니원고등학교,울산광역시,울산애니원고 NCS 실습실 하드보안관 프로그램 구입 계약,(주)삼성전자사무기기울산총판,2025-10-28,나라장터
하드보안관,울산애니원고등학교,울산광역시,울산애니원고 NCS 실습실 하드보안관 프로그램 구입 계약,(주)삼성전자사무기기울산총판,2025-10-28,나라장터
하드보안관,효양고등학교,경기도,효양고등학교 컴퓨터실 하드보안관 프로그램 구입,삼성네트워크,2025-12-19,나라장터
하드보안관,효양고등학교,경기도,효양고등학교 컴퓨터실 하드보안관 프로그램 구입,삼성네트워크,2025-12-19,나라장터
하드보안관,김포외국어고등학교,경기도,하드보안관 구입,주식회사 포윈컴,2010-09-15,나라장터
하드보안관,범서중학교,울산광역시,컴퓨터실 및 멀티미디어실 하드보안관 구입,씨에스정보기술,2026-07-27,나라장터
하드보안관,범서중학교,울산광역시,컴퓨터실 및 멀티미디어실 하드보안관 구입,씨에스정보기술,2026-07-27,나라장터
학과계열선정검사,세원고등학교,경기도,세원고 1학년 와이즈메토(학과계열선정검사세트) 용역 계약 요청,중앙서적,2023-04-04,나라장터
학과계열선정검사,오마중학교,경기도,2023학년도 2학년 학과계열선정검사,중앙서적,2023-04-13,나라장터
학과계열선정검사,화성반월고등학교,경기도,2023 학과계열 선정검사 및 멘토링 프로그램 용역 계약,와이즈멘토 유한회사,2023-05-02,나라장터
학과계열선정검사,세원고등학교,경기도,세원고 1학년 와이즈멘토(학과계열선정검사세트) 용역 계약 요청,중앙서적,2023-05-09,나라장터
학과계열선정검사,부평고등학교,인천광역시,부평고 2023학년도 1학년 학과계열선정검사 프로그램 운영 용역 계약,와이즈멘토 유한회사,2023-05-12,나라장터
학과계열선정검사,심석고등학교,경기도,2023년 심석고 학과계열 선정검사및유형별 학습법 진단검사 용역 계약,와이즈멘토 유한회사,2023-05-18,나라장터
학과계열선정검사,백양고등학교,경기도,2023년 백양고 학과계열선정 검사세트 구입 계약,중앙서적,2023-07-07,나라장터
학과계열선정검사,안양부흥중학교,경기도,3학년 진로스탠다드 및 학과계열선정검사,와이즈멘토 유한회사,2023-07-07,나라장터
학과계열선정검사,화정중학교,경기도,2023학년도 화정중학교 3학년 학과계열선정검사 용역 계약,와이즈멘토 유한회사,,나라장터
학과계열선정검사,남수원중학교,경기도,23학년도 3학년 학과계열선정검사 관련 위탁용역 계약,와이즈멘토 유한회사,2023-08-28,나라장터
학과계열선정검사,영일중학교,경기도,2023학년도 영일중학교 학과계열선정검사 용역 계약,와이즈멘토 유한회사,2023-09-25,나라장터
학과계열선정검사,정발중학교,경기도,1학년 학과계열선정 검사지 구입,와이즈멘토 유한회사,2023-11-03,나라장터
학과계열선정검사,정발중학교,경기도,1학년 학과계열선정 검사지 구입,와이즈멘토 유한회사,2023-12-12,나라장터
학과계열선정검사,영일중학교,경기도,2023학년도 영일중학교 학과계열선정검사 용역 계약(변경),와이즈멘토 유한회사,2023-10-20,나라장터
학과계열선정검사,어진중학교,세종특별자치시,2024학년도 3학년 진로진단검사(학과계열 선정검사) 프로그램 위탁용역 계약,와이즈멘토 유한회사,2024-03-21,나라장터
학과계열선정검사,오마중학교,경기도,2024학년도 2학년 학과계열선정검사,중앙서적,2024-03-26,나라장터
학과계열선정검사,어진중학교,세종특별자치시,2024학년도 3학년 진로진단검사(학과계열 선정검사) 프로그램 위탁용역 계약,와이즈멘토 유한회사,2024-04-15,나라장터
학과계열선정검사,청양고등학교,충청남도,2024학년도 청양고 인문계열 1학년 진로캠프(학과계열 선정검사) 위탁교육 계약,와이즈멘토 유한회사,2024-04-22,나라장터
학과계열선정검사,오마중학교,경기도,2024학년도 2학년 학과계열선정검사,중앙서적,2024-04-25,나라장터
학과계열선정검사,세원고등학교,경기도,세원고 2024학년도 학과계열선정검사 용역 계약,중앙서적,2024-04-29,나라장터
학과계열선정검사,돌마고등학교,경기도,2024학년도 학과계열선정검사 용역 계약,천재도서,2024-05-02,나라장터
학과계열선정검사,불곡고등학교,경기도,2024학년도 1학년 학과계열 선정 검사 계약 체결,와이즈멘토 유한회사,,나라장터
학과계열선정검사,불곡고등학교,경기도,2024학년도 1학년 학과계열 선정 검사 계약 체결,와이즈멘토 유한회사,2024-05-01,나라장터
학과계열선정검사,화성반월고등학교,경기도,2024년 1학년 학과계열 선정검사 실시 용역 계약,와이즈멘토 유한회사,2024-05-08,나라장터
학과계열선정검사,성일고등학교,경기도,"1,2학년 학과계열 선정검사 및 자기주도학습 습관 진단검사 요청",와이즈멘토 유한회사,2024-05-17,나라장터
학과계열선정검사,화성반월고등학교,경기도,2024년 1학년 학과계열 선정검사 실시 용역 계약(변경),와이즈멘토 유한회사,2024-05-21,나라장터
학과계열선정검사,경화여자고등학교,경기도,"경화여고 2학년 학과계열 선정검사 및 해석 강연, 커리어맵 작성 실습 활동 용역",와이즈멘토 유한회사,2024-05-20,나라장터
학과계열선정검사,태전고등학교,경기도,진로체험의 날 학과계열선정검사 프로그램 계약,와이즈멘토 유한회사,2024-07-09,나라장터
학과계열선정검사,영일중학교,경기도,영일중학교 2024학년도 3학년 학과계열선정검사 용역 계약,와이즈멘토 유한회사,2024-10-17,나라장터
학과계열선정검사,빛가온중학교,경기도,"1,2학년 진로탐색 학과계열선정 검사 용역 전자계약",와이즈멘토 유한회사,2024-12-16,나라장터
학과계열선정검사,서현고등학교,경기도,서현고 1학년학과계열선정검사 운영,천재도서,2025-04-03,나라장터
학과계열선정검사,서현고등학교,경기도,서현고 1학년학과계열선정검사 운영,천재도서,2025-04-03,나라장터
학과계열선정검사,경화여자고등학교,경기도,"경화여고 2학년 학과계열 선정검사 및 해석 강연, 커리어맵 작성 실습 활동 용역",와이즈멘토 유한회사,2025-03-14,나라장터
학과계열선정검사,경화여자고등학교,경기도,"경화여고 2학년 학과계열 선정검사 및 해석 강연, 커리어맵 작성 실습 활동 용역",와이즈멘토 유한회사,2025-03-14,나라장터
학과계열선정검사,돌마고등학교,경기도,2025학년도 1학년 학과계열선정검사 프로그램 용역 계약,와이즈멘토 유한회사,2025-04-14,나라장터
학과계열선정검사,돌마고등학교,경기도,2025학년도 1학년 학과계열선정검사 프로그램 용역 계약,와이즈멘토 유한회사,2025-04-14,나라장터
학과계열선정검사,영일중학교,경기도,영일중 2025학년도 3학년 학과계열선정검사 용역 계약,미건,2025-10-14,나라장터
학과계열선정검사,영일중학교,경기도,영일중 2025학년도 3학년 학과계열선정검사 용역 계약,미건,2025-10-14,나라장터
학과계열선정검사,영일중학교,경기도,영일중 2025학년도 3학년 학과계열선정검사 용역 계약,미건,2025-11-05,나라장터
학과계열선정검사,영일중학교,경기도,영일중 2025학년도 3학년 학과계열선정검사 용역 계약,미건,2025-11-05,나라장터
학과계열선정검사,흥진중학교,경기도,2025학년도 3학년 학과계열 선정검사 프로그램 위탁 용역,와이즈멘토 유한회사,2025-11-20,나라장터
학과계열선정검사,흥진중학교,경기도,2025학년도 3학년 학과계열 선정검사 프로그램 위탁 용역,와이즈멘토 유한회사,2025-11-20,나라장터
학과계열선정검사,빛가온중학교,경기도,1학년 학과계열선정검사 프로그램 계약,와이즈멘토 유한회사,2025-12-31,나라장터
학과계열선정검사,빛가온중학교,경기도,1학년 학과계열선정검사 프로그램 계약,와이즈멘토 유한회사,2025-12-31,나라장터
학과계열선정검사,서현고등학교,경기도,서현고 학과계열선정검사프로그램 운영,천재도서,2026-03-23,나라장터
학과계열선정검사,서현고등학교,경기도,서현고 학과계열선정검사프로그램 운영,천재도서,2026-03-23,나라장터
학과계열선정검사,창현고등학교,경기도,"2026학년도 1학년 학과계열 선정검사 및 플랜북세트, 워크시트지 제작 용역 계약",미고북스,2026-03-27,나라장터
학과계열선정검사,창현고등학교,경기도,"2026학년도 1학년 학과계열 선정검사 및 플랜북세트, 워크시트지 제작 용역 계약",미고북스,2026-03-27,나라장터
학과계열선정검사,경화여자고등학교,경기도,"경화여고 2학년 학과계열 선정검사 및 해석, 커리어맵 작성 실습 용역",와이즈멘토 유한회사,2026-03-13,나라장터
학과계열선정검사,경화여자고등학교,경기도,"경화여고 2학년 학과계열 선정검사 및 해석, 커리어맵 작성 실습 용역",와이즈멘토 유한회사,2026-03-13,나라장터
매쓰프로,대전성모여자고등학교,대전광역시,대전성모여자고등학교 AI매쓰프로 프로그램 사용 계약,주식회사 화신이앤엘,,나라장터
매쓰프로,연동초등학교,,2026학년도 연동초 AI코스웨어 프로그램 매쓰프로 구독,,2026-06-01,S2B
매쓰프로,강진여자중학교,,2026. AI 수학점핑학교 AI 코스웨어 매쓰프로 구입 견적 요청,,2026-05-06,S2B
STEP(스마트 직업훈련 플랫폼),대원국제중학교,서울특별시,[긴급]2023학년도 대원국제중학교 스텝업 캠프 [Step Up Camp] 용역,주식회사 미리내,2023-04-20,나라장터
STEP(스마트 직업훈련 플랫폼),세경고등학교,경기도,2024년 경기 콘텐츠 창의학교 물품 구입(D-Step 프로젝트),(주) 핸즈온테크놀러지,2024-06-21,나라장터
STEP(스마트 직업훈련 플랫폼),대원국제중학교,서울특별시,2024학년도 스텝업 캠프(Step Up Camp) 용역,주식회사 미리내,2024-04-26,나라장터
STEP(스마트 직업훈련 플랫폼),대원국제중학교,서울특별시,2024학년도 스텝업 캠프(Step Up Camp) 버스용역(금강고속),주식회사 금강고속관광,2024-04-26,나라장터
STEP(스마트 직업훈련 플랫폼),대원국제중학교,서울특별시,2024학년도 스텝업 캠프(Step Up Camp) 버스용역(미라클투어),주식회사 미라클투어,2024-04-26,나라장터
STEP(스마트 직업훈련 플랫폼),이천고등학교,경기도,이천고 수능이후 프로그램(뮤지컬 STEP ONLY공연) 운영,주식회사 지우컴퍼니,2024-12-13,나라장터
STEP(스마트 직업훈련 플랫폼),대원국제중학교,서울특별시,"2025학년도 대원국제중학교 1,2학년 교외 스텝업 캠프(Step Up Camp) 용역 ",재단법인 효정국제문화재단,2025-04-30,나라장터
STEP(스마트 직업훈련 플랫폼),대원국제중학교,서울특별시,"2025학년도 대원국제중학교 1,2학년 교외 스텝업 캠프(Step Up Camp) 용역 ",재단법인 효정국제문화재단,2025-04-30,나라장터
STEP(스마트 직업훈련 플랫폼),대원국제중학교,서울특별시,"2025학년도 1,2학년 교외 스텝업 캠프(Step Up Camp) 버스용역",주식회사 금강고속관광,2025-05-02,나라장터
STEP(스마트 직업훈련 플랫폼),대원국제중학교,서울특별시,"2025학년도 1,2학년 교외 스텝업 캠프(Step Up Camp) 버스용역",주식회사 금강고속관광,2025-05-02,나라장터
STEP(스마트 직업훈련 플랫폼),경북소프트웨어마이스터고등학교,경상북도,2025학년도 SW글로벌 체험학습 G-STEP 2025 운영 용역 계약,주식회사 정원컴,2025-06-13,나라장터
STEP(스마트 직업훈련 플랫폼),경북소프트웨어마이스터고등학교,경상북도,2025학년도 SW글로벌 체험학습 G-STEP 2025 운영 용역 계약,주식회사 정원컴,2025-06-13,나라장터
STEP(스마트 직업훈련 플랫폼),세경고등학교,경기도,2025년 경기 콘텐츠 창의학교 물품 구입(D-step 프로젝트) 계약,영인모빌리티 주식회사,2025-07-25,나라장터
STEP(스마트 직업훈련 플랫폼),세경고등학교,경기도,2025년 경기 콘텐츠 창의학교 물품 구입(D-step 프로젝트) 계약,영인모빌리티 주식회사,2025-07-25,나라장터
STEP(스마트 직업훈련 플랫폼),대원국제중학교,서울특별시,"2025학년도 1,2학년 교외 스텝업 캠프(Step Up Camp) 버스용역",주식회사 금강고속관광,2025-05-02,나라장터
STEP(스마트 직업훈련 플랫폼),대원국제중학교,서울특별시,"2025학년도 대원국제중학교 1,2학년 교외 스텝업 캠프(Step Up Camp) 용역 ",재단법인 효정국제문화재단,2025-04-30,나라장터
STEP(스마트 직업훈련 플랫폼),대원국제중학교,서울특별시,2024학년도 스텝업 캠프(Step Up Camp) 버스용역(미라클투어),주식회사 미라클투어,2024-04-26,나라장터
STEP(스마트 직업훈련 플랫폼),경북소프트웨어마이스터고등학교,경상북도,경북소프트웨어마이스터고 SW글로벌 체험학습 G-STEP 2026 운영 용역 계약,(주)영신관광,2026-05-14,나라장터
STEP(스마트 직업훈련 플랫폼),경북소프트웨어마이스터고등학교,경상북도,경북소프트웨어마이스터고 SW글로벌 체험학습 G-STEP 2026 운영 용역 계약,(주)영신관광,2026-05-14,나라장터
STEP(스마트 직업훈련 플랫폼),보문고등학교,,2026학년도 과학탐구클리닉 STEP3 온라인 멘토링 수업 계약,주식회사 에이페,2026-05-27,나라장터
STEP(스마트 직업훈련 플랫폼),대원국제중학교,서울특별시,"2026학년도 대원국제중학교 1,2학년 교외 스텝업 캠프(Step Up Camp) 용역",재단법인 효정국제문화재단,2026-05-27,나라장터
STEP(스마트 직업훈련 플랫폼),보문고등학교,,2026학년도 과학탐구클리닉 STEP3 온라인 멘토링 수업 계약,주식회사 에이페,2026-05-27,나라장터
STEP(스마트 직업훈련 플랫폼),대원국제중학교,서울특별시,"2026학년도 대원국제중학교 1,2학년 교외 스텝업 캠프(Step Up Camp) 용역",재단법인 효정국제문화재단,2026-05-27,나라장터
STEP(스마트 직업훈련 플랫폼),충주상업고등학교,충청북도,꿈틔움 STEP-UP 직업계고 연계 진로체험 차량계약,태화관광전세버스 협동조합,2026-07-13,나라장터
STEP(스마트 직업훈련 플랫폼),충주상업고등학교,충청북도,꿈틔움 STEP-UP 직업계고 연계 진로체험 차량계약,태화관광전세버스 협동조합,2026-07-13,나라장터
인공지능자격증(AILC),선일빅데이터고등학교,서울특별시,2023학년도 인공지능 자격증 취득 위탁 교육,주식회사 엘릭서,2023-05-04,나라장터
매쓰홀릭T,효명고등학교,경기도,"AI 학생 맞춤형 솔루션 매쓰홀릭T (1,3학년) 이용계약",테크빌교육(주),2023-05-01,나라장터
매쓰홀릭T,의왕덕성초등학교,경기도,2023학년도 인공지능교육 플랫폼(매쓰홀릭T) 사용 계약,테크빌교육(주),2023-08-30,나라장터
매쓰홀릭T,원주삼육중학교,강원특별자치도,원주삼육중학교 디지털 선도학교 매쓰홀릭T 프로그램 사용 계약,테크빌교육(주),2023-08-31,나라장터
매쓰홀릭T,대원국제중학교,서울특별시,2023학년도 디지털 선도학교 매쓰홀릭T 프로그램 이용권 구입,테크빌교육(주),2023-09-07,나라장터
매쓰홀릭T,안양고등학교,경기도,안양고등학교 디지털 선도학교 운영을 위한 수학 AI학습프로그램(매쓰홀릭T) 이용 계약,테크빌교육(주),2023-10-12,나라장터
매쓰홀릭T,푸른솔초등학교,경기도,푸른솔초 매쓰홀릭T 이용권 구매 계약,테크빌교육(주),2024-03-04,나라장터
매쓰홀릭T,철산중학교,경기도,철산중학교 수학교과 에듀테크 교육콘텐츠(매쓰홀릭T 프로그램) 구독,테크빌교육(주),2024-03-20,나라장터
매쓰홀릭T,영광중학교,경상북도,맞춤형 AI 수학 학습 플랫폼 매쓰홀릭T 프로그램 구독,테크빌교육(주),2024-03-20,나라장터
매쓰홀릭T,시흥능곡고등학교,경기도,디지털 선도학교 교육용 소프트웨어(매쓰홀릭T) 구독 계약,즐거운학교 주식회사,,나라장터
매쓰홀릭T,시흥능곡고등학교,경기도,디지털 선도학교 교육용 소프트웨어(매쓰홀릭T) 구독 계약,테크빌교육(주),2024-04-02,나라장터
매쓰홀릭T,도암초등학교,경기도,2024학년도 디지털 기반 교육혁신 선도학교 프로그램 사용료 (매쓰홀릭T 수학 앱외 2종),테크빌교육(주),2024-04-26,나라장터
매쓰홀릭T,가곡초등학교,경기도,2024학년도 가곡초 디지털 기반 교육혁신 선도학교 운영물품(매쓰홀릭T 프로그램) 구매계약,테크빌교육(주),2024-10-23,나라장터
매쓰홀릭T,처인초등학교,경기도,학생맞춤형 에듀테크 구독(매쓰홀릭T 이용),테크빌교육(주),2026-03-31,나라장터
매쓰홀릭T,처인초등학교,경기도,학생맞춤형 에듀테크 구독(매쓰홀릭T 이용),테크빌교육(주),2026-03-31,나라장터
매쓰홀릭T,곡선초등학교,,AI 디지털활용 선도학교 에듀테크 프로그램 매쓰홀릭T 구매,,2026-04-07,S2B
매쓰홀릭T,창동중학교,,2024 디지털선도학교 AI 코스웨어 매쓰홀릭T 구독료 지급,,2024-04-01,S2B
매쓰홀릭T,민락초등학교,,민락초 AI코스웨어 매쓰홀릭T 5 6학년,,2025-06-16,S2B
매쓰홀릭T,일로초등학교,,일로초AI수학학습코스웨어 매쓰홀릭T수학앱 학습용역,,2025-04-11,S2B
매쓰홀릭T,석천중학교,,석천중 매쓰홀릭T 구독 견적요청,,2024-04-03,S2B
매쓰홀릭T,남춘천초등학교,,남춘천초 매쓰홀릭T 구독료,,2026-04-24,S2B
매쓰홀릭T,산울초중학교,,[초]2026학년도 AI중점학교 운영을 위한 매쓰홀릭T 구독,,2026-04-07,S2B
몬스터T,동화고등학교,경기도,동화고 AI 맞춤형 교육 시범학교(몬스터T연간이용),(주)무하유,2023-05-22,나라장터
몬스터T,은혜고등학교,경기도,은혜고등학교 대입면접 연습서비스 몬스터T 사용 라이센스 구입,(주)무하유,2023-10-11,나라장터
e-NIE,이충중학교,경기도,이충중 2023학년도 AI맞춤형 시범학교 e-NIE 프로그램 사용 계약,주식회사 비큐에이아이 (BECU AI Inc.),2023-05-23,나라장터
e-NIE,진주외국어고등학교,경상남도,2024. 학교단위 자율교육과정 e-NIE프로그램 계약,주식회사 비큐에이아이 (BECU AI Inc.),2024-11-01,나라장터
AI 진로 교육,의정부장암초등학교,경기도,2023학년도 의정부장암초 AI진로교육프로그램 용역계약,주식회사 드림잡스쿨,2023-06-05,나라장터
AI 진로 교육,의정부장암초등학교,경기도,2023학년도 2학기 AI진로교육프로그램 용역 계약,주식회사 드림잡스쿨,2023-10-31,나라장터
AI 진로 교육,백제초등학교,충청남도,2024학년도 5학년 가을 AI 진로교육 현장체험학습 차량 임차 계약,통일관광주식회사,2024-10-14,나라장터
AI 진로 교육,성남화랑초등학교,경기도,미래설계 진로(AI 진로)교육 위탁프로그램 계약,주식회사 에프엔제이,2025-10-20,나라장터
AI 진로 교육,성남화랑초등학교,경기도,미래설계 진로(AI 진로)교육 위탁프로그램 계약,주식회사 에프엔제이,2025-10-20,나라장터
AI 진로 교육,성남화랑초등학교,경기도,미래설계 진로(AI 진로)교육 위탁프로그램 계약,주식회사 에프엔제이,2025-11-21,나라장터
AI 진로 교육,성남화랑초등학교,경기도,미래설계 진로(AI 진로)교육 위탁프로그램 계약,주식회사 에프엔제이,2025-11-21,나라장터
GV-CNC,부평공업고등학교,인천광역시,2023학년도 직업계고 실험실습실 공간혁신 사업(GV-CNC 외 1종) 구매,주식회사 큐빅테크,2023-08-01,나라장터
진로이음,홍산중학교,충청남도,2023학년도 자유학년제 진로-이음 및 대학연계 진로운영에 따른 버스 용역,(주)사비항공여행사,2023-07-11,나라장터
진로이음,세도중학교,충청남도,2023학년도 진로-이음박람회 학생운송용역 임차 계약,한화고속관광협동조합,2023-07-10,나라장터
진로이음,김제농생명마이스터고등학교,전북특별자치도,김제농생명마이스터고 바이오식품과 진로이음 성과발표회 차량 임차 계약,(유)낭주고속관광,2023-10-18,나라장터
진로이음,용강중학교,충청남도,2024학년도 진로 이음박람회 참관 버스 임차 계약(45인승),주식회사 태성고속관광여행사,2024-06-24,나라장터
면접의 달인,은혜고등학교,경기도,취업선도 특성화고 사업 프로그램(면접의 달인되기) 운영,에치알쉐어컨설팅주식회사,2023-07-13,나라장터
면접의 달인,은혜고등학교,경기도,취업선도 특성화고 사업 프로그램(면접의 달인되기) 운영(변경),에치알쉐어컨설팅주식회사,2023-07-19,나라장터
면접의 달인,은혜고등학교,경기도,취업선도 특성화고 사업 프로그램(면접의 달인되기) 운영(변경),에치알쉐어컨설팅주식회사,2023-08-17,나라장터
Alan (Alan for Education),영동미래고등학교,충청북도,영동미래고 급식환기공사 TAB(Testing Adjusting & Balancing) 점검 용역,(주)금성이엔지,2023-08-23,나라장터
디지털교과서,하남고등학교,경기도,2023학년도 하남고 디지털 교과서 운영 스마트기기 미러링 [애플TV] 물품 구매,올아이피정보통신 주식회사,2023-10-05,나라장터
디지털교과서,서면초등학교,충청남도,2023학년도 디지털교과서와 함께하는 서울여행 차량 임차,동백관광주식회사,,나라장터
디지털교과서,서면초등학교,충청남도,2023학년도 디지털교과서와 함께하는 서울여행 차량 임차,동백관광주식회사,2023-12-06,나라장터
디지털교과서,설화고등학교,충청남도,2024년 AI 디지털교과서 활성화 지원 프로그램  구입(투닝 학교 Pro 라이선스 이용료),주식회사 툰스퀘어,2024-07-08,나라장터
디지털교과서,문태고등학교,전남광주통합특별시(전남),2024. AI디지털 교과서 현장적용 역량강화 워크숍 용역,(주)뉴월드컵관광여행사,2024-06-25,나라장터
디지털교과서,호평고등학교,경기도,"(하이러닝선도학교) 디지털 교과서, AI 및 하이러닝 수업을 위한 교원용 노트북 램 업그레이드 물품 계약",서진아이티,2024-11-05,나라장터
디지털교과서,기린고등학교,강원특별자치도,기린고 AI 디지털교과서(AIDT) 교원 역량강화 직무연수,주식회사 씸플소프트,2024-12-05,나라장터
디지털교과서,구성초등학교,경기도,2024학년도 구성초 학교자율과제 디지털교과서 제작 용역 계약,팜피 주식회사,2025-01-14,나라장터
디지털교과서,구성초등학교,경기도,2024학년도 구성초 학교자율과제 디지털교과서 제작 용역 계약,팜피 주식회사,2025-01-14,나라장터
디지털교과서,보문고등학교,,보문고등학교 AI 디지털교과서 계약,주식회사 미래엔,2025-05-13,나라장터
디지털교과서,한성고등학교,서울특별시,한성고등학교 AI 디지털교과서 구독 계약(공통수학1),(주)비상교육,,나라장터
디지털교과서,한성고등학교,서울특별시,한성고등학교 AI 디지털교과서 구독 계약(공통영어1),(주)비상교육,,나라장터
디지털교과서,한성고등학교,서울특별시,한성고등학교 AI 디지털교과서 구독 계약(정보),(주)금성출판사,,나라장터
디지털교과서,영동고등학교,서울특별시,2025학년도 서울영동고등학교 AI디지털교과서 사용(6개월),(주)천재교과서,2025-03-01,나라장터
디지털교과서,영동고등학교,서울특별시,영동고등학교 AI디지털교과서 6개월 구독 계약,주식회사 엔이능률,2025-03-01,나라장터
디지털교과서,한성고등학교,서울특별시,"한성고등학교 AI 디지털교과서 구독 계약(공통수학1, 공통영어1)",(주)비상교육,2025-03-14,나라장터
디지털교과서,한성고등학교,서울특별시,한성고등학교 AI 디지털교과서 구독 계약(정보),(주)금성출판사,2025-04-29,나라장터
디지털교과서,영동고등학교,서울특별시,영동고등학교 AI디지털교과서 6개월 구독 계약,주식회사 엔이능률,2025-03-01,나라장터
디지털교과서,은평메디텍고등학교,서울특별시,2025년 은평메디텍고등학교 AI 디지털교과서 사용 계약,(주)천재교과서,2025-03-12,나라장터
디지털교과서,성신여자고등학교,서울특별시,2025학년도 성신여자고등학교 AI 디지털 교과서 서비스 공급 용역,(주)비상교육,2025-03-14,나라장터
디지털교과서,성신여자고등학교,서울특별시,2025학년도 성신여자고등학교 AI 디지털 교과서 서비스 공급 용역,(주)비상교육,2025-03-14,나라장터
디지털교과서,덕수고등학교,서울특별시,2025학년도 덕수고등학교 1학기 AIDT 디지털 교과서 용역 계약 ,주식회사 엔이능률,2025-03-13,나라장터
디지털교과서,성신여자고등학교,서울특별시,2025학년도 성신여자고등학교 AI 디지털 교과서 서비스 공급 용역,(주)비상교육,2025-03-14,나라장터
디지털교과서,덕수고등학교,서울특별시,2025학년도 덕수고등학교 1학기 AIDT 디지털 교과서 용역 계약 ,주식회사 엔이능률,2025-03-13,나라장터
디지털교과서,마포고등학교,서울특별시,마포고등학교 AI 디지털교과서 (공통수학 1) 서비스 용역 계약,주식회사 지학사,2025-03-17,나라장터
디지털교과서,마포고등학교,서울특별시,마포고등학교 AI 디지털교과서 (정보) 서비스 용역 계약,(주)천재교과서,2025-05-12,나라장터
디지털교과서,마포고등학교,서울특별시,마포고등학교 AI 디지털교과서 (정보) 서비스 용역 계약,(주)천재교과서,2025-05-12,나라장터
디지털교과서,학익여자고등학교,인천광역시,학익여고 디지털교과서(정보) 서비스 공급 용역,(주)천재교과서,2025-03-17,나라장터
디지털교과서,한성고등학교,서울특별시,"한성고등학교 AI 디지털교과서 구독 계약(공통수학1, 공통영어1)",(주)비상교육,2025-03-14,나라장터
디지털교과서,석관고등학교,서울특별시,"[석관고등학교] AIDT 디지털 교과서(공통영어1, 정보) 용역계약",(주)천재교과서,2025-03-01,나라장터
디지털교과서,태릉고등학교,서울특별시,2025 태릉고 정보교과 AIDT(디지털교과서) 서비스 공급 용역,(주)금성출판사,2025-03-17,나라장터
디지털교과서,염광고등학교,서울특별시,2025학년도 염광고등학교 1학기 AI 디지털교과서 계약(공통수학1),(주)비상교육,2025-03-17,나라장터
디지털교과서,염광고등학교,서울특별시, 2025학년도 염광고등학교 1학기 AI 디지털교과서 계약(공통영어1),주식회사 와이비엠,2025-03-17,나라장터
디지털교과서,학익여자고등학교,인천광역시,학익여고 디지털교과서(정보) 서비스 공급 용역,(주)천재교과서,2025-03-17,나라장터
디지털교과서,석관고등학교,서울특별시,"[석관고등학교] AIDT 디지털 교과서(공통영어1, 정보) 용역계약",(주)천재교과서,2025-03-01,나라장터
디지털교과서,염광고등학교,서울특별시,2025학년도 염광고등학교 1학기 AI 디지털교과서 용역 계약(공통영어1),주식회사 와이비엠,2025-03-17,나라장터
디지털교과서,염광고등학교,서울특별시,2025학년도 염광고등학교 1학기 AI 디지털교과서 용역 계약(공통수학1),(주)비상교육,2025-03-17,나라장터
디지털교과서,태릉고등학교,서울특별시,2025 태릉고 정보교과 AIDT(디지털교과서) 서비스 공급 용역,(주)금성출판사,2025-03-17,나라장터
디지털교과서,염광고등학교,서울특별시,2025학년도 염광고등학교 1학기 AI 디지털교과서 용역 계약(공통영어1),주식회사 와이비엠,2025-03-17,나라장터
디지털교과서,예림디자인고등학교,서울특별시,2025학년도 예림디고 디지털교과서 구독 서비스 이용 계약(공통수학1),주식회사 와이비엠,2025-03-01,나라장터
디지털교과서,예림디자인고등학교,서울특별시,2025학년도 예림디고 디지털교과서 구독 서비스 이용 계약(공통영어1),동아출판(주),2025-03-01,나라장터
디지털교과서,부설초등학교,,"AI 디지털교과서 계약(수학 3-1, 수학 4-1)",(주)천재교과서,2025-03-01,나라장터
디지털교과서,인창고등학교,서울특별시,2025학년도 인창고등학교 AI디지털교과서 사용 용역 계약,(주)천재교과서,2025-03-01,나라장터
디지털교과서,계성고등학교,대구광역시,2022.교육과정. 고등정보AI 디지털교과서 구독료,(주)금성출판사,2025-05-13,나라장터
디지털교과서,계성고등학교,대구광역시,2022.교육과정. 고등정보AI 디지털교과서 구독료,(주)금성출판사,2025-05-13,나라장터
디지털교과서,인천아라초등학교,인천광역시,인천아라초 AI 디지털교과서 활용 부속품 구매계약,주식회사 아라정보,2025-05-27,나라장터
디지털교과서,인천아라초등학교,인천광역시,인천아라초 AI 디지털교과서 활용 부속품 구매계약,주식회사 아라정보,2025-05-27,나라장터
디지털교과서,부설초등학교,,"AI 디지털교과서 계약(수학 3-1, 수학 4-1)",(주)천재교과서,2025-03-01,나라장터
디지털교과서,인창고등학교,서울특별시,2025학년도 인창고등학교 AI디지털교과서 사용 용역 계약,(주)천재교과서,2025-03-01,나라장터
디지털교과서,인천공항고등학교,인천광역시,2025학년도 1학기 인천공항고등학교  AI 디지털교과서(공통수학) 구독 계약 ,주식회사 지학사,,나라장터
네오쏘코,안산청석초등학교,경기도,안산청석초교 실과 교육과정 운영 블록 로봇(네오 쏘코) 구매 계약,스마트메이커스 AI EDU,2023-10-05,나라장터
네오쏘코,신일초등학교,경기도,2025학년도 6학년 소프트웨어(네오쏘코) 구입,주식회사 이반딧불이 ,2025-09-24,나라장터
네오쏘코,신일초등학교,경기도,2025학년도 6학년 소프트웨어(네오쏘코) 구입,주식회사 이반딧불이 ,2025-09-24,나라장터
AICE,수원정보과학고등학교,경기도,AI융합전자과 취업률 향상을 위한 AICE자격증 프로그램 구입,(주)한국경제신문,2023-11-02,나라장터
AICE,본오중학교,경기도,디지털기반 교육혁신 선도학교 프로그램(AICE FUTURE 자격증반) 운영,(주)와이즈교육,2024-06-05,나라장터
AICE,수원하이텍고등학교,경기도,AICE BASIC 자격취등 특강 용역 계약,(주)한국경제신문,2025-08-12,나라장터
AICE,수원하이텍고등학교,경기도,AICE BASIC 자격취등 특강 용역 계약,(주)한국경제신문,2025-08-12,나라장터
AICE,한국디지털미디어고등학교,경기도,AICE 자격증 프로그램 용역계약,주식회사 워카,2025-10-13,나라장터
AICE,한국디지털미디어고등학교,경기도,AICE 자격증 프로그램 용역계약,주식회사 워카,2025-10-13,나라장터
AICE,수원하이텍고등학교,경기도,1학년 AICE  BASIC 자격 취득 특강 용역 계약,(주)한국경제신문,2025-12-12,나라장터
AICE,수원하이텍고등학교,경기도,1학년 AICE  BASIC 자격 취득 특강 용역 계약,(주)한국경제신문,2025-12-12,나라장터
AICE,남원용성고등학교,전북특별자치도,AI 모델링 및 성능평가 설무과정(AICE 자격연계) 운영 용역,주식회사 케이티,2026-06-29,나라장터
AICE,남원용성고등학교,전북특별자치도,AI 모델링 및 성능평가 설무과정(AICE 자격연계) 운영 용역,주식회사 케이티,2026-06-29,나라장터
AICE,금오공업고등학교,경상북도,2026학년도 전기전자과 AICE Junior-Associate 캠프 실시,(주)와이즈교육,2026-07-02,나라장터
AICE,금오공업고등학교,경상북도,2026학년도 전기전자과 AICE Junior-Associate 캠프 실시,(주)와이즈교육,2026-07-02,나라장터
AICE,경북바이오마이스터고등학교,경상북도,2026년 AICE 과정 온라인 교육 위탁용역,(주)한국경제신문,2026-07-21,나라장터
AICE,경북바이오마이스터고등학교,경상북도,2026년 AICE 과정 온라인 교육 위탁용역,(주)한국경제신문,2026-07-21,나라장터
AICE,경북바이오마이스터고등학교,경상북도,2026년 AICE 과정 온라인 교육 위탁용역,(주)한국경제신문,2026-07-21,나라장터
AICE,경북바이오마이스터고등학교,경상북도,2026년 AICE 과정 온라인 교육 위탁용역,(주)한국경제신문,2026-07-21,나라장터
Net-Class 9.0 / 넷클래스 9.0,은혜고등학교,경기도,은혜고등학교 소프트웨어 구입(Net-Class 9.0 DMS),(주)나래소프트,2023-11-06,나라장터
Net-Class 9.0 / 넷클래스 9.0,대선초등학교,경기도,대선초등학교 컴퓨터실 Net-Class 9.0 소프트웨어 업그레이드 설치 용역 계약,은성솔루션,2024-03-28,나라장터
"전자책(구독형, 소장형) 이용",효양고등학교,경기도,도서관 전자책 이용 서비스 및 전자책 구입,(주)소울북스,2023-12-06,나라장터
기출탭탭,성화여자고등학교,대구광역시,2023년 디지털 선도학교 코스웨어 활용 기출탭탭 컨텐츠,(주)비상교육,,나라장터
기출탭탭,성화여자고등학교,대구광역시,2023년 디지털선도학교 AI 코스웨어 활용 기출탭탭 컨텐츠,(주)비상교육,2023-10-05,나라장터
기출탭탭,울산외국어고등학교,울산광역시,2026년 울산외고 디지털 선도 학교 관련 프로그램(기출탭탭),(주)비상교육,2026-04-17,나라장터
기출탭탭,울산외국어고등학교,울산광역시,2026년 울산외고 디지털 선도 학교 관련 프로그램(기출탭탭),(주)비상교육,2026-04-17,나라장터
기출탭탭,울산외국어고등학교,울산광역시,2026년 울산외고 디지털 선도 학교 관련 프로그램(기출탭탭),(주)비상교육,2026-04-17,나라장터
기출탭탭,구미여자고등학교,경상북도,구미여자고등학교 AI코스웨어 프로그램 기출탭탭 이용권 구입 ,(주)비상교육,2026-04-22,나라장터
기출탭탭,구미여자고등학교,경상북도,구미여자고등학교 AI코스웨어 프로그램 기출탭탭 이용권 구입 ,(주)비상교육,2026-04-22,나라장터
기출탭탭,환일고등학교,서울특별시,환일고등학교 학습프로그램(비상 기출탭탭) 프로그램 이용계약,(주)비상교육,2026-05-08,나라장터
기출탭탭,환일고등학교,서울특별시,환일고등학교 학습프로그램(비상 기출탭탭) 프로그램 이용계약,(주)비상교육,2026-05-08,나라장터
기출탭탭,금천고등학교,충청북도,금천고 AI코스웨어 비상교육 기출탭탭 구독 계약,(주)비상교육,2026-06-16,나라장터
기출탭탭,금천고등학교,충청북도,금천고 AI코스웨어 비상교육 기출탭탭 구독 계약,(주)비상교육,2026-06-16,나라장터
기출탭탭,동해삼육고등학교,,디지털 기방 교육혁신 선도학교 AI에듀테크 기출탭탭구독견적,,2024-04-16,S2B
기출탭탭,갈산고등학교,,갈산고등학교 AI코스웨어 기출탭탭 사용 신청,,2024-06-18,S2B
기출탭탭,포항중앙여자고등학교,,"교수 학습 방법 개선을 위한 AI 코스웨어 구입옥수수,기출탭탭",,2024-09-12,S2B
기출탭탭,대구경원고등학교,,디지털코스웨어 기출 탭탭 추가 구입,,2024-11-20,S2B
기출탭탭,언양고등학교,,언양고 기출탭탭 코스웨어 이용권,,2025-05-14,S2B
기출탭탭,벌교고등학교,,2025학년도 학습 프로그램 기출탭탭 일년 구독료 견적 요청,,2025-04-24,S2B
기출탭탭,광주경신여자고등학교,,광주경신여고 기출탭탭 구독료 견적요청,,2025-04-24,S2B
기출탭탭,벌교고등학교,,2026학년도 AI 디지털 활용 선도학교 기출탭탭 구독 견적요청,,2026-04-22,S2B
차곡차곡,보산원초등학교,충청남도,2023학년도 체험학습(차곡차곡학생책출판기념회) 차량 임차용역(충청남도과학교육원),주식회사 백마관광여행사,2023-11-29,나라장터
차곡차곡,인지초등학교,충청남도,차곡차곡 학생 출판도서 특별전 참관,충남관광(주),2023-12-14,나라장터
차곡차곡,시목초등학교,충청남도,2023학년도 이웃학교 공동교육과정 차곡차곡 책 출판회 체험학습 임차 계약,서산관광주식회사,2023-12-15,나라장터
차곡차곡,홍주고등학교,충청남도,2023학년도 차곡차곡 학생 책 출판 기념식 참석 버스임차 계약,(주)금오관광,2023-12-18,나라장터
차곡차곡,한국K-POP고등학교,충청남도,한국K-POP고등학교 2023학년도 차곡차곡 학생 책 출판식 참여 운송차량 용역,천수한양관광(주),,나라장터
차곡차곡,장곡초등학교,충청남도,"2024학년도 3,4,6학년 차곡차곡 학생 책 출판기념식 참가 전세버스 임차 용역",(주)금오관광,2024-11-27,나라장터
차곡차곡,홍주고등학교,충청남도,2024 차곡차곡 학생 책 출판기념식 참가 버스임차 계약,청운관광(주),2024-11-27,나라장터
차곡차곡,천안서초등학교,충청남도,천안서초 차곡차곡 학생 책출판 기념식 참석 차량 임차,주식회사 백마관광여행사,2024-12-02,나라장터
밀크T고등,대구보건고등학교,대구광역시,AI코스웨어실천교사 프로그램 (밀크T고등),(주)천재교과서,2023-12-20,나라장터
밀크T고등,숭덕고등학교,,숭덕고등학교 AI코스웨어 밀크T고등 구입,,2023-09-26,S2B
코드론 EDU,광양제철중학교,전남광주통합특별시(전남),2023년 광양제철중학교 AI 선도학교 물품(코드론EDU) 구매,로보링크주식회사,2024-01-02,나라장터
코드론 EDU,평택서재초등학교,경기도,평택서재초 에듀테크 물품(코드론EDU 외 4종) 구매 계약,로보링크주식회사,2026-07-21,나라장터
코드론 EDU,평택서재초등학교,경기도,평택서재초 에듀테크 물품(코드론EDU 외 4종) 구매 계약,로보링크주식회사,2026-07-21,나라장터
스쿨노트,인월초등학교,전북특별자치도,인월초 그린스마트스쿨 노트북 컴퓨터 외 1종 구매 소액수의 견적제출 안내,유한회사 건양정보통신,2024-01-31,나라장터
타입캐스트,백암고등학교,경기도,응용 소프트웨어(타입캐스트) 라이선스 구입,주식회사 후니테크,2024-02-15,나라장터
스마트 교무실,청구고등학교,대구광역시,"그린스마트 교무실1,2,3 파티션 구입",뷰로맥스주식회사,2024-04-11,나라장터
친환경 전기자동차,율현중학교,경기도,2024학년도 율현중학교 3학년 1학기 기술가정교과 실습 물품(창의적 친환경 전기자동차) 구입 계약,원,2024-03-21,나라장터
자작자작,원당중학교,경기도,2024학년도 자작자작 프로그램 구입 계약,주식회사 팀플백,2024-01-08,나라장터
자작자작,여울초등학교,경기도,디지털 선도학교 AI코스웨어 자작자작(글쓰기) 구입 계약,주식회사 팀플백,2024-04-26,나라장터
자작자작,인화여자고등학교,인천광역시,AI 글쓰기 플랫폼 ‘자작자작’ 라이선스 구매 계약,주식회사 팀플백,2025-03-19,나라장터
자작자작,인화여자고등학교,인천광역시,AI 글쓰기 플랫폼 ‘자작자작’ 라이선스 구매 계약,주식회사 팀플백,2025-03-19,나라장터
자작자작,의정부청룡초등학교,경기도,2025학년도 정보교육을 위한 에듀테크(자작자작) 구매 ,주식회사 팀플백,2025-04-04,나라장터
자작자작,의정부청룡초등학교,경기도,2025학년도 정보교육을 위한 에듀테크(자작자작) 구매 ,주식회사 팀플백,2025-04-04,나라장터
자작자작,전주호성중학교,전북특별자치도,2025학년도 학교특화교육과정 다독다독 자작자작 독서캠프 숙박비 및 식비 계약,서울올림픽파크텔,2025-07-18,나라장터
자작자작,전주호성중학교,전북특별자치도,2025학년도 학교특화교육과정 다독다독 자작자작 독서캠프 숙박비 및 식비 계약,서울올림픽파크텔,2025-07-18,나라장터
자작자작,평택청아초등학교,경기도,2026학년도 평택청아초등학교 자작자작 school 플랫폼 이용 ,주식회사 팀플백,2026-04-01,나라장터
자작자작,평택청아초등학교,경기도,2026학년도 평택청아초등학교 자작자작 school 플랫폼 이용 ,주식회사 팀플백,2026-04-01,나라장터
자작자작,대구경일여자중학교,,디지털선도학교 에듀테크 자작자작 구입,,2024-12-12,S2B
자작자작,칠금초등학교,,디지털 선도학교 AI 코스웨어 자작자작 AI school멤버십 구매,,2023-10-17,S2B
자작자작,남성초등학교,,2024학년도 디지털선도학교 코스웨어 자작자작 구입,,2024-03-18,S2B
자작자작,남성초등학교,,2024학년도 디지털선도학교 코스웨어 자작자작 구입,,2024-03-14,S2B
자작자작,대흘초등학교,,2025학년도 디지털 선도학교 운영을 위한 AI 코스웨어(자작자작) 이용료 지출 요구,,2025-05-02,S2B
자작자작,동광초등학교,,동광초 AI 코스웨어 글쓰기 자작자작 구입,,2026-06-01,S2B
자작자작,영광염산중학교,,영광염산중학교 자작자작 10개월 구독 견적 요청,,2026-04-17,S2B
자작자작,정읍남초등학교,,정읍남초 생각중심 글쓰기 자작자작 구독권,,2026-04-07,S2B
자작자작,귀래중학교,,귀래중학교 자작자작 라이선스 구입 견적 요청,,2025-01-31,S2B
자작자작,미동초등학교,,글쓰기 지도 AI 자작자작 라이센스 구입,,2024-03-29,S2B
ALC 학습분석 시스템,동일미래과학고등학교,전남광주통합특별시(광주),ALC학습분석 시스템 소프트웨어 구독 서비스 이용 계약,유한회사 창해,2024-02-02,나라장터
ALC 학습분석 시스템,남평중학교,,ALC 학습분석 시스템 서비스 구독,,2026-04-28,S2B
[스쿨톡] 학교전화녹음 서비스,명인초등학교,경기도,2024학년도 학교전화녹음 서비스(스쿨톡) 구축작업,넷브리즈(주),2024-03-07,나라장터
쪼물락 코딩블록,고산초등학교,경기도,로봇과학 교재 교구 구입(쪼물락 코딩블록),주식회사 씨앤알테크,2024-04-09,나라장터
클래스카드,백사중학교,경기도,2024 디지털 기반 교육혁신 선도학교 운영을 위한 (클래스카드) 구매 계약,동아출판(주),2024-04-26,나라장터
클래스카드,불암중학교,서울특별시,디지털콘텐츠(클래스카드) 사용 계약,동아출판(주),2024-04-29,나라장터
클래스카드,영도제일중학교,,2025학년도 에듀테크 클래스카드 구입,,2025-11-17,S2B
클래스카드,신진초등학교,,신진초 별관2층 영어전용실 456학년 영어교과 에듀테크[클래스카드] 구입,,2026-03-06,S2B
클래스카드,귀일중학교,,영어교과 코스웨어 클래스카드,,2024-04-17,S2B
클래스카드,귀일중학교,,영어교과 코스웨어 클래스카드,,2024-04-12,S2B
클래스카드,구남중학교,,디지털기반 학생 맞춤교육 선도학교 운영을 위한 AI코스웨어 클래스카드 스쿨 견적요청,,2025-07-31,S2B
클래스카드,부산국제고등학교,,부산국제고 클래스카드 pro 라이센스 견적요청,,2023-12-07,S2B
클래스카드,오천고등학교,,클래스카드 Pro 560 라이센스 구입,,2024-04-30,S2B
클래스카드,해동고등학교,,해동고등학교 클래스카드 PRO 160라이센스 견적 요청,,2024-09-19,S2B
클래스카드,화성상신중학교,,클래스카드 School 240 디지털 라이센스 구매,,2026-03-12,S2B
클래스카드,신성여자중학교,,클래스카드 교사 AI라이센스 구입,,2026-03-11,S2B
클래스카드,청운중학교,,클래스카드 Teacher 라이센스 이용권 구입,,2026-04-29,S2B
페더 에듀,광주경신여자고등학교,전남광주통합특별시(광주),광주경신여고 디지털 선도학교 AI코스웨어(페더 에듀) 구입,주식회사 스케치소프트,2024-05-24,나라장터
메타수학,이리계문초등학교,전북특별자치도,2024년 디지털선도학교 운영을 위한 AI코스웨어(메타수학) 구매,마타에듀 주식회사,2024-06-04,나라장터
과학쌤과학실,화순고등학교,전남광주통합특별시(전남),2024학년도 3학년 Science Lab 실험캠프(3학년),주식회사 미래와 상상,2024-03-29,나라장터
과학쌤과학실,화순고등학교,전남광주통합특별시(전남),2024학년도 2학년 Science Lab 실험캠프 운영,주식회사 미래와 상상,2024-04-01,나라장터
과학쌤과학실,화순고등학교,전남광주통합특별시(전남),2024학년도 1학년 Science Lab실험캠프 운영,주식회사 미래와 상상,2024-04-09,나라장터
과학쌤과학실,화순고등학교,전남광주통합특별시(전남),2025학년도 3학년 Science Lab 실험캠프 운영,주식회사 미래와 상상,,나라장터
과학쌤과학실,화순고등학교,전남광주통합특별시(전남),1학년 Science Lab 실험캠프 운영,주식회사 미래와 상상,2025-06-10,나라장터
과학쌤과학실,화순고등학교,전남광주통합특별시(전남),1학년 Science Lab 실험캠프 운영,주식회사 미래와 상상,2025-06-10,나라장터
과학쌤과학실,경북여자고등학교,대구광역시,(자공고2.0운영) 학생부 집중 채움 프로그램[Frontier Science Lab] 운영을 위한 용역 전자계약,(주)아트힐다락,2025-12-10,나라장터
과학쌤과학실,경북여자고등학교,대구광역시,(자공고2.0운영) 학생부 집중 채움 프로그램[Frontier Science Lab] 운영을 위한 용역 전자계약,(주)아트힐다락,2025-12-10,나라장터
과학쌤과학실,화순고등학교,전남광주통합특별시(전남),화순고등학교 Science Lab 실험캠프 운영 용역 계약,주식회사 미래와 상상,2026-03-25,나라장터
과학쌤과학실,화순고등학교,전남광주통합특별시(전남),화순고등학교 Science Lab 실험캠프 운영 용역 계약,주식회사 미래와 상상,2026-03-25,나라장터
과학쌤과학실,화순고등학교,전남광주통합특별시(전남),2026학년도 Science Lab 실험캠프(2차) 용역 계약(공학),주식회사 로보라이즌,2026-07-10,나라장터
과학쌤과학실,화순고등학교,전남광주통합특별시(전남),"2026학년도 Science Lab 실험캠프(2차) 용역 계약(물리, 화학, 의생명)",주식회사 미래와 상상,2026-07-10,나라장터
과학쌤과학실,화순고등학교,전남광주통합특별시(전남),2026학년도 Science Lab 실험캠프(2차) 용역 계약(공학),주식회사 로보라이즌,2026-07-10,나라장터
과학쌤과학실,화순고등학교,전남광주통합특별시(전남),"2026학년도 Science Lab 실험캠프(2차) 용역 계약(물리, 화학, 의생명)",주식회사 미래와 상상,2026-07-10,나라장터
망고보드,이충중학교,경기도,이충중 2024학년도 디지털 선도학교 AI 코스웨어(망고보드) 프로그램 사용 계약,(주)리아모어소프트,2024-03-28,나라장터
망고보드,부산보건고등학교,,부산보건고등학교 디지털기반 교육혁신 선도학교 코스웨어 망고보드 라이센스 구입 견적 요청,,2025-08-19,S2B
망고보드,도계전산정보고등학교,,망고보드 1년 정기 구독료 견적요청,,2024-09-23,S2B
지니아튜터,태안초등학교,경기도,2024학년도 태안초 교육지원 서비스(지니아튜터) 이용 계약,(주)천재교과서,2024-04-01,나라장터
지니아튜터,평택청아초등학교,경기도,2026학년도 평택청아초등학교 AI 기반 맞춤형 학습플랫폼(지니아튜터) 이용 ,(주)천재교과서,2026-04-01,나라장터
지니아튜터,평택청아초등학교,경기도,2026학년도 평택청아초등학교 AI 기반 맞춤형 학습플랫폼(지니아튜터) 이용 ,(주)천재교과서,2026-04-01,나라장터
지니아튜터,원광중학교,,기초학력 향상 AI코스웨어 지니아튜터 구독 계약,,2026-05-28,S2B
지니아튜터,등원중학교,,서울등원중학교 교육용코스웨어 지니아튜터 구입,,2026-03-23,S2B
지니아튜터,횡성중학교,,인공지능 학습플랫폼 지니아튜터 구독료 견적요청,,2024-04-24,S2B
지니아튜터,계수초등학교,,계수초 지니아튜터 구독,,2025-09-12,S2B
지니아튜터,담양남초등학교,,담양남초등학교 지니아튜터 구독 견적요청,,2026-03-13,S2B
지니아튜터,이리신동초등학교,,지니아 튜터 구독,,2026-04-01,S2B
미리캔버스,효원초등학교,경기도,미리캔버스 Edu+ 요금제 전자계약 체결,주식회사 미리디,,나라장터
미리캔버스,도암초등학교,경기도,2024학년도 디지털 기반 교육혁신 선도학교 프로그램 사용료 (미리캔버스),주식회사 미리디,,나라장터
미리캔버스,가람중학교,경기도,에듀테크 도구(미리캔버스) 에듀플러스 요금제 구입 계약,주식회사 미리디,,나라장터
미리캔버스,문명고등학교,,문명고등학교 에듀테크 및 교육용 컨텐츠 미리캔버스 프로 구입,,2023-05-19,S2B
미리캔버스,의령여자고등학교,,AI 에듀테크 미리캔버스 소프트웨어 라이선스 구입,,2024-05-30,S2B
미리캔버스,의령여자고등학교,,AI 에듀테크 미리캔버스 소프트웨어 라이선스 임대,,2024-05-30,S2B
미리캔버스,안덕초등학교,,에듀테크기반 스마트교육 라이센스 및 교사 운영 AI 소프트웨어 구입ㅡ미리캔버스 프로,,2024-05-20,S2B
미리캔버스,옥빛초등학교,,2024학년도 옥빛초 디지털선도학교 에듀테크 미리캔버스 프로그램 견적요청,,2024-04-11,S2B
미리캔버스,전주서신중학교,,에듀테크 활용 콘텐츠 미리캔버스 프로 구입,,2024-09-12,S2B
미리캔버스,소사벌초등학교,,2024학년도 소사벌초등학교 에듀테크 미리캔버스 구입,,2024-09-11,S2B
미리캔버스,이리영등초등학교,,2024 에듀테크 활용을 위한 미리캔버스 Edu 플러스 이용권 구입,,2024-09-02,S2B
미리캔버스,이리고현초등학교,,2024학년도 에듀테크를 위한 미리캔버스 구입,,2024-08-27,S2B
미리캔버스,대구경일여자중학교,,디지털선도학교 에듀테크 미리캔버스 구입,,2024-10-28,S2B
미리캔버스,산운초등학교,,에듀테크 미리캔버스 프로 요금제 견적 요청,,2025-02-13,S2B
미리캔버스,흥무초등학교,,에듀테크 활용 교육용콘텐츠 미리캔버스 구입,,2025-06-05,S2B
미리캔버스,한수중학교,,한수중학교 에듀테크 플랫폼 미리캔버스 구매,,2025-05-16,S2B
미리캔버스,이리마한초등학교,,에듀테크 콘텐츠 미리캔버스 Pro 구입,,2025-05-14,S2B
미리캔버스,청남초등학교,,2025. 디지털 선도학교 AI코스웨어 및 에듀테크 미리캔버스Pro 구입,,2025-04-28,S2B
미리캔버스,태광중학교,,태광중학교/에듀테크 활용 플랫폼 미리캔버스 견적요청,,2025-04-10,S2B
미리캔버스,부산보건고등학교,,부산보건고등학교 디지털 선도학교 코스웨어 미리캔버스 교육용 라이센스 구입 견적요청,,2024-05-24,S2B
미리캔버스,순천효천고등학교,,2024 디지털 선도학교 AI 코스웨어 미리캔버스,,2024-05-22,S2B
미리캔버스,오천고등학교,,오천고등학교 미리캔버스 에듀플러스 3구간 구독,,2024-01-16,S2B
미리캔버스,부안중학교,,2024 탄소중립 실천 중점학교 운영을 위한 소프트웨어 미리캔버스 구독,,2024-05-30,S2B
미리캔버스,경덕초등학교,,경덕초 미리캔버스 Pro 구독료 견적요청,,2024-05-17,S2B
미리캔버스,이리모현초등학교,,이리모현초 미리캔버스 구독 견적요청,,2024-05-08,S2B
미리캔버스,배정고등학교,,2024 교과교실제 활동지원용 미리캔버스Pro 단체연간 구독권 구입 견적요청,,2024-04-25,S2B
미리캔버스,증평공업고등학교,,증평공업고등학교 디자인과 미리캔버스 구독,,2024-03-26,S2B
미리캔버스,사수중학교,,미리캔버스 Pro 구독,,2024-07-04,S2B
미리캔버스,서라벌초등학교,,서라벌초등학교 미리캔버스 구독견적요청,,2024-11-01,S2B
미리캔버스,사수중학교,,미리캔버스 Pro 구독,,2024-09-23,S2B
미리캔버스,부안중학교,,미리캔버스 Pro 구독 견적요청,,2025-03-20,S2B
미리캔버스,위례고운초등학교,,위례고운초등학교 미리캔버스 pro 구독,,2025-06-12,S2B
미리캔버스,경호초등학교,,2025.경호초등학교 공동교육과정 미리캔버스 구독 용역 계약,,2025-06-11,S2B
미리캔버스,문명중학교,,디지털선도학교 운영 자료 제작 플랫폼 미리캔버스 구독료,,2025-06-05,S2B
미리캔버스,마산여자고등학교,,마산여고 AI활용 수업에 따른 미리캔버스 사용 구독 견적요청,,2025-06-02,S2B
미리캔버스,위례고운초등학교,,위례고운초등학교 미리캔버스 pro 구독,,2025-05-29,S2B
미리캔버스,경성전자고등학교,,경성전자고등학교 직업계고학점제선도학교 미리캔버스 유료 구독권 구입,,2025-05-14,S2B
미리캔버스,김해모산중학교,,김해모산중학교 미리캔버스 Pro 구독 견적요청,,2025-04-25,S2B
미리캔버스,해창중학교,,해창중학교 미리캔버스 구독료 견적요청,,2025-04-11,S2B
미리캔버스,경혜여자고등학교,,경혜여고 미리캔버스 pro구독,,2025-03-24,S2B
미리캔버스,경혜여자고등학교,,경혜여고 미리캔버스 구독,,2025-03-21,S2B
미리캔버스,문명중학교,,커뮤니네이션 플랫폼 미리캔버스 연간 구독료,,2026-06-04,S2B
미리캔버스,화천용암초등학교,,유치원 교육용 컨텐츠 구독(미리캔버스),,2026-04-07,S2B
미리캔버스,창녕여자중학교,,창녕여중 디지털선도학교 챗GPT 및 미리캔버스 구입,,2024-06-03,S2B
미리캔버스,서울안산초등학교,,학교교육자료제작울 위한 미리캔버스 프로 사용비,,2023-05-30,S2B
미리캔버스,서울경일초등학교,,2024년 교육자료 디자인 플랫폼 미리캔버스 이용료,,2024-03-26,S2B
미리캔버스,신용초등학교,,신용초등학교 미리캔버스Pro 라이선스 구입,,2024-05-21,S2B
초코클래스,도암초등학교,경기도,2024학년도 디지털 기반 교육혁신 선도학교 프로그램 사용료 (미리엔 초코 클래스),주식회사 미래엔,,나라장터
초코클래스,신둔초등학교,,2026 신둔초 기초학력 강화 에듀테크 초코클래스 이용,,2026-07-21,S2B
초코클래스,목포미항초등학교,,2024학년도 AI코스웨어 초코클래스 견적 요청,,2024-05-09,S2B
초코클래스,괘법초등학교,,디지털 기반 선도학교 AI코스웨어(초코클래스) 이용권 구입,,2025-06-09,S2B
초코클래스,삼례초등학교,,삼례초 AI코스웨어 초코클래스 이용권 견적 요청,,2026-05-12,S2B
초코클래스,광명광덕초등학교,,광명광덕초등학교 AI코스웨어 초코클래스 구독료,,2026-04-20,S2B
AI마타수학,장기중학교,경기도,디지털 기반 교육혁신 선도학교  먀 코스웨어 구입(AI마타수학),마타에듀 주식회사,2024-05-13,나라장터
AI마타수학,여강중학교,경기도,여강중학교  AI코스웨어 프로그램(AI마타수학) 구입,마타에듀 주식회사,2025-05-09,나라장터
AI마타수학,여강중학교,경기도,여강중학교  AI코스웨어 프로그램(AI마타수학) 구입,마타에듀 주식회사,2025-05-09,나라장터
AI마타수학,광주동신여자중학교,,2024학년도 디지털 선도학교 코스웨어 AI마타수학 구입,,2024-06-11,S2B
AI마타수학,칠곡북삼초등학교,,AI 디지털활용 선도학교 코스웨어 AI 마타수학 구입,,2026-05-20,S2B
AI마타수학,퇴계중학교,,2026학년도 AI디지털 활용 선도학교 운영 코스웨어 AI 마타수학 견적요청,,2026-04-23,S2B
AI마타수학,왕신여자중학교,,AI코스웨어 프로그램 AI마타수학 사용료,,2026-04-13,S2B
AI마타수학,구학초등학교,,구학초 AI코스웨어 프로그램 AI마타수학 사용계약 견적요청,,2026-04-09,S2B
AI마타수학,대동여자중학교,,강원아이로 AI코스웨어 프로그램 AI 마타수학 사용료,,2026-04-09,S2B
AI마타수학,세광중학교,,2026. 세광중 AI코스웨어프로그램[AI마타수학] 구입,,2026-04-08,S2B
AI마타수학,서울안천초등학교,,"AI 코스웨어 프로그램,AI마타수학 사용료",,2026-04-06,S2B
AI마타수학,전주화정초등학교,,2026학년도 AI디지털활용 5학년 AI마타수학 구독,,2026-04-01,S2B
AI마타수학,이천양정여자중학교,,이천양정여중 AI마타수학 구독,,2026-03-30,S2B
AI마타수학,이천양정여자중학교,,이천양정여중 AI마타수학 구독,,2026-03-30,S2B
AI마타수학,여강중학교,,여강중학교 구독형 소프트웨어 AI마타수학 구매,,2026-07-07,S2B
세종시립도서관,수왕초등학교,세종특별자치시,2024학년도 독도전시관 및 세종시립도서관 현장체험학습 차량 임차용역 계약,주식회사 은성관광,2024-06-10,나라장터
넷서포트 스쿨 (NetSupport School),예산고등학교,충청남도,예산고등학교 소프트웨어(넷서포트 스쿨) 구입,(주)엔클라우딩,2024-07-02,나라장터
매일독서 독도,대구용계초등학교,대구광역시,2024학년도 독서AI코스웨어(매일독서독도프로그램) 구입,테크빌교육(주),2024-07-17,나라장터
리빙박스,소하중학교,경기도,2024학년도 디지털기반 교육혁신 선도학교 운영을 위한 3학년 기술가정 리빙박스 앱 라이선스 구입,사단법인 커뮤니티매핑센터,2024-08-30,나라장터
직업계고 채움119,대천여자상업고등학교,충청남도,2024 직업계고 채움 119 Summer Camp 직업체험관 현장학습 전세버스 임차 용역,충남전세버스협동조합,2024-07-04,나라장터
직업계고 채움119,태안여자고등학교,충청남도,2024학년도 직업계고 채움119 인성교육체험 전세버스 임차용역,서산관광주식회사,2024-07-08,나라장터
직업계고 채움119,당진정보고등학교,충청남도,직업계고 채움119 사업 취업마인드 제고 및 진로 비전 캠프 용역,주식회사아이비인재개발원,2024-07-08,나라장터
직업계고 채움119,천안제일고등학교,충청남도,2024학년도 직업계고 채움 119 기업탐방 전세버스 임차용역,신성관광여행사(주),2024-07-11,나라장터
직업계고 채움119,삽교고등학교,충청남도,2024. 직업계고 채움119 프로그램 운영 차량임차 용역계약(윤봉길체육관),천수한양관광(주),2024-08-22,나라장터
직업계고 채움119,당진정보고등학교,충청남도,당진정보고등학교 직업계고 채움119 사업 MY  비전캠프 용역,주식회사 라온에듀,2024-09-06,나라장터
직업계고 채움119,천안제일고등학교,충청남도,2024학년도 직업계고 채움 119 기업탐방 버스 임차용역,그레이하운드 주식회사,2024-09-11,나라장터
직업계고 채움119,논산공업고등학교,,논산공업고 직업계고 채움 119와 연계한 학점제 캠프,제일교육,2024-10-11,나라장터
직업계고 채움119,서산공업고등학교,충청남도,2024직업계고 채움 119 진로설계 및 취업역랑 강화 캠프,사회적협동조합도담창의인재교육원,2024-11-11,나라장터
직업계고 채움119,천안제일고등학교,충청남도,2024학년도 직업계고 채움 119 기업탐방 전세버스 임차용역,신성관광여행사(주),2024-11-18,나라장터
직업계고 채움119,한국식품마이스터고등학교,충청남도,2025년 직업계고 채움119 신입생 적응프로그램 위탁 용역,부여군시설관리공단,2025-03-04,나라장터
직업계고 채움119,한국식품마이스터고등학교,충청남도,2025년 직업계고 채움119 신입생 적응프로그램 위탁 용역,부여군시설관리공단,2025-03-04,나라장터
직업계고 채움119,천안제일고등학교,충청남도,2025 직업계고 채움 119 운영을 윈한 박람회 참가 버스 임차 계약,신성관광여행사(주),2025-05-14,나라장터
직업계고 채움119,천안제일고등학교,충청남도,2025 직업계고 채움 119 운영을 윈한 박람회 참가 버스 임차 계약,신성관광여행사(주),2025-05-14,나라장터
직업계고 채움119,청양고등학교,충청남도,2025학년도 1학년 특성화계열 직업계고 채움 119연계 진로비전 진로캠프 위탁용역,주식회사 커리어리서치,2025-06-20,나라장터
직업계고 채움119,청양고등학교,충청남도,2025학년도 1학년 특성화계열 직업계고 채움 119연계 진로비전 진로캠프 위탁용역,주식회사 커리어리서치,2025-06-20,나라장터
직업계고 채움119,천안제일고등학교,충청남도,2025  직업계고 채움 119 진로특강 버스 임차용역 ,신성관광여행사(주),2025-08-26,나라장터
직업계고 채움119,천안제일고등학교,충청남도,2025  직업계고 채움 119 진로특강 버스 임차용역 ,신성관광여행사(주),2025-08-26,나라장터
직업계고 채움119,예산예화여자고등학교,충청남도,[직업계고 채움119] 2025학년도 1학년 취업 마인드 향상 캠프,소마교육,2025-09-01,나라장터
직업계고 채움119,예산예화여자고등학교,충청남도,[직업계고 채움119] 2025학년도 1학년 취업 마인드 향상 캠프,소마교육,2025-09-01,나라장터
직업계고 채움119,대천여자상업고등학교,충청남도,2025학년도 직업계고 채움119 진로체험 전세버스 임차 용역,(주)삼성고속관광,2025-10-29,나라장터
직업계고 채움119,서산공업고등학교,충청남도,직업계고 채움 119·고교학점제 청소년셀프리더십캠프 용역,(주)지앤피리더십센터,2025-11-03,나라장터
직업계고 채움119,서산공업고등학교,충청남도,직업계고 채움 119·고교학점제 청소년셀프리더십캠프 용역,(주)지앤피리더십센터,2025-11-03,나라장터
직업계고 채움119,충남해양과학고등학교,충청남도,충남해양과학고등학교 2025년 2학기 직업계고 채움 119 진로직업체험학습 전세버스 임차 용역,(주)삼성고속관광,2025-11-11,나라장터
직업계고 채움119,대천여자상업고등학교,충청남도,2025학년도 직업계고 채움119 진로체험 전세버스 임차 용역,(주)삼성고속관광,2025-10-29,나라장터
직업계고 채움119,충남해양과학고등학교,충청남도,충남해양과학고등학교 2025년 2학기 직업계고 채움 119 진로직업체험학습 전세버스 임차 용역,(주)삼성고속관광,2025-11-11,나라장터
직업계고 채움119,삽교고등학교,충청남도,2025년 직업계고 채움119 학생 발표 대회 참관 차량임차 용역계약(아산 충남교육청 과학교육원),천수한양관광(주),2025-11-18,나라장터
직업계고 채움119,삽교고등학교,충청남도,2025년 직업계고 채움119 학생 발표 대회 참관 차량임차 용역계약(아산 충남교육청 과학교육원),천수한양관광(주),2025-11-18,나라장터
직업계고 채움119,충남인터넷고등학교,,2025학년도 직업계고 채움119 나의 꿈 발표대회 참관 차량임차 용역계약,주식회사태성고속관광,2025-11-18,나라장터
직업계고 채움119,충남인터넷고등학교,,2025학년도 직업계고 채움119 나의 꿈 발표대회 참관 차량임차 용역계약,주식회사태성고속관광,2025-11-18,나라장터
직업계고 채움119,합덕제철고등학교,충청남도,합덕제철고등학교 직업계고 채움 119 발표대회 참여학생 수송 차량 임차용역 계약,(주)대호관광,2025-11-25,나라장터
직업계고 채움119,합덕제철고등학교,충청남도,합덕제철고등학교 직업계고 채움 119 발표대회 참여학생 수송 차량 임차용역 계약,(주)대호관광,2025-11-25,나라장터
직업계고 채움119,한국식품마이스터고등학교,충청남도,직업계고 채움 119 신입생 적응프로그램 ,부여군시설관리공단,2026-03-03,나라장터
직업계고 채움119,한국식품마이스터고등학교,충청남도,직업계고 채움 119 신입생 적응프로그램 ,부여군시설관리공단,2026-03-03,나라장터
직업계고 채움119,한국식품마이스터고등학교,충청남도,직업계고 채움 119 신입생 적응프로그램 ,부여군시설관리공단,2026-03-03,나라장터
직업계고 채움119,한국식품마이스터고등학교,충청남도,직업계고 채움 119 신입생 적응프로그램 ,부여군시설관리공단,2026-03-06,나라장터
직업계고 채움119,한국식품마이스터고등학교,충청남도,직업계고 채움 119 신입생 적응프로그램 ,부여군시설관리공단,2026-03-06,나라장터
키드키즈,배곧초등학교,경기도,배곧초등학교 2024년 미래세대 대상 농업체험 키드키즈팜 조성 시범사업 텃밭상자 조성 용역 계약,하늘나무,2024-08-20,나라장터
누리놀이,인천송일초등학교,인천광역시,인천송일초등학교병설유치원 꿈누리 놀이뜰 조성 설계 용역 계약,주식회사이다아이디,,나라장터
누리놀이,인천송일초등학교,인천광역시,인천송일초등학교병설유치원 꿈누리 놀이뜰 조성 설계 용역 계약,주식회사이다아이디,2024-09-13,나라장터
누리놀이,인천청일초등학교,인천광역시,인천청일초등학교병설유치원 꿈누리 놀이뜰 조성에 따른 물품 구매 계약,성호,2025-07-21,나라장터
누리놀이,인천청일초등학교,인천광역시,인천청일초등학교병설유치원 꿈누리 놀이뜰 조성에 따른 물품 구매 계약,성호,2025-07-21,나라장터
고교학점제학사관리프로그램,숙지고등학교,경기도,(숙지고) 고교학점제 학사관리 프로그램 전자계약,아이티메인주식회사,2024-10-04,나라장터
고교학점제학사관리프로그램,동탄고등학교,경기도,고교학점제학사관리프로그램 구입,아이티메인주식회사,2025-09-12,나라장터
고교학점제학사관리프로그램,동탄고등학교,경기도,고교학점제학사관리프로그램 구입,아이티메인주식회사,2025-09-12,나라장터
고교학점제학사관리프로그램,부산국제고등학교,부산광역시,부산국제고등학교 고교학점제 학사관리프로그램 구매 계약,아이티메인주식회사,2026-02-13,나라장터
고교학점제학사관리프로그램,부산국제고등학교,부산광역시,부산국제고등학교 고교학점제 학사관리프로그램 구매 계약,아이티메인주식회사,2026-02-13,나라장터
고교학점제학사관리프로그램,대전만년고등학교,대전광역시,대전만년고등학교 고교학점제학사관리 프로그램 구입,아이티메인주식회사,2026-04-01,나라장터
고교학점제학사관리프로그램,대전만년고등학교,대전광역시,대전만년고등학교 고교학점제학사관리 프로그램 구입,아이티메인주식회사,2026-04-01,나라장터
고교학점제학사관리프로그램,유성여자고등학교,대전광역시,2026학년도 유성여자고등학교 고교학점제학사관리프로그램 설치,아이티메인주식회사,2026-04-13,나라장터
고교학점제학사관리프로그램,유성여자고등학교,대전광역시,2026학년도 유성여자고등학교 고교학점제학사관리프로그램 설치,아이티메인주식회사,2026-04-13,나라장터
고교학점제학사관리프로그램,영천고등학교,경상북도,고교학점제 학사관리프로그램 계약,아이티메인주식회사,2026-07-30,나라장터
고교학점제학사관리프로그램,영천고등학교,경상북도,고교학점제 학사관리프로그램 계약,아이티메인주식회사,2026-07-30,나라장터
스마트모빌리티키트,인천연송고등학교,인천광역시,인천연송고 스마트모빌리티 키트 구매,주식회사 네패스,2024-10-17,나라장터
스마트모빌리티키트,인천연송고등학교,인천광역시,삼송 AI스마트로봇캠프 스마트모빌리티 키트 구입,주식회사 네패스,2024-11-12,나라장터
블루투스 스피커,소하중학교,경기도,교육혁신선도학교 운영을 위한 블루투스 스피커 키트 구입,원,2024-10-18,나라장터
블루투스 스피커,문학정보고등학교,인천광역시,2024학년도 직업계고 학점제 학교공간 조성에 따른 블루투스 스피커 및 TV셋탑박스 구입,(주)이노텍코리아,2025-01-15,나라장터
블루투스 스피커,문학정보고등학교,인천광역시,2024학년도 직업계고 학점제 학교공간 조성에 따른 블루투스 스피커 및 TV셋탑박스 구입,(주)이노텍코리아,2025-01-15,나라장터
스마트농구,세월초등학교,경기도,세월초 스마트기기(스마트농구시스템) 구매,주식회사 레전드어스,2024-12-04,나라장터
바른한글(구 한국어 맞춤법/문법 검사기),강당초등학교,충청남도,2024 올바른 한글사용 이끎학교 박물관으로 떠나는 한글역사 체험학습 차량 임차 용역,충남관광(주),2024-10-02,나라장터
오르조 클래스,서울동구고등학교,서울특별시,오르조 클래스 소프트웨어 사용 계약,주식회사 슬링,2024-09-30,나라장터
오르조 클래스,와부고등학교,경기도,디지털 기반 교육혁신 선도학교 운영을 위한 소프트웨어(오르조 클래스) 이용 서비스 계약,주식회사 슬링,2024-10-29,나라장터
오르조 클래스,인천청라고등학교,인천광역시,청라고 AI 코스웨어 프로그램(오르조클래스&체리스쿨) 이용  계약,주식회사 슬링,2025-05-20,나라장터
오르조 클래스,인천청라고등학교,인천광역시,청라고 AI 코스웨어 프로그램(오르조클래스&체리스쿨) 이용  계약,주식회사 슬링,2025-05-20,나라장터
오르조 클래스,춘천고등학교,,2025학년도 디지털 기반 학생 맞춤교육 선도학교 AI에듀테크 오르조 클래스 이용료,,2025-06-17,S2B
오르조 클래스,충주예성여자고등학교,,AI·디지털 활용 선도학교 운영 관련 AI 코스웨어 오르조 클래스 구독 견적 요청,,2026-04-15,S2B
오르조 클래스,경산여자고등학교,,2026학년도 AI디지털 교육자료AI코스웨어오르조 클래스 구입,,2026-07-14,S2B
오르조 클래스,춘천고등학교,,"2026학년도 AI 디지털 활용 선도학교 오르조 클래스,체리스쿨 37개월 구독료 지출",,2026-06-04,S2B
오르조 클래스,광운인공지능고등학교,,2026 AI 디지털 활용 선도학교 오르조클래스 구독,,2026-05-26,S2B
보다스쿨,고명중학교,서울특별시,고명중학교 보다스쿨 서비스 이용 계약의 건,주식회사 새하컴즈,2024-11-12,나라장터
DBpia AI,소명여자고등학교,경기도,소명여고 DBPIA AI상품 구입,주식회사 누리미디어,2024-12-23,나라장터
DBpia AI,효양고등학교,경기도,효양고등학교 학술 전자저널 DBpia 및 DBpia AI 구독,주식회사 누리미디어,2025-03-11,나라장터
DBpia AI,효양고등학교,경기도,효양고등학교 학술 전자저널 DBpia 및 DBpia AI 구독,주식회사 누리미디어,2025-03-11,나라장터
DBpia AI,동성고등학교,충청북도,2025. DBPia AI 라이선스 구입,주식회사 누리미디어,2025-04-15,나라장터
DBpia AI,동성고등학교,충청북도,2025. DBPia AI 라이선스 구입,주식회사 누리미디어,2025-04-15,나라장터
DBpia AI,창원남고등학교,경상남도,DBPIA 패키지 및 DBPIA AI 구입,주식회사 누리미디어,2025-12-26,나라장터
DBpia AI,창원남고등학교,경상남도,DBPIA 패키지 및 DBPIA AI 구입,주식회사 누리미디어,2025-12-26,나라장터
DBpia AI,기장고등학교,부산광역시,2026학년도 학술자료 검색 서비스(DBpia AI) 구독 ,주식회사 누리미디어,2026-03-06,나라장터
DBpia AI,기장고등학교,부산광역시,2026학년도 학술자료 검색 서비스(DBpia AI) 구독 ,주식회사 누리미디어,2026-03-06,나라장터
DBpia AI,효양고등학교,경기도,효양고등학교 학술 전자저널 DBpia 및 DBpia AI 구독,주식회사 누리미디어,2026-03-23,나라장터
DBpia AI,효양고등학교,경기도,효양고등학교 학술 전자저널 DBpia 및 DBpia AI 구독,주식회사 누리미디어,2026-03-23,나라장터
DBpia AI,부산백양고등학교,부산광역시,부산백양고 dbpia AI 서비스 1년 계약건,주식회사 누리미디어,2026-03-18,나라장터
DBpia AI,부산백양고등학교,부산광역시,부산백양고 dbpia AI 서비스 1년 계약건,주식회사 누리미디어,2026-03-18,나라장터
DBpia AI,안산강서고등학교,경기도,"2026 AI, 디지털 활용 선도학교 운영을 위한 프로그램 구독비(DBpia AI 상품)",주식회사 누리미디어,2026-06-26,나라장터
DBpia AI,안산강서고등학교,경기도,"2026 AI, 디지털 활용 선도학교 운영을 위한 프로그램 구독비(DBpia AI 상품)",주식회사 누리미디어,2026-06-26,나라장터
인터렉티브 화이트보드,신라공업고등학교,경상북도,인터렉티브 화이트보드(전자칠판) 탈거 후 재설치 용역,컴텍전산,2025-01-16,나라장터
인터렉티브 화이트보드,신라공업고등학교,경상북도,인터렉티브 화이트보드(전자칠판) 탈거 후 재설치 용역,컴텍전산,2025-01-16,나라장터
디지털윤리,양오초등학교,경기도,디지털 시민역량교육 실천학교 디지털 윤리 교육,한국인성교육연구소 주식회사,2025-03-07,나라장터
디지털윤리,양오초등학교,경기도,디지털 시민역량교육 실천학교 디지털 윤리 교육,한국인성교육연구소 주식회사,2025-03-07,나라장터
디지털윤리,동두천여자중학교,경기도,2025년 학교 자율과제 디지털윤리(1학년) 체험활동 계약 체결 ,주식회사 렌쥴리에듀테인먼트,2025-07-22,나라장터
디지털윤리,동두천여자중학교,경기도,2025년 학교 자율과제 디지털윤리(1학년) 체험활동 계약 체결 ,주식회사 렌쥴리에듀테인먼트,2025-07-22,나라장터
디지털윤리,동두천여자중학교,경기도,2025년 학교 자율과제 디지털윤리(1학년) 체험활동 계약 체결 ,주식회사 렌쥴리에듀테인먼트,2025-07-22,나라장터
디지털윤리,능동고등학교,경기도,능동고등학교 1학년 디지털 윤리교육을 위한 방문 공연,주식회사 세종문화공작소,2025-11-14,나라장터
디지털윤리,능동고등학교,경기도,능동고등학교 1학년 디지털 윤리교육을 위한 방문 공연,주식회사 세종문화공작소,2025-11-14,나라장터
디지털윤리,능동고등학교,경기도,능동고등학교 1학년 디지털 윤리교육을 위한 방문 공연,주식회사 세종문화공작소,2025-11-14,나라장터
디지털윤리,구룡중학교,서울특별시,구룡중 디지털 윤리교육 뮤직컬 공연 계약,문화팩토리 마굿간,2025-11-21,나라장터
디지털윤리,구룡중학교,서울특별시,구룡중 디지털 윤리교육 뮤직컬 공연 계약,문화팩토리 마굿간,2025-11-21,나라장터
디지털윤리,경기물류고등학교,경기도,경기물류고 2학년 디지털 리터러시 체험 및 디지털 윤리 함양 프로그램 계약,본,2025-12-24,나라장터
디지털윤리,경기물류고등학교,경기도,경기물류고 2학년 디지털 리터러시 체험 및 디지털 윤리 함양 프로그램 계약,본,2025-12-24,나라장터
디지털윤리,도곡중학교,서울특별시,2026 도곡중학교 문예체 AI 인공지능 활용 및 디지털 윤리교육 프로그램 체험 ,주식회사 어썸스쿨,2026-04-29,나라장터
디지털윤리,도곡중학교,서울특별시,2026 도곡중학교 문예체 AI 인공지능 활용 및 디지털 윤리교육 프로그램 체험 ,주식회사 어썸스쿨,2026-04-29,나라장터
카디오링크,와우중학교,경기도,와우중 학교스포츠클럽 교구(카디오링크-스마트 심박수밴드 세트) 구입 계약,시스트 주식회사 (SIST),2025-04-11,나라장터
카디오링크,와우중학교,경기도,와우중 학교스포츠클럽 교구(카디오링크-스마트 심박수밴드 세트) 구입 계약,시스트 주식회사 (SIST),2025-04-11,나라장터
네오봇 에듀 스마트,평택안일초등학교,경기도,평택안일초 6학년 디지털튜터 네오봇에듀스마트 구입,대한에듀(대한교육평가원),2025-06-09,나라장터
네오봇 에듀 스마트,평택안일초등학교,경기도,평택안일초 6학년 디지털튜터 네오봇에듀스마트 구입,대한에듀(대한교육평가원),2025-06-09,나라장터
네오봇 에듀 스마트,평택안일초등학교,경기도,평택안일초 2025학년도 5학년 디지털튜터 네오봇에듀 스마트 구입,대한에듀(대한교육평가원),2025-10-23,나라장터
네오봇 에듀 스마트,평택안일초등학교,경기도,평택안일초 2025학년도 5학년 디지털튜터 네오봇에듀 스마트 구입,대한에듀(대한교육평가원),2025-10-23,나라장터
아이스크림 스쿨런,남해초등학교,경상남도,2025년도 코스웨어 및 에듀테크(아이스크림 스쿨런) 구입,주식회사 한국교육네트워크,2025-06-23,나라장터
아이스크림 스쿨런,남해초등학교,경상남도,2025년도 코스웨어 및 에듀테크(아이스크림 스쿨런) 구입,주식회사 한국교육네트워크,2025-06-23,나라장터
아이스크림 스쿨런,남해초등학교,경상남도,2025년도 코스웨어 및 에듀테크(아이스크림 스쿨런) 구입,주식회사 한국교육네트워크,2025-06-23,나라장터
아이스크림 스쿨런,서현초등학교,,서현초 AI 코스웨어 아이스크림스쿨런 견적 요청,,2026-04-27,S2B
아이스크림 스쿨런,북천초등학교,,북천초등학교 교과학습용 코스웨어 아이스크림 스쿨런 구입,,2026-04-13,S2B
LCSI 성격검사,정평초등학교,경기도,LCSI 성격검사 용역 계약,림스연구소,2025-03-27,나라장터
LCSI 성격검사,정평초등학교,경기도,LCSI 성격검사 용역 계약,림스연구소,2025-03-27,나라장터
햄스터S,동두천신천초등학교,경기도,2025학년도 동두천신천초등학교 학생 미래역량강화 프로그램 교육용 재료 대여(햄스터S로봇),주식회사 넥스커넥트,2025-03-26,나라장터
햄스터S,동두천신천초등학교,경기도,2025학년도 동두천신천초등학교 학생 미래역량강화 프로그램 교육용 재료 대여(햄스터S로봇),주식회사 넥스커넥트,2025-03-26,나라장터
스쿨네이처링,인천도림초등학교,인천광역시,2025학년도 인천도림초 스쿨네이처링 활용 교사 연수 차량 임차 용역 계약,주식회사 길벗여행사,2025-04-08,나라장터
스쿨네이처링,인천도림초등학교,인천광역시,2025학년도 인천도림초 스쿨네이처링 활용 교사 연수 차량 임차 용역 계약,주식회사 길벗여행사,2025-04-08,나라장터
카피킬러,한민고등학교,경기도,25학년도  표절검사서비스(카피킬러스쿨) 계약,(주)무하유,2025-04-30,나라장터
카피킬러,한민고등학교,경기도,25학년도  표절검사서비스(카피킬러스쿨) 계약,(주)무하유,2025-04-30,나라장터
카피킬러,태성고등학교,경기도,태성고등학교 카피킬러스쿨 연간 이용권 구매,(주)무하유,2025-08-25,나라장터
카피킬러,태성고등학교,경기도,태성고등학교 카피킬러스쿨 연간 이용권 구매,(주)무하유,2025-08-25,나라장터
카피킬러,한민고등학교,경기도,25학년도  표절검사서비스(카피킬러스쿨) 계약,(주)무하유,2025-07-01,나라장터
카피킬러,한민고등학교,경기도,25학년도  표절검사서비스(카피킬러스쿨) 계약,(주)무하유,2025-07-01,나라장터
카피킬러,충남과학고등학교,충청남도,충남과학고등학교 카피킬러스쿨 연간 구독권 구매,(주)무하유,2026-06-15,나라장터
카피킬러,충남과학고등학교,충청남도,충남과학고등학교 카피킬러스쿨 연간 구독권 구매,(주)무하유,2026-06-15,나라장터
카피킬러스쿨,한민고등학교,경기도,25학년도  표절검사서비스(카피킬러스쿨) 계약,(주)무하유,2025-04-30,나라장터
카피킬러스쿨,한민고등학교,경기도,25학년도  표절검사서비스(카피킬러스쿨) 계약,(주)무하유,2025-04-30,나라장터
카피킬러스쿨,태성고등학교,경기도,태성고등학교 카피킬러스쿨 연간 이용권 구매,(주)무하유,2025-08-25,나라장터
카피킬러스쿨,태성고등학교,경기도,태성고등학교 카피킬러스쿨 연간 이용권 구매,(주)무하유,2025-08-25,나라장터
카피킬러스쿨,한민고등학교,경기도,25학년도  표절검사서비스(카피킬러스쿨) 계약,(주)무하유,2025-07-01,나라장터
카피킬러스쿨,한민고등학교,경기도,25학년도  표절검사서비스(카피킬러스쿨) 계약,(주)무하유,2025-07-01,나라장터
카피킬러스쿨,충남과학고등학교,충청남도,충남과학고등학교 카피킬러스쿨 연간 구독권 구매,(주)무하유,2026-06-15,나라장터
카피킬러스쿨,충남과학고등학교,충청남도,충남과학고등학교 카피킬러스쿨 연간 구독권 구매,(주)무하유,2026-06-15,나라장터
체리 스쿨,인천청라고등학교,인천광역시,청라고 AI 코스웨어 프로그램(오르조클래스&체리스쿨) 이용  계약,주식회사 슬링,2025-05-20,나라장터
체리 스쿨,인천청라고등학교,인천광역시,청라고 AI 코스웨어 프로그램(오르조클래스&체리스쿨) 이용  계약,주식회사 슬링,2025-05-20,나라장터
체리 스쿨,오류중학교,서울특별시,오류중학교 코스웨어 체리스쿨,주식회사 슬링,2025-11-18,나라장터
체리 스쿨,오류중학교,서울특별시,오류중학교 코스웨어 체리스쿨,주식회사 슬링,2025-11-18,나라장터
체리 스쿨,하남중학교,,하남중 2026학년도 체리스쿨 이용 용역 계약,주식회사 슬링,2026-05-26,나라장터
체리 스쿨,하남중학교,,하남중 2026학년도 체리스쿨 이용 용역 계약,주식회사 슬링,2026-05-26,나라장터
체리 스쿨,춘천고등학교,,2025학년도 디지털 기반 학생 맞춤교육 선도학교 AI에듀테크 체리스쿨 이용료,,2025-06-17,S2B
체리 스쿨,성일중학교,,교육용 코스웨어 체리스쿨 구매,,2024-09-20,S2B
체리 스쿨,성일중학교,,교육용 코스웨어 체리스쿨 구매,,2024-09-20,S2B
체리 스쿨,귀일중학교,,디지털기반학생 맞춤형선도학교 코스웨어 체리스쿨,,2024-10-02,S2B
체리 스쿨,동해삼육중학교,,AI코스웨어 체리스쿨 이용 견적요청,,2026-01-20,S2B
체리 스쿨,충주예성여자고등학교,,AI·디지털 활용 선도학교 운영 관련 AI 코스웨어 체리스쿨 구독 견적 요청,,2026-04-15,S2B
체리 스쿨,화원고등학교,,화원고등학교 체리스쿨 구독 견적요청,,2024-11-22,S2B
체리 스쿨,춘천고등학교,,"2026학년도 AI 디지털 활용 선도학교 오르조 클래스,체리스쿨 37개월 구독료 지출",,2026-06-04,S2B
XR스크린,서원초등학교,경기도,2025 서원초등학교 특수학급 XR스크린 구매계약,주식회사 이롭게,2025-07-08,나라장터
XR스크린,서원초등학교,경기도,2025 서원초등학교 특수학급 XR스크린 구매계약,주식회사 이롭게,2025-07-08,나라장터
학내망 스마트 채점,송원여자상업고등학교,,"(긴급)송원여자상업고등학교 제2종 전기차량 모의운전연습기(PTS,DPTS) 가자재 구입",대아티아이 주식회사,2025-07-25,나라장터
학내망 스마트 채점,송원여자상업고등학교,,"(긴급)송원여자상업고등학교 제2종 전기차량 모의운전연습기(PTS,DPTS) 가자재 구입",대아티아이 주식회사,2025-07-25,나라장터
울산아이꿈터,태화초등학교,울산광역시,태화초 3-6학년 울산아이꿈터 교내체험학습 용역,안나메이드,2025-07-17,나라장터
울산아이꿈터,함월초등학교,울산광역시,2025. 울산아이꿈터 시청자미디어센터 체험활동 차량 임차 계약 ,주식회사 에스케이유투어,2025-07-03,나라장터
울산아이꿈터,함월초등학교,울산광역시,2025. 울산아이꿈터 시청자미디어센터 체험활동 차량 임차 계약 ,주식회사 에스케이유투어,2025-07-03,나라장터
울산아이꿈터,태화초등학교,울산광역시,태화초 3-6학년 울산아이꿈터 교내체험학습 용역,안나메이드,2025-07-17,나라장터
울산아이꿈터,굴화초등학교,울산광역시,굴화초 2학년 울산아이꿈터 학생체험활동  차량임차용역 계약,주식회사 하랑관광,2025-08-22,나라장터
울산아이꿈터,문현초등학교,울산광역시,2025학년도 2학기 울산 아이꿈터 현장체험학습 차량 임차 용역 계약,주식회사 에스케이유투어,2025-09-23,나라장터
울산아이꿈터,문현초등학교,울산광역시,2025학년도 2학기 울산 아이꿈터 현장체험학습 차량 임차 용역 계약,주식회사 에스케이유투어,2025-09-23,나라장터
울산아이꿈터,굴화초등학교,울산광역시,굴화초 2학년 울산아이꿈터 학생체험활동  차량임차용역 계약,주식회사 하랑관광,2025-08-22,나라장터
울산아이꿈터,상북초등학교,울산광역시,소호분교 울산아이꿈터 체육교실 차량 임차 계약,경동고속투어 주식회사,2025-10-16,나라장터
울산아이꿈터,상북초등학교,울산광역시,소호분교 울산아이꿈터 체육교실 차량 임차 계약,경동고속투어 주식회사,2025-10-16,나라장터
울산아이꿈터,장생포초등학교,울산광역시,2026학년도 장생포초등학교 봄현장체험학습 차량 임차계약(울산 아이꿈터 학생체험활동비 포함),가자고속투어(주),2026-04-21,나라장터
울산아이꿈터,장생포초등학교,울산광역시,2026학년도 장생포초등학교 봄현장체험학습 차량 임차계약(울산 아이꿈터 학생체험활동비 포함),가자고속투어(주),2026-04-21,나라장터
울산아이꿈터,삼산초등학교,울산광역시,2026년 울산아이꿈터 운영 현장체험학습 차량 임차 용역 계약,가자고속투어(주),2026-04-22,나라장터
울산아이꿈터,삼산초등학교,울산광역시,2026년 울산아이꿈터 운영 현장체험학습 차량 임차 용역 계약,가자고속투어(주),2026-04-22,나라장터
울산아이꿈터,신천초등학교,울산광역시,2026학년도 신천초 3학년 울산 아이꿈터 학생체험활동 차량 임차 계약,주식회사 에스케이유투어,2026-04-27,나라장터
울산아이꿈터,신천초등학교,울산광역시,2026학년도 신천초 3학년 울산 아이꿈터 학생체험활동 차량 임차 계약,주식회사 에스케이유투어,2026-04-27,나라장터
울산아이꿈터,중산초등학교,울산광역시,울산아이꿈터 학생체험활동 용역 계약,에이치투(H2)기획,2026-05-06,나라장터
울산아이꿈터,중산초등학교,울산광역시,울산아이꿈터 학생체험활동 용역 계약,에이치투(H2)기획,2026-05-06,나라장터
울산아이꿈터,삼산초등학교,울산광역시,2026학년도 6학년 울산아이꿈터 현장체험학습 차량 임차 용역 계약,주식회사 하랑관광,2026-05-13,나라장터
울산아이꿈터,삼산초등학교,울산광역시,2026학년도 6학년 울산아이꿈터 현장체험학습 차량 임차 용역 계약,주식회사 하랑관광,2026-05-13,나라장터
울산아이꿈터,영화초등학교,울산광역시,2026학년도 울산아이꿈터 외부체험활동 차량 용역,주식회사 하랑관광,2026-07-06,나라장터
울산아이꿈터,영화초등학교,울산광역시,2026학년도 울산아이꿈터 외부체험활동 차량 용역,주식회사 하랑관광,2026-07-06,나라장터
타임리GPT,성남여자고등학교,경기도,성남여자고등학교 타임리GPT 이용 계약,주식회사 타임리,2025-07-23,나라장터
타임리GPT,성남여자고등학교,경기도,성남여자고등학교 타임리GPT 이용 계약,주식회사 타임리,2025-07-23,나라장터
타임리GPT,분당아람고등학교,경기도,분당아람고 에듀테크 도구(타임리 GPT 크레딧) 구매,주식회사 타임리,2025-12-18,나라장터
타임리GPT,분당아람고등학교,경기도,분당아람고 에듀테크 도구(타임리 GPT 크레딧) 구매,주식회사 타임리,2025-12-18,나라장터
타임리GPT,은행중학교,경기도,은행중학교 타임리 GPT 크레딧,주식회사 타임리,2026-04-22,나라장터
타임리GPT,은행중학교,경기도,은행중학교 타임리 GPT 크레딧,주식회사 타임리,2026-04-22,나라장터
타임리GPT,경북예술고등학교,,경북예술고등학교 타임리 GPT 크레딧 구매,,2026-05-21,S2B
타임리GPT,대구왕선초등학교,,대구왕선초등학교 타임리GPT 크레딧 구매,,2026-04-28,S2B
오케스트라2,이도초등학교,제주특별자치도,이도윈드오케스트라 2025 포항전국합주경연대회 참가 위탁 용역,유한회사 제주이글여행사,2025-07-28,나라장터
오케스트라2,이도초등학교,제주특별자치도,이도윈드오케스트라 2025 포항전국합주경연대회 참가 위탁 용역,유한회사 제주이글여행사,2025-07-28,나라장터
오케스트라2,서현초등학교,경기도,국악 오케스트라 2025 성남 예술에 물드는 학생문화예술제 학생 이동 차량(버스) 용역,주식회사 나이스관광,2025-11-04,나라장터
오케스트라2,현일초등학교,경기도,2025 현일초 오케스트라 2학기 문화체험용 차량운행 용역 계약,(주)가자모빌리티,2025-10-31,나라장터
오케스트라2,현일초등학교,경기도,2025 현일초 오케스트라 2학기 문화체험용 차량운행 용역 계약,(주)가자모빌리티,2025-10-31,나라장터
오케스트라2,서현초등학교,경기도,국악 오케스트라 2025 성남 예술에 물드는 학생문화예술제 학생 이동 차량(버스) 용역,주식회사 나이스관광,2025-11-04,나라장터
AICE BASIC,수원하이텍고등학교,경기도,AICE BASIC 자격취등 특강 용역 계약,(주)한국경제신문,2025-08-12,나라장터
AICE BASIC,수원하이텍고등학교,경기도,AICE BASIC 자격취등 특강 용역 계약,(주)한국경제신문,2025-08-12,나라장터
AICE BASIC,수원하이텍고등학교,경기도,1학년 AICE  BASIC 자격 취득 특강 용역 계약,(주)한국경제신문,2025-12-12,나라장터
AICE BASIC,수원하이텍고등학교,경기도,1학년 AICE  BASIC 자격 취득 특강 용역 계약,(주)한국경제신문,2025-12-12,나라장터
플레이스타트업,사수중학교,대구광역시,2025. 1학년 플레이스타트업 및 진로멘토링 직업 체험 교실 운영,재단법인 대구행복한미래재단,2025-08-22,나라장터
플레이스타트업,사수중학교,대구광역시,2025. 1학년 플레이스타트업 및 진로멘토링 직업 체험 교실 운영,재단법인 대구행복한미래재단,2025-08-22,나라장터
플레이스타트업,경신중학교,대구광역시,2025학년도 2학년 플레이스타트업 진로캠프 용역 계약,재단법인 대구행복한미래재단,2025-12-05,나라장터
플레이스타트업,평리중학교,대구광역시,평리중학교 중3 진로집중기 '플레이스타트업' 프로그램 운영,재단법인 대구행복한미래재단,2025-11-20,나라장터
플레이스타트업,평리중학교,대구광역시,평리중학교 중3 진로집중기 '플레이스타트업' 프로그램 운영,재단법인 대구행복한미래재단,2025-11-20,나라장터
플레이스타트업,군위중학교,대구광역시,2학기 진로체험의날 고교학점제캠프 및 플레이스타트업 용역 계약,재단법인 대구행복한미래재단,2025-12-05,나라장터
플레이스타트업,군위중학교,대구광역시,2학기 진로체험의날 고교학점제캠프 및 플레이스타트업 용역 계약,재단법인 대구행복한미래재단,2025-12-05,나라장터
플레이스타트업,경신중학교,대구광역시,2025학년도 2학년 플레이스타트업 진로캠프 용역 계약,재단법인 대구행복한미래재단,2025-12-05,나라장터
플레이스타트업,율원중학교,대구광역시,2025. 1학년 플레이스타트업 프로그램 운영 ,재단법인 대구행복한미래재단,2025-12-24,나라장터
플레이스타트업,율원중학교,대구광역시,2025. 1학년 플레이스타트업 프로그램 운영 ,재단법인 대구행복한미래재단,2025-12-24,나라장터
플레이스타트업,사수중학교,대구광역시,2026. 1학년 플레이스타트업 및 진로멘토링 직업 체험 교실 운영 용역,재단법인 대구행복한미래재단,2026-05-07,나라장터
플레이스타트업,사수중학교,대구광역시,2026. 1학년 플레이스타트업 및 진로멘토링 직업 체험 교실 운영 용역,재단법인 대구행복한미래재단,2026-05-07,나라장터
플레이스타트업,황금중학교,대구광역시,2026 2학년 플레이스타트업 진로캠프 운영 계약,재단법인 대구행복한미래재단,2026-06-29,나라장터
플레이스타트업,황금중학교,대구광역시,2026 2학년 플레이스타트업 진로캠프 운영 계약,재단법인 대구행복한미래재단,2026-06-29,나라장터
플레이스타트업,황금중학교,대구광역시,2026 2학년 플레이스타트업 진로캠프 운영 계약,재단법인 대구행복한미래재단,2026-06-29,나라장터
송죽학사(GSHS),경기과학고등학교,경기도,경기과학고 송죽학사 학생용 앱 리뉴얼 제작,소프트박,2025-09-08,나라장터
송죽학사(GSHS),경기과학고등학교,경기도,경기과학고 송죽학사 학생용 앱 리뉴얼 제작,소프트박,2025-09-08,나라장터
송죽학사(GSHS),경기과학고등학교,경기도,경기과학고 송죽학사 학생용 앱 리뉴얼 제작,소프트박,2025-11-17,나라장터
송죽학사(GSHS),경기과학고등학교,경기도,경기과학고 송죽학사 학생용 앱 리뉴얼 제작,소프트박,2025-11-17,나라장터
송죽학사(GSHS),경기과학고등학교,경기도,경기과학고 송죽학사 학생용 앱 리뉴얼 제작,소프트박,2025-11-27,나라장터
송죽학사(GSHS),경기과학고등학교,경기도,경기과학고 송죽학사 학생용 앱 리뉴얼 제작,소프트박,2025-11-27,나라장터
송죽학사(GSHS),경기과학고등학교,경기도,경기과학고 송죽학사 학생용 앱 리뉴얼 프런트엔드 제작,스위치 주식회사,2025-12-15,나라장터
송죽학사(GSHS),경기과학고등학교,경기도,경기과학고 송죽학사 학생용 앱 리뉴얼 프런트엔드 제작,스위치 주식회사,2025-12-15,나라장터
송죽학사(GSHS),경기과학고등학교,경기도,2026년 송죽학사 교직원 및 학부모용 모바일 앱 개발 용역 계약,스위치 주식회사,2026-07-03,나라장터
송죽학사(GSHS),경기과학고등학교,경기도,2026년 송죽학사 교직원 및 학부모용 모바일 앱 개발 용역 계약,스위치 주식회사,2026-07-03,나라장터
클래스5,영동초등학교,강원특별자치도,위클래스 5~6학년 컬러테라피 집단프로그램 운영 용역,한국컬러심리연구소,2025-09-17,나라장터
클래스5,영동초등학교,강원특별자치도,위클래스 5~6학년 컬러테라피 집단프로그램 운영 용역,한국컬러심리연구소,2025-09-17,나라장터
AI 디지털 교육자료 공통영어2,창원고등학교,경상남도,창원고등학교 2025학년도 1학년 2학기 구독 AI 디지털 교육자료(공통영어2) 서비스 공급 용역,주식회사 와이비엠,2025-10-30,나라장터
AI 디지털 교육자료 공통영어2,창원고등학교,경상남도,창원고등학교 2025학년도 1학년 2학기 구독 AI 디지털 교육자료(공통영어2) 서비스 공급 용역,주식회사 와이비엠,2025-10-30,나라장터
AI 디지털 교육자료 공통영어2,동원고등학교,,2025학년도 2학기 AI 디지털 교육자료 공통영어2,,2025-10-30,S2B
AI 디지털 교육자료 공통수학2,창원고등학교,경상남도,창원고등학교 2025학년도 1학년 2학기 구독 AI 디지털 교육자료(공통수학2) 서비스 공급 용역,주식회사 지학사,2025-10-30,나라장터
AI 디지털 교육자료 공통수학2,창원고등학교,경상남도,창원고등학교 2025학년도 1학년 2학기 구독 AI 디지털 교육자료(공통수학2) 서비스 공급 용역,주식회사 지학사,2025-10-30,나라장터
AI 디지털 교육자료 공통수학2,동원고등학교,,2025학년도 2학기 AI 디지털 교육자료 공통수학2,,2025-10-30,S2B
인마인드,홍성공업고등학교,충청남도,2025학년도 홍성공업고 도제학교 도제역량 강화 및 사회인 마인드 함양 현장체험학습 위탁 용역 ,주식회사 한국이엔티씨,2025-11-06,나라장터
인마인드,홍성공업고등학교,충청남도,2025학년도 홍성공업고 도제학교 도제역량 강화 및 사회인 마인드 함양 현장체험학습 위탁 용역 ,주식회사 한국이엔티씨,2025-11-06,나라장터
인마인드,홍성공업고등학교,충청남도,2025학년도 홍성공업고 도제학교 도제역량 강화 및 사회인 마인드 함양 현장체험학습 위탁 용역 ,주식회사 한국이엔티씨,2025-11-24,나라장터
인마인드,홍성공업고등학교,충청남도,2025학년도 홍성공업고 도제학교 도제역량 강화 및 사회인 마인드 함양 현장체험학습 위탁 용역 ,주식회사 한국이엔티씨,2025-11-24,나라장터
코드트리,경기게임마이스터고등학교,경기도,경기게임마이스터고 코드트리 구입 계약,주식회사 브랜치앤바운드,2025-12-26,나라장터
코드트리,경기게임마이스터고등학교,경기도,경기게임마이스터고 코드트리 구입 계약,주식회사 브랜치앤바운드,2025-12-26,나라장터
이음AI,모락중학교,경기도,3학년 미래교육 자율과제 운영(2026교육과정 계획서 작성) 생성형 이음AI프로그램 구독,주식회사 화이트소프트,2025-12-31,나라장터
이음AI,모락중학교,경기도,3학년 미래교육 자율과제 운영(2026교육과정 계획서 작성) 생성형 이음AI프로그램 구독,주식회사 화이트소프트,2025-12-31,나라장터
이음AI,원미고등학교,경기도,2026년 원미고 이음 AI 계정 구독 계약,주식회사 화이트소프트,2026-04-17,나라장터
이음AI,원미고등학교,경기도,2026년 원미고 이음 AI 계정 구독 계약,주식회사 화이트소프트,2026-04-17,나라장터
이음AI,국원고등학교,,국원고등학교 디지털 선도학교 교수학습용에듀테크 이음AI 구입 견적 요청,,2026-04-17,S2B
이음AI,연동초등학교,,2026학년도 연동초 AI코스웨어 프로그램 이음AI구독,,2026-06-01,S2B
이음AI,충주여자고등학교,,2026. 충주여고 이음AI PLUS 구독 견적 요청,,2026-05-13,S2B
이음AI,춘천고등학교,,2026학년도 AI 디지털 활용 선도학교 이음AI PLUS 1년 구독료,,2026-05-08,S2B
이음AI,밀양여자중학교,,밀양여중 이음AI 계정 구독비 견적 요청,,2026-04-27,S2B
이음AI,김해경원고등학교,,김해경원고 이음AI PLUS 구독료 견적 요청,,2026-04-17,S2B
이음AI,충주예성여자고등학교,,2026. 충주예성여고 이음AI PRO 구독 견적 요청,,2026-04-14,S2B
이음AI,달천고등학교,,달천고 이음AI 계정 구독,,2026-07-22,S2B
이음AI,동원동우고등학교,,이음 AI pro 2개월 구독,,2026-07-03,S2B
3D 스팀펜,덕은한강초등학교,경기도,"2026학년도 2분기 방과후학교 프로그램(수익자_3D 스팀펜 외) 교재, 재료 구매 계약",창의교육연구소,2026-05-29,나라장터
3D 스팀펜,덕은한강초등학교,경기도,"2026학년도 2분기 방과후학교 프로그램(수익자_3D 스팀펜 외) 교재, 재료 구매 계약",창의교육연구소,2026-05-29,나라장터
리딩앤스쿨,송림초등학교,충청남도,마주온 활용학교 리딩앤스쿨 콘텐츠 구독 계약,주식회사 아이포트폴리오,2026-06-11,나라장터
리딩앤스쿨,송림초등학교,충청남도,마주온 활용학교 리딩앤스쿨 콘텐츠 구독 계약,주식회사 아이포트폴리오,2026-06-11,나라장터
리딩앤스쿨,전주화정초등학교,,2026학년도 AI디지털활용 영어 AI코스웨어 리딩앤스쿨 구독,,2026-04-01,S2B
리딩앤스쿨,당진당산초등학교,,리딩앤스쿨 콘텐츠 구독료,,2026-06-15,S2B
XR쇼룸,갑룡초등학교,인천광역시,2026학년도 AI디지털교육실 XR쇼룸 유지보수계약,주식회사 쉐어박스,2026-04-21,나라장터
XR쇼룸,갑룡초등학교,인천광역시,2026학년도 AI디지털교육실 XR쇼룸 유지보수계약,주식회사 쉐어박스,2026-04-21,나라장터
XR쇼룸,갑룡초등학교,인천광역시,AI디지털교육실 XR쇼룸 실감형 교육 콘텐츠 제작,주식회사 쉐어박스,2026-04-27,나라장터
XR쇼룸,갑룡초등학교,인천광역시,AI디지털교육실 XR쇼룸 실감형 교육 콘텐츠 제작,주식회사 쉐어박스,2026-04-27,나라장터
XR쇼룸,갑룡초등학교,인천광역시,AI디지털교육실 XR쇼룸 실감형 교육 콘텐츠 제작,주식회사 쉐어박스,2026-05-29,나라장터
XR쇼룸,갑룡초등학교,인천광역시,AI디지털교육실 XR쇼룸 실감형 교육 콘텐츠 제작,주식회사 쉐어박스,2026-05-29,나라장터
XR쇼룸,여강고등학교,,2024학년도 여강고등학교 XR쇼룸 라이선스 구매,,2024-06-20,S2B
클래스룸.클라우드(classroom.cloud),홍성초등학교,충청남도,2026학년도 디지털 학습환경 통합관리 체계 구축 라이선스(클래스룸.클라우드) 구독,(주)엔클라우딩,2026-04-28,나라장터
클래스룸.클라우드(classroom.cloud),홍성초등학교,충청남도,2026학년도 디지털 학습환경 통합관리 체계 구축 라이선스(클래스룸.클라우드) 구독,(주)엔클라우딩,2026-04-28,나라장터
오토아이,부계중학교,대구광역시,"2026 부계중학교 찾아가는 인성 리더십, 오토아이 프로그램 위탁 운영",재단법인 대구행복한미래재단,2026-06-24,나라장터
오토아이,부계중학교,대구광역시,"2026 부계중학교 찾아가는 인성 리더십, 오토아이 프로그램 위탁 운영",재단법인 대구행복한미래재단,2026-06-24,나라장터
AI 505_Face 얼굴인식 로봇,의정부고등학교,경기도,2026년 의정부고 3학년 학교자율과정 프로젝트 <AI 505_Face 얼굴 인식 로봇> 프로그램 용역 계약,주식회사 교육문화,2026-06-29,나라장터
AI 505_Face 얼굴인식 로봇,의정부고등학교,경기도,2026년 의정부고 3학년 학교자율과정 프로젝트 <AI 505_Face 얼굴 인식 로봇> 프로그램 용역 계약,주식회사 교육문화,2026-06-29,나라장터
헬로메이플,한홀초등학교,경기도,5-6학년 AI디지털활용 선도학교 프로그램(헬로메이플 블럭코딩수업)위탁 교육,주식회사 클래스포에듀,2026-07-09,나라장터
헬로메이플,한홀초등학교,경기도,5-6학년 AI디지털활용 선도학교 프로그램(헬로메이플 블럭코딩수업)위탁 교육,주식회사 클래스포에듀,2026-07-09,나라장터
일프로연산,청남초등학교,,2023. 디지털 선도학교 AI코스웨어 및 에듀테크 일프로연산 구입,,2023-09-07,S2B
일프로연산,칠금초등학교,,AI코스웨어 일프로 연산 구매,,2023-10-17,S2B
일프로연산,만수초등학교,,AI 코스웨어 일프로연산 소프트웨어 사용권,,2024-04-13,S2B
일프로연산,민락초등학교,,민락초 AI코스웨어 일프로연산 3 6학년 견적요청,,2025-06-16,S2B
일프로연산,전주화정초등학교,,2026학년도 AI디지털활용 4학년 일프로연산 구독,,2026-04-01,S2B
키위티-키위런,전남중학교,,2024년 에듀테크 자치학교 키위티키위런 이용권 구매,,2024-05-20,S2B
키위티-키위런,오룡초등학교,,전남 요룡초 키위티 키위런 에듀테크 프로그램 견적요청,,2024-04-08,S2B
키위티-키위런,오룡초등학교,,2025.오룡초 에듀테크 운영을 위한 코스웨어 키위티 키위런 구입,,2025-06-30,S2B
키위티-키위런,보성초등학교,,보성초 수학동아리 AI 코스웨어 키위티키위런 이용권 구입,,2024-05-13,S2B
스쿨PT,새롬고등학교,,2024학년도 디지털 선도학교 에듀테크 스쿨PT 수학,,2024-08-23,S2B
스쿨PT,대성여자중학교,,영어교과 AI코스웨어 스쿨PT 구입,,2024-05-08,S2B
스쿨PT,철성고등학교,,스쿨PT AI 코스웨어 프로그램 이용 견적 요청,,2024-05-07,S2B
멘티미터(Mentimeter),파주광일중학교,,"IB수업활용 에듀테크 도구 패들렛스쿨팩,멘티미터 견적요청",,2024-11-28,S2B
멘티미터(Mentimeter),원광고등학교,,2025학년도 클라우드 기반 에듀테크 멘티미터 구입,,2025-09-18,S2B
멘티미터(Mentimeter),시화중학교,,"시화중학교 에듀테크 멘티미터, 수노, 미조 구독권 견적 요청",,2026-05-06,S2B
인공지능 맞춤형 교수학습 플랫폼(11개 시도교육청 공동 구축),속초고등학교,,2025년 AIEP선도학교 에듀테크 구독 견적요청,,2025-03-13,S2B
인공지능 맞춤형 교수학습 플랫폼(11개 시도교육청 공동 구축),속초고등학교,,속초고등학교 AIEP 선도학교 소프트웨어 구독비,,2025-08-18,S2B
인공지능 맞춤형 교수학습 플랫폼(11개 시도교육청 공동 구축),속초고등학교,,속초고 선도학교 및 AIEP 선도학교 소프트웨어 구독 견적요청,,2025-11-20,S2B
에드퍼즐(Edpuzzle),귀일중학교,,디지털 맞춤형 선도학교 에듀테크 에드퍼즐 Chat GPT 구입,,2025-02-11,S2B
WeToon,정선정보공업고등학교,,2026학년도 AI디지털 활용 선도학교 에듀테크 구독료 및 라이선스 구입 지출 품의(Wetoon),,2026-04-23,S2B
강원아이로,속초고등학교,,2026 강원아이로 선도학교 에듀테크 구입패들렛 외 3종,,2026-03-19,S2B
강원아이로,대동여자중학교,,강원아이로 AI코스웨어 프로그램 AI 마타수학 사용료,,2026-04-09,S2B
강원아이로,속초고등학교,,2026 강원아이로 선도학교 AI 코스웨어 클리포 견적 요청,,2026-04-08,S2B
강원아이로,속초고등학교,,2026 강원아이로 선도학교 AI 코스웨어 구입1학년체리,,2026-03-19,S2B
강원아이로,속초고등학교,,2026 강원아이로 선도학교 AI 코스웨어 견적요청,,2026-07-07,S2B
엘리스LXP,칠금초등학교,,디지털 선도학교 AI 코스웨어 엘리스LXP 구매,,2023-10-17,S2B
밀크T중학,양산여자중학교,,2024학년도 디지털 선도학교 AI코스웨어 프로그램 밀크T중학 구매의 건,,2024-06-18,S2B
밀크T중학,신광중학교,,신광중학교 디지털 온선도학교 운영 밀크T 중학 콘텐츠 구독권 견적 요청,,2023-09-01,S2B
리드포스쿨,광양마동중학교,,AI 코스웨어 독서활용교육 리드포스쿨 구입,,2024-05-23,S2B
리드포스쿨,삼룡초등학교,,2024. 디지털 선도학교 AI 코스웨어 구입 리드포스쿨,,2024-08-23,S2B
리드포스쿨,한천초등학교,,2026학년도 AI 리드포스쿨 구독 견적 요청,,2026-04-01,S2B
리드포스쿨,한천초등학교,,2026학년도 AI 리드포스쿨 구독 견적 요청,,2026-04-01,S2B
NE_Times,창녕여자중학교,,창녕여중 NE Times 영어 코스웨어 구입,,2024-05-21,S2B
플랭스쿨,하남고등학교,,디지털 방과후학교 영어교과 코스웨어 플랭스쿨 구독,,2025-02-11,S2B
M-AI 코딩,민락초등학교,,민락초 AI코스웨어 M AI코딩 4 6학년 견적요청,,2025-06-16,S2B
올리브AI,문명중학교,,디지털 선도학교 운영 AI 코스웨어 올리브 AI PLUS 구입,,2025-08-08,S2B
올리브AI,부산보건고등학교,,디지털기반 교육혁신 선도학교 코스웨어 라이센스 올리브AI PLUS 구입 견적 요청,,2025-07-07,S2B
따능AI,퇴계중학교,,2026학년도 AI디지털 활용 선도학교 운영 코스웨어 따능 AI 견적요청,,2026-04-23,S2B
메가클래스,성의중학교,,성의중학교 AI 코스웨어 구입[메가클래스] 견적요청,,2026-04-23,S2B
메가코스,영주영광중학교,,2026년 AI·디지털 활용 선도학교 엔스크린 메가코스 코스웨어 구입비 신청,,2026-04-21,S2B
비바부 잉글리시,석화초등학교,,"AI, 디지털 활용 선도학교 비바부잉글리시 AI코스웨어 구독",,2026-04-07,S2B
밀크T초등,창원대원초등학교,,대원초등학교 디지털 선도학교 밀크T초등 구독 견적 요청,,2023-11-23,S2B
AI이거다,장승중학교,,장승중 AI이거다 구독권 구입,,2024-12-03,S2B
독서화랑 클래스,남해지족초등학교,,경남 남해 지족초 독서화랑 클래스 구독,,2026-06-08,S2B
AI 한자몬,서울방이초등학교,,방이초 AI 한자몬 구독비 및 교재비 계약,,2026-04-13,S2B
AI 한자몬,삼호중학교,,2026. 삼호중 AI선도학교 운영물품 AI 한자몬 라이센스 구입 견적 요청,,2026-04-28,S2B
키네마스터,화천용암초등학교,,유치원 교육용 컨텐츠 구독(키네마스터),,2026-04-07,S2B
KISS,창원과학고등학교,,창원과학고등학교 2026학년도 원문정보KISS서비스 구독 신청 견적 요청,,2026-03-25,S2B
KISS,대전성모여자고등학교,,도서관 국내 전자저널 KISS 구독료,,2026-03-19,S2B
임팩트 스페이스,이사벨고등학교,,임팩트 스페이스 스쿨플랜 2학기구독권 구매,,2026-06-29,S2B
임팩트 스페이스,사직고등학교,,임팩트 스페이스 1년 스쿨플랜 구독권 견적 요청,,2026-06-25,S2B
[YBM] AI 디지털 교육자료 고등 공통수학2,서대전여자고등학교,,AI 디지털 교육자료 고등공통수학2 견적요청,,2025-10-27,S2B
[YBM] AI 디지털 교육자료 고등 정보,세화고등학교,,"AI 디지털 교육자료 고등정보1,2",,2026-05-13,S2B
[YBM] AI 디지털 교육자료 고등 정보,세화고등학교,,"AI 디지털 교육자료 고등정보1,2",,2026-05-06,S2B
중등 정보 AI 디지털 교육자료,신목중학교,,2026학년도 중등 정보AI 디지털 교육자료 구입,,2026-04-08,S2B
중등 정보 AI 디지털 교육자료,신목중학교,,신목중 2026년도 중등정보 AI 디지털 교육자료 구입 견적 요청,,2026-04-07,S2B
중등 정보 AI 디지털 교육자료,아라중학교,,아라중학교 중등 정보 AI 디지털 교육자료구입,,2026-04-02,S2B
[YBM] AI 디지털 교육자료 고등 공통수학1,수리고등학교,,"AI 디지털 교육자료 고등 공통수학 1, 2학기 견적요청",,2026-04-02,S2B
CLASSVR,연신초등학교,,ClassVR 학생관리프로그램 라이센스 갱신권,,2024-12-19,S2B
